timestamp,machine_erp_ref,cycle_time_s,dosing_time_s,injection_time_s,cooling_time_s,cushion_mm,switchover_position_mm,switchover_pressure_bar,peak_pressure_bar,clamp_force_kn,mold_temperature_c,barrel_temp_zone1_c,barrel_temp_zone2_c,barrel_temp_zone3_c,oil_temperature_c,energy_kwh,scrap_flag
2026-07-27 11:00:00.000000,606,41.689,7.544,4.42,23.153,5.761,21.775,223.892,967.823,3157.719,69.077,227.168,246.268,231.547,56.526,2.027,0
2026-07-27 11:01:05.995165,606,40.911,7.859,3.317,24.096,6.249,20.265,221.388,1037.651,2537.039,65.33,228.73,253.265,231.415,55.538,2.231,0
2026-07-27 11:02:11.233375,606,41.864,7.605,4.869,24.618,6.026,20.798,234.215,942.759,3051.601,67.881,230.796,246.153,233.372,55.272,2.057,0
2026-07-27 11:03:19.480627,606,41.47,7.344,5.322,28.964,6.031,21.936,214.516,978.454,3311.533,60.685,230.028,243.156,232.253,54.792,1.817,0
2026-07-27 11:04:31.221625,606,42.176,7.654,4.006,26.355,6.168,21.325,208.714,966.653,2637.935,71.022,229.536,246.208,233.357,54.71,2.066,0
2026-07-27 11:05:44.570409,606,41.336,7.369,4.242,20.307,6.008,20.673,213.272,1044.112,3594.145,65.138,228.207,239.063,233.072,55.254,2.185,0
2026-07-27 11:06:57.527272,606,42.325,7.721,3.796,23.703,6.116,20.778,216.802,959.768,2683.162,66.022,228.139,243.324,234.921,55.478,2.342,0
2026-07-27 11:07:56.546482,606,41.005,7.618,6.019,28.959,6.059,21.649,226.417,965.37,3097.394,62.793,229.49,251.837,232.519,55.516,1.78,0
2026-07-27 11:08:50.709798,606,42.406,7.977,4.862,24.021,5.895,20.782,228.807,973.306,2704.845,56.915,225.714,240.853,233.875,55.7,2.488,0
2026-07-27 11:09:59.292798,606,41.014,7.474,5.614,28.165,6.266,21.833,214.507,895.032,3345.569,65.447,227.792,245.653,231.452,55.725,2.057,0
2026-07-27 11:11:09.501652,606,41.306,7.611,4.144,30.342,5.224,20.892,215.748,1029.861,3481.46,68.432,227.051,240.128,233.729,53.929,2.05,0
2026-07-27 11:12:19.472205,606,42.04,7.415,4.968,20.399,6.177,22.077,216.913,974.653,2889.726,64.018,227.178,238.89,234.015,55.224,1.813,0
2026-07-27 11:13:29.337179,606,42.771,7.527,3.166,22.805,5.694,21.851,220.332,958.264,3434.291,59.711,228.482,240.371,234.387,55.944,1.64,0
2026-07-27 11:14:39.567983,606,41.742,7.287,3.986,23.205,6.345,20.633,220.039,1011.535,3074.151,62.696,228.723,249.658,232.446,54.589,1.616,0
2026-07-27 11:15:45.653455,606,40.998,7.831,6.224,19.349,5.45,21.571,222.563,966.295,2916.8,68.095,226.944,244.249,234.13,54.34,2.511,0
2026-07-27 11:16:53.245983,606,40.531,7.559,4.845,26.894,5.841,20.066,213.406,991.5,2693.82,69.631,225.825,241.426,234.944,53.576,2.412,0
2026-07-27 11:18:02.026672,606,42.176,7.509,4.219,23.964,6.12,21.065,212.502,937.872,2784.202,70.301,229.414,241.42,232.398,54.262,2.185,0
2026-07-27 11:19:11.008314,606,42.524,7.728,2.934,18.373,5.959,21.008,213.929,947.902,3254.573,70.571,228.37,241.508,233.321,54.824,1.701,0
2026-07-27 11:20:15.955946,606,42.246,7.883,4.653,23.905,5.786,19.827,220.309,987.557,2783.228,59.105,227.734,243.105,233.618,55.898,1.981,0
2026-07-27 11:21:17.928826,606,41.784,8.068,4.142,20.794,6.329,19.777,211.463,950.731,3189.387,67.392,226.739,238.875,232.344,53.83,1.596,0
2026-07-27 11:22:17.881751,606,41.318,7.289,5.22,22.936,5.605,21.848,213.694,907.538,2908.413,66.149,228.432,244.653,232.674,55.93,1.84,0
2026-07-27 11:23:22.353590,606,41.956,7.675,3.264,16.022,6.03,20.981,223.59,1037.405,3440.344,63.115,226.925,247.027,232.311,55.067,1.568,0
2026-07-27 11:24:23.502286,606,41.875,7.739,5.256,22.481,5.812,21.114,230.289,914.962,2811.996,54.962,227.321,242.106,233.322,53.805,1.897,0
2026-07-27 11:25:29.422817,606,42.689,7.479,4.114,25.358,6.23,20.799,222.721,1012.754,2539.127,62.729,229.146,236.973,232.142,55.515,1.911,0
2026-07-27 11:26:38.735734,606,41.958,7.341,3.619,21.82,5.827,21.887,212.388,967.682,2643.46,74.873,228.742,243.583,231.728,55.529,1.829,0
2026-07-27 11:27:46.053532,606,42.143,7.794,4.657,18.025,6.002,19.952,224.846,1023.989,3132.99,66.925,228.59,237.315,235.479,55.182,1.751,0
2026-07-27 11:28:51.885129,606,41.64,7.272,6.045,22.838,5.909,21.593,215.993,978.137,2985.157,63.926,229.329,236.438,233.687,55.334,1.965,0
2026-07-27 11:30:00.123006,606,41.206,7.603,5.114,22.435,5.981,22.386,229.823,971.379,3004.134,60.105,226.558,245.489,231.647,55.59,2.158,0
2026-07-27 11:31:02.359136,606,41.679,7.326,4.763,27.392,6.045,20.439,223.017,996.355,3186.781,68.636,229.182,232.588,231.455,55.139,2.368,0
2026-07-27 11:32:11.569940,606,40.489,7.512,4.043,24.237,6.012,20.324,214.057,977.708,2664.013,74.204,229.175,243.183,229.981,55.746,1.814,0
2026-07-27 11:33:18.550519,606,41.689,7.113,5.704,22.354,5.982,21.272,220.844,985.621,2813.013,68.378,229.545,246.14,231.743,54.016,2.176,0
2026-07-27 11:34:22.307246,606,41.855,7.242,4.795,19.634,5.791,21.456,210.193,972.094,2877.887,58.324,228.493,251.566,231.37,55.292,2.17,0
2026-07-27 11:35:31.619093,606,41.419,7.048,2.822,22.875,6.07,20.103,221.217,1014.048,3041.605,59.633,228.106,235.431,232.959,55.303,2.109,0
2026-07-27 11:36:25.444420,606,41.877,8.167,5.147,28.423,5.647,20.751,218.14,947.758,2756.177,58.552,228.777,240.952,232.7,55.875,2.255,0
2026-07-27 11:37:31.588205,606,42.236,7.141,4.703,24.064,6.112,22.064,234.71,1036.768,2868.647,76.845,229.467,239.098,231.233,55.559,2.051,0
2026-07-27 11:38:35.900818,606,41.763,7.721,4.395,24.84,5.995,22.341,221.468,992.184,2849.237,66.499,228.056,244.583,234.055,54.682,2.002,0
2026-07-27 11:39:39.022650,606,41.65,7.311,5.553,16.074,5.328,20.887,220.42,1023.439,2562.707,69.051,229.185,238.343,231.252,55.48,2.174,0
2026-07-27 11:40:42.983212,606,41.502,6.906,3.87,25.568,6.058,21.093,203.292,946.928,2854.536,67.088,223.796,251.823,233.996,54.336,2.539,0
2026-07-27 11:41:51.113511,606,41.57,7.566,4.048,23.262,6.509,21.224,224.428,1062.125,3113.933,67.43,225.762,238.43,231.762,54.261,1.579,0
2026-07-27 11:42:55.729626,606,42.687,8.145,4.345,23.065,5.971,19.052,228.182,1002.732,2675.172,60.86,229.319,242.912,234.202,54.937,2.057,0
2026-07-27 11:44:06.715940,606,41.302,7.305,4.846,23.485,6.054,20.474,228.231,1059.848,2588.081,59.425,228.452,245.131,232.049,54.202,1.887,0
2026-07-27 11:45:07.429619,606,41.382,7.961,3.976,23.563,5.786,20.965,219.134,961.725,2898.625,58.512,228.568,244.779,232.043,54.801,1.707,0
2026-07-27 11:46:14.012974,606,42.172,7.992,3.648,22.277,6.712,22.642,215.691,931.342,2802.928,64.909,227.421,241.51,234.642,55.527,2.157,0
2026-07-27 11:47:15.963055,606,41.314,7.231,4.321,21.615,6.673,21.297,228.699,970.749,2465.738,62.293,225.771,235.484,231.482,55.737,1.918,0
2026-07-27 11:48:27.689777,606,42.139,7.068,4.065,19.072,6.52,22.022,219.393,1011.243,2458.67,62.083,229.566,241.397,234.51,54.149,1.874,0
2026-07-27 11:49:36.003211,606,41.232,7.304,5.894,21.965,6.63,20.868,219.747,1030.827,3263.068,65.586,228.94,235.924,232.58,53.341,2.101,0
2026-07-27 11:50:37.896390,606,41.695,7.772,2.742,26.114,5.736,21.315,217.681,952.098,2779.676,55.777,229.636,242.139,231.916,54.23,2.23,0
2026-07-27 11:51:46.526444,606,42.164,6.996,5.24,21.437,5.619,20.328,204.271,1023.615,3236.552,58.143,225.314,243.788,233.144,54.719,1.703,0
2026-07-27 11:52:57.408998,606,41.086,7.624,2.749,25.23,6.851,19.964,214.253,992.605,3165.765,71.248,229.356,240.317,233.563,56.838,2.068,0
2026-07-27 11:54:02.716973,606,42.066,7.524,4.418,20.001,5.952,20.207,220.687,1017.878,3457.117,72.596,229.246,240.607,231.559,54.426,2.403,0
2026-07-27 11:55:08.655262,606,42.15,7.336,3.564,19.207,5.751,20.686,224.197,928.668,3067.74,73.689,228.745,237.731,232.95,56.394,2.055,0
2026-07-27 11:56:16.106040,606,41.567,7.377,3.165,21.798,6.139,20.927,219.783,943.854,2816.167,63.409,228.114,253.69,233.371,55.597,1.979,0
2026-07-27 11:57:22.068751,606,42.341,7.455,5.607,25.59,5.665,20.546,223.772,920.671,3177.44,64.565,227.167,244.849,231.567,54.955,1.958,0
2026-07-27 11:58:32.889681,606,41.613,7.522,5.101,18.884,6.079,19.342,208.01,975.633,2390.404,71.2,228.737,237.365,234.002,54.874,1.446,0
2026-07-27 11:59:39.892493,606,41.648,7.91,4.534,27.969,5.752,21.453,213.318,1018.995,3256.586,56.178,227.438,237.97,233.966,55.945,1.491,0
2026-07-27 12:00:47.727769,606,42.058,7.396,4.592,28.985,6.272,20.363,236.118,1031.401,3506.433,63.81,228.93,244.423,233.37,54.548,2.279,0
2026-07-27 12:01:56.199115,606,42.317,7.476,3.832,24.981,5.738,20.965,224.948,947.568,2663.177,67.383,227.41,234.312,233.371,56.532,2.565,0
2026-07-27 12:03:03.500078,606,40.287,7.655,4.09,21.498,5.644,20.422,229.48,995.224,2926.269,63.469,227.673,239.086,233.149,55.48,2.458,0
2026-07-27 12:04:09.848180,606,40.659,7.252,3.895,21.671,5.718,21.637,218.098,994.772,3024.463,71.141,226.896,246.109,232.203,54.762,2.546,0
2026-07-27 12:05:14.614493,606,41.056,7.902,4.035,21.072,6.101,19.704,227.217,901.546,2890.866,65.564,227.97,246.552,233.17,55.132,1.923,0
2026-07-27 12:06:21.999703,606,42.012,7.292,4.301,21.068,5.815,21.562,226.944,989.248,2963.891,58.171,228.049,243.701,235.168,55.908,1.972,0
2026-07-27 12:07:29.636757,606,41.81,7.618,5.612,22.389,6.264,20.606,235.095,897.132,2772.016,62.769,229.636,242.439,229.192,56.433,1.676,0
2026-07-27 12:08:37.269605,606,40.758,7.434,4.986,17.882,5.99,20.684,223.119,971.615,2821.962,59.969,228.168,249.173,231.692,55.326,1.716,0
2026-07-27 12:09:36.427553,606,42.67,7.501,4.746,23.978,6.184,20.94,212.678,948.089,3813.507,70.877,224.356,237.824,231.976,54.635,2.225,0
2026-07-27 12:10:44.622152,606,41.985,8.0,3.638,19.831,5.717,20.86,214.653,1001.546,3032.062,69.517,231.251,239.627,231.733,55.214,1.816,0
2026-07-27 12:11:51.984798,606,41.571,7.565,4.861,20.59,5.951,21.886,222.132,1006.741,2274.742,69.226,227.242,249.554,231.5,54.115,1.859,0
2026-07-27 12:13:00.651758,606,41.951,7.325,2.365,20.869,5.991,21.362,201.748,1035.311,2836.142,69.198,225.847,242.073,233.169,55.613,1.924,0
2026-07-27 12:14:01.686218,606,41.544,7.268,3.892,24.013,5.757,21.84,222.892,979.163,2875.832,70.065,229.413,244.694,234.571,54.497,2.266,0
2026-07-27 12:15:07.418298,606,42.246,7.816,3.433,26.095,5.851,21.255,223.936,990.181,3453.76,78.014,229.124,242.967,232.524,54.645,2.014,0
2026-07-27 12:16:14.957430,606,42.375,7.612,4.165,20.155,6.12,20.811,230.37,939.69,3407.974,63.603,227.578,254.282,235.089,55.747,1.845,0
2026-07-27 12:17:21.644126,606,42.484,7.373,4.237,26.371,5.491,20.822,207.283,949.95,3027.034,65.096,226.419,240.315,235.418,55.715,2.015,0
2026-07-27 12:18:30.546147,606,41.943,7.775,4.112,19.852,5.866,19.786,212.229,953.535,2677.55,65.082,228.341,246.608,234.073,54.327,2.262,0
2026-07-27 12:19:36.305223,606,41.756,7.294,4.465,20.961,5.962,22.234,220.813,970.467,3060.567,66.58,227.483,235.093,232.457,55.212,1.841,0
2026-07-27 12:20:36.583967,606,42.217,7.28,4.608,25.511,5.611,20.812,219.697,1063.355,2749.711,66.858,228.06,243.699,231.23,55.086,1.736,0
2026-07-27 12:21:32.022515,606,42.55,7.463,5.619,18.347,5.38,19.658,220.142,981.877,3082.261,73.711,228.092,247.394,233.255,54.514,1.752,0
2026-07-27 12:22:34.020069,606,41.57,7.424,3.792,21.455,5.976,20.183,226.826,1034.214,3273.885,73.625,225.515,246.27,233.895,55.195,2.562,0
2026-07-27 12:23:36.370534,606,42.429,7.06,3.772,20.401,5.7,19.802,222.426,1001.705,2831.979,66.402,227.264,244.761,233.595,55.005,1.8,0
2026-07-27 12:24:46.619745,606,41.426,7.371,4.388,21.717,5.485,20.396,230.749,1010.922,3052.068,70.02,227.402,245.893,235.121,54.815,2.015,0
2026-07-27 12:25:57.154275,606,41.308,7.64,4.738,21.078,5.748,21.29,228.426,984.2,3209.772,56.707,227.887,239.768,236.027,55.741,1.481,0
2026-07-27 12:27:06.891231,606,41.886,7.404,4.512,18.125,6.075,19.456,215.287,971.103,3139.628,68.437,228.032,245.95,234.418,53.97,2.658,0
2026-07-27 12:28:12.647931,606,41.332,7.49,6.033,24.701,6.118,21.824,222.111,983.416,2534.773,75.773,225.866,250.875,233.078,54.691,1.845,0
2026-07-27 12:29:12.287827,606,40.752,7.244,5.2,23.97,5.927,20.46,223.989,942.264,2981.395,47.686,227.194,239.849,232.192,54.533,2.146,0
2026-07-27 12:30:16.331323,606,41.605,7.57,5.648,25.506,6.339,20.749,233.326,950.801,2171.47,69.765,227.652,249.497,231.899,53.965,1.984,0
2026-07-27 12:31:29.129091,606,42.91,7.622,4.865,21.856,6.201,20.848,221.634,975.729,3085.057,70.557,227.682,243.083,234.44,55.149,1.804,0
2026-07-27 12:32:31.198616,606,40.772,7.851,4.551,22.737,5.634,20.131,224.128,980.639,3235.534,64.538,229.357,244.303,232.335,54.311,2.202,0
2026-07-27 12:33:39.406784,606,42.135,7.419,2.328,25.499,5.82,21.401,216.766,889.458,3121.448,69.387,228.92,232.19,232.394,54.53,1.843,0
2026-07-27 12:34:45.350500,606,41.575,7.435,4.519,23.628,5.36,19.914,223.861,932.292,3089.985,63.067,231.609,237.444,232.359,55.537,2.28,0
2026-07-27 12:35:49.983002,606,41.35,7.658,4.199,25.536,6.404,21.978,212.543,1002.042,3082.263,75.27,226.608,242.346,233.431,53.745,2.742,0
2026-07-27 12:36:55.161112,606,41.28,7.461,4.221,25.334,5.854,20.157,215.457,1008.055,3161.648,70.938,229.194,247.431,232.125,55.452,2.254,0
2026-07-27 12:38:04.831410,606,41.75,7.657,5.314,23.125,6.652,20.874,228.922,905.908,2747.586,67.399,228.442,240.266,234.907,56.155,1.775,0
2026-07-27 12:39:04.416886,606,41.561,7.683,3.344,23.267,5.863,20.42,226.071,983.625,2818.372,57.903,227.587,239.46,231.295,55.255,1.947,0
2026-07-27 12:40:11.210801,606,42.004,7.232,5.396,22.81,5.938,21.665,229.576,1123.369,3033.688,61.437,228.457,240.477,234.846,55.641,1.54,0
2026-07-27 12:41:08.915941,606,42.807,7.221,5.006,23.27,6.17,20.104,235.888,1025.049,3349.137,52.935,229.535,251.222,231.867,57.11,1.369,0
2026-07-27 12:42:13.773122,606,41.817,7.355,4.657,21.469,6.532,21.883,226.658,925.683,3146.775,65.151,227.625,246.839,231.307,55.204,1.642,0
2026-07-27 12:43:22.213225,606,41.396,7.069,5.157,23.954,6.579,22.404,221.792,983.108,3199.333,67.147,229.339,241.537,233.483,55.334,2.026,0
2026-07-27 12:44:31.140978,606,41.896,7.964,2.938,23.515,6.0,19.928,216.159,984.891,2915.054,63.778,228.391,242.569,233.813,55.852,2.104,0
2026-07-27 12:45:38.755249,606,41.38,7.181,4.785,21.311,5.973,19.577,216.292,967.395,3027.436,63.63,228.103,233.358,233.302,54.614,2.099,0
2026-07-27 12:46:44.014311,606,41.471,7.788,3.196,24.083,5.82,20.71,220.185,1018.997,2978.079,63.083,231.077,238.301,233.298,54.428,2.146,0
2026-07-27 12:47:52.218110,606,41.36,7.242,4.758,26.452,6.558,21.004,219.658,1025.314,2647.922,60.484,226.833,238.343,233.566,54.99,2.054,0
2026-07-27 12:49:05.292304,606,42.177,7.769,3.433,23.023,6.2,20.745,226.138,952.886,3084.357,63.764,228.912,241.485,232.931,54.774,2.235,0
2026-07-27 12:50:13.378944,606,42.138,7.796,3.774,23.194,5.813,20.707,213.892,1003.361,2950.644,66.781,229.448,247.79,231.944,54.034,2.061,0
2026-07-27 12:51:10.263268,606,41.614,7.066,4.065,23.516,6.282,21.386,216.118,945.338,3245.38,55.753,228.598,241.191,231.608,53.976,1.798,0
2026-07-27 12:52:17.646865,606,40.971,7.472,4.208,17.664,6.2,21.154,222.567,971.031,2576.948,73.796,227.643,237.674,233.499,53.906,2.249,0
2026-07-27 12:53:28.000657,606,41.256,7.927,4.61,21.981,5.792,19.787,209.71,1045.075,2865.033,63.088,228.324,240.845,233.668,54.596,1.697,0
2026-07-27 12:54:34.700767,606,41.679,7.526,5.049,29.483,5.842,20.397,230.301,936.253,2481.43,61.506,226.232,241.205,234.12,54.142,1.749,0
2026-07-27 12:55:37.886669,606,42.287,7.726,6.487,23.119,5.647,21.838,226.087,1011.703,3109.692,70.231,226.873,241.741,232.134,55.456,2.586,0
2026-07-27 12:56:48.830940,606,40.188,7.565,3.869,20.487,6.343,21.022,221.478,920.636,3227.452,71.695,229.118,242.126,234.421,56.15,1.722,0
2026-07-27 12:57:54.383679,606,41.823,7.722,4.551,22.893,5.836,20.883,212.879,950.251,3106.712,75.277,227.275,244.559,235.436,55.398,2.251,0
2026-07-27 12:58:55.425539,606,42.039,7.816,4.365,21.42,5.634,20.025,219.056,947.365,3550.679,73.006,226.591,238.246,232.933,54.43,2.17,0
2026-07-27 13:00:01.411696,606,42.051,7.454,3.534,23.474,6.44,21.437,225.026,938.636,3154.282,57.855,228.498,248.558,231.049,56.719,1.692,0
2026-07-27 13:01:11.012184,606,42.059,7.501,2.767,23.513,6.094,20.912,215.627,915.46,2754.221,67.552,227.371,238.905,231.496,54.532,2.768,0
2026-07-27 13:02:17.110614,606,42.231,7.422,3.627,22.824,5.352,20.912,208.533,920.563,3340.784,70.607,228.655,244.171,232.258,54.665,1.935,0
2026-07-27 13:03:20.633576,606,41.589,7.191,3.96,25.497,6.211,21.609,223.297,897.664,3576.364,69.966,230.456,238.058,230.382,54.787,1.9,0
2026-07-27 13:04:29.036916,606,42.077,7.676,4.11,19.61,5.413,20.188,222.231,940.415,3191.341,56.943,227.852,238.253,233.137,55.769,1.912,0
2026-07-27 13:05:37.655966,606,40.777,7.52,3.219,23.925,5.752,21.747,216.623,936.281,2793.776,61.037,227.446,247.226,233.518,54.352,2.14,0
2026-07-27 13:06:39.929194,606,41.478,7.815,4.176,25.924,6.131,21.137,236.432,973.916,2818.929,61.471,226.652,245.807,233.431,56.364,1.815,0
2026-07-27 13:07:44.524471,606,41.874,7.987,4.283,22.225,6.122,21.736,214.274,1033.529,3099.207,69.691,226.974,247.603,231.148,53.488,1.614,0
2026-07-27 13:08:47.345592,606,41.454,7.366,3.668,25.274,5.766,20.727,229.765,996.93,2887.498,62.604,227.469,246.936,230.447,54.449,2.197,0
2026-07-27 13:09:54.108822,606,41.194,7.397,5.076,22.359,5.597,21.824,224.726,989.553,3304.414,68.519,226.069,234.277,233.893,55.726,1.659,0
2026-07-27 13:11:06.763091,606,41.379,7.345,2.98,19.944,6.536,18.949,222.59,945.451,2935.661,64.313,229.262,244.82,235.828,56.956,1.602,0
2026-07-27 13:12:18.496576,606,42.032,7.863,4.67,17.674,6.444,19.962,236.314,995.64,3238.581,69.767,227.604,243.208,234.845,56.267,1.831,0
2026-07-27 13:13:24.713665,606,41.646,7.157,4.239,21.444,5.909,20.279,228.161,1001.459,3195.302,66.793,228.719,238.07,232.963,55.496,2.671,0
2026-07-27 13:14:24.508735,606,41.681,7.586,4.507,22.116,5.979,20.395,215.395,948.752,2611.869,67.466,228.545,239.431,231.863,54.367,1.895,0
2026-07-27 13:15:30.677454,606,41.894,7.129,4.788,29.14,5.775,21.696,216.078,1021.304,2976.221,55.001,228.638,238.09,232.259,54.515,2.477,0
2026-07-27 13:16:35.773600,606,41.836,7.868,4.684,23.128,5.905,19.564,214.712,960.692,3291.29,60.57,227.702,244.574,233.653,55.639,1.976,0
2026-07-27 13:17:37.841845,606,42.435,7.682,2.771,21.421,5.994,21.551,222.246,961.579,2960.424,69.473,229.139,246.803,232.255,55.65,2.033,0
2026-07-27 13:18:47.743433,606,42.291,7.342,4.217,24.487,6.221,20.913,215.134,991.084,3096.088,63.888,229.271,242.616,232.541,54.689,2.073,0
2026-07-27 13:19:57.492814,606,41.915,7.95,4.832,21.909,5.486,20.137,205.33,919.828,3047.528,59.567,228.32,234.734,232.919,54.687,1.833,0
2026-07-27 13:21:03.697098,606,41.563,7.3,4.86,25.893,6.114,22.153,216.714,952.155,2766.3,57.375,226.441,241.657,234.526,55.891,2.017,0
2026-07-27 13:22:08.952646,606,42.38,7.531,3.757,27.318,6.457,19.979,226.561,969.085,3483.775,55.645,229.646,235.775,234.714,55.653,2.163,0
2026-07-27 13:23:11.218509,606,42.547,6.949,3.516,23.452,5.885,21.556,229.644,948.185,2789.5,67.926,227.275,252.148,234.889,55.326,2.067,0
2026-07-27 13:24:18.584663,606,40.937,7.657,4.921,18.014,5.69,21.848,225.981,996.311,2740.187,76.632,229.298,246.894,231.331,54.447,1.831,0
2026-07-27 13:25:27.382091,606,41.666,7.411,4.851,22.719,6.319,19.616,219.259,940.746,3295.021,55.758,228.597,246.295,232.641,55.365,2.275,0
2026-07-27 13:26:35.713725,606,41.614,7.444,3.518,22.548,5.658,20.196,227.526,949.667,2847.293,67.68,226.837,236.175,233.522,54.665,1.468,0
2026-07-27 13:27:42.491141,606,41.227,7.259,3.343,27.582,5.593,21.872,233.817,1014.019,3021.003,63.69,228.483,246.646,232.281,54.998,2.189,0
2026-07-27 13:28:55.510382,606,41.46,7.224,4.087,24.251,5.436,21.048,223.829,974.216,3118.991,64.571,227.37,243.538,232.232,55.184,2.126,0
2026-07-27 13:30:03.149243,606,41.519,7.363,3.76,21.905,6.138,21.395,220.431,1005.701,3285.429,66.624,227.319,241.631,235.015,55.482,2.033,0
2026-07-27 13:31:08.038582,606,42.242,7.822,4.525,26.915,5.607,20.98,232.356,999.03,2412.412,56.827,229.786,244.334,236.085,53.439,2.335,0
2026-07-27 13:32:11.739727,606,41.013,7.602,5.561,22.67,5.478,21.475,215.707,1050.574,2959.332,65.824,226.411,233.016,231.826,55.843,2.119,0
2026-07-27 13:33:13.484338,606,41.831,7.283,3.35,22.643,6.029,20.085,225.537,954.804,2916.89,75.247,228.143,243.114,231.909,55.788,1.216,0
2026-07-27 13:34:28.000925,606,41.321,6.944,4.29,21.599,5.663,21.452,198.581,920.393,2988.158,66.973,229.272,241.092,231.554,55.6,2.237,0
2026-07-27 13:35:37.238100,606,42.324,7.99,3.747,26.248,6.167,20.816,217.528,904.71,3216.396,66.121,228.12,239.729,232.6,55.32,2.013,0
2026-07-27 13:36:48.421867,606,41.761,6.882,5.043,21.496,6.14,20.785,204.521,948.948,3413.971,66.211,226.897,238.64,235.235,53.979,2.045,0
2026-07-27 13:37:55.078997,606,42.178,7.783,5.098,24.819,6.009,19.98,225.516,1020.506,3056.509,64.486,228.754,240.507,232.113,55.78,2.079,0
2026-07-27 13:39:02.172520,606,41.756,7.624,3.627,24.122,5.751,19.845,214.621,1002.714,2783.386,69.886,227.352,241.02,233.258,54.575,2.038,0
2026-07-27 13:40:04.691712,606,40.897,7.45,5.326,23.192,6.229,20.834,224.81,967.134,3064.314,72.067,227.563,244.428,236.17,54.47,1.694,0
2026-07-27 13:41:09.565269,606,41.443,7.356,5.101,25.555,5.558,21.793,216.14,1067.929,3162.035,63.879,225.34,241.055,233.529,56.586,1.843,0
2026-07-27 13:42:14.344109,606,42.568,7.691,4.249,27.316,6.33,21.073,216.727,919.629,3078.879,57.359,229.293,230.239,234.248,55.233,2.253,0
2026-07-27 13:43:16.380518,606,41.997,7.773,5.024,19.552,5.915,20.251,215.494,1017.632,3296.449,70.885,228.838,240.075,232.299,54.814,2.002,0
2026-07-27 13:44:24.398002,606,42.712,7.776,3.228,22.544,5.957,20.811,224.11,951.615,2810.525,64.783,228.876,242.009,232.671,54.633,2.058,0
2026-07-27 13:45:44.822747,606,42.476,7.779,6.01,22.318,6.097,20.739,222.581,1050.946,2826.236,64.164,226.805,242.187,233.829,55.155,2.199,0
2026-07-27 13:46:45.742092,606,41.4,7.122,4.436,23.298,6.374,20.357,213.966,958.331,3049.396,70.76,226.555,249.987,234.379,54.422,1.946,0
2026-07-27 13:47:53.894324,606,41.049,7.33,5.458,21.377,6.078,21.226,219.598,1022.017,3322.998,64.304,228.637,238.541,231.078,53.051,2.317,0
2026-07-27 13:48:57.835969,606,42.264,7.342,3.878,20.122,5.85,20.256,215.395,967.132,3483.452,71.709,228.248,236.365,233.365,54.097,2.073,0
2026-07-27 13:50:04.953742,606,42.227,7.515,3.042,22.697,6.163,20.455,216.889,1084.354,3151.367,72.645,230.51,246.211,232.506,54.999,1.699,0
2026-07-27 13:51:17.594256,606,41.722,7.571,4.784,25.848,6.328,20.169,216.85,985.583,3091.447,71.685,228.825,243.063,230.879,55.619,1.918,0
2026-07-27 13:52:16.816716,606,40.977,7.768,3.756,22.434,6.296,20.404,216.289,976.053,2735.168,67.935,226.848,246.408,232.367,55.517,1.899,0
2026-07-27 13:53:18.315154,606,41.435,7.493,3.848,24.164,6.052,22.01,225.051,990.356,3204.13,65.551,226.749,232.908,233.528,55.524,2.029,0
2026-07-27 13:54:23.087386,606,41.788,7.696,4.589,27.287,6.061,20.442,224.962,1005.752,2684.299,63.174,228.371,239.714,233.198,54.291,1.707,0
2026-07-27 13:55:29.205091,606,42.091,7.412,5.095,23.466,6.109,20.601,209.203,1044.983,3302.43,59.688,228.888,244.757,234.271,55.181,2.512,0
2026-07-27 13:56:32.628683,606,41.205,8.015,4.688,25.773,6.246,21.497,218.58,1039.3,3048.444,72.749,229.468,239.732,233.708,55.545,2.242,0
2026-07-27 13:57:37.576109,606,42.218,7.341,5.282,26.033,5.952,21.666,238.47,890.588,3040.207,65.786,228.501,248.17,231.809,55.57,2.077,0
2026-07-27 13:58:47.205395,606,42.102,7.337,4.213,26.476,6.044,20.584,229.293,964.364,3365.925,62.403,227.188,237.985,232.059,54.569,2.038,0
2026-07-27 13:59:48.637584,606,42.109,7.567,5.541,28.828,6.036,21.818,235.498,948.989,3040.197,68.669,227.44,250.354,234.323,55.502,2.28,0
2026-07-27 14:00:52.207928,606,41.969,7.79,5.084,22.643,5.572,20.251,213.292,1008.711,2899.655,73.537,226.422,240.755,233.895,55.103,1.582,0
2026-07-27 14:01:55.348184,606,40.617,7.307,3.461,25.557,5.808,21.416,217.659,951.015,3079.262,66.31,229.578,244.209,234.15,54.726,2.096,0
2026-07-27 14:03:06.014077,606,41.859,7.427,4.924,23.609,6.296,20.889,214.323,1062.015,2763.395,71.117,228.074,238.654,232.611,54.149,1.668,0
2026-07-27 14:04:10.582646,606,41.509,7.41,4.406,24.396,6.586,21.244,220.451,939.586,3069.755,71.763,223.961,240.907,235.115,54.813,2.262,0
2026-07-27 14:05:14.354654,606,41.992,7.243,3.705,24.152,6.019,21.364,222.128,912.343,2955.977,65.971,228.76,249.839,233.01,54.486,1.769,0
2026-07-27 14:06:19.342825,606,40.905,7.363,4.87,26.343,5.961,20.895,223.874,983.826,2812.477,63.828,227.95,239.59,236.549,54.198,2.096,0
2026-07-27 14:07:25.481129,606,40.692,7.33,4.741,21.579,5.832,21.309,217.103,1008.503,3671.952,70.646,227.316,242.324,233.218,54.731,2.554,0
2026-07-27 14:08:36.556451,606,41.998,7.834,4.946,24.1,5.273,21.491,215.661,933.261,2948.94,66.965,228.333,248.204,233.509,54.648,2.323,0
2026-07-27 14:09:44.309987,606,41.255,7.542,3.445,19.441,6.465,19.808,214.024,1030.496,2837.268,66.823,228.317,238.89,234.857,56.787,1.725,0
2026-07-27 14:10:57.953542,606,40.636,7.375,2.515,20.767,5.762,20.33,219.147,948.898,2527.595,64.934,228.907,246.078,231.871,55.716,2.073,0
2026-07-27 14:12:01.908637,606,41.171,7.969,4.085,21.385,5.499,21.583,224.543,960.937,2793.699,66.727,228.539,241.191,233.065,54.489,2.03,0
2026-07-27 14:13:11.412968,606,41.618,7.955,4.139,24.658,6.089,19.599,225.488,980.97,3212.48,62.694,228.419,235.771,231.87,55.889,1.995,0
2026-07-27 14:14:23.045959,606,42.263,7.932,4.78,24.174,5.998,20.152,229.193,951.317,2569.997,62.657,227.489,246.342,233.174,55.345,2.479,0
2026-07-27 14:15:24.091779,606,41.719,7.389,2.078,26.92,6.64,22.025,222.792,1060.245,2678.808,77.535,229.239,252.936,231.106,53.92,1.994,0
2026-07-27 14:16:24.544587,606,41.411,7.76,4.913,25.764,6.145,20.685,225.792,919.864,3274.062,64.907,225.373,247.648,234.81,55.067,2.652,0
2026-07-27 14:17:28.860755,606,41.571,8.037,5.071,22.957,6.476,21.086,210.294,911.944,2898.03,69.46,228.356,243.913,234.087,55.194,1.831,0
2026-07-27 14:18:42.050821,606,42.078,7.403,5.125,31.433,6.215,21.233,227.418,944.544,2866.994,63.484,226.525,240.117,232.672,54.781,2.033,0
2026-07-27 14:19:48.762912,606,41.975,7.447,5.088,23.53,5.821,21.265,228.218,926.309,3021.423,72.882,227.687,243.644,233.697,53.559,2.015,0
2026-07-27 14:20:55.959696,606,42.058,7.392,3.445,19.083,6.755,20.591,232.702,907.378,3334.775,67.291,228.734,246.093,233.639,53.3,2.091,0
2026-07-27 14:22:01.001617,606,42.573,7.556,3.634,19.457,6.489,20.702,235.066,986.915,2733.828,64.429,227.537,237.28,233.96,55.59,2.237,0
2026-07-27 14:23:08.909258,606,41.724,7.957,4.206,24.953,6.174,22.455,212.245,925.205,3548.186,54.746,227.713,232.659,231.816,55.059,2.377,0
2026-07-27 14:24:15.479035,606,42.053,7.517,4.246,18.623,6.336,20.023,226.781,969.988,3024.204,61.862,229.069,235.801,233.755,54.444,1.984,0
2026-07-27 14:25:16.066217,606,40.628,7.36,3.572,23.51,6.107,20.465,217.836,954.609,2986.561,69.695,226.349,239.346,231.79,55.847,1.957,0
2026-07-27 14:26:13.077502,606,41.79,7.476,4.529,22.062,6.071,20.136,216.989,1034.762,3177.668,52.985,228.977,240.961,234.354,55.05,1.993,0
2026-07-27 14:27:24.106306,606,41.025,7.796,4.776,28.344,6.149,20.811,217.799,921.597,2393.46,60.315,227.734,240.482,233.627,54.047,2.272,0
2026-07-27 14:28:20.585127,606,41.385,6.793,4.676,19.732,6.634,20.301,216.97,994.608,3079.677,47.298,229.768,242.151,232.392,55.129,1.669,0
2026-07-27 14:29:24.607940,606,41.471,7.597,4.517,25.787,6.373,21.837,219.305,973.188,3052.574,52.553,226.959,238.245,234.894,55.69,1.885,0
2026-07-27 14:30:28.296768,606,41.698,7.444,4.733,22.025,6.0,22.06,217.385,946.552,3510.124,66.615,228.704,243.18,234.848,53.242,2.517,0
2026-07-27 14:31:33.385223,606,41.409,7.338,4.193,21.769,6.07,20.923,223.674,971.477,3642.8,57.965,228.582,240.96,232.171,55.852,1.421,0
2026-07-27 14:32:39.112283,606,41.509,7.061,4.862,27.266,5.531,20.234,225.253,993.183,3049.911,66.845,225.63,240.063,231.68,55.917,2.264,0
2026-07-27 14:33:50.527821,606,42.025,7.654,4.76,21.557,6.044,22.224,228.689,910.45,3032.725,71.26,228.391,242.393,231.835,55.444,2.345,0
2026-07-27 14:34:57.857553,606,41.744,7.427,3.746,20.482,6.189,20.416,224.168,983.223,2951.221,63.491,228.821,239.849,233.228,54.951,2.278,0
2026-07-27 14:36:09.059672,606,41.666,7.614,5.984,21.685,6.126,21.101,219.802,976.814,2989.172,64.914,227.329,248.442,232.264,55.213,1.868,0
2026-07-27 14:37:13.359622,606,41.698,7.218,5.714,20.176,6.063,21.204,225.306,1010.863,2890.598,61.503,229.735,240.37,233.264,54.252,2.299,0
2026-07-27 14:38:18.668693,606,41.585,7.025,5.012,18.714,5.802,20.259,227.539,994.5,3279.769,66.637,226.353,241.95,234.42,54.302,2.182,0
2026-07-27 14:39:19.981050,606,42.195,7.194,5.39,20.814,6.274,20.651,224.612,1046.656,3386.657,65.062,226.455,248.958,235.279,56.163,2.172,0
2026-07-27 14:40:24.283338,606,41.654,7.444,4.692,18.488,6.308,22.243,224.198,1023.67,3343.337,58.062,227.21,239.468,231.06,54.564,1.704,0
2026-07-27 14:41:32.034709,606,42.83,7.046,4.137,20.581,6.027,21.137,239.601,966.348,3364.882,62.436,226.911,246.482,229.912,54.679,1.936,0
2026-07-27 14:42:29.966989,606,41.928,7.536,5.388,20.511,6.028,21.29,216.294,1036.248,3138.923,72.488,228.418,240.367,232.644,55.577,2.037,0
2026-07-27 14:43:37.269300,606,42.073,7.917,4.682,23.697,5.994,21.516,226.832,984.672,3216.683,72.509,228.968,251.335,231.44,53.428,2.726,0
2026-07-27 14:44:38.118286,606,41.542,6.877,5.048,19.379,6.096,21.245,221.561,1021.898,3200.721,65.765,226.414,240.435,232.154,54.527,1.669,0
2026-07-27 14:45:41.229438,606,41.977,7.322,5.755,24.663,6.16,21.652,208.821,973.101,2585.859,49.713,227.312,237.63,232.776,54.609,1.987,0
2026-07-27 14:46:51.321382,606,42.21,7.457,3.132,16.956,5.504,21.326,208.442,992.464,2923.063,70.045,227.557,247.205,234.058,55.025,2.121,0
2026-07-27 14:47:53.328647,606,41.805,7.452,4.842,20.399,5.86,20.853,207.252,900.135,2836.651,57.648,228.543,251.866,233.105,55.467,2.02,0
2026-07-27 14:48:56.046798,606,41.506,7.828,3.686,22.397,5.618,23.159,220.666,984.96,2969.111,61.836,226.41,244.864,232.232,54.933,2.056,0
2026-07-27 14:50:05.056876,606,42.247,7.393,4.313,21.868,5.837,20.536,209.16,1001.662,2956.831,65.292,226.286,241.142,233.302,55.02,1.555,0
2026-07-27 14:51:11.505593,606,42.68,7.427,3.802,23.155,6.367,20.681,219.756,1002.004,3172.752,73.513,227.968,236.724,232.931,53.829,2.089,0
2026-07-27 14:52:10.994919,606,40.956,7.408,5.449,19.232,5.702,21.922,221.501,902.353,2878.319,63.613,228.322,243.639,232.58,52.876,1.711,0
2026-07-27 14:53:15.615144,606,41.463,7.62,4.855,28.32,5.521,21.505,217.029,959.911,2356.375,68.549,229.087,249.783,231.709,54.793,1.996,0
2026-07-27 14:54:20.007499,606,41.677,7.911,4.509,27.535,5.6,20.668,218.63,941.763,3089.912,55.44,231.191,245.384,232.487,54.291,1.989,0
2026-07-27 14:55:25.944124,606,41.52,7.501,3.142,15.729,6.08,20.615,226.856,974.052,2926.46,66.377,227.174,241.14,233.74,54.775,2.388,0
2026-07-27 14:56:32.420842,606,41.669,7.883,4.006,24.687,6.214,20.957,214.246,883.463,3131.371,70.726,226.983,240.736,233.763,55.344,1.345,0
2026-07-27 14:57:35.883822,606,41.198,7.524,4.056,22.01,6.007,21.179,220.853,944.451,2670.43,62.815,228.588,243.805,231.626,53.938,1.42,0
2026-07-27 14:58:53.917372,606,42.165,7.184,4.717,22.65,5.373,20.962,204.718,979.251,3124.26,64.19,228.21,238.346,232.555,56.101,1.832,0
2026-07-27 14:59:58.477084,606,41.713,7.778,4.093,22.709,5.786,20.598,222.191,955.929,2761.259,73.212,229.337,243.693,231.778,55.457,2.261,0
2026-07-27 15:01:06.042998,606,41.825,7.494,4.187,20.76,6.491,21.437,229.556,1048.487,2530.988,63.001,227.486,247.053,234.096,54.866,2.097,0
2026-07-27 15:02:04.284717,606,41.558,7.858,2.386,22.666,6.029,21.008,225.979,960.023,2903.564,67.483,226.92,244.481,233.086,55.273,2.007,0
2026-07-27 15:03:07.813015,606,41.355,7.706,5.247,27.263,5.374,21.582,218.671,972.777,2510.377,60.538,229.012,243.123,231.869,54.519,2.392,0
2026-07-27 15:04:13.916859,606,41.37,7.733,3.452,28.091,5.752,21.07,217.51,902.421,2812.41,64.629,228.091,237.991,232.429,54.506,1.782,0
2026-07-27 15:05:14.871261,606,42.505,7.309,3.863,22.656,5.374,19.908,232.185,932.723,3029.485,59.098,229.381,244.423,230.01,53.435,1.852,0
2026-07-27 15:06:19.211290,606,41.208,7.26,4.899,18.437,5.854,21.312,224.858,1012.01,2615.541,56.31,228.062,238.613,232.453,53.082,2.163,0
2026-07-27 15:07:26.038305,606,41.502,7.49,5.198,22.268,6.034,21.655,220.882,950.11,3084.169,62.333,228.19,245.808,233.516,54.931,2.108,0
2026-07-27 15:08:26.528106,606,40.795,7.161,4.468,22.116,5.951,21.25,224.999,970.856,2612.908,71.655,225.873,245.819,233.578,53.633,1.813,0
2026-07-27 15:09:29.868850,606,41.942,7.23,4.763,27.008,5.882,19.866,216.484,952.382,2728.01,66.481,227.005,236.632,232.241,55.555,1.858,0
2026-07-27 15:10:35.937908,606,42.142,7.312,5.263,19.602,6.625,21.179,219.366,1005.282,2698.368,69.291,229.084,238.83,232.902,54.793,1.795,0
2026-07-27 15:11:44.505047,606,40.824,7.193,2.229,17.708,6.066,20.65,215.256,924.203,3167.929,58.725,230.75,241.746,233.627,54.537,1.649,0
2026-07-27 15:12:53.033226,606,41.338,7.473,5.199,20.996,5.894,21.022,226.599,950.399,3051.712,76.884,229.91,239.842,234.234,54.418,1.853,0
2026-07-27 15:13:59.024473,606,41.303,7.505,2.615,24.812,6.232,21.328,213.764,994.135,2860.914,70.393,230.264,240.164,232.683,53.312,1.446,0
2026-07-27 15:15:04.365047,606,41.522,7.368,4.175,20.335,6.235,20.811,216.821,961.631,2389.728,59.506,227.783,245.723,233.96,55.376,1.969,0
2026-07-27 15:16:15.886914,606,41.976,7.188,4.804,22.257,6.124,21.425,223.199,892.359,2974.686,62.408,228.603,245.304,231.704,55.416,1.958,0
2026-07-27 15:17:28.761523,606,41.687,7.292,3.62,25.043,6.823,21.32,202.3,972.055,2658.188,56.415,228.446,245.513,233.613,54.003,2.04,0
2026-07-27 15:18:41.673478,606,41.7,7.557,4.277,18.635,5.775,21.232,214.675,902.699,2639.09,55.769,227.351,245.342,233.336,55.392,2.36,0
2026-07-27 15:19:48.510811,606,40.987,7.438,1.746,22.649,6.38,20.733,213.763,972.905,3166.629,67.222,228.053,249.984,230.68,53.925,1.975,0
2026-07-27 15:20:53.547241,606,41.679,7.525,3.339,23.619,6.35,21.683,221.405,1011.714,2753.23,52.382,228.33,241.527,232.854,53.734,1.769,0
2026-07-27 15:21:59.871843,606,42.177,7.276,3.76,24.747,5.564,22.016,221.296,949.455,3011.191,65.708,226.899,245.346,234.673,56.037,1.938,0
2026-07-27 15:23:01.542744,606,41.753,7.604,3.599,21.781,6.164,20.978,233.942,1018.717,2737.665,60.884,228.557,232.858,231.523,53.557,1.726,0
2026-07-27 15:24:05.056434,606,40.697,7.695,4.312,27.254,5.712,20.653,213.539,1003.864,3242.579,68.023,228.652,236.696,233.326,53.517,2.142,0
2026-07-27 15:25:09.872515,606,42.335,7.173,5.904,21.567,6.024,20.709,209.428,1010.66,3143.27,65.64,226.934,245.266,233.944,54.321,2.232,0
2026-07-27 15:26:17.231659,606,42.375,7.385,5.165,25.205,6.373,21.548,228.479,902.643,3276.587,57.016,226.892,242.7,234.242,55.404,2.242,0
2026-07-27 15:27:26.264920,606,41.984,7.085,5.198,26.088,6.043,21.065,215.492,962.95,3327.622,63.559,227.953,242.442,233.364,54.649,2.379,0
2026-07-27 15:28:37.943729,606,42.166,7.705,4.832,15.802,5.343,20.829,220.914,1002.212,2578.376,65.725,228.246,241.854,232.424,55.817,1.565,0
2026-07-27 15:29:50.511362,606,41.94,8.056,3.229,27.258,6.238,20.478,216.417,951.198,3549.627,65.381,227.207,233.698,234.121,55.963,1.874,0
2026-07-27 15:30:55.060601,606,42.029,7.725,5.449,19.896,5.529,21.27,224.279,898.044,2305.108,64.426,229.832,238.434,232.952,54.931,2.752,0
2026-07-27 15:32:01.717713,606,41.413,7.463,4.762,21.718,5.858,21.426,222.406,1017.772,2831.218,71.868,231.596,242.32,231.38,54.586,2.296,0
2026-07-27 15:33:12.753508,606,42.096,7.539,4.886,26.002,6.371,20.945,217.375,1013.625,2872.938,71.131,232.56,248.003,232.795,55.695,2.153,0
2026-07-27 15:34:19.440322,606,40.581,7.642,5.129,21.724,5.65,21.188,220.141,1032.539,2507.258,58.652,227.48,243.454,230.706,55.868,1.975,0
2026-07-27 15:35:21.091478,606,41.62,7.184,4.875,22.705,6.149,21.344,216.575,892.714,2853.098,57.111,227.373,241.794,233.168,54.001,2.358,0
2026-07-27 15:36:31.076426,606,42.157,7.513,4.755,25.534,5.782,21.641,220.366,965.341,3261.243,57.69,226.969,242.161,232.866,55.769,1.921,0
2026-07-27 15:37:34.969940,606,42.432,7.494,3.747,23.417,5.322,20.382,216.823,955.421,3031.4,63.792,229.168,239.447,231.485,54.603,1.856,0
2026-07-27 15:38:35.458915,606,41.908,7.443,3.573,20.127,5.781,20.496,230.23,931.309,2545.811,66.122,226.901,248.714,236.057,54.905,2.081,0
2026-07-27 15:39:38.280983,606,42.3,7.393,3.58,26.284,5.8,20.714,218.049,981.293,2903.879,75.075,228.778,241.416,231.538,55.761,1.98,0
2026-07-27 15:40:46.227679,606,41.673,7.522,1.968,23.911,5.613,21.016,216.786,987.507,3254.27,59.91,228.756,249.407,233.438,54.354,1.818,0
2026-07-27 15:41:53.151424,606,42.02,7.248,4.01,18.567,6.006,20.671,207.392,961.958,2771.937,64.952,229.531,241.161,232.886,55.873,1.843,0
2026-07-27 15:42:57.224999,606,42.057,7.311,4.902,22.614,6.022,20.799,212.394,1044.792,2886.736,63.622,229.184,242.159,232.258,54.008,2.298,0
2026-07-27 15:44:12.962721,606,40.519,7.568,5.396,23.887,5.87,21.499,224.163,888.315,3124.474,67.555,228.481,242.023,232.52,55.029,2.444,0
2026-07-27 15:45:14.354627,606,42.091,7.488,3.825,21.823,5.879,19.982,218.853,992.798,3213.451,64.594,227.61,243.621,232.05,53.806,2.151,0
2026-07-27 15:46:17.978286,606,41.759,7.503,4.355,18.379,6.203,20.441,217.674,917.866,3178.618,60.151,229.145,236.581,233.483,54.659,1.851,0
2026-07-27 15:47:22.858097,606,41.81,7.742,4.012,19.068,5.586,20.517,225.146,979.097,2897.296,65.744,229.986,242.6,235.006,55.82,1.972,0
2026-07-27 15:48:23.490824,606,42.148,7.474,4.636,21.069,6.364,21.869,229.154,993.241,2531.339,74.58,228.313,239.861,235.405,53.518,1.735,0
2026-07-27 15:49:28.017389,606,41.433,7.446,3.282,23.951,5.809,21.049,214.056,1031.216,3071.204,64.616,228.413,242.188,233.816,53.692,1.676,0
2026-07-27 15:50:27.747412,606,41.713,7.662,3.996,26.198,5.892,21.153,218.359,961.984,2573.178,74.298,226.233,240.894,232.065,55.786,2.074,0
2026-07-27 15:51:36.249429,606,41.735,7.941,3.766,19.008,5.718,20.409,205.36,981.486,2958.227,64.375,227.071,235.335,233.591,54.573,1.978,0
2026-07-27 15:52:43.117526,606,41.893,7.382,4.989,21.308,5.643,20.65,226.68,877.55,2760.399,71.635,227.132,240.925,233.176,54.769,2.345,0
2026-07-27 15:53:49.911885,606,40.625,7.613,2.997,17.059,6.306,19.193,239.931,1023.988,2943.179,61.727,227.36,246.307,233.531,55.59,2.237,0
2026-07-27 15:55:01.001431,606,42.035,7.435,4.768,22.837,5.748,21.031,217.531,1000.104,3343.631,67.712,230.214,241.747,231.221,55.538,1.5,0
2026-07-27 15:56:06.848438,606,42.055,7.263,5.237,27.16,6.156,20.52,217.354,981.599,3073.851,71.349,227.471,240.166,230.851,53.967,2.428,0
2026-07-27 15:57:06.363912,606,41.048,7.494,3.22,25.799,6.123,19.858,219.427,981.756,3300.601,69.68,228.309,233.648,234.604,54.93,1.889,0
2026-07-27 15:58:10.787400,606,41.33,7.652,3.92,22.17,5.924,21.2,221.669,946.51,2785.509,74.964,227.922,240.768,232.872,55.056,1.864,0
2026-07-27 15:59:19.858945,606,42.267,7.291,3.738,21.993,6.338,20.335,221.968,955.126,3082.637,80.715,228.813,243.792,232.502,54.863,1.95,0
2026-07-27 16:00:22.651174,606,41.21,7.779,5.827,21.913,6.03,21.055,221.951,943.487,2693.438,56.63,227.35,247.753,233.25,54.423,1.983,1
2026-07-27 16:01:29.197427,606,42.445,7.402,5.637,22.087,5.34,21.186,210.263,936.802,2932.309,58.532,226.12,229.401,231.1,55.28,1.612,0
2026-07-27 16:02:32.121321,606,41.234,7.389,5.268,22.992,5.806,22.928,219.612,982.91,3137.785,56.922,229.39,247.949,235.006,54.529,2.164,0
2026-07-27 16:03:34.777842,606,42.186,7.687,4.834,21.904,6.838,20.712,224.481,1036.094,2448.989,75.803,228.459,245.023,231.354,55.098,1.866,0
2026-07-27 16:04:40.989834,606,41.218,7.567,5.243,22.899,6.014,21.119,211.648,955.178,2955.63,61.586,229.281,241.85,230.846,54.957,1.694,0
2026-07-27 16:05:51.128792,606,42.114,7.317,4.999,19.761,5.975,20.952,210.474,981.002,3135.089,63.054,229.465,239.273,234.676,55.328,2.296,0
2026-07-27 16:06:54.872510,606,41.814,7.173,5.853,24.173,6.308,20.451,216.104,967.665,2866.434,67.925,226.98,246.339,236.669,53.621,1.684,0
2026-07-27 16:08:05.978050,606,41.821,7.928,4.535,24.655,6.439,21.127,221.212,967.124,3223.342,64.758,228.367,243.046,231.564,55.134,2.111,0
2026-07-27 16:09:11.392488,606,41.184,7.544,2.399,29.877,5.715,21.524,224.354,963.046,2965.97,66.999,227.041,236.169,233.574,56.183,1.882,0
2026-07-27 16:10:15.526888,606,41.696,7.968,4.081,24.311,6.006,21.366,225.465,1043.241,2598.595,61.648,225.078,246.155,236.979,55.9,2.362,0
2026-07-27 16:11:17.961364,606,41.309,7.377,4.963,22.496,6.0,21.469,213.95,971.373,3081.291,73.083,227.294,243.97,230.796,54.493,2.192,0
2026-07-27 16:12:24.260745,606,41.257,7.583,4.223,27.425,5.56,20.429,206.832,1014.438,3013.441,58.847,227.064,248.478,233.142,55.278,2.294,0
2026-07-27 16:13:30.419264,606,42.359,7.192,5.512,26.866,5.936,21.038,231.001,973.608,2949.958,64.414,228.996,244.138,234.372,54.606,1.451,0
2026-07-27 16:14:34.832355,606,43.131,7.248,3.789,20.935,6.066,19.871,228.66,1049.873,2980.953,66.483,227.716,249.655,232.313,54.435,1.848,0
2026-07-27 16:15:36.826442,606,41.317,7.392,5.265,27.811,5.939,19.777,216.875,1031.389,3201.25,68.691,228.858,248.886,234.718,55.143,1.952,0
2026-07-27 16:16:34.118368,606,41.912,7.916,3.256,23.898,6.612,22.175,225.345,1010.359,2991.234,67.15,228.829,240.73,233.812,54.809,2.101,0
2026-07-27 16:17:38.824028,606,42.172,7.558,4.785,19.033,6.236,21.064,221.974,1006.79,3163.897,63.242,226.472,248.445,231.6,53.425,2.357,0
2026-07-27 16:18:44.710148,606,41.385,7.772,3.811,20.931,6.104,21.427,218.741,1003.062,3409.36,61.037,226.631,238.677,231.336,55.749,1.535,0
2026-07-27 16:19:56.367393,606,41.258,8.007,3.363,21.228,6.009,21.429,232.595,955.151,3199.053,74.76,228.575,235.849,232.152,55.326,2.083,0
2026-07-27 16:21:02.446646,606,41.7,7.738,4.451,27.132,6.231,20.965,215.441,986.592,2997.406,57.682,226.335,240.571,232.394,55.678,1.764,0
2026-07-27 16:22:12.691418,606,41.709,7.727,3.467,23.474,5.929,21.919,210.17,1076.697,2982.56,69.674,227.019,248.862,233.065,55.46,1.94,0
2026-07-27 16:23:16.192343,606,40.437,7.533,5.155,23.263,5.527,20.889,221.038,994.65,2915.97,58.053,229.44,244.237,235.523,55.9,1.708,0
2026-07-27 16:24:18.408482,606,41.828,7.862,4.194,22.818,5.626,19.477,215.934,950.237,3012.72,67.568,227.805,243.306,232.3,55.389,2.76,0
2026-07-27 16:25:12.056101,606,42.102,7.591,4.579,28.531,6.077,21.108,221.239,913.117,3029.755,70.318,225.415,246.242,233.157,54.111,2.213,0
2026-07-27 16:26:16.763232,606,41.946,7.785,4.454,22.403,6.389,21.642,217.946,955.26,2803.226,57.448,226.158,238.273,235.344,54.088,1.949,0
2026-07-27 16:27:26.850781,606,41.57,7.42,4.979,21.82,5.868,19.998,215.057,926.298,2856.281,68.757,229.577,240.99,234.278,54.644,1.824,0
2026-07-27 16:28:24.377260,606,40.973,7.674,3.909,26.311,6.277,20.788,218.468,991.772,2749.24,61.38,228.856,243.369,233.059,54.295,2.205,0
2026-07-27 16:29:29.974455,606,41.929,7.607,5.452,23.451,6.138,21.763,209.321,917.204,3203.308,52.002,227.307,243.476,232.681,53.15,1.949,0
2026-07-27 16:30:38.670796,606,41.313,7.42,6.238,26.937,6.357,21.607,209.267,911.325,3060.66,69.482,228.291,242.54,230.92,54.166,2.115,0
2026-07-27 16:31:39.904840,606,41.542,7.148,3.558,21.823,5.66,20.894,218.221,984.293,2989.603,59.05,229.194,235.495,232.684,55.895,2.098,0
2026-07-27 16:32:48.007044,606,41.703,7.581,5.855,23.484,5.65,20.446,222.745,910.459,2811.543,61.178,226.811,239.366,236.01,54.134,1.876,0
2026-07-27 16:33:51.047426,606,42.102,7.614,4.031,28.018,6.541,20.98,208.252,984.476,3165.247,56.706,228.613,241.44,232.091,55.186,2.181,0
2026-07-27 16:35:03.553181,606,42.219,7.25,4.071,21.594,5.473,21.155,223.174,1044.499,2815.78,60.971,226.88,237.613,234.378,54.318,1.828,0
2026-07-27 16:36:04.806091,606,41.804,7.537,5.219,25.714,6.116,21.504,216.608,993.155,2801.204,72.868,228.571,237.725,232.105,55.013,1.694,0
2026-07-27 16:37:14.473480,606,41.716,7.575,3.56,18.653,6.482,20.884,222.735,1006.184,3201.285,74.935,229.396,244.17,234.076,54.702,2.08,0
2026-07-27 16:38:11.935847,606,42.083,7.778,5.009,25.052,6.129,22.072,221.647,1001.551,2884.744,60.246,229.569,235.879,234.339,54.378,2.294,0
2026-07-27 16:39:21.429195,606,41.261,7.578,4.968,21.16,6.435,21.147,226.831,893.24,3072.385,63.918,227.741,236.847,232.305,55.31,1.649,0
2026-07-27 16:40:26.546930,606,41.357,7.676,4.438,25.465,6.409,20.737,218.967,880.994,2848.889,66.427,228.958,239.642,232.164,54.582,2.646,0
2026-07-27 16:41:34.165300,606,42.43,7.464,4.406,19.838,6.252,20.596,208.515,994.838,2930.288,59.019,228.628,248.758,233.821,54.049,1.711,0
2026-07-27 16:42:33.776636,606,42.433,7.423,4.045,25.843,6.113,20.384,234.253,1005.117,2985.531,68.49,227.281,247.559,233.941,54.911,2.094,0
2026-07-27 16:43:37.938566,606,40.818,7.466,5.115,22.79,5.658,21.699,220.699,995.854,3287.846,72.907,226.319,235.378,234.132,56.179,2.676,0
2026-07-27 16:44:46.877396,606,41.45,7.388,4.17,24.113,5.563,20.843,221.063,988.721,3102.701,58.077,229.679,240.435,233.036,54.407,1.638,0
2026-07-27 16:45:52.481671,606,42.163,7.441,5.446,23.301,5.934,18.984,219.046,946.378,3134.738,72.564,227.972,246.123,231.605,54.914,1.693,0
2026-07-27 16:46:55.613174,606,41.89,7.63,5.473,22.666,5.437,20.71,229.821,992.889,3134.2,58.2,227.702,248.958,232.874,55.591,2.394,0
2026-07-27 16:48:07.240670,606,41.625,7.636,3.263,21.106,6.182,21.844,211.437,1013.929,3283.302,63.299,228.686,238.822,231.578,55.009,2.453,0
2026-07-27 16:49:13.379879,606,41.094,7.612,3.376,20.259,6.734,20.66,210.325,955.036,3454.176,78.967,230.763,244.131,233.734,53.813,1.532,0
2026-07-27 16:50:22.663881,606,41.445,7.578,4.342,24.905,6.013,20.039,215.109,941.06,3149.906,75.408,225.311,238.718,231.6,54.009,1.802,0
2026-07-27 16:51:22.611694,606,41.278,7.831,3.7,19.767,6.113,20.649,222.747,917.234,2743.41,57.315,230.472,246.579,231.958,53.474,1.879,0
2026-07-27 16:52:27.540584,606,42.381,7.829,3.914,22.509,5.634,21.394,214.94,919.241,3080.062,69.66,227.837,240.752,232.772,54.814,1.849,0
2026-07-27 16:53:30.239266,606,41.321,7.539,3.806,20.111,5.96,20.81,214.653,957.363,3366.697,57.517,228.137,241.639,234.768,53.903,2.12,0
2026-07-27 16:54:34.080208,606,41.764,7.889,6.137,21.979,6.02,20.326,212.199,983.438,2643.075,67.869,226.733,236.411,231.42,54.38,2.045,0
2026-07-27 16:55:49.200251,606,41.909,7.856,5.473,17.671,5.926,21.388,225.989,1036.062,3464.925,62.725,225.947,246.022,232.118,55.195,1.583,0
2026-07-27 16:56:58.237061,606,41.646,7.539,3.784,26.245,6.123,21.786,222.503,950.234,3198.062,68.411,228.6,244.135,232.343,54.827,2.407,0
2026-07-27 16:58:03.828808,606,41.68,7.347,2.86,24.954,5.798,22.002,225.568,923.847,3088.496,66.817,227.551,243.522,233.563,53.613,1.633,0
2026-07-27 16:59:08.461967,606,41.061,7.411,4.015,22.803,6.037,21.121,216.222,987.165,2919.301,66.352,227.228,240.616,231.806,54.856,2.178,0
2026-07-27 17:00:08.837909,606,41.506,7.522,3.41,23.455,6.145,20.855,219.486,952.671,2851.33,63.885,226.865,240.342,231.387,54.908,1.356,0
2026-07-27 17:01:10.329994,606,41.538,7.423,5.102,26.242,6.422,21.283,225.264,1028.862,3284.579,77.547,225.618,244.853,231.966,56.142,1.722,0
2026-07-27 17:02:18.909171,606,41.398,7.256,4.55,21.441,6.027,21.858,214.331,1006.944,2636.351,62.253,227.813,239.911,233.454,55.09,1.71,0
2026-07-27 17:03:24.034987,606,42.394,7.242,4.01,26.617,5.818,21.706,227.026,1000.481,3616.298,61.282,228.169,245.991,230.889,55.698,2.605,0
2026-07-27 17:04:28.146859,606,42.66,7.394,4.427,20.97,5.955,20.929,223.02,915.859,3256.478,73.775,228.912,247.561,234.357,56.484,1.834,0
2026-07-27 17:05:24.604090,606,42.193,7.354,3.518,22.84,6.14,20.315,229.031,949.683,3150.953,59.16,228.297,240.68,233.94,55.961,2.126,0
2026-07-27 17:06:29.724888,606,42.457,7.026,4.301,19.055,5.721,21.152,226.568,1019.338,3107.745,70.681,228.048,242.604,233.865,54.098,2.228,0
2026-07-27 17:07:46.123518,606,41.384,7.71,5.887,26.801,5.779,20.973,208.542,965.858,2808.615,63.231,226.58,234.69,233.543,54.816,2.19,0
2026-07-27 17:08:54.594614,606,41.594,7.759,3.916,22.151,6.038,21.3,215.99,880.451,3058.457,60.213,229.201,241.625,233.111,57.274,1.87,0
2026-07-27 17:09:58.710772,606,41.27,7.649,4.584,23.901,5.383,20.217,203.631,1047.563,2592.384,71.383,227.537,241.779,231.938,54.305,1.917,0
2026-07-27 17:11:05.392487,606,41.757,6.974,3.834,20.798,5.958,20.522,206.328,962.426,2704.255,66.71,228.257,243.751,232.406,54.934,2.198,0
2026-07-27 17:12:08.745940,606,41.255,7.452,3.82,22.374,5.863,21.598,213.089,989.273,2555.568,65.392,227.052,245.47,232.362,55.744,2.062,0
2026-07-27 17:13:22.058917,606,41.17,7.613,5.204,20.131,6.175,21.114,229.346,993.728,3022.054,66.049,229.138,243.977,231.092,55.311,2.475,0
2026-07-27 17:14:31.713985,606,40.334,7.812,3.447,20.574,5.732,20.159,219.849,970.372,2875.975,68.867,229.579,247.111,234.868,54.608,1.362,0
2026-07-27 17:15:38.765205,606,41.929,8.043,4.344,18.377,5.865,21.899,223.088,1026.9,2946.103,56.883,227.237,242.615,231.386,55.765,2.32,0
2026-07-27 17:16:42.112318,606,42.29,7.503,3.753,22.202,5.986,20.777,216.464,968.752,3060.608,71.097,230.09,238.195,232.364,53.887,2.081,0
2026-07-27 17:17:50.919534,606,42.235,7.539,5.667,20.94,5.783,21.25,217.69,962.064,3348.942,55.354,229.297,247.542,232.57,54.67,2.519,0
2026-07-27 17:18:58.652837,606,42.084,7.622,3.911,29.11,5.697,20.643,224.655,1081.417,2576.171,58.875,230.672,237.677,233.409,55.362,2.673,0
2026-07-27 17:20:06.790844,606,42.111,7.354,3.419,19.76,5.797,21.175,218.76,905.94,3398.749,69.203,229.763,238.694,232.418,54.151,1.991,0
2026-07-27 17:21:15.007579,606,41.545,7.308,4.362,20.95,5.356,21.9,218.458,982.893,3030.256,70.738,228.04,242.122,232.06,56.038,2.138,0
2026-07-27 17:22:20.643961,606,40.91,7.721,4.365,25.016,5.695,21.904,223.6,992.313,2869.339,61.995,226.424,237.662,234.251,55.536,1.906,0
2026-07-27 17:23:20.162779,606,41.162,7.67,5.43,20.095,6.175,22.067,212.456,1002.246,3072.262,69.729,228.588,241.144,237.255,56.02,2.307,0
2026-07-27 17:24:26.692929,606,41.547,7.45,4.034,22.466,5.531,20.65,221.251,1059.858,3112.961,63.146,225.934,235.912,235.756,56.568,2.314,0
2026-07-27 17:25:30.648232,606,40.614,7.108,4.859,24.852,5.667,21.437,221.591,981.949,3326.012,55.798,229.343,240.168,233.101,55.214,1.921,0
2026-07-27 17:26:31.285242,606,41.982,6.966,3.649,24.641,5.908,19.814,207.562,928.496,2949.813,61.434,228.347,236.249,230.809,53.89,2.229,0
2026-07-27 17:27:30.240308,606,41.908,7.482,5.423,22.942,6.204,21.213,212.227,986.59,2639.438,57.189,227.316,244.698,230.738,55.3,1.994,0
2026-07-27 17:28:35.342035,606,41.966,7.49,5.25,22.544,5.611,22.28,215.379,973.756,2615.95,64.942,227.731,243.133,234.25,55.243,1.777,0
2026-07-27 17:29:36.326400,606,42.156,7.439,4.971,25.503,5.794,20.138,216.545,1026.484,3199.419,66.528,229.763,237.591,233.06,55.891,2.098,0
2026-07-27 17:30:35.457818,606,40.798,7.725,5.208,26.207,6.4,20.402,223.396,1006.235,3142.561,67.387,228.572,236.958,233.205,54.376,2.172,0
2026-07-27 17:31:44.988642,606,41.304,7.554,4.719,22.982,6.041,20.885,213.524,967.165,3506.186,57.491,227.977,240.124,233.384,53.964,2.19,0
2026-07-27 17:32:55.421866,606,41.121,7.006,4.597,24.233,6.193,20.816,213.404,955.973,2602.365,67.418,227.552,241.136,232.095,54.739,1.765,0
2026-07-27 17:34:04.489988,606,41.414,8.0,3.523,21.331,5.672,21.564,224.403,993.42,3130.005,68.144,228.249,245.678,232.981,56.14,1.955,0
2026-07-27 17:35:15.077131,606,41.345,6.872,3.929,25.989,5.799,21.517,226.641,987.916,3242.93,72.484,229.096,236.533,233.695,55.207,1.56,0
2026-07-27 17:36:16.045492,606,40.617,7.363,5.217,24.947,6.298,19.564,226.881,907.61,3086.971,61.832,228.703,246.492,235.103,54.827,2.055,0
2026-07-27 17:37:21.330776,606,42.045,7.25,5.185,21.878,6.098,20.257,212.089,915.478,2953.122,59.001,226.707,240.485,235.157,54.925,2.04,0
2026-07-27 17:38:27.305703,606,42.372,7.622,5.255,21.309,6.169,20.881,213.52,996.275,2914.475,60.474,228.704,240.323,233.939,55.018,1.618,0
2026-07-27 17:39:34.683644,606,41.332,7.179,4.134,27.835,6.202,20.589,207.996,933.878,2914.318,66.066,226.859,237.154,232.392,55.914,1.61,0
2026-07-27 17:40:40.927636,606,41.384,7.665,5.926,21.364,6.249,21.244,201.748,916.324,3070.952,64.8,228.104,241.059,233.262,55.174,2.176,0
2026-07-27 17:41:40.378924,606,42.121,7.422,4.354,22.19,5.878,21.277,211.223,989.648,3335.721,63.968,225.476,237.215,234.597,56.484,2.374,0
2026-07-27 17:42:43.919080,606,41.663,7.68,4.89,19.279,5.667,19.419,215.353,924.008,2649.141,61.778,227.612,242.669,235.44,55.01,1.779,0
2026-07-27 17:43:50.243876,606,41.98,6.902,6.861,25.651,5.784,20.774,221.374,964.095,2895.66,68.336,227.25,247.048,234.7,54.969,1.975,0
2026-07-27 17:44:54.537841,606,41.192,7.45,4.063,21.339,5.868,20.397,225.792,1007.832,3422.053,67.999,226.545,251.381,232.323,55.724,1.595,0
2026-07-27 17:46:03.175148,606,42.005,7.675,5.111,22.847,5.317,21.076,219.204,926.027,2638.946,63.443,227.574,242.16,234.529,55.033,2.263,0
2026-07-27 17:47:10.927729,606,41.897,7.216,3.215,22.601,6.137,21.463,229.954,998.333,3124.752,78.056,229.248,243.452,232.238,57.033,2.429,0
2026-07-27 17:48:23.810634,606,41.474,7.578,4.185,29.421,6.257,20.848,213.607,1010.247,2243.663,57.509,227.11,243.429,234.41,54.512,1.693,0
2026-07-27 17:49:31.961306,606,41.676,7.569,5.006,27.816,6.027,20.1,229.484,931.806,2865.761,62.01,226.202,249.833,234.684,54.77,1.616,0
2026-07-27 17:50:42.645549,606,40.637,7.562,3.974,23.723,5.794,21.921,214.086,1040.703,2744.435,59.313,230.063,242.532,234.077,53.626,1.955,0
2026-07-27 17:51:45.559505,606,41.561,7.41,4.533,21.009,6.023,20.447,223.341,942.086,3315.43,60.694,227.549,238.789,232.269,56.041,2.068,1
2026-07-27 17:52:57.400666,606,41.714,7.682,4.692,23.191,5.483,20.631,221.47,988.995,2673.401,63.597,229.69,241.605,231.626,56.51,1.652,0
2026-07-27 17:54:08.488076,606,41.491,7.587,4.636,22.648,5.456,19.666,228.235,930.242,2689.143,66.763,226.753,237.142,232.598,55.295,1.668,0
2026-07-27 17:55:13.522042,606,41.273,7.573,2.625,27.295,6.503,21.372,230.312,940.433,2752.683,65.128,229.427,249.597,233.788,56.19,2.302,0
2026-07-27 17:56:17.875284,606,42.391,7.355,6.406,30.059,5.381,21.011,212.88,1037.703,2851.454,80.716,229.152,244.421,231.945,53.852,1.54,0
2026-07-27 17:57:22.701207,606,42.321,7.254,3.557,23.776,6.239,21.344,203.829,1049.266,2878.48,55.874,229.135,246.711,230.687,55.662,1.585,0
2026-07-27 17:58:22.516459,606,41.72,7.62,3.816,25.097,6.408,20.434,218.507,1015.918,2834.026,62.97,228.798,239.45,234.884,55.475,1.965,0
2026-07-27 17:59:24.875875,606,41.881,7.324,3.12,28.354,5.984,21.455,222.714,954.559,3079.008,68.54,229.408,244.529,231.347,56.608,2.531,0
2026-07-27 18:00:32.818019,606,40.793,7.861,3.625,24.341,5.969,21.991,219.904,930.782,2692.473,49.289,227.889,241.965,233.274,55.541,1.867,0
2026-07-27 18:01:43.642128,606,41.139,8.009,4.44,20.619,6.042,19.398,240.351,897.077,3123.57,69.035,227.779,234.796,233.489,55.522,1.677,0
2026-07-27 18:02:52.988461,606,41.467,7.323,5.336,22.575,5.344,21.311,223.8,983.743,2785.972,72.841,229.028,237.481,231.975,54.77,2.159,0
2026-07-27 18:03:55.068348,606,41.17,7.294,3.952,22.875,5.8,19.976,223.777,899.336,2410.577,63.102,230.284,243.801,232.77,55.808,2.325,0
2026-07-27 18:05:05.858026,606,42.203,7.611,4.585,20.866,6.417,21.316,210.892,959.705,2953.989,61.117,231.883,252.541,235.036,53.959,2.392,0
2026-07-27 18:06:15.767926,606,41.388,7.576,4.742,23.028,6.025,21.75,216.147,996.315,3125.996,62.175,228.298,246.277,230.759,54.719,2.117,0
2026-07-27 18:07:22.824393,606,41.096,7.492,3.509,18.642,5.942,20.276,223.323,934.498,2731.17,66.867,227.084,245.219,234.423,54.824,2.177,0
2026-07-27 18:08:33.861505,606,42.701,7.644,2.886,17.362,6.011,20.433,222.183,971.127,3022.974,65.794,227.914,248.831,233.05,53.483,2.182,0
2026-07-27 18:09:49.368190,606,42.622,7.677,3.645,22.741,5.779,21.095,220.47,954.665,2863.423,68.351,227.108,239.969,231.947,55.519,2.068,0
2026-07-27 18:10:54.562251,606,42.067,7.307,5.593,22.294,5.619,20.989,228.812,995.653,2835.643,60.281,228.009,244.953,233.495,53.779,2.523,0
2026-07-27 18:11:59.092781,606,40.729,7.286,3.774,27.923,6.27,20.043,215.252,974.548,3166.965,70.097,228.024,237.657,232.439,55.926,2.03,0
2026-07-27 18:13:02.916100,606,42.438,7.033,3.827,21.598,5.708,20.602,222.952,945.409,3178.741,64.289,228.439,242.495,233.184,54.21,1.989,0
2026-07-27 18:14:07.410986,606,42.42,7.078,4.738,23.794,6.658,20.46,215.436,915.873,2675.831,79.221,228.564,239.623,234.019,54.951,2.256,0
2026-07-27 18:15:16.779893,606,40.834,7.262,4.985,21.773,5.899,20.84,239.896,1058.531,2722.919,59.352,228.473,246.243,234.127,55.658,2.07,0
2026-07-27 18:16:16.856274,606,40.567,7.416,3.469,17.816,6.099,22.228,214.677,947.079,3197.356,72.902,226.213,233.928,232.449,56.75,2.553,0
2026-07-27 18:17:16.896495,606,41.423,7.7,5.066,22.816,6.491,21.11,234.584,936.272,2699.288,60.994,227.081,238.339,234.028,54.593,2.568,0
2026-07-27 18:18:24.538781,606,41.881,7.654,4.855,23.59,6.131,20.248,218.314,1026.02,2743.43,57.912,226.716,248.693,235.614,54.487,1.745,0
2026-07-27 18:19:29.870267,606,42.413,7.617,3.944,21.436,5.575,21.19,215.494,968.799,2915.938,64.878,228.904,246.601,231.441,55.889,2.239,0
2026-07-27 18:20:40.168003,606,40.758,7.451,2.843,22.415,5.812,20.82,219.763,1015.987,2829.847,58.38,225.548,242.883,231.935,55.204,2.023,0
2026-07-27 18:21:40.714569,606,42.606,8.058,5.11,25.622,5.474,22.007,212.031,975.086,2851.879,67.001,229.717,244.67,231.078,55.506,2.105,0
2026-07-27 18:22:44.948177,606,40.863,7.203,4.731,22.219,5.927,20.688,213.596,985.888,2921.996,70.529,228.871,243.801,235.293,55.332,2.339,0
2026-07-27 18:23:50.084380,606,42.134,7.437,4.586,26.554,5.677,20.788,231.472,995.994,2930.915,62.306,228.349,252.36,233.024,54.979,1.934,0
2026-07-27 18:24:58.926824,606,41.685,7.585,3.251,23.594,5.92,21.779,223.216,973.333,3056.867,60.333,226.628,243.578,232.752,54.853,1.782,0
2026-07-27 18:26:04.365650,606,42.328,7.229,6.359,25.953,6.402,20.407,226.498,931.936,3022.72,70.465,227.992,244.38,233.755,56.367,1.848,0
2026-07-27 18:27:06.994034,606,41.888,7.425,3.566,27.429,6.498,20.166,216.764,955.867,3482.115,59.253,226.096,240.385,234.187,53.968,1.969,0
2026-07-27 18:28:14.603373,606,41.667,7.139,3.961,20.47,5.459,21.19,224.896,882.24,3172.556,56.289,229.178,242.851,233.265,53.869,1.449,0
2026-07-27 18:29:20.627613,606,42.041,7.415,5.254,26.008,5.454,21.119,221.011,1003.882,2977.721,69.993,228.074,236.659,234.801,54.274,1.909,0
2026-07-27 18:30:24.581651,606,41.304,7.869,4.51,26.7,6.009,20.07,215.058,943.202,3458.788,66.052,230.108,243.506,232.845,56.402,2.005,0
2026-07-27 18:31:25.584880,606,41.64,7.542,4.597,26.004,5.925,19.607,242.27,922.042,2750.01,64.722,229.992,244.474,231.442,56.668,2.26,0
2026-07-27 18:32:35.295767,606,41.027,7.983,3.409,22.253,5.579,21.225,210.275,1002.669,3537.785,59.777,228.378,243.703,234.94,55.761,1.839,0
2026-07-27 18:33:40.029198,606,42.066,7.855,3.344,15.291,5.914,21.22,220.61,974.605,3715.07,68.69,229.136,247.765,232.747,53.542,2.124,0
2026-07-27 18:34:45.999501,606,42.289,7.131,4.762,29.862,5.974,21.379,223.937,1024.163,3241.557,69.226,230.206,248.293,230.825,55.562,2.029,0
2026-07-27 18:35:54.264222,606,41.926,7.213,4.09,18.603,5.881,21.705,222.187,884.167,2956.593,54.05,226.12,248.625,229.118,54.964,2.247,0
2026-07-27 18:36:56.403291,606,41.81,7.859,6.055,28.589,6.353,21.07,216.901,960.11,3270.961,81.226,227.719,237.728,231.041,54.279,2.336,0
2026-07-27 18:38:04.908097,606,41.55,7.476,3.446,19.737,6.302,20.892,215.505,949.893,3341.944,57.197,227.903,246.136,232.141,56.195,1.892,0
2026-07-27 18:39:13.802384,606,42.902,7.131,4.102,19.484,5.939,21.502,222.461,1009.107,2735.671,61.262,229.099,244.99,233.005,56.159,2.337,0
2026-07-27 18:40:16.964352,606,41.682,7.739,4.61,23.224,6.358,21.071,214.887,983.527,3223.099,62.317,228.377,246.511,233.376,54.522,2.284,0
2026-07-27 18:41:21.195542,606,40.918,7.885,4.072,22.814,6.25,19.953,228.131,1045.185,2935.685,53.746,228.287,241.713,231.005,55.85,1.915,0
2026-07-27 18:42:23.883998,606,41.982,7.873,3.776,29.116,6.012,21.163,221.681,1048.909,2770.85,59.553,226.297,242.921,232.551,54.571,2.307,0
2026-07-27 18:43:28.743208,606,41.728,7.625,4.517,21.171,5.202,21.456,218.817,1005.45,3090.706,61.577,227.106,239.437,232.127,55.109,2.082,0
2026-07-27 18:44:36.952593,606,42.738,7.798,6.175,25.571,5.548,20.363,220.882,988.019,3024.932,62.836,228.886,248.231,233.504,53.954,2.209,0
2026-07-27 18:45:37.766911,606,41.694,7.631,3.905,24.432,5.853,22.198,223.738,915.792,2623.87,60.498,228.019,242.878,234.063,54.419,2.171,0
2026-07-27 18:46:43.765880,606,41.021,7.259,3.084,20.523,6.121,20.778,229.297,1000.912,3392.985,71.439,227.553,249.661,235.045,53.887,1.863,0
2026-07-27 18:47:50.683227,606,42.549,7.779,4.927,24.572,5.574,21.752,222.865,1067.129,3053.621,66.786,227.731,237.738,234.766,54.675,1.839,0
2026-07-27 18:48:58.580916,606,41.851,7.447,4.15,22.793,6.308,20.312,221.48,1032.007,3233.673,70.172,229.239,243.244,231.209,53.641,2.379,0
2026-07-27 18:49:59.681438,606,41.415,7.963,3.585,26.319,6.417,21.578,226.434,952.339,3260.593,63.123,228.671,242.874,233.208,57.19,1.882,0
2026-07-27 18:51:03.402821,606,42.829,7.415,4.991,22.411,6.118,21.962,210.078,963.694,2806.741,68.762,227.255,235.403,232.643,54.568,1.447,0
2026-07-27 18:52:09.074608,606,41.684,7.442,4.864,27.175,6.131,20.44,216.247,1052.8,3612.325,66.089,230.59,245.562,232.773,55.309,1.811,0
2026-07-27 18:53:11.888217,606,41.421,7.23,3.885,24.063,6.2,21.204,218.975,927.436,3589.859,69.232,228.068,247.282,232.878,55.47,2.354,0
2026-07-27 18:54:11.570747,606,42.177,7.682,3.051,19.637,6.099,20.834,213.918,987.29,2732.744,59.107,227.141,239.417,235.068,53.762,2.42,0
2026-07-27 18:55:22.143933,606,42.181,7.976,5.248,18.037,6.001,20.282,225.134,947.564,3014.779,71.606,227.065,242.637,233.905,55.445,2.329,0
2026-07-27 18:56:26.797254,606,42.159,7.701,3.887,28.145,5.937,21.079,220.237,955.805,3060.285,66.039,228.74,239.156,233.057,54.452,1.901,0
2026-07-27 18:57:31.713006,606,42.373,7.521,4.694,22.862,6.258,20.773,212.13,993.33,2826.158,65.198,229.303,248.067,233.182,55.2,1.916,0
2026-07-27 18:58:37.824061,606,40.75,7.388,4.357,22.842,6.246,20.816,211.348,1001.308,2899.558,72.755,229.762,235.335,231.405,54.985,2.119,0
2026-07-27 18:59:48.824458,606,42.118,7.337,4.903,23.724,5.56,20.182,219.979,955.244,3676.961,63.41,229.14,234.093,233.822,54.786,2.176,0
2026-07-27 19:00:58.379464,606,41.741,7.807,4.674,22.91,5.969,21.599,224.644,1013.442,2869.998,62.956,228.581,245.791,232.657,54.403,1.444,0
2026-07-27 19:02:05.655236,606,41.768,7.343,5.592,23.345,6.129,20.706,220.661,1007.476,3549.014,72.392,226.702,244.622,231.96,56.048,1.759,0
2026-07-27 19:03:04.486845,606,41.448,6.98,5.038,18.448,5.533,20.793,238.234,1009.28,3348.225,62.809,229.298,245.131,231.3,56.196,2.04,0
2026-07-27 19:04:17.235157,606,41.49,8.252,2.807,25.64,6.171,20.268,218.683,985.284,3134.979,63.858,228.417,243.661,235.482,55.516,1.931,0
2026-07-27 19:05:23.211935,606,41.578,7.574,4.18,23.502,5.926,21.755,215.939,1040.422,3380.45,56.535,229.087,246.66,232.358,55.321,1.789,0
2026-07-27 19:06:21.324218,606,41.768,7.407,4.607,24.98,6.571,20.083,229.191,933.062,3265.37,59.852,228.373,242.701,234.14,54.283,2.134,0
2026-07-27 19:07:30.852941,606,40.602,7.334,4.145,21.47,6.203,19.877,222.31,983.589,3177.024,70.642,227.853,241.001,233.421,55.395,1.854,0
2026-07-27 19:08:32.895686,606,42.06,7.639,5.495,22.996,6.014,21.098,229.397,960.688,3298.165,66.367,227.946,250.704,234.614,54.686,1.486,0
2026-07-27 19:09:35.974082,606,42.19,7.213,4.879,19.004,6.119,20.653,230.024,991.054,2870.837,58.899,228.451,244.262,230.899,53.588,2.288,0
2026-07-27 19:10:38.677859,606,41.935,7.345,2.878,26.137,6.02,21.439,217.564,1023.907,2957.12,61.685,227.884,240.946,234.699,54.599,1.982,0
2026-07-27 19:11:34.637164,606,41.995,7.609,4.18,22.684,5.517,22.086,215.889,920.113,2621.048,59.745,226.164,242.006,234.965,54.881,2.104,0
2026-07-27 19:12:39.128947,606,42.183,7.281,4.515,16.292,5.967,21.899,225.132,976.253,3218.588,67.005,230.624,237.948,231.733,55.78,1.704,1
2026-07-27 19:13:48.974055,606,41.818,7.208,3.816,22.014,5.487,21.67,214.343,952.514,2835.29,67.595,226.915,248.55,234.018,55.173,1.736,0
2026-07-27 19:14:54.783389,606,42.793,7.369,5.075,24.092,5.89,20.362,216.722,1027.463,2597.056,61.592,225.663,238.245,231.756,54.904,1.522,0
2026-07-27 19:15:58.625333,606,41.702,7.43,4.967,27.151,6.028,21.732,206.476,1043.835,3180.594,59.06,227.392,242.563,232.559,54.921,2.118,0
2026-07-27 19:17:01.999274,606,42.188,7.44,4.826,18.924,5.614,20.682,218.974,926.56,2937.836,55.611,226.572,244.176,231.68,55.767,1.951,0
2026-07-27 19:18:06.393091,606,41.253,7.433,5.117,26.679,5.961,20.202,230.357,1001.847,3474.071,73.091,231.814,234.717,233.695,54.205,2.343,0
2026-07-27 19:19:07.509931,606,41.633,7.571,5.635,25.01,6.43,21.38,220.244,1119.449,3258.984,63.438,227.793,241.207,232.579,55.123,1.833,0
2026-07-27 19:20:15.189196,606,42.254,7.327,5.202,21.756,5.821,20.698,208.457,985.23,3402.335,68.098,229.248,242.683,232.967,55.925,1.733,0
2026-07-27 19:21:24.414686,606,41.617,7.575,5.184,25.524,5.699,20.89,234.488,974.837,2990.546,59.05,228.193,239.547,231.656,55.099,1.724,0
2026-07-27 19:22:33.884982,606,41.42,7.355,4.484,23.896,6.316,21.472,215.479,993.921,3099.834,62.946,225.157,240.867,234.165,54.864,2.22,0
2026-07-27 19:23:42.593499,606,41.872,7.471,4.007,21.46,6.051,21.545,220.346,1015.575,3281.57,58.517,229.357,245.089,232.669,54.858,2.658,0
2026-07-27 19:24:50.439631,606,41.721,7.342,6.239,26.114,5.976,20.786,222.356,1036.287,2320.219,68.573,226.479,247.448,233.133,53.504,1.908,0
2026-07-27 19:25:55.183876,606,41.236,7.048,4.852,26.925,6.146,21.095,226.081,1043.596,2570.834,69.315,228.623,243.785,232.271,55.157,2.179,0
2026-07-27 19:27:03.384059,606,41.508,7.576,3.68,19.072,6.035,21.646,223.323,933.541,2993.915,69.505,226.094,235.751,230.745,54.016,1.862,0
2026-07-27 19:28:10.542766,606,41.809,7.767,4.434,24.029,5.755,20.493,219.032,1026.893,2539.351,60.491,228.265,240.08,231.776,55.081,1.897,0
2026-07-27 19:29:10.301420,606,40.486,7.564,4.203,22.567,5.641,19.89,219.921,973.844,2786.752,65.566,227.822,239.758,232.68,54.545,1.682,0
2026-07-27 19:30:14.112876,606,41.722,7.192,5.203,24.328,6.525,20.656,215.121,968.56,3177.889,58.168,227.719,237.317,232.761,56.579,2.041,0
2026-07-27 19:31:21.771141,606,41.247,7.169,4.234,22.087,6.128,20.772,212.73,964.793,3112.395,65.687,227.97,236.365,234.941,54.758,1.831,0
2026-07-27 19:32:28.917339,606,41.57,7.712,3.19,27.247,6.456,20.908,217.871,1008.158,3204.234,69.318,227.233,243.405,234.999,53.242,1.75,0
2026-07-27 19:33:32.388559,606,41.065,7.604,4.998,17.748,5.914,22.584,230.855,953.93,2704.23,62.792,224.97,239.895,233.877,54.947,2.336,0
2026-07-27 19:34:37.246861,606,41.52,7.54,4.046,23.509,6.359,20.491,212.565,1034.598,3264.584,64.126,228.98,245.395,235.562,53.882,2.254,0
2026-07-27 19:35:41.856978,606,42.598,7.714,2.539,21.521,5.751,20.884,210.748,969.595,2784.968,59.63,229.481,247.228,232.361,55.335,2.344,0
2026-07-27 19:36:47.978619,606,41.19,7.668,5.27,22.345,5.514,20.396,221.257,1011.064,3172.249,60.32,228.391,233.325,233.882,55.725,2.08,0
2026-07-27 19:37:57.867475,606,41.366,7.532,3.385,17.591,6.128,21.165,227.166,1000.337,3211.454,60.405,226.076,250.444,233.45,54.237,1.789,0
2026-07-27 19:39:10.496779,606,41.512,7.849,3.659,26.57,6.268,21.366,215.288,932.907,3607.561,60.969,227.445,244.932,233.551,55.259,2.107,0
2026-07-27 19:40:18.118467,606,40.633,7.93,4.568,19.073,6.303,21.523,213.184,937.359,3499.391,70.363,228.294,244.891,231.784,55.2,2.086,0
2026-07-27 19:41:15.508497,606,40.827,7.821,4.619,24.273,6.115,21.176,222.569,1004.74,3213.297,60.974,226.667,244.943,233.102,54.164,1.77,0
2026-07-27 19:42:17.540576,606,41.97,7.692,4.039,21.443,5.783,21.066,221.18,917.301,2923.09,64.866,228.77,241.839,232.453,54.611,2.536,0
2026-07-27 19:43:23.241715,606,41.398,7.529,4.81,22.222,6.103,19.303,230.63,982.215,3053.099,69.543,229.187,236.967,231.581,56.12,2.009,0
2026-07-27 19:44:34.310878,606,42.593,7.512,5.212,24.642,6.098,21.501,228.436,955.859,3118.578,66.703,227.053,241.915,233.664,54.867,2.059,0
2026-07-27 19:45:46.022967,606,41.225,7.687,3.718,26.461,5.966,21.963,211.15,958.281,2842.81,79.439,229.569,230.509,230.762,54.735,2.059,0
2026-07-27 19:46:56.972434,606,42.623,7.36,4.561,19.282,5.852,20.452,212.771,992.338,3200.605,68.789,227.28,249.737,234.615,55.133,2.147,0
2026-07-27 19:48:00.793869,606,40.818,7.485,4.611,21.844,5.648,20.394,200.465,1032.79,3228.895,63.205,227.768,239.468,233.08,54.752,1.937,0
2026-07-27 19:49:05.813242,606,41.612,7.35,5.517,23.78,6.049,20.234,221.358,999.236,3228.504,56.984,227.979,243.503,231.515,54.874,2.364,0
2026-07-27 19:50:15.704856,606,41.244,7.482,4.679,22.875,6.059,21.433,214.636,917.366,2702.907,71.642,229.53,236.728,232.577,55.378,2.416,0
2026-07-27 19:51:12.530268,606,42.075,7.295,2.931,25.38,5.547,20.21,233.884,978.111,3001.974,62.45,227.718,247.553,232.961,55.129,1.472,0
2026-07-27 19:52:15.956186,606,41.364,7.446,6.459,27.218,6.571,20.912,216.492,1012.327,3280.419,60.553,229.755,242.61,234.395,57.13,1.947,0
2026-07-27 19:53:28.071877,606,41.422,7.402,4.589,21.13,5.557,19.959,217.678,961.933,3224.871,59.768,226.892,247.291,234.76,56.315,2.322,0
2026-07-27 19:54:35.604272,606,41.641,7.768,4.711,20.656,5.785,21.291,215.083,971.597,2965.907,58.681,230.997,247.221,232.759,55.045,2.138,0
2026-07-27 19:55:41.223688,606,42.971,7.791,4.402,24.545,6.062,20.696,220.625,952.431,2996.296,63.681,226.212,235.385,232.894,55.237,1.707,0
2026-07-27 19:56:48.169855,606,42.384,7.644,4.725,19.67,6.102,21.149,229.449,1023.845,2895.279,62.061,228.739,241.493,235.456,54.132,1.901,0
2026-07-27 19:58:02.298515,606,41.46,7.131,4.854,24.33,5.74,20.401,205.247,932.596,3175.689,66.058,227.477,240.727,230.926,54.515,2.434,0
2026-07-27 19:59:09.869784,606,41.211,7.65,5.149,22.852,5.704,20.501,227.826,958.152,2550.155,77.369,224.986,238.455,231.104,54.993,1.565,0
2026-07-27 20:00:19.668675,606,41.25,7.719,4.36,22.538,5.955,20.599,206.263,930.679,2739.646,65.339,228.564,245.894,234.875,55.833,2.045,0
2026-07-27 20:01:29.976632,606,41.138,7.418,2.46,24.982,5.977,20.405,217.933,1009.959,2847.203,74.76,228.78,242.341,232.718,55.292,1.983,0
2026-07-27 20:02:46.790000,606,42.207,7.692,4.116,21.636,6.415,20.37,212.409,931.667,3162.876,63.182,229.335,243.471,233.88,55.202,1.901,0
2026-07-27 20:03:52.746907,606,41.32,7.734,4.307,32.196,5.663,20.104,212.772,943.966,3414.099,63.712,227.369,241.678,234.851,54.71,1.921,0
2026-07-27 20:05:00.553986,606,42.296,7.096,3.904,22.17,6.007,21.33,210.285,962.335,3110.82,52.025,228.165,243.088,230.516,54.007,2.186,0
2026-07-27 20:06:09.450228,606,42.292,7.741,3.564,20.916,5.938,21.21,222.738,981.206,2674.889,71.805,229.034,240.542,234.688,54.451,2.204,0
2026-07-27 20:07:11.678982,606,41.614,7.447,4.079,29.361,6.1,20.704,216.855,959.29,2945.397,60.146,227.76,247.231,233.976,54.563,2.1,0
2026-07-27 20:08:24.787964,606,40.949,7.158,5.214,22.927,5.903,21.528,223.731,976.164,2743.193,69.335,227.304,243.887,231.08,55.476,2.184,0
2026-07-27 20:09:29.720723,606,42.082,7.54,4.754,20.016,6.303,22.034,224.604,893.39,2932.58,51.146,228.235,236.157,232.32,56.244,1.971,0
2026-07-27 20:10:32.165023,606,41.066,7.404,3.335,22.538,6.188,20.504,218.053,1005.175,2744.801,61.114,230.055,243.524,233.05,54.319,2.398,0
2026-07-27 20:11:39.212631,606,41.698,7.713,2.995,28.112,6.379,21.147,224.578,989.714,2900.348,65.657,227.302,241.804,233.849,55.119,2.212,0
2026-07-27 20:12:40.029994,606,42.45,7.653,2.984,23.71,6.023,21.148,220.503,978.886,2770.379,63.762,227.729,244.557,231.654,56.403,1.85,0
2026-07-27 20:13:44.628059,606,40.482,7.636,4.691,20.425,5.982,20.551,216.634,868.664,3576.127,60.239,226.698,242.239,234.011,54.863,2.151,0
2026-07-27 20:14:52.201241,606,41.556,7.305,3.201,25.671,5.867,20.089,226.403,977.348,3116.451,66.05,228.173,243.416,233.116,55.697,2.304,0
2026-07-27 20:15:51.544951,606,41.371,7.402,4.408,24.77,5.54,22.715,230.321,946.447,2758.839,69.12,229.346,244.844,231.904,53.945,2.069,0
2026-07-27 20:16:58.368990,606,41.463,7.424,5.035,24.693,6.099,21.24,228.796,948.245,2990.945,56.829,225.941,247.678,232.304,56.634,1.741,0
2026-07-27 20:17:59.677000,606,40.987,7.662,4.817,18.413,6.12,21.021,208.082,975.004,3495.361,67.716,227.653,242.689,233.635,54.48,1.5,0
2026-07-27 20:19:06.231327,606,42.737,7.844,4.185,20.046,6.153,21.228,220.439,1027.453,3244.886,70.976,229.318,243.446,232.199,54.361,2.193,0
2026-07-27 20:20:12.999244,606,41.781,7.637,5.8,18.667,5.867,22.698,229.123,1055.106,2957.021,70.432,227.366,249.75,232.559,56.44,1.707,0
2026-07-27 20:21:18.868223,606,40.674,7.293,3.959,22.042,5.637,20.848,211.407,1027.729,2845.654,65.085,227.174,244.985,232.531,55.754,1.778,0
2026-07-27 20:22:24.696339,606,41.884,7.393,4.591,27.091,5.742,21.034,219.333,970.322,3094.631,63.258,227.249,226.487,230.868,54.356,1.787,0
2026-07-27 20:23:35.515706,606,42.263,7.603,4.15,17.785,6.053,21.042,214.743,1045.629,2856.498,68.523,228.843,237.883,232.308,55.362,1.737,0
2026-07-27 20:24:33.717812,606,41.661,7.79,4.308,19.654,6.318,21.764,221.88,1039.655,3327.082,64.01,228.184,242.278,232.691,55.462,1.915,0
2026-07-27 20:25:39.169989,606,42.514,7.473,5.174,18.189,5.512,21.189,240.447,979.139,3715.853,71.942,229.456,245.433,233.013,54.05,2.033,0
2026-07-27 20:26:47.391277,606,40.655,7.669,5.026,25.189,6.471,19.914,219.937,896.332,3056.217,77.961,227.444,248.078,233.909,54.13,1.805,0
2026-07-27 20:28:00.488720,606,42.269,7.111,2.932,28.233,5.353,19.764,218.825,939.382,3032.882,58.391,228.124,235.444,231.8,55.768,1.769,0
2026-07-27 20:29:04.210213,606,41.572,7.363,3.601,23.709,6.537,21.724,235.573,882.428,2673.236,66.901,227.895,239.318,234.206,55.529,1.908,0
2026-07-27 20:30:10.245459,606,41.25,7.681,5.178,24.322,5.675,21.173,221.385,955.811,3439.907,64.482,228.56,243.733,232.497,54.096,1.946,0
2026-07-27 20:31:21.926130,606,42.095,6.901,3.362,22.888,6.425,20.767,215.604,979.119,3159.123,53.737,225.96,241.002,232.895,54.918,2.086,0
2026-07-27 20:32:27.175672,606,42.085,7.772,3.612,22.482,5.852,20.446,208.442,902.487,2522.137,67.194,228.056,242.568,230.897,55.586,2.071,0
2026-07-27 20:33:37.448560,606,42.457,7.596,4.767,24.947,6.411,22.223,227.596,1014.351,3105.699,64.206,228.592,241.437,231.624,55.127,1.665,0
2026-07-27 20:34:46.857632,606,42.433,7.522,5.3,20.435,5.292,21.162,211.678,983.917,3002.093,69.624,223.822,244.12,234.197,54.752,2.25,0
2026-07-27 20:35:58.244137,606,41.735,6.99,5.194,24.783,6.163,21.365,218.606,897.225,3046.512,70.014,227.294,249.461,231.755,54.394,1.626,1
2026-07-27 20:37:01.872421,606,40.894,7.737,3.105,22.11,6.295,21.572,223.005,985.37,2892.864,65.954,227.982,241.342,231.659,55.411,2.079,0
2026-07-27 20:38:05.757331,606,40.788,7.99,4.243,22.876,6.08,21.3,224.438,899.331,3037.279,70.225,228.649,240.902,233.076,54.937,1.972,0
2026-07-27 20:39:04.835054,606,40.836,7.438,4.15,21.42,6.166,20.688,208.489,1065.572,2706.232,58.001,229.738,243.821,233.875,54.913,2.481,0
2026-07-27 20:40:08.610046,606,41.481,7.378,3.963,17.07,6.303,20.859,212.431,920.89,3034.842,64.628,230.944,242.898,232.806,55.088,1.882,0
2026-07-27 20:41:15.760995,606,41.822,7.427,3.135,25.069,6.048,21.453,221.531,935.436,3234.878,71.543,228.234,252.768,230.459,55.728,2.023,0
2026-07-27 20:42:26.472489,606,41.975,7.687,5.636,22.653,5.855,21.621,208.89,956.693,2954.503,69.697,228.853,241.203,231.19,53.417,2.03,0
2026-07-27 20:43:33.493445,606,41.987,7.753,4.377,22.798,5.599,21.74,224.76,980.826,2808.722,64.034,227.767,245.06,234.736,54.593,2.178,0
2026-07-27 20:44:41.495329,606,41.287,7.644,3.644,28.294,6.272,20.442,210.659,958.129,3407.458,67.402,229.0,239.95,233.824,55.266,2.341,0
2026-07-27 20:45:43.543505,606,42.385,7.435,4.779,23.375,6.322,21.128,217.924,908.048,3326.884,60.47,227.866,240.981,230.892,55.159,2.085,0
2026-07-27 20:46:41.523306,606,42.503,7.774,4.329,20.889,6.202,20.436,216.419,979.293,2717.36,73.628,230.61,238.39,232.632,56.57,2.657,0
2026-07-27 20:47:52.575359,606,41.193,7.215,5.187,18.647,6.225,20.916,225.515,950.625,2892.619,70.25,229.929,243.659,235.336,55.269,1.938,0
2026-07-27 20:49:01.263531,606,41.646,7.795,4.056,22.073,6.071,20.821,216.307,949.811,3017.773,65.694,228.243,237.062,232.991,56.008,2.346,0
2026-07-27 20:50:10.797425,606,42.04,7.83,4.104,24.126,5.861,20.994,224.938,1044.254,3090.004,67.154,227.572,242.654,232.057,55.674,2.077,0
2026-07-27 20:51:10.631624,606,42.427,7.402,4.497,18.916,6.338,21.646,228.02,958.298,3184.642,67.647,228.278,247.33,231.125,55.906,2.049,0
2026-07-27 20:52:13.832980,606,41.999,7.94,5.062,25.999,5.851,20.405,219.682,961.166,2924.935,68.468,227.47,245.203,232.431,54.847,1.671,0
2026-07-27 20:53:16.149992,606,41.4,7.75,3.644,21.847,6.032,22.373,221.673,982.104,2743.783,63.458,228.289,241.962,234.029,54.113,2.174,0
2026-07-27 20:54:20.678394,606,41.185,7.501,3.288,22.489,6.162,21.874,215.088,996.916,3084.538,68.8,226.518,250.728,235.698,56.567,1.948,0
2026-07-27 20:55:29.277525,606,41.158,7.415,4.913,22.904,6.413,19.871,212.213,987.299,2802.888,76.051,229.887,239.326,234.691,55.066,2.003,0
2026-07-27 20:56:38.807861,606,41.569,7.695,4.719,18.962,5.121,21.215,210.957,873.906,3172.497,69.924,227.28,249.205,233.589,54.869,2.006,0
2026-07-27 20:57:47.200571,606,41.442,7.34,4.523,21.48,6.259,20.184,220.674,962.444,3162.124,63.135,228.885,239.647,232.863,54.169,2.162,0
2026-07-27 20:58:50.554741,606,41.057,7.863,4.551,24.094,5.863,21.242,215.951,958.802,3509.443,63.094,225.085,244.65,231.557,55.538,2.338,0
2026-07-27 20:59:56.271216,606,42.056,7.36,4.507,22.717,6.149,19.994,222.928,923.904,3382.56,66.284,226.967,239.242,232.677,52.821,1.957,0
2026-07-27 21:01:03.996325,606,41.525,8.116,5.629,21.551,5.432,21.803,217.908,920.406,3201.475,73.484,230.362,243.862,230.691,53.732,1.918,0
2026-07-27 21:02:04.946251,606,41.918,7.575,4.66,22.01,5.773,21.836,216.453,1023.198,2908.027,67.53,228.554,247.83,234.118,53.638,2.079,0
2026-07-27 21:03:09.226854,606,41.05,7.169,4.316,24.49,6.35,20.662,218.607,981.055,2776.876,54.977,230.189,240.484,233.24,54.051,1.716,0
2026-07-27 21:04:14.794237,606,42.205,7.827,3.601,26.88,6.35,21.113,205.069,952.296,3311.042,59.362,227.984,248.738,232.851,54.735,1.769,0
2026-07-27 21:05:21.824829,606,42.115,7.404,4.156,22.444,5.94,20.098,226.393,989.865,3124.934,59.392,227.62,241.948,231.154,55.545,2.157,0
2026-07-27 21:06:29.344436,606,42.278,7.034,4.955,20.464,6.509,20.601,217.451,1027.895,2788.821,68.583,229.311,239.603,233.421,54.802,1.851,0
2026-07-27 21:07:28.946005,606,41.64,7.973,5.114,29.826,5.997,20.875,217.216,997.982,3052.935,57.968,228.25,248.766,232.667,55.767,2.233,0
2026-07-27 21:08:29.827033,606,41.582,8.185,3.24,25.799,6.096,19.888,231.113,1034.025,2964.364,71.033,227.861,239.536,233.573,56.796,1.981,0
2026-07-27 21:09:30.936039,606,42.013,7.632,5.237,22.614,5.749,22.129,217.735,987.051,2923.691,74.504,230.302,234.502,232.948,55.201,1.912,0
2026-07-27 21:10:39.803816,606,42.347,7.662,4.381,21.268,5.86,21.081,224.081,1005.197,3048.526,69.892,230.238,235.277,234.315,55.834,2.329,0
2026-07-27 21:11:42.115894,606,41.688,7.617,6.484,27.766,6.122,21.856,206.188,965.978,2833.099,53.567,229.907,245.027,230.049,55.65,1.825,0
2026-07-27 21:12:45.583021,606,40.918,7.656,5.518,20.574,5.301,20.857,215.519,1027.489,2674.184,60.281,227.483,238.659,233.312,55.333,2.01,0
2026-07-27 21:13:44.731678,606,41.472,7.424,4.326,22.996,6.028,20.495,228.031,1048.491,3531.634,63.544,223.83,241.284,234.126,53.974,1.833,0
2026-07-27 21:14:53.459430,606,42.376,7.499,3.487,24.9,6.13,21.053,226.069,984.091,2951.826,61.989,227.164,241.056,233.266,55.004,2.006,0
2026-07-27 21:15:59.198529,606,42.086,7.453,3.601,23.522,5.999,21.65,224.685,920.701,3177.433,59.851,227.781,247.79,232.965,54.307,2.189,0
2026-07-27 21:17:12.633697,606,41.854,7.502,4.022,20.303,6.43,20.51,214.305,981.307,2573.145,60.512,226.944,245.12,234.777,55.346,2.053,0
2026-07-27 21:18:07.237001,606,41.487,7.2,6.001,21.85,5.854,21.163,221.588,972.06,2631.533,65.509,227.371,245.126,231.462,55.31,1.999,0
2026-07-27 21:19:07.885674,606,42.553,7.743,4.21,22.937,5.927,20.57,217.249,1004.964,2750.42,62.09,229.049,244.563,231.386,54.647,1.973,0
2026-07-27 21:20:15.403982,606,41.183,7.527,4.656,19.698,5.877,19.488,222.401,960.791,2743.826,63.234,226.431,241.041,232.999,55.572,2.085,0
2026-07-27 21:21:28.450209,606,41.709,7.68,4.348,22.477,5.907,20.73,226.173,980.439,2724.603,69.001,226.717,238.673,234.009,54.728,2.135,0
2026-07-27 21:22:29.378921,606,41.941,7.626,4.303,27.082,5.949,21.073,221.356,1001.743,2743.186,52.269,227.511,237.571,233.385,55.299,2.131,0
2026-07-27 21:23:27.268547,606,41.915,6.934,4.113,28.032,5.83,20.984,227.336,947.832,3226.151,55.964,227.96,244.131,234.616,54.065,2.059,0
2026-07-27 21:24:32.857347,606,41.304,7.615,5.711,22.35,6.335,20.782,227.763,989.661,2797.271,62.267,230.475,240.713,235.158,53.752,1.846,0
2026-07-27 21:25:35.964187,606,42.115,7.708,5.203,22.796,6.416,21.047,211.696,986.115,2396.865,62.696,227.441,246.084,232.4,56.201,1.972,0
2026-07-27 21:26:42.962015,606,41.999,7.289,3.255,22.399,6.342,20.529,206.431,880.694,3037.409,61.559,229.839,241.626,233.833,55.88,1.886,0
2026-07-27 21:27:55.707831,606,41.793,7.502,3.062,17.076,6.212,21.329,227.199,969.975,2867.494,65.073,228.001,244.814,233.904,55.412,2.117,0
2026-07-27 21:28:59.565026,606,41.914,7.416,5.159,24.235,5.706,20.668,220.56,912.632,3428.607,62.898,228.71,249.416,233.812,54.327,1.937,0
2026-07-27 21:30:04.518480,606,41.433,7.601,5.384,23.689,5.974,21.553,229.872,1035.534,2982.178,73.487,229.251,251.275,232.345,54.256,1.944,0
2026-07-27 21:31:09.260362,606,42.63,7.465,3.684,25.849,6.623,20.009,222.422,950.104,3354.97,59.225,231.157,241.885,232.387,53.945,2.413,0
2026-07-27 21:32:17.426610,606,42.379,7.067,4.104,25.925,5.933,21.039,231.151,956.243,2931.216,65.543,227.012,245.25,232.869,54.894,1.984,0
2026-07-27 21:33:22.915579,606,41.374,7.257,5.406,24.681,6.115,21.321,225.359,1010.264,2832.488,63.523,228.591,235.43,234.324,55.34,1.504,0
2026-07-27 21:34:25.129832,606,41.621,7.657,5.015,24.716,5.549,21.851,222.747,872.943,3167.029,64.66,229.039,238.019,230.904,54.631,2.475,0
2026-07-27 21:35:35.318817,606,42.279,7.612,4.476,20.053,6.16,20.603,217.203,925.294,2653.041,63.166,226.363,242.939,233.712,56.228,2.01,0
2026-07-27 21:36:35.935468,606,42.037,8.099,4.961,23.451,5.795,21.796,216.33,1030.83,3315.511,69.921,225.942,245.719,231.797,53.248,1.922,0
2026-07-27 21:37:40.037575,606,41.77,7.508,4.265,19.015,5.918,21.281,207.533,973.241,2892.598,67.081,225.731,240.058,233.795,55.655,1.921,0
2026-07-27 21:38:44.911392,606,41.215,7.074,4.133,21.882,5.171,22.184,224.396,912.314,2564.751,58.686,225.36,238.89,232.507,54.904,1.916,0
2026-07-27 21:39:45.308450,606,41.267,7.865,5.385,27.517,5.982,19.945,214.193,942.476,3145.183,71.85,227.094,239.159,233.867,55.058,2.354,0
2026-07-27 21:40:55.632064,606,41.753,7.762,3.915,24.426,6.267,21.139,218.078,917.832,2940.568,67.819,228.95,245.832,234.42,52.701,1.851,0
2026-07-27 21:41:58.950947,606,42.551,7.31,4.081,23.771,6.28,20.947,219.707,946.861,2662.498,63.018,227.255,242.992,229.498,54.411,1.851,0
2026-07-27 21:43:00.891712,606,42.299,7.713,5.924,22.857,5.88,21.086,216.116,959.157,3113.874,69.322,227.69,243.88,231.959,54.034,1.962,0
2026-07-27 21:44:12.829962,606,42.031,7.581,3.75,22.896,6.229,21.582,221.252,1050.951,2860.004,61.46,227.482,243.733,232.998,56.038,1.576,0
2026-07-27 21:45:19.692636,606,42.09,7.288,5.897,23.415,6.287,21.948,202.85,928.765,3198.907,66.043,229.154,244.777,232.322,54.503,1.894,0
2026-07-27 21:46:22.853725,606,40.572,7.581,4.631,23.193,5.768,21.202,220.155,915.793,2961.701,58.744,228.897,242.454,230.815,53.477,2.283,0
2026-07-27 21:47:28.288116,606,41.873,7.361,4.486,24.807,6.289,19.848,224.614,963.062,3126.826,69.335,228.453,243.978,233.129,55.256,2.095,0
2026-07-27 21:48:34.792088,606,41.868,7.143,4.925,28.652,5.899,20.706,207.527,976.925,2918.697,67.086,229.988,243.908,231.202,55.784,2.161,0
2026-07-27 21:49:41.127073,606,40.982,7.463,5.195,27.008,5.601,23.181,215.034,961.015,2575.075,64.984,227.682,234.693,234.64,55.537,1.844,0
2026-07-27 21:50:48.542318,606,42.833,7.671,5.64,21.742,5.789,20.303,229.786,972.928,3241.41,67.974,228.783,244.983,232.357,54.966,1.564,0
2026-07-27 21:51:54.878603,606,41.951,7.495,4.291,21.249,6.064,21.097,219.298,1045.196,2791.01,56.344,227.47,243.324,232.377,55.601,2.19,0
2026-07-27 21:53:07.531123,606,42.001,7.346,4.86,21.502,5.546,21.481,214.915,927.921,2437.303,69.559,226.544,242.776,234.448,54.195,1.74,0
2026-07-27 21:54:15.058268,606,41.341,7.642,4.102,21.203,5.381,21.669,225.349,967.012,2886.716,60.701,228.687,238.309,231.355,55.233,1.584,0
2026-07-27 21:55:22.646634,606,41.852,7.453,4.017,18.104,6.116,20.548,211.928,1036.415,2807.682,74.52,228.034,241.12,231.397,55.371,1.799,0
2026-07-27 21:56:24.284156,606,41.796,7.282,4.585,23.299,6.104,21.981,212.558,1050.035,3251.924,64.733,227.738,241.937,232.878,55.001,1.829,0
2026-07-27 21:57:30.208150,606,42.681,7.564,5.106,21.84,5.916,21.826,213.213,990.533,2814.699,57.812,228.367,232.947,233.552,54.686,1.702,0
2026-07-27 21:58:30.381406,606,42.201,7.451,3.698,22.913,6.025,21.278,229.824,898.181,2967.014,77.602,228.251,242.338,232.016,54.241,2.018,0
2026-07-27 21:59:39.189278,606,41.818,7.966,3.123,21.585,6.194,20.33,212.596,1009.823,3152.096,68.828,227.811,241.815,230.563,54.503,2.607,0
2026-07-27 22:00:46.040219,606,40.962,7.73,3.612,23.155,5.484,20.578,219.438,1012.367,3014.506,59.197,225.479,244.271,232.859,55.866,1.997,0
2026-07-27 22:01:52.716889,606,41.091,7.709,4.073,21.143,5.191,20.505,228.182,991.329,3283.607,66.465,226.984,241.269,232.817,54.411,1.835,0
2026-07-27 22:03:02.329967,606,40.432,7.065,5.574,21.202,6.241,20.798,212.727,957.896,3294.887,70.68,227.825,241.375,232.458,54.706,2.027,0
2026-07-27 22:04:13.171189,606,41.55,7.691,3.764,28.581,6.109,21.931,207.351,945.212,2738.113,47.682,228.306,242.301,233.003,55.527,2.269,0
2026-07-27 22:05:12.508619,606,41.975,7.73,4.902,19.56,6.155,21.172,235.145,1016.104,3101.519,65.95,228.312,235.067,234.183,53.906,1.41,0
2026-07-27 22:06:16.542920,606,41.756,7.097,5.444,31.727,5.746,21.402,220.924,994.198,3454.827,65.043,226.694,239.612,232.938,54.326,1.894,0
2026-07-27 22:07:22.906473,606,42.039,7.292,3.826,19.192,6.053,21.077,215.348,1023.758,2760.6,65.252,227.593,242.954,233.432,53.522,2.081,0
2026-07-27 22:08:24.411749,606,42.788,7.314,5.636,20.666,6.314,22.033,218.834,964.918,2677.938,56.085,223.907,236.608,233.436,56.683,2.108,0
2026-07-27 22:09:32.280774,606,41.242,7.771,4.97,19.459,6.057,19.872,225.345,996.691,3192.038,63.516,228.458,241.808,233.266,54.731,1.878,0
2026-07-27 22:10:40.746951,606,41.239,7.806,3.657,21.901,5.84,18.323,208.797,931.175,2788.563,56.523,229.194,239.336,232.464,55.483,1.641,0
2026-07-27 22:11:45.231521,606,41.778,7.316,4.145,13.505,6.062,20.931,216.588,1043.095,3556.411,67.009,229.663,238.822,233.254,56.75,2.064,0
2026-07-27 22:12:53.873364,606,40.933,7.212,3.806,25.747,6.398,20.948,225.733,1053.347,2903.252,61.789,226.524,244.755,234.37,53.911,1.797,0
2026-07-27 22:13:59.796907,606,41.684,6.966,4.26,20.684,6.043,20.927,230.544,975.323,2743.52,66.015,226.6,236.935,232.074,54.905,1.267,0
2026-07-27 22:15:01.661295,606,41.486,7.092,4.816,23.881,5.656,20.474,230.473,899.096,2851.355,64.992,229.33,240.166,231.138,54.522,2.041,0
2026-07-27 22:16:07.028636,606,41.077,7.322,3.924,27.83,6.511,20.044,220.772,1028.78,3400.825,66.141,229.552,235.343,233.828,54.73,2.077,0
2026-07-27 22:17:06.793029,606,41.064,7.341,4.791,21.535,5.904,20.882,230.809,1065.374,2642.108,62.273,227.616,240.315,232.079,55.03,1.95,0
2026-07-27 22:18:12.718298,606,41.45,7.499,4.628,24.086,5.787,20.699,207.773,961.744,2902.663,64.987,228.199,233.962,233.7,56.127,2.48,0
2026-07-27 22:19:21.279663,606,41.367,7.649,3.574,20.429,5.808,21.122,221.036,961.23,2928.037,65.965,228.752,242.819,230.997,55.463,2.138,0
2026-07-27 22:20:29.838568,606,41.534,7.558,4.795,25.319,6.145,21.441,201.141,961.39,2282.96,72.632,226.323,246.792,232.082,56.321,2.047,0
2026-07-27 22:21:34.836404,606,42.385,7.334,5.391,23.966,5.813,21.778,230.208,963.97,2864.972,66.558,228.746,241.239,233.337,55.07,2.421,0
2026-07-27 22:22:39.728508,606,42.237,7.474,4.275,19.479,5.503,21.535,223.144,1023.816,2946.64,68.992,229.286,242.96,232.499,54.546,2.524,0
2026-07-27 22:23:49.172371,606,41.91,7.294,5.104,26.797,6.129,20.943,232.664,997.943,2756.979,69.097,227.707,238.889,233.521,55.895,2.256,0
2026-07-27 22:24:52.544229,606,42.052,7.389,3.609,22.692,6.059,21.279,215.662,930.031,3202.603,64.872,230.259,239.712,233.973,54.521,1.884,0
2026-07-27 22:25:54.762304,606,41.203,7.437,5.788,22.522,6.023,20.14,210.348,964.216,3222.206,68.477,227.584,244.379,232.717,55.063,2.129,0
2026-07-27 22:27:07.185470,606,42.022,7.69,4.994,24.924,5.686,20.374,225.666,988.975,3039.281,67.589,225.798,238.673,232.711,55.451,2.235,0
2026-07-27 22:28:10.618743,606,41.211,7.728,5.079,25.879,5.871,22.158,218.828,948.83,2675.05,55.474,227.874,238.427,232.553,55.708,1.342,0
2026-07-27 22:29:11.964893,606,42.008,7.293,3.918,20.102,6.128,21.692,227.786,994.896,2746.883,68.446,226.236,233.614,232.546,54.943,1.68,0
2026-07-27 22:30:19.600549,606,42.628,7.505,5.081,25.599,6.025,19.939,225.558,981.315,3301.105,70.861,228.594,237.818,234.072,55.592,2.166,0
2026-07-27 22:31:21.585769,606,42.213,7.678,4.833,23.108,6.09,20.476,217.821,1024.027,3649.731,67.4,229.397,239.818,233.538,54.464,1.98,0
2026-07-27 22:32:31.800003,606,42.159,7.466,5.113,22.31,6.453,22.26,219.774,1008.372,3259.638,59.304,226.497,235.507,232.286,54.733,2.155,0
2026-07-27 22:33:35.921531,606,41.181,7.411,5.587,21.185,6.073,20.427,218.326,956.634,3130.401,60.277,229.018,241.739,234.789,55.417,2.198,0
2026-07-27 22:34:40.302758,606,41.712,7.751,4.068,23.626,6.143,19.673,220.189,977.838,2726.286,60.548,228.805,243.401,235.024,55.013,1.76,0
2026-07-27 22:35:48.104632,606,41.86,7.661,5.587,19.041,5.716,20.608,216.4,943.057,3026.854,66.79,227.045,238.875,232.965,54.448,1.953,0
2026-07-27 22:37:00.595691,606,42.245,7.49,5.131,20.663,5.654,20.626,224.282,1064.75,2633.746,69.576,227.758,242.207,231.538,55.693,2.048,0
2026-07-27 22:38:07.923402,606,41.363,7.269,3.487,18.288,6.198,21.772,207.804,1005.219,3157.107,53.511,228.18,240.095,232.284,55.167,2.246,0
2026-07-27 22:39:15.061609,606,41.678,7.104,5.89,25.34,5.854,21.578,206.405,916.07,2894.794,62.638,228.186,248.355,232.687,53.811,2.246,0
2026-07-27 22:40:20.966433,606,42.539,7.547,4.039,23.465,5.47,20.649,216.832,965.862,2668.04,64.891,227.506,235.196,233.323,55.339,1.557,0
2026-07-27 22:41:34.585007,606,41.758,7.653,4.665,23.66,6.142,20.945,215.565,906.085,2872.646,66.115,227.127,245.684,235.027,55.415,1.414,0
2026-07-27 22:42:42.623184,606,40.604,7.237,4.702,21.702,6.307,21.197,216.292,957.705,3109.649,60.189,226.417,243.635,234.936,54.963,1.851,0
2026-07-27 22:43:44.646518,606,41.166,7.747,3.681,22.452,5.679,21.502,228.672,979.296,3054.966,64.753,226.774,237.77,233.362,55.202,2.328,0
2026-07-27 22:44:45.921492,606,41.398,7.416,5.231,22.462,5.48,20.736,220.891,1013.058,3013.637,65.62,227.228,241.947,229.374,55.947,1.853,0
2026-07-27 22:45:54.046508,606,41.225,7.065,4.123,23.947,6.426,21.203,225.415,1019.164,3092.253,64.377,229.089,243.129,231.363,53.608,2.615,0
2026-07-27 22:47:01.485250,606,41.863,7.623,3.412,18.705,6.388,22.0,223.621,917.1,2693.442,66.597,225.692,246.946,231.228,55.697,1.646,0
2026-07-27 22:48:06.445353,606,42.308,7.476,3.8,23.264,6.304,20.897,230.551,983.554,2714.09,64.081,227.863,243.291,234.602,53.035,1.726,0
2026-07-27 22:49:06.693177,606,42.399,7.463,2.955,24.272,5.75,21.097,215.497,989.785,2749.791,66.386,229.85,235.128,231.551,54.417,1.82,0
2026-07-27 22:50:13.891421,606,42.435,7.71,3.363,24.38,5.91,21.427,224.007,979.684,2624.306,60.792,224.895,242.583,230.602,53.557,1.739,0
2026-07-27 22:51:17.459196,606,41.442,7.877,5.338,28.61,6.119,20.6,218.467,911.312,2996.216,64.7,228.416,245.34,235.309,56.147,1.769,0
2026-07-27 22:52:20.135895,606,41.626,7.646,3.195,23.744,6.266,20.381,212.211,940.978,2581.816,62.192,227.486,250.661,232.381,54.748,2.075,0
2026-07-27 22:53:30.202270,606,41.691,7.398,4.788,25.439,5.96,21.276,211.454,968.008,3061.692,65.432,228.023,238.856,233.171,54.981,2.018,0
2026-07-27 22:54:34.807575,606,43.204,7.067,4.002,25.666,6.794,21.407,218.435,1009.276,2556.084,64.934,227.89,249.426,233.389,54.754,1.727,0
2026-07-27 22:55:37.985925,606,41.941,7.656,5.415,20.923,6.18,20.943,227.37,936.026,3202.255,61.946,229.603,242.884,233.869,54.876,2.03,0
2026-07-27 22:56:43.616246,606,41.673,7.513,4.479,25.216,6.039,20.554,215.898,952.065,3069.846,62.961,227.429,234.865,230.861,54.891,1.825,0
2026-07-27 22:57:48.633877,606,41.289,7.305,3.473,17.624,5.954,20.674,216.439,964.645,2573.38,63.452,227.635,248.998,231.254,55.712,2.212,0
2026-07-27 22:58:57.137992,606,42.346,7.37,4.994,20.724,6.07,21.182,215.121,905.694,3127.537,63.256,227.488,238.976,234.864,55.211,2.09,0
2026-07-27 23:00:02.581525,606,41.117,7.874,4.171,24.942,6.116,20.176,211.577,959.005,2966.272,53.924,228.606,245.785,231.594,54.384,2.156,0
2026-07-27 23:01:07.256232,606,41.869,7.738,5.066,19.864,5.664,21.733,216.584,992.306,3315.737,72.099,227.561,238.038,232.776,53.631,2.026,0
2026-07-27 23:02:18.498731,606,41.702,7.783,4.772,26.047,5.64,22.096,227.901,933.967,2961.838,63.441,228.323,247.111,235.268,55.962,1.973,0
2026-07-27 23:03:26.304804,606,41.572,7.764,3.598,25.928,5.777,19.949,221.827,955.131,2529.835,68.094,229.048,243.461,235.104,55.377,2.062,0
2026-07-27 23:04:35.577091,606,42.696,7.565,4.385,24.23,5.904,21.389,215.987,950.532,2874.229,55.318,227.835,239.743,233.666,54.762,2.75,0
2026-07-27 23:05:44.828252,606,42.014,7.242,4.01,23.839,6.05,21.555,217.329,1003.366,2943.992,65.902,226.907,238.705,232.219,55.819,1.866,0
2026-07-27 23:06:49.426141,606,42.254,7.527,4.276,22.37,5.866,21.611,222.325,904.418,2849.575,63.85,224.881,239.485,233.435,56.745,2.191,0
2026-07-27 23:07:55.142905,606,41.149,7.664,4.378,23.545,5.993,19.843,215.756,951.773,3145.308,55.985,229.715,239.208,231.622,55.034,2.189,0
2026-07-27 23:09:01.295227,606,42.256,7.472,3.14,25.894,5.573,20.773,226.205,1041.292,3284.921,73.64,228.85,235.558,233.88,56.073,2.671,0
2026-07-27 23:10:14.202697,606,42.433,7.567,4.748,26.263,6.363,20.602,228.666,1023.962,3132.384,72.511,226.746,237.293,233.861,55.034,2.344,0
2026-07-27 23:11:13.287960,606,41.869,7.64,4.213,23.314,5.585,20.829,211.902,1020.849,2712.337,67.232,227.691,250.823,231.362,56.429,1.515,0
2026-07-27 23:12:18.698449,606,41.508,7.742,3.41,19.286,6.092,20.136,217.866,1034.453,3097.433,69.64,230.516,240.595,236.839,55.102,1.914,0
2026-07-27 23:13:25.327785,606,41.324,7.736,3.506,22.223,5.694,22.208,222.793,934.255,2977.161,67.368,226.86,243.407,233.876,54.665,1.405,0
2026-07-27 23:14:26.173232,606,41.739,7.409,3.017,23.752,6.12,21.305,229.107,1030.584,2778.573,62.751,229.339,239.85,232.131,56.081,2.11,0
2026-07-27 23:15:25.246180,606,41.63,7.17,6.151,25.268,6.468,20.288,201.734,885.723,3401.955,55.136,230.156,247.116,234.989,55.111,2.082,0
2026-07-27 23:16:28.864553,606,41.428,7.884,4.465,24.23,6.245,20.614,215.526,951.947,3022.268,59.023,227.571,245.846,233.062,55.034,1.921,0
2026-07-27 23:17:36.119548,606,41.965,7.581,4.809,26.647,5.734,21.981,202.163,1002.799,2774.301,61.89,226.571,240.088,232.872,55.685,2.091,0
2026-07-27 23:18:45.050525,606,41.828,7.427,5.717,21.123,6.07,20.93,225.298,984.167,2963.166,76.528,228.301,238.817,232.192,54.936,2.212,0
2026-07-27 23:19:55.872179,606,41.536,7.036,6.814,21.135,5.892,21.895,220.006,985.466,3060.336,59.879,227.665,237.472,234.194,53.604,1.857,0
2026-07-27 23:21:03.261166,606,41.545,7.679,3.889,25.819,5.605,21.473,227.182,934.241,3467.399,63.104,228.328,238.928,234.955,54.729,1.72,0
2026-07-27 23:22:07.319497,606,40.871,7.624,4.05,20.468,6.298,20.05,218.329,854.236,3144.625,65.339,227.227,244.662,232.784,54.511,1.85,0
2026-07-27 23:23:13.274772,606,41.641,7.431,3.638,20.126,6.699,20.307,218.396,992.305,2817.375,67.659,227.232,240.646,233.201,54.309,2.145,0
2026-07-27 23:24:17.251009,606,41.102,7.596,4.365,23.188,6.388,20.179,222.501,1019.204,3185.184,63.798,228.757,238.829,232.017,55.844,2.009,0
2026-07-27 23:25:24.651439,606,41.529,7.853,2.956,25.137,5.635,21.327,220.559,980.409,3040.686,62.645,225.416,239.445,232.598,54.615,2.25,0
2026-07-27 23:26:29.186882,606,41.872,7.184,5.605,23.644,6.623,22.334,216.309,986.271,2563.348,78.878,228.354,247.629,233.879,54.628,1.641,0
2026-07-27 23:27:34.618139,606,40.795,7.781,4.919,15.678,5.814,21.121,226.114,991.579,2623.858,62.176,227.198,240.273,234.288,54.942,2.256,0
2026-07-27 23:28:42.970439,606,41.576,7.267,4.318,22.62,5.877,20.925,227.752,939.331,2777.666,78.447,228.074,244.569,232.809,55.269,2.366,0
2026-07-27 23:29:45.782666,606,41.892,7.205,3.252,20.935,5.777,21.376,222.248,968.989,2721.757,62.722,225.836,243.702,232.752,55.384,2.55,0
2026-07-27 23:30:55.923530,606,40.948,7.433,5.718,26.357,6.048,20.947,229.673,924.495,2693.939,65.439,230.491,242.863,232.956,55.133,2.093,0
2026-07-27 23:31:57.005707,606,41.407,7.842,4.12,18.701,5.385,20.764,230.317,1019.669,3126.273,69.447,228.239,240.107,232.22,55.125,2.053,0
2026-07-27 23:33:04.025973,606,41.044,7.306,5.972,24.612,5.708,21.135,215.816,875.798,3264.048,62.921,229.297,247.816,234.053,54.076,2.227,0
2026-07-27 23:34:06.831083,606,42.147,7.466,4.241,23.053,6.351,21.532,220.096,963.927,2637.042,57.492,226.594,244.379,233.388,55.396,1.999,0
2026-07-27 23:35:17.720942,606,41.394,7.131,4.559,23.748,6.778,20.643,222.597,1050.194,2959.275,66.498,227.156,241.667,233.643,54.22,1.777,0
2026-07-27 23:36:22.965995,606,41.37,7.63,3.436,25.24,5.335,20.301,208.782,995.873,3335.663,57.9,228.098,239.319,231.644,55.916,1.604,0
2026-07-27 23:37:29.137111,606,42.136,7.286,5.523,22.43,6.317,21.663,220.694,926.596,3245.768,51.736,228.001,239.011,234.285,54.783,1.802,0
2026-07-27 23:38:34.278130,606,41.58,7.386,3.075,23.277,5.638,19.447,219.042,993.984,2910.665,67.395,228.477,247.44,232.113,53.96,2.415,0
2026-07-27 23:39:41.855549,606,42.611,7.725,5.158,27.875,5.862,20.074,214.76,1010.167,2864.644,58.843,227.894,245.678,232.499,55.181,2.097,0
2026-07-27 23:40:47.159976,606,41.972,7.33,5.672,25.811,5.62,21.006,221.68,982.722,3424.692,69.927,227.873,250.169,231.863,55.62,1.616,0
2026-07-27 23:41:47.161364,606,41.933,7.606,3.084,25.61,6.301,21.621,213.347,1000.199,3384.639,66.349,228.123,243.51,232.228,54.732,2.026,0
2026-07-27 23:42:52.185592,606,41.949,7.578,5.29,25.52,6.172,21.141,209.073,922.74,3420.435,69.009,227.834,244.737,232.809,55.516,2.152,0
2026-07-27 23:44:01.821512,606,42.354,7.56,5.722,28.327,6.036,20.599,203.221,945.841,2939.696,72.432,227.533,232.879,232.661,56.138,2.275,0
2026-07-27 23:45:08.123809,606,40.15,7.244,4.867,24.632,6.233,21.565,207.891,990.121,2938.016,68.994,227.269,244.849,232.258,55.265,1.791,0
2026-07-27 23:46:06.774515,606,42.048,7.545,4.999,23.356,6.188,20.45,211.437,961.769,2689.929,70.963,229.186,246.367,234.839,53.968,1.98,0
2026-07-27 23:47:13.284524,606,41.293,7.455,4.826,24.785,5.66,21.465,220.114,956.751,3072.538,61.371,226.805,248.492,234.077,54.981,1.551,0
2026-07-27 23:48:19.251067,606,41.109,7.432,4.557,21.45,6.1,20.684,222.196,931.997,2880.061,71.205,226.376,232.094,233.789,54.61,2.154,0
2026-07-27 23:49:27.740007,606,41.631,7.68,3.629,25.379,5.81,20.165,215.674,1035.793,3000.831,68.011,227.994,235.381,234.527,53.449,1.381,0
2026-07-27 23:50:37.080728,606,41.658,7.184,4.454,25.883,5.772,21.498,224.136,979.98,2353.866,67.712,228.671,244.826,232.485,53.903,1.93,0
2026-07-27 23:51:40.025454,606,40.825,7.336,4.242,22.084,6.153,22.105,222.096,1017.737,2884.603,70.745,232.555,243.283,233.329,56.449,1.846,0
2026-07-27 23:52:45.132583,606,41.106,7.497,6.096,22.647,6.4,20.72,213.578,881.794,3369.844,71.009,227.134,236.197,233.012,54.699,2.488,0
2026-07-27 23:53:47.566421,606,40.994,7.881,4.443,23.993,5.978,21.696,213.148,1016.097,3043.632,66.748,228.141,244.276,230.528,54.843,2.382,0
2026-07-27 23:54:53.072327,606,41.28,7.047,4.473,21.237,6.496,19.612,228.472,927.002,2229.968,54.649,227.486,241.226,233.962,54.019,1.744,0
2026-07-27 23:55:57.159076,606,41.952,7.549,4.661,20.114,5.902,20.041,216.207,964.067,3190.898,72.706,228.058,238.768,232.54,56.607,1.928,0
2026-07-27 23:57:02.369226,606,41.51,7.455,4.883,22.338,5.493,20.308,232.046,984.018,3351.257,62.212,228.79,238.22,233.143,55.321,1.456,0
2026-07-27 23:58:06.811849,606,41.844,7.689,3.841,23.215,5.596,20.876,210.977,1060.914,2573.363,66.897,226.965,238.999,232.15,54.726,1.737,0
2026-07-27 23:59:15.003252,606,41.304,7.321,5.308,24.874,5.527,21.324,218.07,1053.949,3064.493,68.789,228.468,239.03,232.926,55.631,1.712,0
2026-07-28 00:00:28.080160,606,42.382,7.448,4.431,24.566,6.123,20.131,209.183,972.919,2915.638,53.213,226.937,235.491,236.264,56.038,2.102,0
2026-07-28 00:01:32.802691,606,41.472,7.275,5.124,22.885,6.579,20.331,205.885,994.053,3135.856,63.113,227.434,249.754,229.77,53.345,2.179,0
2026-07-28 00:02:41.277560,606,42.148,7.396,3.733,24.62,6.352,21.552,215.016,950.099,3195.649,65.981,229.069,248.841,234.196,55.983,1.709,0
2026-07-28 00:03:45.059482,606,41.732,7.658,4.384,21.543,6.274,20.387,224.827,977.729,2952.967,81.853,227.521,247.05,235.65,54.289,2.375,0
2026-07-28 00:04:37.556621,606,41.311,7.602,5.764,18.79,6.493,21.946,215.291,975.067,3019.417,70.096,227.816,241.815,230.528,53.683,2.549,0
2026-07-28 00:05:44.225313,606,42.784,7.432,6.192,22.444,6.206,20.466,223.855,989.842,3504.57,59.915,229.382,238.792,232.138,56.635,1.823,0
2026-07-28 00:06:50.933510,606,42.318,7.724,5.07,23.703,6.344,21.789,213.593,951.882,4132.624,71.72,230.789,234.984,233.74,55.275,1.8,0
2026-07-28 00:08:04.078669,606,41.593,8.108,3.55,21.384,6.033,21.545,229.222,997.144,3224.757,73.259,229.364,245.318,232.467,54.473,2.269,0
2026-07-28 00:09:12.316504,606,42.161,7.302,2.935,18.908,5.736,21.033,213.972,991.748,3084.75,63.66,228.036,240.865,232.196,56.492,1.962,0
2026-07-28 00:10:16.895632,606,41.692,7.631,5.069,20.583,5.629,21.129,230.06,929.879,2846.49,65.356,226.935,249.713,233.902,54.622,2.005,0
2026-07-28 00:11:16.001733,606,41.564,7.513,6.185,19.633,5.883,21.065,220.11,971.343,2987.181,67.923,227.019,242.685,229.831,54.19,2.052,0
2026-07-28 00:12:23.025360,606,41.349,7.771,4.172,19.183,5.479,21.768,212.496,953.168,3027.062,67.957,226.638,242.508,233.987,55.71,2.137,0
2026-07-28 00:13:32.608170,606,41.694,7.362,4.341,23.167,5.896,19.449,213.727,1063.622,3050.344,64.844,227.106,238.458,234.044,53.732,2.707,0
2026-07-28 00:14:48.816933,606,41.856,7.751,4.736,26.337,5.903,20.739,222.439,1031.035,2399.843,58.989,227.952,250.019,234.444,55.033,1.906,0
2026-07-28 00:15:55.220984,606,41.807,7.474,6.641,23.123,6.266,21.109,211.773,1018.308,2841.105,55.75,227.713,233.302,233.671,53.851,2.141,0
2026-07-28 00:17:04.242692,606,41.99,7.442,4.664,26.304,5.956,21.821,221.675,954.62,2940.875,59.64,227.667,242.399,234.134,54.107,1.644,0
2026-07-28 00:18:10.447468,606,41.688,7.54,4.679,15.708,6.382,20.576,214.646,1055.282,2910.506,61.944,228.585,239.166,233.014,55.469,1.463,0
2026-07-28 00:19:19.053793,606,41.049,7.54,4.187,23.561,5.864,19.515,212.107,961.231,3112.907,64.234,228.65,246.141,230.711,54.225,2.317,0
2026-07-28 00:20:26.282979,606,41.9,7.275,4.597,24.585,5.699,19.215,213.769,945.48,3511.8,68.989,228.27,242.441,232.38,55.644,1.865,0
2026-07-28 00:21:27.076651,606,41.333,7.508,5.468,20.87,6.542,21.027,208.729,1073.475,3174.762,60.171,228.716,238.91,232.715,53.269,2.19,0
2026-07-28 00:22:33.230555,606,40.862,7.835,3.957,20.529,6.351,20.057,220.556,1004.713,3141.154,59.986,231.772,243.41,232.673,54.824,2.152,0
2026-07-28 00:23:38.199834,606,41.57,7.209,5.32,22.015,6.043,20.813,221.049,942.239,3225.239,67.736,228.737,247.682,232.057,54.556,2.22,0
2026-07-28 00:24:44.887340,606,41.42,7.618,5.357,25.509,5.824,20.083,214.292,959.396,3404.822,60.592,229.385,243.831,232.356,54.802,1.87,0
2026-07-28 00:25:54.295581,606,41.26,7.755,3.835,19.712,6.688,20.725,214.058,1009.557,3817.067,61.291,229.048,245.098,233.858,54.65,2.177,0
2026-07-28 00:27:03.478499,606,41.028,7.493,5.187,20.708,6.013,22.345,209.091,963.063,3094.495,64.253,227.617,246.773,233.328,55.296,2.481,0
2026-07-28 00:28:07.895751,606,41.82,7.442,6.256,19.339,6.266,21.866,215.078,972.191,3087.216,63.72,229.215,240.863,231.863,55.333,2.055,0
2026-07-28 00:29:14.602023,606,41.349,7.503,3.47,24.696,6.455,20.965,222.692,1048.328,3113.691,58.603,227.121,249.451,233.82,54.676,2.31,0
2026-07-28 00:30:17.831459,606,41.209,7.268,4.382,21.04,6.138,20.783,214.616,947.632,3121.437,68.945,226.481,242.3,233.226,54.581,1.904,0
2026-07-28 00:31:19.026349,606,41.875,7.449,4.727,22.729,5.656,20.352,221.223,956.018,2816.364,71.267,229.435,242.121,231.039,55.327,1.947,0
2026-07-28 00:32:22.584637,606,41.573,7.927,4.836,24.338,5.949,21.368,223.595,1096.289,3041.569,62.507,230.757,250.691,233.165,55.423,2.377,0
2026-07-28 00:33:27.683289,606,41.855,7.468,3.7,21.611,5.851,20.726,211.146,996.577,2813.406,77.278,227.452,241.468,233.716,53.225,1.868,0
2026-07-28 00:34:35.294041,606,41.595,7.504,3.443,18.897,5.996,21.92,234.843,997.742,3296.879,60.92,228.798,245.325,231.869,53.891,1.89,0
2026-07-28 00:35:52.587570,606,41.85,7.267,3.879,24.418,6.102,21.057,225.9,1042.4,3903.842,65.065,226.209,235.143,233.171,53.999,1.868,0
2026-07-28 00:37:00.223612,606,40.941,7.601,4.591,24.624,5.886,21.086,217.001,1000.932,3106.564,57.722,230.44,236.592,231.672,54.624,1.76,0
2026-07-28 00:38:01.856629,606,42.396,7.236,4.107,27.494,5.894,19.805,207.208,1033.098,3258.809,62.319,227.652,246.697,232.103,53.429,2.17,0
2026-07-28 00:39:08.607023,606,40.808,7.451,5.245,23.87,6.049,20.575,212.325,915.709,3362.53,75.274,228.333,239.789,233.411,55.356,1.979,0
2026-07-28 00:40:13.847995,606,42.097,6.821,5.533,23.209,5.55,22.282,233.178,997.385,2724.603,66.949,227.678,245.472,234.846,54.201,2.109,0
2026-07-28 00:41:24.795206,606,41.612,7.506,3.775,23.78,5.902,19.897,222.682,969.171,3237.873,65.281,227.881,248.349,233.638,55.558,1.757,0
2026-07-28 00:42:28.415561,606,42.761,7.54,4.788,22.493,6.086,20.799,215.701,998.341,3136.025,60.327,226.022,237.811,231.96,54.448,1.85,0
2026-07-28 00:43:35.827721,606,41.699,7.312,4.59,22.911,6.056,20.814,216.396,881.624,2595.917,57.167,226.891,252.768,233.72,55.689,2.194,0
2026-07-28 00:44:46.167331,606,42.013,7.366,6.668,21.325,5.775,21.152,229.366,914.638,2966.765,71.928,228.022,238.494,232.813,54.697,1.86,0
2026-07-28 00:45:51.913798,606,40.64,7.329,4.145,23.745,5.85,21.243,222.56,974.251,2279.532,67.226,228.497,244.104,234.356,54.818,2.201,0
2026-07-28 00:46:55.419852,606,42.298,7.668,4.854,23.797,5.549,20.589,216.791,1008.433,2526.841,60.396,229.365,247.234,233.323,55.52,1.981,0
2026-07-28 00:48:04.979375,606,41.911,7.364,6.201,22.54,5.767,21.575,208.06,920.111,2651.066,59.948,228.091,243.967,231.52,54.593,2.099,0
2026-07-28 00:49:10.057120,606,40.785,7.845,2.812,20.364,5.439,20.531,218.229,952.599,2599.386,68.066,231.082,245.357,233.001,53.657,2.637,1
2026-07-28 00:50:22.508700,606,41.343,7.857,5.761,18.848,5.927,21.369,223.748,991.617,3402.477,70.654,228.712,239.796,232.95,53.668,2.245,0
2026-07-28 00:51:28.011971,606,41.523,7.514,3.981,21.507,6.137,19.878,223.085,972.073,2669.444,56.892,228.893,241.026,230.552,55.759,2.397,0
2026-07-28 00:52:33.537263,606,42.225,7.886,3.27,21.215,5.78,20.424,212.468,1020.723,3081.76,64.72,227.087,244.088,233.419,53.956,1.733,0
2026-07-28 00:53:41.924004,606,41.543,7.862,4.772,21.893,5.32,19.9,219.488,1025.276,2970.667,66.328,229.415,245.353,236.08,54.636,2.132,0
2026-07-28 00:54:48.817571,606,41.035,7.6,4.678,21.711,6.258,21.149,223.554,930.914,2964.221,65.605,228.722,237.074,232.292,56.105,2.434,0
2026-07-28 00:55:50.267730,606,41.452,7.278,5.031,27.804,6.063,21.178,229.641,972.568,2870.843,64.268,229.977,244.72,229.286,54.503,2.172,0
2026-07-28 00:56:53.789054,606,41.954,7.592,5.147,21.908,5.738,20.677,217.089,953.688,2801.154,56.849,226.235,240.308,232.383,54.368,1.97,0
2026-07-28 00:57:57.431962,606,41.626,7.556,4.416,19.266,5.724,21.146,232.207,1030.712,3211.263,65.39,224.89,239.556,236.054,55.165,1.96,0
2026-07-28 00:58:58.125658,606,42.011,7.365,6.002,23.05,6.269,20.129,223.195,1014.946,2310.188,69.397,228.121,247.898,231.615,56.045,1.775,0
2026-07-28 01:00:01.041813,606,40.462,8.003,5.692,21.933,6.131,21.824,215.608,936.052,3288.193,57.069,228.937,241.69,234.568,56.307,1.918,0
2026-07-28 01:01:07.987317,606,42.595,7.661,4.892,28.205,6.211,21.586,212.592,1035.45,2878.395,65.924,229.24,242.399,232.036,54.354,1.832,0
2026-07-28 01:02:16.586920,606,41.667,7.202,4.814,23.833,5.545,20.301,204.391,919.357,3060.778,67.366,228.101,244.601,233.395,55.428,1.816,0
2026-07-28 01:03:22.105167,606,41.842,7.602,5.516,25.511,6.163,20.121,212.662,956.42,3188.469,58.764,230.84,245.039,232.914,54.884,2.173,0
2026-07-28 01:04:31.542204,606,42.115,7.514,4.548,23.084,5.684,20.615,230.219,929.546,3365.806,61.539,227.832,242.367,231.775,54.915,1.896,0
2026-07-28 01:05:34.260382,606,42.316,7.611,3.466,23.538,5.575,21.12,216.567,956.819,2792.064,60.173,227.957,242.492,231.746,55.346,2.172,0
2026-07-28 01:06:47.586941,606,42.259,7.459,4.422,21.506,5.991,21.043,208.291,880.054,2879.748,65.215,228.463,239.222,234.449,55.246,2.033,0
2026-07-28 01:07:58.716084,606,41.289,7.186,4.225,22.86,6.145,20.218,213.805,975.927,2559.282,58.822,226.706,243.321,234.727,54.145,2.601,0
2026-07-28 01:09:07.596496,606,40.849,7.766,4.63,20.472,6.01,20.662,219.995,902.3,3107.324,55.514,228.026,243.799,233.441,54.15,1.955,0
2026-07-28 01:10:14.997735,606,41.937,7.95,3.508,21.772,6.024,21.192,217.282,955.313,3570.321,67.436,227.228,246.725,231.847,56.284,2.183,0
2026-07-28 01:11:14.273700,606,42.285,7.397,3.62,23.883,5.65,20.678,222.335,1025.734,2850.83,70.899,228.795,247.395,232.87,54.544,1.826,0
2026-07-28 01:12:26.078885,606,41.94,7.466,5.493,24.079,5.408,21.033,217.356,982.974,2932.415,63.285,227.733,239.793,232.721,55.445,1.914,0
2026-07-28 01:13:29.148285,606,40.647,7.783,4.578,23.612,6.135,21.655,215.524,1072.029,3133.667,54.024,227.854,246.891,233.589,56.178,1.991,0
2026-07-28 01:14:34.586335,606,42.717,7.382,4.277,21.289,6.072,20.525,219.228,1022.478,2975.419,58.419,227.593,238.074,232.874,54.836,2.075,0
2026-07-28 01:15:38.648706,606,41.431,7.714,4.154,29.206,5.852,21.592,211.743,1021.347,3225.488,62.129,228.528,243.62,232.304,56.108,1.985,0
2026-07-28 01:16:43.929362,606,42.122,7.483,4.387,22.739,5.864,20.936,220.894,952.404,2987.169,66.01,229.787,247.464,232.327,54.456,1.794,0
2026-07-28 01:17:49.881493,606,40.74,7.298,4.664,23.68,6.028,20.88,212.712,964.173,3274.75,60.612,226.973,247.998,232.802,55.826,2.244,0
2026-07-28 01:19:04.580848,606,42.393,7.355,3.116,26.536,5.874,20.022,218.362,998.816,2870.204,66.254,228.056,244.77,234.917,55.073,2.148,0
2026-07-28 01:20:09.881895,606,42.194,7.49,4.183,20.392,6.211,21.518,221.879,954.498,3027.063,60.071,229.033,247.366,235.324,54.79,2.296,0
2026-07-28 01:21:15.281282,606,41.479,7.509,4.691,22.499,6.224,22.35,217.096,976.635,2732.49,71.488,228.524,244.229,233.626,55.619,2.017,0
2026-07-28 01:22:23.588855,606,42.339,7.214,4.397,28.14,5.973,20.253,219.477,1024.675,2819.193,56.41,229.933,240.483,233.331,54.804,2.392,0
2026-07-28 01:23:30.639356,606,41.786,7.549,3.042,24.281,5.931,20.329,224.482,982.138,3031.968,63.675,225.439,247.67,231.953,54.424,1.969,0
2026-07-28 01:24:39.387741,606,42.114,6.948,4.544,25.226,6.079,22.072,214.59,913.731,3000.787,61.659,227.2,232.595,232.636,53.648,1.599,0
2026-07-28 01:25:51.372139,606,41.638,7.668,4.493,21.956,5.135,21.441,231.42,1005.81,3274.964,65.9,227.897,244.82,233.045,55.454,2.047,0
2026-07-28 01:26:55.917237,606,41.341,7.693,3.934,21.852,5.98,20.517,210.804,957.866,3093.841,57.377,228.693,240.705,234.261,55.528,1.388,0
2026-07-28 01:28:07.158784,606,42.603,7.309,3.738,19.984,5.517,22.173,228.253,953.387,2966.875,65.63,227.723,242.594,232.714,56.422,2.075,0
2026-07-28 01:29:13.228629,606,41.934,7.514,4.694,28.603,6.126,20.678,222.653,1080.388,2868.058,61.876,227.621,252.323,232.105,55.345,2.087,0
2026-07-28 01:30:16.876076,606,41.004,7.39,4.618,21.743,6.271,21.019,222.925,982.475,3042.707,66.077,227.854,245.221,232.848,54.341,1.432,0
2026-07-28 01:31:19.693211,606,41.773,7.4,4.92,19.221,5.236,21.236,226.728,1066.284,3262.191,61.725,227.598,240.006,234.296,55.084,1.465,0
2026-07-28 01:32:27.996483,606,42.048,7.436,6.295,26.294,6.202,21.532,219.798,943.881,2810.521,71.216,229.68,234.945,233.887,54.868,1.724,0
2026-07-28 01:33:35.670448,606,42.254,7.465,5.015,21.135,5.968,21.309,221.078,947.317,3775.498,64.832,228.503,239.098,233.425,55.907,1.99,0
2026-07-28 01:34:40.970583,606,42.769,7.37,3.91,24.975,6.149,22.445,220.279,955.685,2619.727,62.993,227.815,246.456,233.032,55.939,1.646,0
2026-07-28 01:35:48.808791,606,42.01,7.564,5.595,24.888,6.299,21.961,225.74,971.79,2773.592,63.227,228.443,240.518,232.19,56.912,2.365,0
2026-07-28 01:36:52.789199,606,41.334,7.878,4.312,25.904,6.066,22.099,226.996,963.146,2870.742,63.393,226.359,241.988,232.739,54.866,1.693,0
2026-07-28 01:38:05.323226,606,41.591,7.616,4.315,19.094,6.042,20.537,219.791,933.454,3262.277,68.454,227.28,241.27,232.372,55.947,2.249,0
2026-07-28 01:39:08.735915,606,42.352,7.453,3.76,24.053,5.652,21.227,217.331,1016.575,3408.794,65.261,227.306,238.567,231.974,56.189,1.435,0
2026-07-28 01:40:14.891344,606,41.351,7.806,5.014,19.959,5.738,22.179,212.513,980.361,2906.653,63.398,229.476,250.114,232.138,55.602,2.393,0
2026-07-28 01:41:13.610352,606,41.803,7.787,4.273,23.165,6.601,20.722,221.198,1012.394,2756.655,69.061,229.82,243.406,232.783,54.604,2.231,0
2026-07-28 01:42:25.169541,606,41.459,7.72,5.28,25.403,6.299,20.728,216.444,989.982,2746.045,76.668,227.158,244.308,233.604,54.688,1.543,0
2026-07-28 01:43:36.872419,606,41.542,7.604,5.033,18.203,6.139,21.646,207.371,1086.094,3267.677,61.195,229.609,250.202,233.094,55.633,2.036,0
2026-07-28 01:44:42.136434,606,41.585,7.607,3.819,21.769,5.713,21.328,218.908,982.58,2656.847,66.296,228.317,241.763,232.852,55.47,2.163,0
2026-07-28 01:45:48.023236,606,41.814,7.667,3.727,20.351,6.107,20.987,220.176,1018.376,3083.625,60.471,227.724,240.591,233.472,54.006,2.423,0
2026-07-28 01:46:48.846535,606,41.631,7.793,4.746,23.452,5.87,21.191,225.401,1031.97,3108.941,67.854,227.34,242.75,231.541,54.122,1.587,0
2026-07-28 01:47:53.015836,606,40.893,7.329,5.594,19.871,6.668,19.725,219.627,926.128,3097.48,72.244,227.69,236.812,230.372,55.406,2.484,0
2026-07-28 01:48:59.000999,606,42.314,7.465,5.439,24.912,6.415,20.766,212.564,931.062,2779.685,57.233,227.811,243.425,231.176,53.182,1.942,0
2026-07-28 01:50:04.410181,606,42.255,7.727,5.833,22.305,5.75,20.405,226.918,933.457,2649.093,66.837,226.194,242.283,233.715,55.15,2.642,0
2026-07-28 01:51:02.794381,606,41.804,7.527,4.681,22.849,5.78,22.123,205.209,960.482,3000.665,55.634,227.727,241.614,235.251,54.511,2.468,0
2026-07-28 01:52:08.729361,606,42.327,7.523,5.315,23.644,5.932,20.875,208.984,963.275,3173.751,61.71,228.056,247.041,232.598,54.271,1.064,0
2026-07-28 01:53:12.683393,606,42.071,7.719,5.512,15.18,6.387,21.059,217.88,986.544,2895.804,64.463,226.373,243.337,233.717,54.579,2.196,0
2026-07-28 01:54:13.651946,606,42.098,7.266,6.255,20.009,6.33,21.771,217.497,1044.978,3178.301,68.39,227.391,243.845,231.06,55.148,1.958,0
2026-07-28 01:55:15.012653,606,41.863,7.737,4.899,27.084,5.346,22.087,217.927,907.672,2958.997,58.956,227.454,244.011,231.137,54.968,2.264,0
2026-07-28 01:56:16.338236,606,42.08,7.273,4.231,19.553,6.126,21.187,213.767,909.985,3168.458,58.126,226.26,244.299,232.979,53.974,2.171,0
2026-07-28 01:57:24.794061,606,41.187,7.409,5.541,20.046,6.349,20.404,226.198,951.452,2707.039,60.799,229.571,241.454,234.933,53.557,2.097,0
2026-07-28 01:58:38.066568,606,41.538,7.108,3.435,21.991,5.936,20.616,218.126,934.406,2937.68,65.936,228.021,236.011,233.069,55.121,2.211,0
2026-07-28 01:59:57.440362,606,40.972,7.385,5.481,25.186,6.166,21.206,209.887,911.517,3477.409,56.686,225.83,238.969,230.987,55.362,1.73,0
2026-07-28 02:01:01.095789,606,41.108,7.643,5.704,19.118,6.569,21.226,222.07,961.773,2835.539,78.433,228.811,241.252,232.379,55.565,1.493,0
2026-07-28 02:02:00.719087,606,42.326,7.548,5.428,22.26,6.418,20.434,213.951,986.251,3100.64,61.013,227.086,245.309,231.306,53.641,2.187,0
2026-07-28 02:03:04.183066,606,41.911,7.439,3.767,26.419,6.147,19.557,212.763,973.021,2992.641,60.018,226.27,244.207,233.419,55.191,2.093,0
2026-07-28 02:04:05.636945,606,41.453,7.609,4.756,23.889,6.102,19.865,218.791,952.217,2857.797,57.515,227.879,248.143,231.773,55.452,2.346,0
2026-07-28 02:05:01.550479,606,41.218,7.613,5.493,20.226,5.989,20.17,230.646,976.703,3232.696,67.797,230.266,242.751,234.389,54.552,2.173,0
2026-07-28 02:06:09.435478,606,41.01,7.232,5.015,25.897,6.168,20.846,204.189,901.983,2810.688,61.93,227.969,253.53,231.744,54.657,1.882,0
2026-07-28 02:07:12.790534,606,41.095,7.774,4.6,22.068,5.941,20.777,207.834,1006.48,3304.751,68.093,227.195,247.629,231.798,54.588,2.099,0
2026-07-28 02:08:18.643180,606,41.389,7.645,4.751,24.284,6.316,19.836,212.925,976.284,3199.919,66.889,228.906,239.546,235.14,54.503,2.393,0
2026-07-28 02:09:24.136248,606,40.28,7.138,7.187,20.811,5.692,20.829,230.914,991.767,2614.207,75.579,226.979,241.942,231.142,55.976,2.065,0
2026-07-28 02:10:27.705937,606,42.152,7.905,3.726,25.768,5.816,22.167,211.423,979.342,3224.831,58.311,230.002,240.487,234.551,54.487,1.426,0
2026-07-28 02:11:23.452801,606,41.856,7.431,3.489,22.077,5.88,21.249,226.449,907.232,3029.943,64.629,227.89,245.343,231.827,54.347,2.413,0
2026-07-28 02:12:25.174177,606,41.909,7.235,3.766,23.626,6.37,22.401,225.238,957.364,2699.013,63.551,228.868,244.909,231.667,53.18,1.715,0
2026-07-28 02:13:25.698368,606,42.018,7.181,6.378,17.884,6.24,21.003,226.996,1035.483,2850.029,53.426,225.784,245.406,234.151,55.479,1.843,0
2026-07-28 02:14:27.698886,606,41.683,7.108,5.18,27.193,6.092,20.982,212.77,1002.178,2770.744,67.466,228.039,234.118,233.044,54.297,1.718,0
2026-07-28 02:15:31.027562,606,41.808,7.38,4.093,26.66,6.106,21.198,219.8,967.562,3097.496,63.273,226.574,239.282,231.617,54.292,2.064,0
2026-07-28 02:16:38.150715,606,41.678,7.314,6.462,19.691,5.402,22.275,224.063,1011.644,3539.635,69.047,227.608,238.403,232.255,56.185,1.901,0
2026-07-28 02:17:42.928300,606,42.426,7.22,3.6,27.295,6.196,22.101,221.91,1020.334,2994.574,65.87,228.273,242.896,230.918,53.984,2.193,0
2026-07-28 02:18:45.944786,606,41.247,7.421,4.063,19.249,5.668,21.531,239.032,1036.285,2848.027,64.55,227.41,238.198,231.052,53.75,2.259,0
2026-07-28 02:19:51.509542,606,42.115,7.881,3.563,19.46,5.795,21.299,232.567,1010.788,2994.296,72.34,227.374,239.913,233.369,53.76,1.563,0
2026-07-28 02:20:57.024042,606,41.16,7.325,4.626,22.418,6.931,20.399,227.429,1040.148,2967.145,60.834,229.814,237.24,231.943,53.759,1.394,0
2026-07-28 02:22:07.519733,606,41.116,7.418,4.963,23.519,6.143,20.061,224.282,979.137,3153.36,69.514,225.055,243.168,234.805,54.362,1.839,0
2026-07-28 02:23:24.429960,606,40.961,7.642,4.688,25.489,6.037,20.687,224.825,1016.742,2877.538,66.895,228.988,250.118,231.954,54.863,2.268,0
2026-07-28 02:24:23.278979,606,40.735,7.951,5.58,22.751,5.926,22.072,227.041,933.24,2184.956,74.03,227.7,245.683,231.486,54.671,2.111,0
2026-07-28 02:25:31.446340,606,41.826,7.547,4.223,20.029,6.367,22.25,231.829,1010.563,3026.081,63.632,227.128,246.82,232.703,55.63,2.218,0
2026-07-28 02:26:30.504370,606,41.183,7.614,4.319,26.003,5.666,19.874,213.97,985.202,2914.718,77.561,227.285,251.027,232.25,55.291,1.663,0
2026-07-28 02:27:38.468031,606,41.861,7.711,4.819,22.515,5.824,21.945,227.848,1002.752,2691.881,62.421,228.331,245.939,232.39,55.108,1.664,0
2026-07-28 02:28:36.962378,606,42.517,7.622,6.123,24.797,6.339,22.279,221.459,1030.462,2925.61,67.372,228.651,244.572,231.741,55.211,2.215,0
2026-07-28 02:29:41.148903,606,41.469,7.085,4.955,25.674,5.993,21.874,226.977,937.55,3344.125,61.539,227.187,235.15,233.172,55.406,1.688,0
2026-07-28 02:30:42.867731,606,41.882,7.308,4.316,21.442,6.11,20.683,220.255,1038.943,2756.466,69.64,228.346,246.643,232.639,54.817,2.098,0
2026-07-28 02:31:48.640535,606,42.215,7.676,5.242,22.305,5.811,21.575,216.542,1005.704,2964.887,61.969,225.372,240.447,234.436,56.226,1.562,0
2026-07-28 02:32:51.206060,606,41.844,7.366,4.379,24.829,6.168,19.921,216.662,989.157,2877.443,79.879,229.25,244.228,235.687,54.411,1.947,0
2026-07-28 02:33:56.535113,606,41.762,7.175,4.777,25.707,5.832,20.019,220.546,924.895,2612.617,66.049,228.278,245.74,232.119,54.473,1.802,0
2026-07-28 02:35:01.092035,606,40.858,7.432,4.409,21.301,5.509,22.751,223.432,950.567,3071.622,64.489,226.106,241.694,232.778,54.233,2.175,0
2026-07-28 02:36:10.006113,606,41.76,7.638,3.519,22.918,6.289,20.682,216.839,1016.948,2982.131,59.774,229.452,242.935,236.132,54.273,1.544,0
2026-07-28 02:37:14.853819,606,42.005,7.627,4.005,19.126,5.721,20.203,209.539,976.599,3633.224,53.719,228.462,235.808,230.76,53.97,2.263,0
2026-07-28 02:38:28.027419,606,42.605,7.512,5.857,21.875,5.611,20.752,224.453,1027.064,3197.798,66.81,228.266,237.7,234.961,54.003,2.039,0
2026-07-28 02:39:31.965352,606,41.517,7.038,4.321,27.161,5.694,22.308,218.989,1012.109,3228.876,58.945,226.898,242.55,233.888,54.781,2.505,0
2026-07-28 02:40:39.380053,606,42.311,7.551,6.414,17.885,6.008,21.817,205.235,944.501,2766.017,69.037,226.45,234.116,230.709,54.762,2.339,0
2026-07-28 02:41:39.840532,606,41.39,7.176,3.891,28.094,5.767,20.537,208.581,975.21,3207.952,49.948,226.945,249.45,232.25,54.534,2.31,0
2026-07-28 02:42:45.130488,606,42.166,7.639,4.678,28.165,6.547,20.956,221.8,972.252,3154.994,58.938,231.644,241.84,235.463,54.265,2.188,0
2026-07-28 02:43:48.330813,606,41.284,7.593,5.146,19.661,6.325,21.352,224.398,1015.192,2322.711,65.396,227.5,243.907,233.541,55.977,2.895,0
2026-07-28 02:44:57.225110,606,41.762,7.363,4.106,20.066,6.027,21.479,227.621,980.097,3316.482,72.794,228.866,236.103,232.178,56.153,2.041,0
2026-07-28 02:46:04.573492,606,41.373,7.163,5.396,23.056,5.714,21.363,216.207,974.415,2968.812,64.52,228.977,239.443,231.639,55.499,1.282,0
2026-07-28 02:47:10.586860,606,41.704,7.784,4.449,21.87,6.281,20.345,215.344,996.123,2747.716,65.919,230.31,241.071,230.731,55.185,1.598,0
2026-07-28 02:48:13.423547,606,41.702,7.573,5.602,25.975,6.087,20.848,223.693,965.569,2970.834,58.66,228.631,234.012,233.34,56.155,1.892,0
2026-07-28 02:49:22.154264,606,41.746,7.267,3.906,25.186,5.784,20.235,213.839,1011.915,2826.189,64.889,226.389,243.857,234.475,55.196,2.759,0
2026-07-28 02:50:29.564701,606,41.303,7.869,2.688,22.794,6.066,21.679,214.068,984.372,3094.776,62.62,227.488,247.455,233.74,53.849,2.35,0
2026-07-28 02:51:41.083933,606,41.676,7.511,4.068,19.325,6.058,20.944,221.175,1030.507,2888.745,74.14,227.005,242.383,232.887,54.161,1.245,0
2026-07-28 02:52:33.200585,606,41.871,7.338,3.601,22.265,5.766,21.246,221.735,1010.878,3480.555,53.506,228.57,242.851,233.442,55.019,2.421,0
2026-07-28 02:53:41.570728,606,41.536,7.765,4.345,30.146,5.576,20.545,223.659,985.776,3481.907,69.049,229.044,241.599,232.638,55.48,2.159,0
2026-07-28 02:54:49.209563,606,41.265,7.7,4.934,23.671,6.356,21.459,220.613,1040.17,3071.211,60.969,229.058,238.964,233.716,56.013,1.85,0
2026-07-28 02:55:54.598168,606,41.325,7.647,6.014,27.066,6.212,21.483,212.817,952.489,3160.051,63.841,229.103,242.587,230.908,55.993,1.941,0
2026-07-28 02:57:04.322726,606,42.195,7.562,3.921,24.093,5.955,20.014,217.32,984.526,3473.669,63.836,230.874,242.918,231.305,55.691,2.736,0
2026-07-28 02:58:12.824910,606,41.704,7.22,2.918,27.912,6.154,21.567,220.381,982.985,2908.424,62.126,229.322,244.76,232.057,55.787,3.52,0
2026-07-28 02:59:16.256928,606,42.398,7.233,5.667,22.866,6.264,20.202,228.692,994.9,2950.991,58.863,226.109,238.946,231.075,54.705,1.676,0
2026-07-28 03:00:17.045775,606,41.579,7.4,5.604,26.449,5.872,20.535,224.646,953.752,3169.812,56.268,227.13,242.376,235.047,54.666,1.662,0
2026-07-28 03:01:24.763050,606,41.625,7.004,2.939,25.778,5.899,21.656,221.005,983.076,2985.249,78.879,230.254,240.174,232.458,54.615,1.793,0
2026-07-28 03:02:33.614504,606,41.968,7.571,3.717,23.298,6.521,20.558,224.37,952.373,3074.906,64.123,227.439,241.045,232.879,55.033,1.501,0
2026-07-28 03:03:34.047094,606,41.977,7.48,7.676,23.309,5.801,21.096,228.87,916.329,2906.977,59.184,228.345,243.768,234.134,55.601,1.373,0
2026-07-28 03:04:39.338830,606,42.369,7.513,7.303,18.943,6.561,20.949,210.796,970.863,2724.329,68.949,227.285,233.11,232.079,57.546,3.287,0
2026-07-28 03:05:41.398340,606,40.618,7.891,4.31,21.996,7.004,20.007,220.085,988.784,2716.778,69.828,226.301,246.681,230.969,54.654,1.419,0
2026-07-28 03:06:50.899906,606,41.938,7.214,5.112,30.038,6.079,22.004,208.485,932.99,3333.217,65.136,228.433,243.718,231.875,54.48,2.713,0
2026-07-28 03:07:59.646344,606,41.167,7.534,5.207,28.093,5.484,22.013,219.967,961.977,3110.196,59.253,229.563,247.967,232.261,55.516,1.883,0
2026-07-28 03:09:04.388086,606,41.638,7.216,5.596,22.826,5.97,21.34,216.515,1000.286,3255.069,70.237,227.734,232.598,233.298,54.653,2.535,0
2026-07-28 03:10:08.579165,606,41.144,7.818,7.084,20.683,6.023,20.805,229.349,1005.88,2748.376,60.32,225.147,246.045,231.725,56.036,3.137,0
2026-07-28 03:11:16.409026,606,41.806,7.243,6.772,26.535,5.975,21.083,227.993,1009.71,3131.103,59.859,227.777,238.237,232.787,56.151,1.831,0
2026-07-28 03:12:22.401906,606,41.166,7.973,7.201,23.888,6.391,21.953,234.241,933.486,3171.331,58.905,227.686,246.001,233.058,56.515,2.297,0
2026-07-28 03:13:26.582016,606,40.748,7.259,2.851,24.413,5.855,20.653,218.005,1073.712,2820.143,58.817,227.989,245.839,232.647,55.381,1.009,0
2026-07-28 03:14:24.656206,606,41.12,7.578,5.59,22.233,6.135,20.717,221.724,911.129,2865.661,69.042,227.267,250.055,235.045,56.274,1.354,0
2026-07-28 03:15:26.764370,606,42.269,7.628,2.192,27.266,6.12,20.862,219.609,968.618,3410.821,61.959,225.983,244.135,233.459,53.984,1.776,0
2026-07-28 03:16:37.347190,606,42.033,7.716,2.465,23.805,6.129,19.49,229.211,877.35,2943.621,78.582,226.96,233.809,233.192,56.061,1.112,0
2026-07-28 03:17:49.819695,606,42.332,7.232,1.542,24.833,5.718,21.507,219.804,933.814,3201.554,66.413,226.751,240.32,234.477,55.662,1.514,0
2026-07-28 03:18:54.288268,606,40.718,7.203,4.192,20.127,6.279,21.155,213.307,938.507,2768.715,65.75,229.043,244.201,233.59,55.208,2.249,0
2026-07-28 03:20:01.075551,606,42.588,7.384,4.248,20.89,5.698,21.601,208.1,1030.678,3405.17,66.367,228.044,242.761,229.872,54.866,3.793,0
2026-07-28 03:21:06.021576,606,42.89,7.673,6.462,19.859,6.118,20.691,228.823,1048.854,2895.982,61.726,228.97,237.856,234.68,52.718,1.776,0
2026-07-28 03:22:09.722028,606,41.175,7.501,4.14,24.317,6.152,20.008,222.309,986.302,2958.323,69.714,227.554,245.354,231.612,55.588,2.073,0
2026-07-28 03:23:13.188277,606,41.886,7.77,6.223,23.291,5.7,21.117,221.361,955.8,3135.337,60.196,227.267,253.178,233.052,54.58,2.078,0
2026-07-28 03:24:12.481061,606,41.385,7.292,4.596,19.318,5.677,20.208,230.791,865.493,3786.762,62.277,227.529,242.888,231.672,54.743,2.562,0
2026-07-28 03:25:18.353081,606,42.087,7.437,3.963,23.929,5.894,21.422,221.048,941.542,2866.211,69.886,226.943,247.062,233.36,55.204,2.531,0
2026-07-28 03:26:25.507201,606,42.522,7.481,4.776,23.401,6.335,21.482,209.632,897.546,3016.639,72.608,228.749,243.824,231.734,55.293,1.189,0
2026-07-28 03:27:30.010826,606,41.208,7.468,0.965,17.801,6.127,22.52,211.248,947.335,3358.148,76.615,225.623,238.878,232.99,54.393,2.522,0
2026-07-28 03:28:40.305114,606,41.041,7.647,2.273,20.999,6.314,22.007,224.246,962.251,3042.568,62.511,227.602,236.752,234.095,54.347,1.864,0
2026-07-28 03:29:42.344378,606,41.569,7.81,3.809,23.709,6.337,21.215,225.015,985.187,3031.888,68.054,227.502,243.407,231.416,54.25,0.867,0
2026-07-28 03:30:45.010467,606,43.517,7.353,6.377,20.124,6.224,20.845,235.658,967.816,3605.49,54.833,227.638,243.381,231.741,55.084,1.577,0
2026-07-28 03:31:45.849300,606,42.12,7.384,4.188,22.279,5.989,21.642,220.584,956.353,3375.64,73.82,228.542,240.89,231.069,55.963,2.536,0
2026-07-28 03:32:57.879930,606,41.95,7.575,4.641,20.915,5.025,21.237,233.376,954.448,3629.66,64.064,225.726,242.645,234.996,55.152,2.654,0
2026-07-28 03:34:00.565226,606,42.214,7.584,2.865,18.577,6.205,20.695,212.415,969.991,2848.945,68.957,228.518,238.012,232.678,55.259,2.43,0
2026-07-28 03:35:06.085281,606,42.283,7.77,5.184,17.07,6.703,19.579,215.155,1022.9,3264.28,68.591,228.217,242.17,232.647,54.834,3.729,0
2026-07-28 03:36:08.432590,606,41.867,7.523,7.094,19.696,5.778,22.633,212.686,1005.287,3037.176,67.651,228.563,242.567,231.74,54.635,2.846,0
2026-07-28 03:37:17.590242,606,41.674,7.449,7.325,28.562,5.988,21.772,221.908,947.444,2990.512,61.459,228.632,239.601,232.111,54.491,1.569,0
2026-07-28 03:38:26.358504,606,41.411,7.937,3.388,19.526,6.533,21.475,228.843,961.727,3019.013,60.875,227.694,237.719,230.359,54.689,1.589,0
2026-07-28 03:39:32.448836,606,41.81,7.583,4.152,22.509,6.159,21.066,219.206,1060.306,3223.826,70.121,228.191,237.036,233.691,53.871,2.377,0
2026-07-28 03:40:38.432345,606,42.272,7.679,4.097,22.808,6.142,22.354,213.824,950.223,3033.985,62.13,229.775,251.259,231.728,56.059,1.487,0
2026-07-28 03:41:45.522411,606,42.242,7.106,0.985,28.426,5.875,21.646,224.858,1004.031,2786.412,61.088,225.726,237.675,232.956,55.222,0.706,0
2026-07-28 03:42:52.525824,606,41.425,7.466,0.925,17.193,6.085,20.049,219.559,1018.419,2790.375,64.396,229.891,243.096,233.418,55.173,1.012,0
2026-07-28 03:44:01.657215,606,41.643,7.783,2.507,20.974,6.06,20.844,224.984,977.053,2698.636,64.246,230.877,245.837,235.921,55.312,1.509,0
2026-07-28 03:45:03.345458,606,41.102,7.529,3.227,23.796,6.124,21.553,219.835,948.134,3022.673,62.635,229.138,247.223,231.218,54.672,1.34,0
2026-07-28 03:46:12.797022,606,42.237,7.483,5.285,22.629,5.656,21.868,219.803,895.402,3198.583,64.191,227.723,251.052,233.089,55.259,2.772,0
2026-07-28 03:47:15.139952,606,41.959,7.028,3.486,21.775,6.724,20.818,234.652,1002.064,3332.351,66.533,228.018,236.857,232.418,54.487,1.807,0
2026-07-28 03:48:21.126617,606,41.563,7.467,2.966,24.508,6.005,22.093,213.1,985.847,3157.054,59.348,229.348,242.176,230.318,54.589,3.255,0
2026-07-28 03:49:23.819942,606,41.489,7.813,7.016,17.031,5.699,20.092,223.375,944.863,3087.862,58.476,229.031,238.386,236.261,54.982,2.466,0
2026-07-28 03:50:29.607135,606,41.215,7.503,4.756,22.118,5.789,20.842,225.493,999.375,3344.055,68.184,228.494,243.476,231.627,55.058,2.749,0
2026-07-28 03:51:36.424341,606,41.741,7.62,3.836,21.334,5.668,20.871,227.842,982.04,2628.723,67.287,226.686,238.946,233.057,56.19,2.565,0
2026-07-28 03:52:45.297432,606,42.448,7.421,4.529,25.405,5.924,21.688,212.783,942.811,3167.46,63.093,229.926,242.715,232.925,54.269,1.897,0
2026-07-28 03:53:56.428984,606,41.309,7.418,2.689,16.983,5.903,21.935,223.199,914.685,3142.38,61.867,228.863,238.239,233.361,54.231,0.947,0
2026-07-28 03:55:03.219814,606,41.012,7.516,1.494,22.296,6.295,21.918,217.1,957.554,2690.456,69.463,228.604,237.441,237.938,54.651,1.29,0
2026-07-28 03:56:04.677779,606,41.76,7.626,3.202,22.416,5.617,20.049,219.902,1037.56,2494.627,58.407,229.394,238.439,233.313,55.83,1.422,0
2026-07-28 03:57:07.831292,606,42.292,7.696,3.621,21.683,5.584,21.123,217.348,1005.127,3000.377,58.647,227.877,237.448,232.669,55.235,2.468,0
2026-07-28 03:58:10.487553,606,42.18,7.679,2.373,21.221,5.396,19.949,216.724,992.571,3204.754,60.705,228.51,243.867,233.455,56.807,1.426,0
2026-07-28 03:59:20.055312,606,42.308,7.418,6.053,22.483,6.109,21.049,231.245,994.489,2637.853,51.295,227.341,241.001,233.053,54.948,1.737,0
2026-07-28 04:00:17.608263,606,41.442,7.554,6.598,25.93,6.204,22.189,227.485,939.562,2832.944,76.109,227.748,243.028,234.288,55.301,3.87,0
2026-07-28 04:01:23.174479,606,42.144,7.184,5.33,24.673,4.977,22.44,210.624,955.357,2997.741,57.697,228.796,235.923,234.359,55.071,2.783,0
2026-07-28 04:02:28.709356,606,41.886,7.565,5.856,20.836,6.125,21.359,218.41,978.827,3302.321,70.715,228.127,243.237,233.01,55.223,2.592,0
2026-07-28 04:03:38.588939,606,41.569,7.001,4.213,20.815,5.786,21.226,219.431,973.408,3133.458,66.606,228.237,240.759,233.762,54.394,2.627,0
2026-07-28 04:04:43.166525,606,41.715,7.123,3.992,19.78,6.311,20.902,229.842,930.449,3128.203,67.119,227.739,247.915,234.835,55.071,1.761,0
2026-07-28 04:05:47.090805,606,42.11,7.551,5.536,25.654,6.576,21.008,212.196,928.088,2934.507,74.307,225.642,250.834,232.972,54.1,2.138,0
2026-07-28 04:06:55.904533,606,41.986,7.635,2.867,21.148,5.486,22.041,215.435,972.533,3432.367,67.547,229.69,244.305,234.249,55.277,1.648,0
2026-07-28 04:08:03.410458,606,41.975,7.198,2.281,19.372,5.826,20.416,215.016,954.802,3123.138,64.696,226.949,245.596,232.581,55.355,1.034,0
2026-07-28 04:09:14.897475,606,42.036,7.64,1.449,23.048,6.309,20.833,206.463,964.072,2855.663,73.328,229.166,241.183,233.533,54.841,0.483,0
2026-07-28 04:10:19.784058,606,41.497,7.459,2.387,23.564,6.311,21.032,206.543,967.59,2888.223,52.967,228.037,243.792,231.434,54.473,1.74,0
2026-07-28 04:11:23.749237,606,41.038,7.784,4.836,21.987,5.955,20.522,221.928,1036.191,2969.398,72.155,228.59,240.981,231.72,54.4,3.014,0
2026-07-28 04:12:27.008551,606,41.354,7.864,6.024,23.083,6.278,21.37,214.869,956.489,2928.066,65.542,227.739,242.907,234.977,54.246,2.363,0
2026-07-28 04:13:35.181475,606,42.142,6.942,5.762,22.285,6.142,22.101,221.689,996.945,2529.769,64.54,227.521,241.064,233.221,54.418,1.227,0
2026-07-28 04:14:46.974727,606,40.988,7.981,6.121,24.178,6.295,21.456,208.805,930.507,2855.849,63.631,226.749,243.689,232.85,56.999,3.293,0
2026-07-28 04:15:46.078813,606,41.705,7.729,6.478,23.515,6.316,20.522,212.066,1035.526,3136.336,66.992,229.71,244.427,234.679,55.23,2.536,0
2026-07-28 04:16:53.982074,606,41.775,7.652,4.243,20.961,5.963,20.486,217.036,1051.571,2785.627,62.224,228.992,242.946,233.841,54.802,2.545,0
2026-07-28 04:17:59.493501,606,42.063,7.418,8.233,24.569,6.251,20.119,209.606,959.185,3037.016,59.616,228.625,243.41,232.837,54.419,1.244,1
2026-07-28 04:19:05.671928,606,41.063,7.631,3.998,20.362,5.966,20.93,217.894,922.119,2693.54,65.427,229.008,249.842,232.436,54.88,1.592,1
2026-07-28 04:20:16.837727,606,40.574,7.593,4.025,19.747,6.262,20.423,217.793,901.681,2406.283,68.964,228.575,242.19,233.786,55.471,1.565,1
2026-07-28 04:21:26.555038,606,41.415,7.716,3.023,23.224,5.777,21.175,217.182,983.898,2919.173,64.306,226.538,245.741,233.789,55.426,1.066,1
2026-07-28 04:22:36.706371,606,41.981,7.593,4.706,23.81,6.134,20.513,210.386,963.102,3059.791,67.705,228.799,241.671,233.396,55.772,2.545,1
2026-07-28 04:23:44.304814,606,42.395,7.642,2.727,25.157,6.127,20.018,228.206,1036.344,2856.508,69.034,227.475,245.724,235.775,55.81,0.925,1
2026-07-28 04:24:51.320509,606,41.366,7.689,5.445,27.94,6.285,19.645,211.506,988.719,2723.048,68.716,228.694,246.535,231.993,54.984,1.425,1
2026-07-28 04:25:59.915922,606,41.28,7.019,2.413,17.625,5.966,21.44,218.729,946.756,3180.385,68.2,227.189,246.807,233.505,54.44,1.562,1
2026-07-28 04:27:15.794842,606,41.823,7.432,4.358,21.117,5.718,20.027,218.77,1015.196,2992.09,68.476,225.319,245.986,232.657,54.809,1.725,1
2026-07-28 04:28:22.203149,606,42.743,7.504,5.198,23.109,5.977,21.348,220.187,886.131,3181.145,66.627,227.423,247.535,232.273,55.629,2.058,1
2026-07-28 04:29:29.284747,606,41.931,7.408,5.874,27.494,5.565,20.544,210.272,974.84,3532.588,53.071,227.395,238.615,232.501,54.476,1.697,1
2026-07-28 04:30:32.632590,606,41.968,7.785,4.101,21.652,5.874,21.183,221.867,979.541,3130.946,60.974,229.841,238.164,233.403,56.683,2.438,1
2026-07-28 04:31:31.837237,606,42.679,7.908,5.414,18.166,5.528,20.966,215.058,997.314,3133.413,63.482,228.997,247.917,232.025,54.451,1.86,1
2026-07-28 04:32:42.707126,606,42.166,7.539,2.665,19.696,6.023,21.104,223.672,952.818,2800.057,69.606,231.901,238.715,231.998,55.406,1.181,1
2026-07-28 04:33:47.865237,606,41.784,7.538,4.828,22.195,6.329,21.668,226.286,969.542,2993.912,62.294,228.138,243.341,230.185,55.234,2.099,1
2026-07-28 04:34:56.397075,606,41.139,7.532,3.341,23.853,6.283,20.504,220.295,953.691,2654.433,70.483,227.884,247.617,234.373,55.638,1.883,1
2026-07-28 04:36:03.609070,606,41.736,7.112,4.94,28.925,5.491,22.041,215.958,997.822,2722.818,73.025,227.838,241.641,233.422,53.357,1.403,1
2026-07-28 04:37:15.379422,606,42.061,7.284,5.766,20.923,6.075,21.534,231.18,1008.042,3081.901,77.304,228.038,240.403,234.048,55.761,1.752,1
2026-07-28 04:38:20.159233,606,41.179,7.287,4.833,24.25,6.753,20.763,222.853,939.699,2915.878,68.542,228.181,237.761,231.652,54.707,2.06,1
2026-07-28 04:39:20.742159,606,42.167,7.705,5.339,25.664,5.832,20.837,214.495,1007.145,2835.824,61.276,227.175,243.929,233.353,54.32,2.391,0
2026-07-28 04:40:32.079172,606,41.644,7.405,5.242,21.143,6.141,21.079,211.976,924.405,3035.091,67.191,227.767,243.193,233.302,55.774,1.997,0
2026-07-28 04:41:39.212574,606,41.594,7.484,4.288,27.419,6.364,20.7,222.608,965.212,2845.317,69.651,227.272,249.251,233.263,53.549,3.034,0
2026-07-28 04:42:45.692266,606,41.235,7.46,4.029,21.11,5.552,19.781,217.633,1014.361,2928.582,56.601,228.059,244.38,232.42,56.536,2.275,0
2026-07-28 04:43:43.226897,606,41.876,7.437,4.321,19.834,6.111,20.312,212.24,955.901,3081.376,71.694,230.267,248.851,231.841,55.166,3.45,0
2026-07-28 04:44:51.523162,606,42.041,8.025,4.035,27.048,6.287,20.31,220.543,955.196,2868.811,62.166,229.593,247.32,233.518,54.882,2.169,0
2026-07-28 04:45:50.515779,606,41.165,7.529,6.269,22.603,5.901,20.86,211.188,984.313,2735.718,66.139,232.05,246.104,232.718,53.989,2.416,0
2026-07-28 04:47:00.035873,606,41.958,7.853,4.472,19.588,5.561,20.146,220.543,844.987,3349.955,59.246,228.254,238.957,232.715,54.786,1.242,0
2026-07-28 04:48:04.776009,606,42.148,7.326,2.768,21.498,6.379,21.579,221.84,945.672,3542.95,70.982,229.762,248.712,231.752,55.938,0.865,0
2026-07-28 04:49:12.822015,606,42.121,7.224,5.501,20.715,5.468,21.089,214.005,959.219,2999.931,54.61,227.725,239.526,232.674,55.209,0.997,0
2026-07-28 04:50:18.878151,606,41.815,7.725,6.397,21.165,5.321,20.708,222.314,966.371,2953.183,64.66,228.773,241.352,234.611,55.449,1.663,0
2026-07-28 04:51:23.529501,606,41.539,7.541,3.611,23.218,5.571,20.425,214.615,985.035,3009.97,62.205,227.777,239.924,234.064,55.808,2.169,0
2026-07-28 04:52:26.405945,606,41.568,7.659,5.245,21.749,5.875,21.012,219.689,974.197,2805.673,69.399,230.929,243.807,233.201,54.319,2.182,0
2026-07-28 04:53:24.248184,606,41.003,7.953,5.952,28.486,5.527,21.656,209.018,1028.507,3324.897,62.622,227.988,239.54,233.532,53.703,2.003,0
2026-07-28 04:54:29.420970,606,41.385,7.548,5.939,21.71,5.638,19.681,220.515,1051.182,3264.821,71.978,227.277,235.759,231.041,54.199,2.762,0
2026-07-28 04:55:36.453987,606,41.554,7.599,5.012,22.289,5.788,19.947,227.355,971.441,2869.482,63.38,228.449,254.778,235.502,54.976,3.01,0
2026-07-28 04:56:44.010311,606,41.296,7.417,5.828,26.86,6.398,20.276,209.397,947.664,2907.716,68.408,227.464,237.169,235.782,54.809,1.567,0
2026-07-28 04:57:53.095326,606,41.773,7.535,4.419,26.2,6.138,20.079,225.021,1029.665,3107.153,68.92,230.786,248.268,231.621,54.796,2.564,0
2026-07-28 04:59:00.642684,606,42.446,7.567,3.423,24.82,6.069,19.983,215.943,964.821,3329.827,67.169,228.537,247.057,232.605,55.411,2.234,0
2026-07-28 05:00:14.439344,606,42.535,7.624,4.762,21.594,6.497,21.004,226.161,948.576,3122.963,68.029,230.79,245.173,233.442,54.656,1.502,0
2026-07-28 05:01:18.391311,606,41.407,7.574,2.853,26.752,6.514,20.971,232.054,1010.764,3159.345,56.105,228.401,241.813,233.58,54.151,1.039,0
2026-07-28 05:02:31.356689,606,42.58,7.113,5.137,21.63,5.715,20.733,220.542,976.729,3118.767,61.785,228.405,237.004,232.244,54.212,1.538,0
2026-07-28 05:03:38.059411,606,42.266,7.882,3.195,19.735,5.696,21.138,223.733,1012.517,3058.646,62.211,228.447,243.629,233.214,55.491,1.133,0
2026-07-28 05:04:46.558111,606,41.352,7.522,4.768,21.043,5.806,20.942,222.519,945.511,3108.202,68.713,228.443,247.886,233.636,55.857,2.222,0
2026-07-28 05:05:56.359936,606,41.949,7.897,8.651,24.952,6.077,20.466,226.676,963.876,3223.943,71.592,228.959,245.491,231.608,56.122,1.67,0
2026-07-28 05:06:48.915157,606,41.689,7.294,5.948,21.979,6.424,20.695,218.373,1012.286,3093.248,66.56,228.746,243.126,232.59,54.62,0.828,0
2026-07-28 05:08:01.505571,606,40.669,7.375,8.326,23.277,5.675,21.149,224.615,880.953,2944.515,63.301,227.125,249.617,234.183,55.141,2.216,0
2026-07-28 05:09:09.581798,606,41.06,7.449,6.029,19.967,5.976,20.147,215.023,955.879,3663.226,65.135,228.159,246.031,234.536,55.377,1.357,0
2026-07-28 05:10:12.750974,606,42.054,7.397,5.474,25.02,5.959,21.205,227.805,1019.491,2559.156,66.703,227.744,241.993,233.869,55.232,2.121,0
2026-07-28 05:11:16.894669,606,40.923,7.59,1.404,20.646,6.441,18.75,212.531,965.233,3250.729,64.53,227.466,245.873,233.884,55.449,2.081,0
2026-07-28 05:12:26.152640,606,42.601,7.773,6.234,20.241,6.273,20.976,216.692,1022.097,2867.43,61.289,226.057,242.441,232.719,55.557,1.585,0
2026-07-28 05:13:30.789342,606,42.2,7.844,3.186,22.122,5.681,21.221,215.495,944.217,2541.921,58.519,226.345,236.701,232.692,54.388,2.586,0
2026-07-28 05:14:34.146771,606,42.041,7.383,3.074,19.065,6.251,20.322,222.638,986.558,2431.405,59.35,227.64,252.511,233.213,54.503,1.715,0
2026-07-28 05:15:39.364050,606,40.92,7.35,5.151,20.132,5.911,21.744,225.328,963.313,2949.407,58.567,227.686,245.241,231.935,55.341,1.918,0
2026-07-28 05:16:41.780900,606,42.223,7.692,3.601,20.278,6.084,21.8,223.702,905.642,3575.264,65.953,229.939,231.733,232.708,54.206,1.892,0
2026-07-28 05:17:42.796637,606,42.18,7.236,3.926,23.362,5.611,21.146,216.256,961.7,3515.674,61.441,227.337,246.69,233.1,54.502,1.91,0
2026-07-28 05:18:48.529855,606,42.15,7.668,4.126,20.722,5.383,22.133,230.205,956.09,2846.203,68.541,226.135,248.357,234.939,55.124,1.781,0
2026-07-28 05:19:44.038841,606,42.17,7.441,4.655,23.555,5.908,20.439,228.147,948.339,2834.85,52.556,226.421,246.336,235.574,54.607,1.981,0
2026-07-28 05:20:51.749235,606,42.572,7.39,4.478,22.266,5.698,21.616,221.847,938.174,2892.683,60.475,227.938,248.405,235.509,55.284,2.075,0
2026-07-28 05:21:53.502688,606,41.336,6.797,5.167,21.395,5.941,21.988,215.711,1036.292,3061.405,64.01,229.098,245.189,231.506,54.438,2.134,0
2026-07-28 05:23:07.460006,606,41.601,7.566,5.022,26.174,5.795,20.201,210.516,946.722,3544.342,65.954,229.337,239.941,234.845,53.094,2.348,0
2026-07-28 05:24:15.560110,606,41.259,7.792,3.193,18.106,6.014,21.054,224.877,990.079,3270.457,65.435,227.834,244.618,233.3,55.235,2.04,0
2026-07-28 05:25:24.954374,606,42.09,7.204,5.834,24.439,6.075,19.965,217.801,970.592,3186.623,70.472,230.619,248.957,232.265,54.942,2.184,0
2026-07-28 05:26:24.972266,606,41.579,7.571,3.554,19.538,6.222,21.585,226.674,1011.745,3075.836,73.318,227.388,248.206,232.638,56.005,2.407,0
2026-07-28 05:27:34.832147,606,41.032,7.625,3.667,20.433,6.219,22.167,227.188,1050.546,2468.324,67.564,226.493,238.157,231.246,54.701,1.794,0
2026-07-28 05:28:34.009354,606,41.738,7.368,6.019,21.505,6.401,20.617,216.889,1042.487,2463.479,65.693,227.511,248.862,232.98,55.066,2.184,0
2026-07-28 05:29:38.673030,606,40.697,7.608,4.454,22.073,6.03,20.976,220.073,953.205,2787.397,68.005,226.543,241.149,234.048,54.678,1.812,0
2026-07-28 05:30:38.007120,606,41.736,7.724,5.48,22.562,5.621,20.642,219.785,1000.121,2662.611,64.431,227.525,242.121,231.508,54.434,1.818,0
2026-07-28 05:31:42.991980,606,41.761,7.546,5.125,23.005,6.305,22.745,230.115,1026.798,2537.75,71.716,227.712,242.956,231.924,54.613,2.029,0
2026-07-28 05:32:50.222713,606,41.477,7.638,4.898,21.277,6.085,20.364,217.412,963.537,3272.621,64.762,230.145,251.326,232.662,54.214,1.204,0
2026-07-28 05:33:55.080234,606,42.202,7.435,3.911,16.036,6.239,20.361,224.54,1019.5,2937.526,63.929,226.725,236.682,235.056,55.099,1.931,0
2026-07-28 05:34:58.004023,606,40.794,7.703,4.338,20.651,6.252,21.39,220.482,977.343,2763.683,67.778,230.685,241.157,230.102,55.082,1.794,0
2026-07-28 05:36:06.660340,606,41.747,7.072,5.933,25.022,5.917,20.938,230.812,920.887,2641.836,61.262,228.492,245.645,233.738,54.227,1.597,0
2026-07-28 05:37:12.603951,606,41.798,7.693,3.919,24.256,5.913,22.758,215.345,1061.437,3207.718,73.61,230.551,243.288,233.426,55.671,2.197,0
2026-07-28 05:38:18.012878,606,41.678,7.808,4.563,24.341,6.614,22.39,212.698,901.705,2984.938,56.565,229.184,243.207,233.69,54.416,1.804,0
2026-07-28 05:39:25.216596,606,42.315,7.312,4.943,21.984,5.601,21.431,206.822,916.875,2586.684,59.213,227.323,247.453,230.182,54.98,2.151,0
2026-07-28 05:40:26.751474,606,41.378,7.306,4.167,24.025,5.859,21.652,221.146,955.761,2874.513,71.144,227.618,237.181,231.97,55.662,2.221,0
2026-07-28 05:41:36.085625,606,41.652,7.905,3.914,21.359,6.264,21.512,221.657,1015.476,3526.776,74.135,227.844,240.772,232.299,56.03,2.246,0
2026-07-28 05:42:45.462381,606,41.754,7.596,4.35,21.631,5.941,21.732,218.472,1001.232,3289.086,76.142,227.573,254.846,230.97,53.105,2.666,0
2026-07-28 05:43:49.870272,606,41.504,7.119,4.332,21.027,5.826,21.367,226.345,1057.455,3016.788,61.993,230.115,239.087,235.453,55.687,1.834,0
2026-07-28 05:44:57.005225,606,40.914,7.445,3.226,25.358,6.246,20.294,230.634,1019.377,3105.814,64.535,227.564,244.015,233.86,55.189,1.677,0
2026-07-28 05:46:03.664881,606,42.457,7.07,4.736,15.426,6.418,20.424,214.559,983.357,2875.901,66.808,225.594,241.478,234.244,55.382,2.607,0
2026-07-28 05:47:13.873013,606,41.308,7.444,5.63,22.988,6.054,21.68,218.394,1028.171,2924.767,67.53,227.717,235.327,233.973,54.604,1.928,0
2026-07-28 05:48:29.921467,606,41.317,7.493,1.655,22.986,5.527,20.649,208.148,963.931,2682.409,71.016,227.723,238.917,230.915,55.559,1.952,0
2026-07-28 05:49:41.379714,606,40.578,7.653,4.656,23.216,6.037,21.939,220.408,981.171,2808.85,67.534,227.703,238.985,230.901,55.837,2.253,0
2026-07-28 05:50:42.624876,606,41.728,7.507,1.948,22.412,6.126,21.508,215.529,954.98,3137.494,79.533,228.111,247.17,234.428,55.447,1.998,0
2026-07-28 05:51:52.073532,606,41.787,7.899,5.756,26.101,5.688,20.169,216.979,1022.152,3400.275,71.309,228.369,239.422,231.499,55.665,1.949,0
2026-07-28 05:53:09.003294,606,42.327,7.528,3.998,22.755,6.466,20.197,218.915,960.615,3098.182,71.822,230.004,248.309,233.49,56.494,2.261,0
2026-07-28 05:54:11.047525,606,41.512,7.023,4.509,22.046,6.167,20.086,223.355,919.013,3273.033,60.145,228.728,240.068,231.621,56.105,1.653,0
2026-07-28 05:55:22.734544,606,41.827,7.654,3.64,24.464,5.702,21.549,218.072,918.652,2424.643,70.144,225.252,245.179,231.86,54.459,1.682,0
2026-07-28 05:56:31.404289,606,42.201,7.527,6.18,18.19,6.173,21.815,233.735,927.902,3134.926,71.505,226.557,244.491,232.854,55.551,2.005,0
2026-07-28 05:57:38.280689,606,42.391,7.457,6.271,20.604,6.167,20.727,219.169,996.49,3094.654,70.36,227.565,243.178,231.433,55.873,1.475,0
2026-07-28 05:58:45.382071,606,41.887,7.764,3.555,25.597,5.812,20.997,209.906,968.775,2783.201,55.619,228.904,246.656,229.927,55.236,1.533,0
2026-07-28 05:59:50.022502,606,41.525,7.708,3.456,23.421,5.615,21.224,214.596,976.834,2982.102,60.853,228.453,243.834,233.087,55.506,2.474,0
2026-07-28 06:00:50.150897,606,42.302,7.284,5.212,18.726,5.913,21.613,224.057,992.611,3373.468,60.917,226.649,246.199,236.199,53.758,1.564,0
2026-07-28 06:02:00.159992,606,42.315,7.568,5.232,29.987,5.807,20.756,224.366,997.689,3119.174,64.195,228.847,236.473,233.89,54.941,1.861,0
2026-07-28 06:02:59.375369,606,40.834,7.88,4.17,22.186,6.081,21.304,219.618,961.776,2908.344,63.489,228.791,237.822,231.42,54.77,2.229,0
2026-07-28 06:04:04.551671,606,41.875,7.519,3.601,20.505,5.915,20.949,219.645,971.405,3514.238,82.529,229.426,240.378,232.139,54.218,2.279,0
2026-07-28 06:05:10.662489,606,42.189,7.178,5.777,18.639,6.152,19.908,220.973,955.973,3006.96,62.436,227.382,238.141,232.74,55.759,2.122,0
2026-07-28 06:06:15.329864,606,42.061,7.599,4.27,26.44,6.072,21.958,224.308,991.324,3424.684,65.475,228.938,244.168,233.043,54.032,1.863,0
2026-07-28 06:07:22.150282,606,41.565,7.422,4.221,20.028,6.233,21.221,219.399,971.207,2891.578,68.754,228.357,243.047,231.797,55.73,1.766,0
2026-07-28 06:08:35.823160,606,41.461,7.508,4.601,21.565,6.182,20.866,210.857,937.735,3010.678,65.844,226.021,249.645,234.581,54.867,1.925,0
2026-07-28 06:09:42.727797,606,42.389,7.26,3.24,23.573,6.308,20.47,214.657,979.596,3415.547,76.071,229.098,246.147,232.152,55.903,2.086,1
2026-07-28 06:10:49.847582,606,41.823,7.584,3.961,17.031,5.734,20.504,215.492,1004.646,2726.169,68.139,228.093,240.396,233.133,55.299,1.624,0
2026-07-28 06:11:59.817334,606,41.609,7.355,3.639,24.949,6.325,19.988,211.37,1051.507,3663.369,63.834,228.833,243.599,235.201,55.107,2.17,0
2026-07-28 06:13:07.857509,606,41.63,7.702,2.808,20.139,6.597,20.213,211.041,925.113,2790.377,63.631,225.139,246.59,232.741,54.959,2.011,0
2026-07-28 06:14:14.374413,606,41.7,7.838,3.763,25.673,6.376,20.344,221.86,920.292,3188.274,70.678,227.812,245.914,235.768,54.62,1.823,0
2026-07-28 06:15:19.067895,606,41.625,7.547,4.446,23.451,5.545,20.611,219.189,914.134,3150.621,72.719,227.194,243.579,233.536,55.173,2.175,0
2026-07-28 06:16:25.505171,606,42.276,7.262,3.813,25.858,6.506,21.925,224.299,948.424,2685.652,68.645,229.55,239.085,232.302,53.343,2.382,0
2026-07-28 06:17:33.698330,606,41.919,7.311,4.369,23.233,6.237,21.418,231.69,967.532,2572.025,62.444,227.665,242.978,232.626,54.749,2.051,0
2026-07-28 06:18:41.872725,606,41.885,7.544,3.581,25.535,6.313,20.356,224.837,956.276,2641.991,62.099,228.071,238.631,232.195,55.499,2.036,0
2026-07-28 06:19:44.039297,606,41.6,7.58,5.007,23.94,5.754,19.884,224.192,913.785,2943.924,68.763,227.74,246.181,230.988,54.918,1.897,0
2026-07-28 06:20:44.462844,606,41.989,7.368,5.326,22.5,5.556,20.358,209.141,1037.433,3192.476,74.421,228.51,246.279,228.201,55.706,1.541,0
2026-07-28 06:21:52.554900,606,41.249,7.45,5.05,23.62,6.452,22.012,223.524,895.62,2921.074,69.708,228.046,240.475,231.797,54.356,1.758,0
2026-07-28 06:22:55.427119,606,41.789,7.645,4.622,14.351,5.854,21.465,219.233,1052.026,2847.953,63.457,227.303,243.758,230.196,54.19,1.996,0
2026-07-28 06:24:01.849331,606,40.888,7.768,5.185,21.146,5.745,20.874,227.693,1000.182,2820.709,64.411,228.658,243.872,231.651,55.096,1.614,0
2026-07-28 06:25:06.902264,606,41.576,7.498,3.965,25.978,5.521,20.988,210.743,1037.327,2941.929,54.11,227.993,243.359,234.506,54.514,1.823,0
2026-07-28 06:26:11.016606,606,41.44,7.653,3.814,19.09,5.47,21.802,225.614,933.239,2903.729,71.737,227.444,239.595,232.392,55.45,1.688,0
2026-07-28 06:27:19.181520,606,41.686,7.499,4.428,21.037,6.0,20.984,215.43,960.527,2871.518,58.818,227.493,239.877,235.113,54.613,2.029,0
2026-07-28 06:28:25.550097,606,41.493,7.578,4.027,18.42,6.278,22.586,212.491,966.986,2713.576,71.656,229.091,245.917,232.253,55.162,2.186,0
2026-07-28 06:29:36.425935,606,41.959,7.337,5.656,17.707,6.091,21.057,233.727,956.524,2768.673,65.959,228.46,244.632,234.134,53.073,2.195,0
2026-07-28 06:30:45.550965,606,41.359,7.598,6.211,21.576,5.957,20.348,220.056,986.346,3232.547,76.97,226.267,245.75,232.803,54.744,2.411,0
2026-07-28 06:31:48.067634,606,42.135,7.842,6.731,23.808,6.41,19.586,218.758,986.881,2806.789,71.291,227.957,243.452,232.422,54.751,1.661,0
2026-07-28 06:32:52.357050,606,42.478,7.592,5.281,21.858,6.452,21.309,215.789,937.698,3227.899,67.391,230.007,236.851,234.876,53.603,2.259,0
2026-07-28 06:33:57.373783,606,41.159,7.605,4.805,19.105,5.719,20.853,217.328,1057.436,3032.285,65.463,227.163,243.362,235.858,55.183,2.08,0
2026-07-28 06:35:00.817768,606,42.01,7.277,2.829,19.313,6.058,20.344,216.735,928.073,3535.796,61.87,228.19,242.628,232.44,54.896,2.115,0
2026-07-28 06:36:11.465090,606,41.566,7.585,4.143,19.905,6.038,21.484,217.826,997.126,3043.188,65.762,226.777,240.125,231.544,54.329,2.428,0
2026-07-28 06:37:15.553700,606,42.167,6.986,3.87,21.771,5.906,21.189,218.516,986.747,3162.471,64.686,227.499,235.085,232.934,56.028,1.518,0
2026-07-28 06:38:21.483617,606,41.158,7.663,3.932,19.934,6.14,20.678,217.746,987.915,2704.298,57.066,227.766,236.835,233.425,54.204,1.965,0
2026-07-28 06:39:28.987180,606,42.303,7.86,5.649,25.673,6.447,21.214,212.024,869.157,2614.717,72.515,228.798,239.248,233.766,55.726,1.876,0
2026-07-28 06:40:30.498315,606,41.513,7.367,5.733,20.596,5.394,20.904,219.63,967.98,3532.608,63.764,227.321,242.566,233.149,54.913,1.739,0
2026-07-28 06:41:36.595026,606,41.589,7.44,4.14,21.23,6.07,21.647,221.393,968.297,3256.003,63.615,229.998,246.073,231.844,55.75,1.953,0
2026-07-28 06:42:49.025000,606,41.59,7.739,3.978,24.078,6.045,21.063,224.945,992.213,2638.845,55.205,226.704,248.948,235.645,55.449,2.119,0
2026-07-28 06:43:55.271755,606,41.141,7.294,4.312,16.901,5.927,20.732,227.12,918.768,3181.457,62.941,228.401,240.686,231.842,53.438,2.002,0
2026-07-28 06:44:59.985543,606,42.094,7.617,2.944,26.839,6.23,21.872,217.252,989.885,3207.688,69.416,226.065,245.134,232.759,54.178,1.528,0
2026-07-28 06:46:09.236869,606,41.401,7.312,5.595,24.916,5.92,20.252,221.902,1011.277,3450.881,60.982,228.181,243.958,234.495,54.335,1.94,0
2026-07-28 06:47:18.388256,606,41.948,7.643,5.203,24.839,5.782,20.015,224.718,1004.703,2759.993,59.683,229.414,247.46,231.639,56.868,1.682,0
2026-07-28 06:48:15.201420,606,41.571,7.439,3.449,20.525,6.239,20.581,215.622,977.799,2956.974,63.8,228.441,248.932,232.974,55.82,1.759,0
2026-07-28 06:49:20.652727,606,41.594,6.812,3.465,20.18,5.62,19.751,221.02,1027.262,2857.632,65.877,226.434,248.314,233.766,56.181,1.748,0
2026-07-28 06:50:28.145254,606,42.201,7.237,5.913,20.889,5.79,19.924,221.845,1014.613,3061.326,70.873,230.641,245.989,233.261,54.097,2.495,0
2026-07-28 06:51:37.498358,606,40.949,7.477,5.22,21.508,5.747,20.833,206.938,946.11,2889.78,72.261,229.364,242.35,233.605,55.162,1.878,0
2026-07-28 06:52:48.116070,606,40.553,7.967,6.078,26.147,6.509,21.042,219.482,984.632,3200.141,64.756,227.573,243.248,232.657,54.414,1.871,0
2026-07-28 06:53:53.064015,606,41.348,7.439,3.863,17.141,6.044,20.815,220.493,1018.832,2610.437,57.821,228.145,243.019,233.369,56.267,2.003,0
2026-07-28 06:54:59.200626,606,41.65,7.321,6.053,26.254,5.585,21.353,214.717,1046.588,3048.109,61.944,228.226,241.334,232.037,55.399,1.831,0
2026-07-28 06:56:02.571731,606,41.577,7.578,3.723,22.007,6.076,20.673,226.07,949.655,2608.714,70.772,225.992,237.906,230.797,54.817,2.285,0
2026-07-28 06:57:13.399547,606,41.32,6.729,4.665,25.621,5.662,19.671,231.723,939.109,3327.232,58.818,227.055,234.146,232.103,54.473,2.18,0
2026-07-28 06:58:10.925320,606,42.537,7.819,3.058,23.687,6.085,21.523,222.045,931.968,2926.481,68.75,228.029,235.89,233.023,55.538,2.115,0
2026-07-28 06:59:11.358715,606,42.327,7.654,4.104,24.401,5.598,20.942,211.454,920.995,2954.254,78.219,229.811,241.525,233.726,55.288,1.987,0
2026-07-28 07:00:23.651043,606,40.367,7.374,4.698,25.281,5.54,21.488,218.154,977.129,3231.925,70.402,227.142,242.556,234.615,54.742,2.183,0
2026-07-28 07:01:29.457121,606,41.363,7.681,4.19,22.276,6.214,21.438,213.332,948.376,3058.061,67.112,227.739,244.398,235.041,54.398,1.965,0
2026-07-28 07:02:33.711236,606,41.893,7.575,5.08,19.954,5.811,21.758,233.796,1001.495,3001.508,72.636,229.204,242.953,231.042,55.532,2.239,0
2026-07-28 07:03:43.680508,606,41.863,7.467,3.852,20.078,6.377,20.38,215.93,950.756,2832.423,67.456,228.873,245.756,231.662,54.97,2.079,0
2026-07-28 07:04:42.988475,606,41.295,7.637,4.544,25.31,5.338,20.168,220.9,928.129,2942.371,62.94,229.839,242.003,232.388,54.477,1.838,0
2026-07-28 07:05:49.899799,606,42.362,7.478,4.261,26.934,6.173,20.937,227.356,1017.74,2728.679,66.237,228.961,246.809,233.409,55.178,1.991,0
2026-07-28 07:06:58.766497,606,41.243,7.542,4.25,20.577,5.852,20.895,213.829,974.487,2718.631,59.055,228.431,245.11,232.889,55.595,2.224,0
2026-07-28 07:08:05.038506,606,41.686,7.639,5.227,25.74,6.22,21.874,214.641,1012.846,3096.244,57.839,228.441,239.939,233.913,55.009,2.043,0
2026-07-28 07:08:57.670229,606,41.661,7.406,3.948,25.328,5.874,21.358,228.27,954.781,2625.245,64.293,229.705,247.791,233.458,55.524,1.772,0
2026-07-28 07:10:02.162236,606,41.821,7.468,4.385,18.397,6.183,21.104,228.05,1051.088,2939.807,61.091,227.19,241.38,233.913,54.298,2.57,0
2026-07-28 07:11:04.263034,606,41.412,7.208,4.128,25.227,5.917,20.15,212.99,991.941,3064.801,61.014,228.995,242.165,231.098,56.186,1.886,0
2026-07-28 07:12:17.452642,606,41.942,7.179,5.898,20.958,6.029,20.506,212.673,928.766,3096.503,59.108,227.438,242.544,233.129,54.33,2.023,0
2026-07-28 07:13:27.772960,606,41.281,7.075,4.499,26.876,6.393,19.87,223.756,905.917,2355.493,63.482,227.532,245.166,233.239,55.45,1.996,0
2026-07-28 07:14:32.627411,606,41.867,7.591,4.506,23.338,6.017,20.428,223.698,989.388,2814.046,61.009,228.3,249.863,233.268,54.902,2.587,0
2026-07-28 07:15:31.482303,606,41.413,7.421,4.288,29.669,5.812,21.128,215.781,994.944,3229.745,65.177,228.015,239.081,232.951,54.252,1.975,0
2026-07-28 07:16:37.476781,606,42.396,7.206,4.887,22.611,5.713,21.316,221.699,1006.967,3162.022,61.275,227.269,246.91,235.11,54.709,2.248,0
2026-07-28 07:17:38.808331,606,41.577,7.404,4.162,20.976,6.147,21.449,212.016,899.463,3012.142,61.084,227.801,249.688,233.02,56.402,2.254,0
2026-07-28 07:18:46.822195,606,41.786,7.235,4.124,24.218,6.337,21.536,223.352,900.683,2852.892,63.863,227.939,248.256,231.51,54.225,1.682,0
2026-07-28 07:19:54.072958,606,42.243,7.546,4.124,24.9,6.201,21.399,221.485,898.598,2945.533,55.772,228.722,239.687,231.511,54.23,2.461,0
2026-07-28 07:20:58.537666,606,41.806,7.747,4.564,24.346,6.523,20.58,208.221,936.309,3106.4,60.061,228.025,247.634,232.283,54.304,2.058,0
2026-07-28 07:22:05.967915,606,42.102,7.832,5.428,21.696,6.089,20.466,217.21,1002.393,2895.99,71.924,228.545,243.701,231.505,55.795,2.016,0
2026-07-28 07:23:22.173567,606,41.097,7.461,4.235,24.937,5.832,21.91,217.546,976.958,3141.103,68.815,228.478,237.493,235.26,55.145,2.105,0
2026-07-28 07:24:21.635337,606,41.976,7.456,3.392,19.472,6.409,20.727,224.167,903.059,3265.598,65.073,227.259,238.04,234.93,54.677,2.615,0
2026-07-28 07:25:23.076395,606,41.6,7.049,3.24,16.407,5.596,20.759,212.564,910.912,2904.476,56.543,228.471,236.906,232.27,54.769,2.013,0
2026-07-28 07:26:30.100006,606,42.128,7.135,6.972,23.782,5.758,20.918,227.527,990.713,3157.454,59.148,224.793,243.018,233.549,54.644,2.071,0
2026-07-28 07:27:32.798562,606,41.941,7.834,3.805,29.02,6.023,19.956,220.148,1025.479,2853.801,63.579,230.51,243.645,232.574,54.844,2.239,0
2026-07-28 07:28:40.349629,606,41.962,7.543,6.118,24.498,5.693,20.872,227.107,998.254,2899.401,67.18,230.825,242.983,232.696,54.145,2.088,0
2026-07-28 07:29:41.209931,606,42.051,7.781,4.299,20.609,6.162,19.906,210.187,1043.109,3165.26,61.502,228.264,238.703,232.128,53.904,2.334,0
2026-07-28 07:30:47.428283,606,42.214,7.029,3.687,21.873,5.87,21.44,221.708,993.449,3543.298,68.146,227.198,238.013,233.74,55.185,2.133,0
2026-07-28 07:31:53.350221,606,40.669,7.481,4.434,22.784,6.317,20.691,220.984,1042.257,2940.197,64.099,228.644,243.985,232.768,54.504,2.334,0
2026-07-28 07:33:01.914809,606,41.312,7.066,5.034,20.241,6.147,20.592,221.219,1080.446,3666.495,69.865,226.293,245.471,232.49,55.332,2.194,0
2026-07-28 07:34:07.125240,606,41.691,6.958,4.31,20.008,6.568,19.657,222.226,967.538,2847.895,67.369,229.78,242.728,232.459,55.135,2.059,0
2026-07-28 07:35:17.131900,606,41.113,7.276,3.989,23.833,5.471,21.225,221.717,1006.971,3296.296,69.949,228.689,238.864,234.387,55.931,2.314,0
2026-07-28 07:36:19.168748,606,41.581,7.956,3.175,23.988,6.142,22.675,204.282,883.495,3290.701,65.063,227.093,240.448,231.871,55.125,2.237,0
2026-07-28 07:37:26.462502,606,41.799,7.298,3.968,20.17,6.04,20.6,231.449,1007.601,3350.422,62.065,226.46,245.269,232.213,55.473,1.972,0
2026-07-28 07:38:25.452161,606,42.491,7.813,4.843,18.924,6.037,20.966,215.395,930.422,2897.733,69.766,224.889,239.308,232.125,54.556,1.818,0
2026-07-28 07:39:22.478792,606,42.062,7.436,3.187,22.151,5.875,22.105,215.821,1002.704,3144.892,65.888,228.59,244.912,233.946,53.647,2.071,0
2026-07-28 07:40:23.031613,606,42.061,7.808,4.129,21.543,6.098,22.659,220.396,956.989,3051.233,66.064,225.958,241.267,235.123,54.791,2.355,0
2026-07-28 07:41:37.121733,606,41.727,7.67,4.726,24.515,5.409,20.154,223.312,995.661,2958.81,67.656,227.482,241.684,232.098,54.578,1.727,0
2026-07-28 07:42:48.931706,606,40.837,7.83,5.516,20.618,5.399,21.848,210.739,925.324,2980.694,71.509,227.952,247.19,234.88,54.223,1.97,0
2026-07-28 07:43:56.380019,606,41.339,7.381,3.557,23.619,5.751,19.057,209.515,960.939,2615.019,67.371,227.311,242.806,234.503,55.67,1.996,0
2026-07-28 07:44:59.080631,606,40.885,7.567,6.233,23.852,5.396,18.796,230.309,1008.698,2980.612,70.92,226.217,239.357,231.691,54.741,2.301,0
2026-07-28 07:46:08.612292,606,41.982,7.53,4.89,24.915,6.115,19.748,217.558,991.615,2885.327,52.066,228.059,236.666,233.284,55.268,1.704,0
2026-07-28 07:47:08.193065,606,41.751,8.135,3.507,22.47,5.7,20.74,222.073,892.897,2936.522,67.875,228.032,234.442,231.553,54.081,2.301,0
2026-07-28 07:48:06.206235,606,41.806,7.725,4.626,20.776,5.976,19.602,212.867,969.982,2660.295,72.963,227.826,243.009,232.546,55.151,1.827,0
2026-07-28 07:49:11.630092,606,41.952,7.464,3.885,21.856,6.084,21.917,231.269,949.035,2915.595,70.94,230.231,242.26,231.127,55.764,2.024,0
2026-07-28 07:50:17.419674,606,41.467,8.008,3.169,22.161,5.947,21.029,225.823,933.318,3080.135,59.472,230.467,249.352,232.434,56.593,2.252,0
2026-07-28 07:51:25.260681,606,41.049,8.029,4.363,28.255,6.193,21.433,216.075,945.483,2749.685,61.324,227.774,244.235,232.64,53.89,2.44,0
2026-07-28 07:52:28.628689,606,41.483,7.339,4.386,21.207,5.852,20.757,230.727,1009.283,3090.703,74.739,229.103,244.779,231.738,55.237,2.34,0
2026-07-28 07:53:32.188754,606,41.929,7.57,4.737,27.985,5.974,20.585,224.66,1043.343,3032.205,78.503,227.395,240.301,233.526,53.864,1.859,0
2026-07-28 07:54:45.262305,606,40.845,7.405,3.694,22.823,5.84,20.941,225.679,1002.557,2904.192,67.754,226.062,239.64,234.472,54.014,1.754,0
2026-07-28 07:55:50.578104,606,41.8,7.107,3.754,21.57,6.273,22.364,226.194,948.816,3162.818,84.809,228.503,245.685,233.669,55.223,2.543,0
2026-07-28 07:56:54.387207,606,41.099,7.546,5.3,20.81,5.591,21.14,217.393,978.14,3271.781,63.874,226.186,241.214,231.321,55.325,1.66,0
2026-07-28 07:58:01.894861,606,41.996,6.737,5.147,19.661,6.105,21.113,232.624,977.94,2875.927,72.042,229.42,238.846,234.595,55.608,2.495,0
2026-07-28 07:59:05.925873,606,41.062,7.52,3.442,22.163,6.453,20.263,232.275,1015.427,2804.482,60.037,227.931,248.229,233.235,54.889,2.286,0
2026-07-28 08:00:18.998820,606,42.092,7.487,3.08,22.485,6.134,20.298,232.544,977.154,3174.387,67.76,227.595,241.381,231.915,55.95,2.262,0
2026-07-28 08:01:26.319308,606,41.002,7.484,3.547,22.706,5.812,20.526,203.82,1002.477,2832.372,58.175,226.701,238.914,232.748,55.605,2.224,0
2026-07-28 08:02:30.876947,606,41.226,7.447,5.451,28.857,6.092,21.431,220.267,978.834,2663.404,68.607,227.985,250.945,234.646,54.939,1.763,0
2026-07-28 08:03:33.646312,606,42.039,7.392,2.044,26.539,5.795,21.228,222.546,999.047,3196.783,61.63,227.494,239.876,232.963,55.572,1.924,0
2026-07-28 08:04:31.796018,606,41.612,7.073,4.003,22.918,6.318,19.617,217.793,1014.708,2851.922,59.746,225.922,240.733,232.256,54.715,2.542,0
2026-07-28 08:05:38.691384,606,40.717,7.15,5.285,21.526,6.129,21.313,220.086,929.394,3144.086,73.421,227.701,248.159,232.83,55.87,1.665,0
2026-07-28 08:06:41.414764,606,42.054,7.486,4.664,18.711,6.041,21.504,219.801,969.206,2629.375,68.269,227.983,250.944,231.191,55.208,2.447,0
2026-07-28 08:07:40.316153,606,40.642,7.488,4.371,23.399,6.415,21.413,229.436,965.316,3067.5,60.629,228.612,243.03,231.917,54.801,2.518,0
2026-07-28 08:08:41.523172,606,41.611,7.715,5.283,25.436,6.013,21.399,228.474,1009.165,3001.966,61.336,227.315,249.572,233.79,54.426,1.768,0
2026-07-28 08:09:52.582416,606,42.737,7.381,4.311,26.324,5.554,21.417,222.458,975.214,3226.728,56.514,227.856,242.02,232.775,54.826,2.281,0
2026-07-28 08:10:57.710554,606,41.741,7.231,4.036,21.097,6.01,21.257,223.118,944.2,2513.995,61.473,227.403,238.8,232.506,55.253,2.541,0
2026-07-28 08:12:04.483529,606,41.526,7.422,5.139,18.865,5.908,20.066,220.23,957.595,2636.834,61.213,227.385,238.135,232.947,55.0,2.563,0
2026-07-28 08:13:11.334257,606,41.664,6.95,6.128,22.684,5.983,21.677,234.096,982.143,3342.11,67.239,227.507,248.471,233.956,55.572,1.439,0
2026-07-28 08:14:24.781268,606,41.154,7.544,2.564,24.008,6.141,22.205,222.685,1001.896,2972.768,66.142,228.333,244.949,236.421,54.744,2.315,0
2026-07-28 08:15:28.022744,606,41.786,7.643,3.833,21.735,6.201,21.886,232.259,945.972,2677.875,59.682,227.544,243.859,229.178,55.433,2.103,0
2026-07-28 08:16:33.523932,606,42.784,7.83,4.239,23.983,5.666,21.192,226.85,951.92,3112.847,59.436,227.576,239.48,232.899,53.105,2.398,0
2026-07-28 08:17:43.372091,606,41.487,7.569,4.021,22.34,5.997,20.948,224.181,950.227,2857.929,75.12,229.282,240.954,232.54,54.782,2.16,0
2026-07-28 08:18:49.366302,606,41.294,7.218,4.551,23.096,5.932,20.561,209.416,952.019,2800.952,69.913,228.046,244.379,234.624,54.728,2.05,0
2026-07-28 08:19:56.628651,606,41.937,7.327,4.482,23.322,6.055,19.688,228.673,957.908,3463.117,70.211,229.129,238.351,232.796,53.402,2.62,0
2026-07-28 08:21:01.977324,606,42.072,7.454,3.462,22.457,6.117,21.677,207.967,992.499,2871.11,64.813,225.96,237.396,232.345,55.782,2.089,0
2026-07-28 08:22:04.795726,606,41.752,7.324,4.986,19.071,5.971,19.962,218.714,1016.078,2441.636,58.428,230.114,240.657,232.606,54.973,2.577,0
2026-07-28 08:23:15.241139,606,41.545,7.206,4.397,26.051,5.626,20.749,210.486,951.032,2903.776,67.152,228.394,242.891,234.829,55.383,2.23,0
2026-07-28 08:24:20.191375,606,41.978,7.348,5.563,20.999,5.964,20.734,226.898,901.623,2774.653,61.572,227.824,241.461,230.651,54.677,1.734,0
2026-07-28 08:25:28.005789,606,40.967,7.742,5.407,16.119,6.341,21.879,217.191,988.354,2334.579,80.25,228.972,249.285,233.316,55.645,2.16,0
2026-07-28 08:26:35.139192,606,41.456,7.593,4.319,22.308,5.657,21.465,224.64,907.868,3183.474,60.735,230.079,249.432,233.501,55.074,2.479,0
2026-07-28 08:27:26.565968,606,40.544,7.713,4.951,23.646,6.4,20.57,205.365,1033.291,3348.775,72.915,226.88,243.777,235.11,55.499,1.766,0
2026-07-28 08:28:32.177329,606,41.646,7.303,2.549,25.25,5.485,20.921,226.33,972.236,3095.351,63.48,225.429,238.484,231.336,55.12,2.098,0
2026-07-28 08:29:38.406989,606,41.593,7.843,2.691,23.168,6.051,20.854,225.91,984.399,2947.603,64.982,228.284,244.277,232.23,55.384,1.305,0
2026-07-28 08:30:35.248579,606,42.225,7.586,5.428,22.808,5.807,21.437,212.874,1020.118,2868.61,73.073,225.95,240.729,233.587,55.083,1.769,0
2026-07-28 08:31:35.995722,606,41.273,7.601,4.383,23.014,5.985,20.293,216.236,964.415,2940.633,58.845,226.679,230.804,232.479,55.31,1.655,0
2026-07-28 08:32:41.001151,606,42.219,7.486,5.579,20.614,6.209,21.206,229.433,992.151,3235.85,72.022,230.673,250.013,230.865,55.061,1.687,0
2026-07-28 08:33:45.036157,606,41.595,6.881,5.433,21.629,6.272,20.858,221.994,992.568,2408.765,62.432,226.559,237.651,234.176,53.754,2.374,0
2026-07-28 08:34:54.612406,606,42.02,7.844,3.195,25.046,6.375,22.715,226.018,1048.718,2986.944,68.787,226.271,250.969,233.026,53.837,1.895,0
2026-07-28 08:36:06.625361,606,42.086,7.576,5.055,21.171,5.525,20.447,207.683,1064.072,3288.429,70.417,228.913,242.438,231.887,54.594,1.884,0
2026-07-28 08:37:10.190774,606,41.724,7.245,3.833,22.99,5.726,21.857,218.906,973.572,2620.788,69.473,228.974,247.982,231.602,55.88,1.805,0
2026-07-28 08:38:12.671672,606,41.837,8.017,4.242,21.405,5.818,20.704,227.264,1040.239,3251.941,58.093,229.791,248.988,233.403,54.995,2.204,0
2026-07-28 08:39:18.409806,606,41.412,7.504,3.416,20.831,5.763,20.937,214.96,885.613,3445.184,62.365,226.093,246.393,231.328,53.93,2.49,0
2026-07-28 08:40:28.551427,606,42.299,7.407,5.345,22.082,6.117,21.95,215.524,964.877,2832.749,65.939,227.576,243.873,233.504,54.766,2.191,0
2026-07-28 08:41:34.496566,606,43.047,7.256,4.915,22.127,6.228,21.385,219.998,1003.176,2615.57,59.454,228.856,243.247,236.856,54.652,2.241,0
2026-07-28 08:42:44.691586,606,40.971,7.342,3.988,22.213,5.432,20.924,214.7,914.911,2821.222,67.197,227.422,243.452,231.414,54.822,2.322,0
2026-07-28 08:43:54.949563,606,41.734,7.098,3.838,23.382,5.661,20.754,230.046,1068.476,3093.45,70.899,229.775,237.033,235.207,55.581,2.071,0
2026-07-28 08:45:03.287905,606,41.556,7.388,5.157,17.267,5.939,21.975,225.137,1039.544,3691.619,62.223,227.392,239.695,234.6,55.414,1.539,0
2026-07-28 08:46:09.060842,606,41.923,7.468,3.831,21.434,5.986,20.752,220.053,960.328,2778.332,70.147,227.595,234.453,232.239,55.827,2.344,0
2026-07-28 08:47:10.777396,606,40.894,7.638,3.983,24.157,6.462,20.75,234.832,1068.518,2792.207,65.038,227.545,240.824,232.564,54.797,1.941,0
2026-07-28 08:48:17.475047,606,41.172,7.045,3.877,26.51,5.618,20.525,219.277,1009.834,2964.902,66.507,229.508,236.406,232.339,55.308,1.506,0
2026-07-28 08:49:21.091241,606,42.563,7.298,3.868,19.244,5.824,22.267,223.624,986.282,3032.747,68.822,228.496,245.098,233.444,55.788,2.167,0
2026-07-28 08:50:33.943233,606,42.432,7.191,5.077,19.535,6.379,20.121,213.71,995.15,2992.995,71.671,227.509,233.338,233.074,54.943,2.592,0
2026-07-28 08:51:44.294914,606,40.899,7.726,4.693,23.209,5.832,21.202,219.857,943.252,2530.856,59.492,226.947,241.38,232.498,53.416,2.374,0
2026-07-28 08:52:49.704238,606,42.686,7.668,4.021,25.441,6.205,21.235,224.998,983.165,2654.559,70.225,228.156,243.462,232.082,54.738,1.591,0
2026-07-28 08:53:55.291842,606,41.328,7.022,3.605,20.464,5.845,20.162,224.763,941.024,3225.022,70.021,228.487,243.63,232.046,56.394,1.987,0
2026-07-28 08:54:55.584122,606,42.119,7.431,4.484,17.518,5.907,20.811,213.801,976.06,3358.4,65.928,228.307,235.891,234.085,55.242,1.831,0
2026-07-28 08:55:59.684539,606,41.646,7.85,4.271,23.257,6.156,20.74,211.024,980.5,2626.074,59.197,228.011,248.27,231.727,55.044,1.655,0
2026-07-28 08:57:13.823471,606,41.831,7.684,5.161,20.185,5.903,20.578,220.683,985.291,3339.641,67.961,228.382,242.471,232.17,54.516,1.975,0
2026-07-28 08:58:21.376846,606,41.779,7.413,3.883,27.015,5.762,21.075,222.886,975.451,2348.053,67.466,227.172,240.544,233.984,54.602,1.965,0
2026-07-28 08:59:26.952085,606,42.184,7.607,4.865,22.255,6.196,21.22,206.329,1077.149,3072.441,63.93,228.223,237.848,232.448,55.107,1.688,0
2026-07-28 09:00:34.616051,606,41.455,7.699,4.282,19.312,5.714,20.799,235.235,906.661,2904.921,69.343,227.807,241.927,232.064,55.65,1.896,0
2026-07-28 09:01:39.509433,606,42.646,7.941,4.745,20.087,6.211,22.406,222.304,898.49,3097.037,61.28,226.64,235.92,232.473,53.837,1.936,0
2026-07-28 09:02:45.351561,606,42.268,7.391,5.881,22.984,5.879,20.54,205.928,938.287,2617.395,68.61,228.049,242.914,235.389,54.165,1.739,0
2026-07-28 09:03:51.282721,606,41.537,7.84,4.277,21.637,5.71,21.182,223.061,975.241,3223.862,65.351,228.033,235.082,231.697,55.244,1.504,0
2026-07-28 09:05:04.168721,606,41.738,7.362,6.347,22.853,6.238,21.086,208.829,958.923,2909.408,69.476,226.329,240.172,234.561,55.064,1.783,0
2026-07-28 09:06:01.326291,606,41.779,7.35,4.317,30.753,5.853,21.427,212.917,915.177,2780.654,57.667,229.194,240.927,232.19,53.504,1.552,0
2026-07-28 09:07:04.460825,606,41.515,7.454,3.614,19.639,5.926,21.149,223.347,1058.048,2868.0,49.545,227.411,239.273,233.486,54.682,2.1,0
2026-07-28 09:08:01.361822,606,41.55,7.54,5.832,24.68,5.39,20.415,211.282,999.193,3202.325,57.769,228.055,240.001,232.286,56.042,2.007,0
2026-07-28 09:09:05.571156,606,42.12,7.689,6.042,26.279,5.633,21.457,213.435,961.697,2977.901,65.41,227.022,240.029,234.139,54.965,2.362,0
2026-07-28 09:10:11.119750,606,42.014,7.476,3.704,25.91,6.332,21.015,226.058,936.307,3087.246,76.267,227.781,242.485,231.258,54.294,1.363,0
2026-07-28 09:11:19.531706,606,41.449,7.373,3.829,19.75,6.042,21.688,219.309,964.412,3189.64,67.062,230.791,246.701,231.899,54.872,2.38,0
2026-07-28 09:12:20.896305,606,41.753,7.286,5.196,22.864,6.329,21.55,216.915,954.156,2793.833,73.304,228.621,248.372,232.148,56.022,1.66,0
2026-07-28 09:13:23.441320,606,41.214,7.648,4.987,18.535,5.956,21.423,218.884,992.518,2819.183,69.437,227.678,246.703,233.367,55.42,1.987,0
2026-07-28 09:14:32.046276,606,42.568,7.51,3.812,24.774,6.008,21.655,231.99,920.086,3720.776,53.624,226.457,248.309,233.017,54.405,1.915,0
2026-07-28 09:15:39.964597,606,42.096,7.574,3.739,21.274,6.485,20.606,225.981,942.301,2620.417,65.601,227.522,247.02,230.726,55.394,1.631,0
2026-07-28 09:16:44.745741,606,41.669,7.599,4.742,23.495,6.113,21.067,210.385,1012.662,2398.154,61.469,227.375,242.232,231.623,54.725,2.083,0
2026-07-28 09:17:41.405610,606,41.798,7.849,4.384,26.408,6.479,21.78,230.582,949.974,2775.011,59.973,228.512,241.185,235.215,54.025,2.025,0
2026-07-28 09:18:47.257938,606,42.116,7.78,4.991,23.243,5.849,21.167,217.091,1003.118,2906.958,65.299,227.133,250.041,233.01,55.765,2.558,0
2026-07-28 09:19:54.049251,606,41.441,7.687,4.988,23.194,5.911,20.463,219.46,972.911,3200.711,67.156,228.966,242.635,230.323,55.398,2.046,0
2026-07-28 09:21:00.480064,606,41.702,7.462,5.277,21.957,5.756,20.275,213.258,964.547,2808.626,55.253,227.711,237.822,233.78,54.272,1.919,0
2026-07-28 09:21:59.947344,606,42.058,7.18,2.763,26.099,6.152,21.543,216.8,945.601,3210.232,60.254,226.135,244.757,233.063,55.729,1.796,0
2026-07-28 09:23:01.371239,606,41.103,7.38,6.085,21.041,5.717,20.615,221.414,978.925,2859.318,61.712,229.378,249.504,233.42,53.218,1.819,0
2026-07-28 09:24:10.786341,606,41.98,7.477,4.941,23.789,6.494,20.965,220.551,967.061,3137.701,64.23,227.497,246.137,233.682,54.978,1.393,0
2026-07-28 09:25:22.962762,606,42.953,7.329,4.132,24.214,5.499,21.988,232.137,872.531,3304.027,69.142,226.97,241.701,231.714,56.747,1.833,0
2026-07-28 09:26:32.222871,606,40.878,7.641,4.41,24.724,5.986,20.413,212.085,1024.024,2818.277,61.015,227.927,247.446,233.533,56.605,2.144,0
2026-07-28 09:27:36.226651,606,42.159,7.517,5.051,23.496,5.813,21.83,218.991,990.0,3231.719,67.686,228.502,238.105,234.157,54.754,1.78,0
2026-07-28 09:28:40.875108,606,41.09,7.275,4.7,19.831,6.066,20.3,205.379,914.33,2669.926,76.423,227.314,244.294,232.589,57.115,2.286,0
2026-07-28 09:29:42.926557,606,41.011,7.84,4.712,22.626,5.76,21.84,216.016,967.926,3012.703,65.176,228.827,241.336,234.577,55.47,2.003,0
2026-07-28 09:30:50.766293,606,41.505,7.61,4.422,17.98,6.055,21.12,227.298,961.226,3047.579,67.006,226.801,239.679,230.743,54.84,2.214,0
2026-07-28 09:32:01.499640,606,41.966,7.525,5.918,21.943,6.11,19.805,230.573,934.836,3030.913,63.661,229.5,239.232,233.843,55.174,1.924,0
2026-07-28 09:33:10.554774,606,41.985,7.772,4.789,24.449,6.153,20.148,231.161,1003.782,3062.687,60.835,225.911,243.35,231.563,54.646,1.793,0
2026-07-28 09:34:19.029922,606,41.642,7.303,5.467,25.434,6.518,20.399,217.348,1036.653,3050.391,62.03,227.292,242.492,230.095,55.644,2.368,0
2026-07-28 09:35:22.115173,606,41.166,7.344,6.355,20.874,5.974,21.094,217.834,956.418,2148.455,69.27,229.371,246.78,231.297,54.754,1.997,0
2026-07-28 09:36:26.918997,606,41.629,7.41,5.319,28.4,5.906,21.788,213.231,957.803,3043.301,58.828,227.264,238.302,230.589,55.234,2.328,0
2026-07-28 09:37:30.942367,606,40.793,7.631,4.756,18.349,5.933,21.273,218.646,935.331,2527.837,61.243,227.479,254.342,234.836,54.808,1.89,0
2026-07-28 09:38:40.152959,606,42.121,7.583,2.936,23.973,5.554,20.398,228.264,880.285,2826.477,61.589,225.984,243.587,231.971,53.679,0.982,0
2026-07-28 09:39:46.254427,606,41.504,8.282,4.152,24.25,6.278,22.012,225.834,994.109,3218.638,67.624,229.23,244.097,233.565,54.518,2.494,0
2026-07-28 09:40:56.095468,606,42.254,7.258,6.303,24.299,5.697,20.957,216.451,1057.71,3134.633,63.239,227.905,245.912,232.22,54.929,1.756,0
2026-07-28 09:42:03.675750,606,41.214,7.522,4.781,23.803,6.307,20.36,217.735,969.216,3403.086,62.992,228.928,236.099,235.144,54.943,1.625,0
2026-07-28 09:43:06.255292,606,41.969,7.434,3.366,22.926,5.726,20.919,217.99,968.204,3101.737,63.17,228.448,251.177,232.282,55.685,2.227,0
2026-07-28 09:44:06.299289,606,40.815,7.611,4.319,27.439,5.491,21.007,216.177,973.07,2772.895,66.176,225.716,239.746,233.343,55.48,1.494,0
2026-07-28 09:45:20.087237,606,42.375,7.717,3.497,19.795,5.268,20.403,221.634,954.05,2625.424,72.279,225.592,246.603,231.937,54.726,2.282,0
2026-07-28 09:46:24.408483,606,41.92,7.558,4.111,21.795,6.255,21.666,225.184,926.691,3324.53,72.842,227.198,244.653,233.908,54.675,2.028,0
2026-07-28 09:47:30.856118,606,41.519,7.592,4.158,23.039,6.378,20.747,236.112,1086.016,2687.822,58.414,230.305,241.097,232.748,55.171,2.083,0
2026-07-28 09:48:43.762130,606,41.482,7.41,4.002,22.317,6.104,20.42,220.084,996.035,2661.199,65.627,227.578,245.743,233.714,54.791,2.134,0
2026-07-28 09:49:51.769640,606,41.543,7.909,4.566,20.106,5.682,21.427,224.868,1001.398,3006.389,69.503,230.213,241.89,230.972,54.654,1.7,0
2026-07-28 09:50:53.670664,606,41.699,7.382,2.764,24.422,5.639,21.277,212.929,1073.101,3324.033,75.422,226.186,244.188,233.566,54.374,1.703,0
2026-07-28 09:51:59.901398,606,40.903,6.717,5.062,23.425,5.854,21.551,220.747,984.639,3008.093,58.735,228.798,245.4,233.088,54.728,2.263,0
2026-07-28 09:53:11.743576,606,41.535,7.35,5.718,27.432,6.265,21.535,218.911,939.596,2900.613,66.054,228.843,242.653,230.828,55.437,1.832,0
2026-07-28 09:54:19.133990,606,41.545,8.096,2.936,25.008,5.909,20.538,224.664,929.187,2778.659,70.365,226.272,243.808,230.302,54.212,1.931,0
2026-07-28 09:55:38.482248,606,42.209,7.204,5.404,25.771,5.55,20.919,223.431,1058.579,3095.614,61.77,225.557,240.118,234.725,55.419,2.049,0
2026-07-28 09:56:36.484035,606,41.44,7.62,5.057,25.664,5.725,19.426,224.823,1010.268,2486.891,62.086,229.882,238.751,233.629,57.187,2.205,0
2026-07-28 09:57:40.946536,606,41.185,7.3,4.81,19.905,6.051,21.095,219.031,971.687,2589.732,62.479,226.805,246.35,233.647,54.609,1.54,0
2026-07-28 09:58:41.559406,606,41.666,7.616,4.541,21.824,6.355,21.168,217.599,952.444,2763.833,67.065,229.56,239.177,235.014,54.823,2.142,0
2026-07-28 09:59:50.420091,606,41.992,7.777,4.692,21.905,6.183,20.858,211.584,963.626,2771.824,63.434,227.049,248.889,234.08,54.663,2.305,0
2026-07-28 10:00:51.326380,606,41.747,7.385,5.236,25.92,5.738,20.329,221.459,993.001,2822.622,67.637,229.354,238.709,234.73,55.274,2.137,0
2026-07-28 10:01:54.220425,606,41.729,7.82,4.686,23.285,5.984,21.74,219.308,1054.74,3257.312,61.625,227.78,242.626,231.526,54.765,2.394,0
2026-07-28 10:02:57.810467,606,41.723,7.771,6.788,22.908,6.298,20.153,229.574,973.139,3352.929,71.762,229.131,245.197,232.996,54.821,1.926,0
2026-07-28 10:04:04.518159,606,41.62,7.58,3.961,22.718,5.978,22.052,218.862,939.117,2729.541,67.712,228.924,247.362,236.417,53.783,1.58,0
2026-07-28 10:05:09.771393,606,41.42,7.482,5.899,25.905,5.51,19.936,216.223,920.848,2913.003,55.032,229.899,243.288,233.831,54.809,2.162,0
2026-07-28 10:06:19.630502,606,41.307,7.444,4.391,20.129,5.788,20.814,223.986,1003.098,2772.475,68.49,229.818,251.266,229.052,54.069,2.015,0
2026-07-28 10:07:21.397234,606,41.714,7.297,4.164,23.024,5.022,19.404,210.393,1022.511,2822.309,56.554,228.91,235.714,233.276,54.412,2.531,0
2026-07-28 10:08:28.982086,606,41.862,7.219,5.357,27.095,6.086,20.47,222.026,1055.055,3137.459,61.824,227.604,233.382,232.218,55.954,2.086,0
2026-07-28 10:09:34.133227,606,41.733,7.646,4.239,24.358,6.388,21.169,215.644,1091.697,3304.888,64.567,225.693,236.124,231.796,54.308,2.256,0
2026-07-28 10:10:32.477020,606,40.801,7.586,5.98,21.889,6.438,21.22,211.495,911.296,3337.031,62.182,227.775,235.986,234.525,54.71,1.92,0
2026-07-28 10:11:42.870441,606,42.165,7.604,3.865,23.701,5.975,20.831,220.922,977.345,3000.921,68.919,227.653,237.168,232.37,55.471,2.023,0
2026-07-28 10:12:45.953312,606,41.013,7.752,5.579,18.872,5.729,20.648,203.281,959.201,2477.6,76.302,229.981,240.122,233.366,54.785,2.355,0
2026-07-28 10:13:52.539914,606,41.04,7.494,5.012,21.061,5.93,22.652,224.029,967.825,2608.133,53.458,229.752,240.264,232.03,55.464,2.193,0
2026-07-28 10:14:54.897928,606,41.177,7.834,4.361,22.059,6.039,20.942,220.61,940.29,2507.403,61.761,228.16,240.681,233.37,56.359,2.804,0
2026-07-28 10:16:12.044718,606,41.486,7.092,3.665,19.854,6.368,22.984,215.793,990.698,3274.273,66.034,228.75,237.393,233.836,55.366,2.277,0
2026-07-28 10:17:24.452179,606,41.644,7.949,3.662,24.839,6.105,22.073,226.631,921.788,2811.577,64.142,230.323,242.491,233.414,54.002,2.033,0
2026-07-28 10:18:28.527594,606,42.189,7.492,3.778,19.646,5.492,20.531,223.564,996.928,3025.634,54.29,227.067,245.77,232.536,55.788,2.089,0
2026-07-28 10:19:35.609953,606,42.196,7.324,5.442,26.261,6.237,20.66,211.098,1026.204,3413.205,71.939,228.345,240.438,233.409,54.726,2.205,0
2026-07-28 10:20:42.750386,606,40.831,7.472,4.539,24.439,5.423,22.132,224.147,953.986,2687.856,65.814,227.028,241.287,235.617,53.511,2.401,0
2026-07-28 10:21:43.181265,606,40.803,7.895,5.172,21.109,6.054,20.026,223.567,1024.845,2903.21,69.267,228.961,246.564,234.191,54.076,1.968,0
2026-07-28 10:22:51.701191,606,42.236,7.335,4.63,21.507,6.5,21.981,216.9,981.826,3010.363,68.154,227.353,245.919,232.6,54.825,1.534,0
2026-07-28 10:23:57.863092,606,41.611,7.525,3.567,22.912,5.508,20.921,218.443,1016.693,2582.441,63.381,225.699,240.464,231.59,55.538,2.246,0
2026-07-28 10:25:08.129561,606,41.186,7.241,4.802,25.45,5.96,19.262,231.486,989.537,3217.067,57.809,229.574,247.533,230.704,54.7,2.319,0
2026-07-28 10:26:13.511853,606,41.991,7.6,5.022,22.748,5.977,20.207,222.88,936.158,3325.908,65.499,227.91,241.154,230.866,55.212,1.9,0
2026-07-28 10:27:14.961295,606,42.263,7.813,3.014,25.733,5.998,20.832,211.382,974.979,3180.548,57.458,229.826,245.074,230.791,54.643,2.417,0
2026-07-28 10:28:17.933772,606,41.908,7.572,3.994,22.904,6.243,20.639,220.897,957.042,3184.533,70.987,229.632,237.498,230.885,56.484,2.26,0
2026-07-28 10:29:19.116046,606,41.313,7.41,3.808,24.735,5.794,20.496,209.313,1012.249,3017.676,71.611,228.42,239.175,233.548,54.434,2.102,0
2026-07-28 10:30:25.697694,606,40.622,7.398,3.434,26.987,6.199,19.963,223.621,965.831,3091.284,67.314,226.11,237.32,234.292,56.102,1.886,0
2026-07-28 10:31:34.548355,606,41.96,7.528,4.623,23.54,5.917,20.975,216.078,1021.394,3328.98,64.008,228.563,242.265,232.356,54.98,1.768,0
2026-07-28 10:32:34.917377,606,41.637,7.637,4.734,19.993,6.036,22.069,216.759,998.23,3296.804,70.906,227.514,240.332,233.096,55.322,2.188,0
2026-07-28 10:33:42.436888,606,41.28,7.717,5.616,22.404,5.577,22.052,213.55,984.662,3107.344,72.016,230.994,239.181,233.948,52.968,2.117,0
2026-07-28 10:34:51.305450,606,40.917,7.24,5.186,28.36,6.319,21.845,217.709,986.673,2752.749,68.383,228.756,243.528,233.749,56.277,1.935,0
2026-07-28 10:35:59.089393,606,41.811,7.379,4.241,21.515,6.046,20.876,221.67,1018.349,2264.772,72.372,229.955,246.403,233.576,54.228,1.551,0
2026-07-28 10:36:59.709115,606,41.424,7.862,4.242,17.813,6.176,21.851,215.512,1004.677,3369.24,72.585,228.367,241.797,234.361,55.548,2.191,0
2026-07-28 10:38:12.433298,606,41.783,7.624,6.007,20.282,6.336,19.896,214.748,1017.094,3464.547,73.605,229.86,243.388,233.777,54.482,2.203,0
2026-07-28 10:39:19.818528,606,42.155,7.537,4.931,22.275,5.913,21.43,220.574,931.606,2828.683,72.357,228.883,242.13,231.857,53.914,2.082,0
2026-07-28 10:40:19.478401,606,41.36,7.696,5.477,24.29,5.924,22.115,217.859,952.621,3314.895,50.335,227.606,238.409,233.372,55.721,1.988,0
2026-07-28 10:41:23.203719,606,42.759,6.915,3.3,26.134,5.463,21.52,218.32,976.245,2391.591,67.725,229.56,240.537,235.421,54.565,1.727,0
2026-07-28 10:42:26.808822,606,41.644,7.668,3.153,20.662,6.052,19.865,215.228,964.607,3195.078,65.824,225.998,248.301,232.699,54.908,2.212,0
2026-07-28 10:43:31.861418,606,42.077,8.131,4.148,26.654,6.41,20.374,213.368,935.65,3108.76,69.59,229.965,240.861,233.928,54.757,2.533,0
2026-07-28 10:44:43.658844,606,41.436,7.519,5.331,24.944,5.982,20.544,219.112,1029.882,2814.521,56.581,230.066,250.792,235.508,53.542,1.772,0
2026-07-28 10:45:50.633149,606,41.992,7.57,5.853,25.9,5.75,20.244,225.068,926.941,3548.248,58.449,228.765,240.405,232.329,54.03,1.794,0
2026-07-28 10:46:56.058420,606,41.249,7.418,3.851,25.691,6.265,20.769,219.502,1018.084,2924.636,75.281,227.359,239.472,231.301,53.351,1.909,0
2026-07-28 10:48:08.292083,606,42.028,7.261,4.949,21.867,5.569,20.929,217.888,1052.588,3259.247,68.661,226.578,251.255,232.964,54.259,2.373,0
2026-07-28 10:49:16.225703,606,42.945,7.376,4.852,27.976,5.817,20.838,210.002,954.317,3521.167,66.824,229.136,248.282,232.286,56.249,2.427,0
2026-07-28 10:50:30.592126,606,41.156,7.724,3.511,26.61,5.798,20.368,216.671,880.746,2965.53,61.977,228.828,240.048,233.08,55.97,1.997,0
2026-07-28 10:51:37.026256,606,40.537,7.642,3.776,23.206,6.267,21.775,216.246,955.476,3245.9,59.328,225.49,241.821,231.406,56.526,2.011,0
2026-07-28 10:52:49.419922,606,41.395,7.282,4.407,26.887,6.068,20.872,220.6,942.942,2986.54,61.01,227.489,233.419,231.49,55.79,2.026,0
2026-07-28 10:53:47.197709,606,41.849,7.342,3.415,30.318,5.823,20.002,220.324,915.493,3089.723,61.047,225.929,245.322,232.78,55.251,1.613,0
2026-07-28 10:54:56.160135,606,41.745,7.347,6.654,25.746,5.846,20.687,236.288,994.015,2726.856,68.884,227.926,240.098,232.382,56.192,1.569,0
2026-07-28 10:56:01.466279,606,41.489,7.542,3.598,17.603,6.051,20.607,217.477,994.944,3036.294,66.803,227.293,242.023,235.085,54.616,2.125,0
2026-07-28 10:57:08.580326,606,42.237,7.45,4.112,18.461,6.06,19.724,225.629,995.926,3047.597,60.048,228.058,237.456,232.082,56.211,2.584,0
2026-07-28 10:58:16.296107,606,41.474,7.483,4.811,23.815,6.045,20.731,225.831,936.075,3031.487,70.202,226.607,247.458,232.488,55.062,2.732,0
2026-07-28 10:59:24.922778,606,42.14,7.231,4.706,20.476,5.799,21.898,224.393,1022.496,3323.566,49.253,229.774,239.446,233.63,55.019,1.946,0
2026-07-28 11:00:37.430846,606,41.511,7.906,5.024,20.978,6.323,20.822,220.049,947.749,3077.386,49.266,225.815,244.071,236.477,55.04,1.787,0
2026-07-28 11:01:45.690146,606,41.252,7.575,3.639,23.683,6.479,20.869,237.716,930.778,2711.362,69.308,229.218,241.927,232.719,56.102,1.728,0
2026-07-28 11:02:51.741438,606,41.759,7.369,3.347,21.976,6.425,21.384,214.062,929.19,3149.904,74.632,229.455,248.758,234.28,56.647,2.63,0
2026-07-28 11:03:59.766098,606,41.785,7.301,4.585,25.426,6.367,20.582,223.397,944.058,2833.844,49.452,226.332,245.937,232.455,53.991,1.694,0
2026-07-28 11:05:02.261536,606,42.632,7.404,3.729,25.779,6.713,20.235,225.079,980.764,3050.692,62.25,227.42,242.903,231.305,55.805,2.014,0
2026-07-28 11:06:15.892613,606,41.914,7.793,3.88,20.145,5.79,21.49,208.492,930.753,3036.19,75.036,228.082,241.585,231.966,54.796,2.305,0
2026-07-28 11:07:19.336571,606,41.839,7.877,3.818,23.82,5.809,20.985,210.123,940.992,3198.198,56.028,225.675,237.87,232.606,54.975,2.012,0
2026-07-28 11:08:28.532587,606,41.758,7.342,3.817,21.644,5.583,19.8,228.646,1044.249,3054.461,70.284,227.716,235.408,235.246,55.055,2.434,0
2026-07-28 11:09:39.539884,606,41.419,7.391,3.266,25.05,5.929,21.286,222.106,948.345,3168.238,63.117,226.092,236.85,234.124,55.794,1.626,0
2026-07-28 11:10:47.933550,606,41.578,7.082,3.591,22.422,5.628,21.221,211.962,1013.864,3040.453,70.474,227.741,243.738,233.999,53.928,1.807,0
2026-07-28 11:11:51.515522,606,41.438,7.097,4.188,25.64,6.397,19.775,228.507,979.571,3643.812,71.823,227.189,245.855,232.434,53.916,1.871,0
2026-07-28 11:12:54.759530,606,41.766,7.533,5.463,22.811,6.067,19.325,218.755,1017.032,2905.417,67.101,228.25,247.276,232.241,55.062,1.973,0
2026-07-28 11:14:05.355390,606,40.932,7.421,6.226,27.42,5.902,20.532,226.595,985.075,2849.726,60.179,227.487,242.326,231.811,53.831,2.304,0
2026-07-28 11:15:12.980582,606,40.834,7.41,5.286,23.753,5.674,22.779,231.877,976.489,3173.475,59.488,228.426,242.691,233.986,55.149,1.411,0
2026-07-28 11:16:17.263634,606,41.323,7.376,4.705,18.726,5.618,22.662,218.649,961.882,2880.059,62.216,227.064,240.479,234.308,55.803,1.96,0
2026-07-28 11:17:20.108173,606,41.266,7.58,5.369,24.586,5.845,22.059,206.462,941.867,3223.925,55.61,223.597,240.865,234.215,55.344,2.124,0
2026-07-28 11:18:23.560420,606,41.845,7.532,4.367,22.161,6.488,20.471,214.57,986.962,2661.066,69.179,227.612,245.272,231.284,55.31,2.261,0
2026-07-28 11:19:30.338620,606,41.413,7.76,4.718,17.336,6.345,20.418,205.952,952.497,3046.886,54.285,226.097,239.454,231.902,54.336,1.849,0
2026-07-28 11:20:45.925005,606,41.962,8.15,5.111,22.09,6.229,20.09,213.645,892.259,3133.109,73.349,229.222,243.364,235.684,56.322,1.984,0
2026-07-28 11:21:47.130326,606,41.377,7.232,4.961,24.547,5.349,20.134,229.664,990.884,2692.811,60.515,226.378,243.038,233.949,56.035,2.063,0
2026-07-28 11:22:43.916979,606,42.795,7.191,5.314,25.175,5.972,21.434,214.857,971.426,3113.18,63.574,229.348,242.347,234.429,56.066,2.185,0
2026-07-28 11:23:50.062218,606,41.563,7.904,5.077,24.868,5.927,22.215,212.202,992.269,2455.321,61.678,228.736,242.16,232.827,55.471,2.479,0
2026-07-28 11:24:53.604429,606,41.893,7.486,3.876,22.946,5.792,20.823,230.83,976.007,3013.598,74.489,228.186,247.158,234.13,54.216,1.999,0
2026-07-28 11:25:58.187940,606,41.374,7.702,5.046,21.964,6.018,20.616,218.605,1009.721,3336.114,67.969,229.562,244.725,232.48,53.97,2.182,0
2026-07-28 11:26:59.706493,606,41.482,7.22,3.864,20.465,5.73,20.353,221.56,995.395,2763.967,70.914,224.753,243.926,233.832,55.962,1.456,0
2026-07-28 11:28:10.789146,606,41.907,7.235,5.122,25.354,5.839,20.848,212.312,970.507,2984.612,62.045,227.829,245.42,232.863,54.613,1.946,0
2026-07-28 11:29:14.894871,606,41.698,7.717,4.152,24.967,5.741,20.397,228.562,993.17,2768.357,69.008,227.93,240.652,232.869,53.879,2.21,0
2026-07-28 11:30:22.824071,606,42.062,7.187,3.402,21.348,5.809,20.013,220.213,1032.829,3197.901,69.3,227.424,247.046,233.02,53.043,2.329,0
2026-07-28 11:31:35.036397,606,42.207,7.859,3.31,27.13,5.011,21.126,225.451,939.403,3230.23,65.359,228.006,247.042,230.126,55.855,1.534,0
2026-07-28 11:32:40.140929,606,42.729,7.711,6.335,25.543,6.023,20.437,209.777,890.375,3154.425,66.307,227.7,240.506,231.43,55.896,1.992,0
2026-07-28 11:33:42.898306,606,42.058,7.328,3.607,25.579,6.189,20.632,229.009,1016.907,3213.812,66.704,226.185,242.883,234.501,56.78,1.873,0
2026-07-28 11:34:48.368276,606,41.718,7.89,5.305,22.942,5.76,21.01,222.188,1002.443,2815.341,66.44,228.628,241.552,233.807,55.175,2.351,0
2026-07-28 11:35:53.974848,606,41.494,7.636,5.074,28.63,6.336,19.551,214.805,1095.67,2975.767,69.504,227.309,245.364,233.721,55.082,1.577,0
2026-07-28 11:37:02.068051,606,41.348,7.45,5.283,20.735,5.74,19.927,216.961,980.739,2678.571,60.176,228.356,244.131,231.273,53.383,2.182,0
2026-07-28 11:38:08.083600,606,41.493,7.524,3.643,17.041,5.634,21.092,216.216,964.913,2747.762,48.373,228.054,238.236,232.327,55.851,2.121,0
2026-07-28 11:39:14.459040,606,41.807,7.017,4.144,25.552,6.316,20.185,221.717,995.431,2949.881,61.077,229.24,241.971,234.458,54.847,2.226,0
2026-07-28 11:40:18.632580,606,42.283,7.167,3.673,25.705,5.842,21.034,220.758,1013.247,3335.639,61.291,230.318,248.282,231.135,54.968,2.051,0
2026-07-28 11:41:25.443725,606,41.883,7.694,5.337,25.394,6.071,20.486,231.069,1002.397,2761.9,66.376,225.722,241.238,232.069,54.349,2.168,0
2026-07-28 11:42:32.752434,606,41.557,7.555,5.759,26.489,5.562,21.195,205.704,966.188,3091.678,65.495,229.438,246.577,231.043,54.934,2.232,0
2026-07-28 11:43:40.939142,606,41.1,7.866,4.459,26.252,5.953,19.879,224.162,1031.207,2758.783,61.681,228.874,249.259,233.781,55.262,1.837,0
2026-07-28 11:44:40.345247,606,41.307,7.6,6.321,26.399,5.904,20.419,208.59,934.059,2668.378,54.396,228.462,242.462,232.105,54.72,1.97,0
2026-07-28 11:45:41.653117,606,41.807,7.201,4.72,24.121,5.886,22.123,237.579,947.325,3388.342,61.494,229.253,248.052,234.616,53.867,2.256,0
2026-07-28 11:46:42.044369,606,41.979,7.242,4.322,24.123,5.892,21.258,230.406,1044.105,3322.005,66.895,230.276,237.956,233.198,55.66,2.079,0
2026-07-28 11:47:51.822833,606,42.172,7.296,4.581,23.434,6.056,21.649,219.632,1006.065,2783.836,71.879,227.226,243.381,233.51,55.377,1.447,0
2026-07-28 11:48:53.231571,606,42.172,7.354,4.909,26.052,6.035,21.006,222.888,957.974,2909.168,60.989,232.32,244.316,233.644,54.774,1.585,0
2026-07-28 11:49:57.521846,606,41.194,7.539,3.241,21.094,6.155,20.11,220.416,981.987,3050.993,64.441,226.337,240.34,234.952,56.132,2.418,0
2026-07-28 11:51:03.450391,606,41.352,7.797,4.72,22.651,5.405,20.482,215.607,1065.057,2721.298,63.356,227.589,240.756,233.843,54.806,1.886,0
2026-07-28 11:52:03.695946,606,42.126,7.657,4.361,20.077,6.45,20.541,214.793,966.808,3144.267,58.901,228.823,244.778,234.481,55.16,1.397,0
2026-07-28 11:53:07.700057,606,42.22,7.816,4.273,24.849,5.934,20.544,219.662,946.201,2554.285,69.588,227.349,243.23,232.201,53.229,1.862,0
2026-07-28 11:54:23.711975,606,41.695,7.601,4.385,27.626,5.844,21.916,201.261,979.22,2854.395,67.073,227.876,244.527,232.088,54.346,2.239,0
2026-07-28 11:55:29.919751,606,42.5,7.395,5.328,20.747,6.103,20.841,229.131,1014.622,2902.74,79.487,228.727,254.338,231.034,55.329,1.857,0
2026-07-28 11:56:43.006270,606,42.273,7.153,4.5,18.429,5.945,20.025,231.901,992.561,3128.009,58.399,228.302,241.759,233.679,54.776,2.403,0
2026-07-28 11:57:47.046499,606,42.037,7.658,3.531,22.85,6.035,20.523,218.127,1021.683,3352.371,64.083,230.265,237.092,232.466,55.472,1.716,0
2026-07-28 11:58:55.565361,606,41.873,7.476,4.558,23.891,5.887,21.283,230.036,940.202,2705.082,65.354,229.802,239.295,232.847,53.268,2.148,0
2026-07-28 11:59:59.733358,606,40.847,7.698,4.287,22.572,6.172,19.938,216.358,925.438,2958.195,60.412,227.346,242.212,233.025,55.506,2.249,0
2026-07-28 12:01:06.717649,606,41.233,7.349,4.499,19.654,5.517,21.761,215.988,1023.715,3157.673,71.479,228.425,236.517,233.625,54.875,2.094,0
2026-07-28 12:02:15.872801,606,41.653,7.908,4.428,26.098,6.072,22.018,221.362,927.092,2972.587,62.854,229.246,243.499,232.261,56.103,2.2,0
2026-07-28 12:03:20.083202,606,42.508,7.91,4.793,23.952,5.847,20.408,223.592,926.649,2939.955,61.091,225.307,248.629,233.433,54.904,2.509,0
2026-07-28 12:04:28.163781,606,42.363,7.282,3.311,28.058,5.455,21.368,214.023,944.663,3220.638,69.923,228.29,249.421,231.414,55.482,2.175,0
2026-07-28 12:05:32.895223,606,41.348,7.582,3.341,25.734,6.331,21.661,222.293,936.598,2471.62,59.383,227.507,242.637,234.565,55.469,1.498,0
2026-07-28 12:06:39.914735,606,42.186,7.108,4.416,20.65,5.887,20.284,221.932,948.849,2931.561,66.445,227.944,244.907,230.11,55.761,1.999,0
2026-07-28 12:07:49.930056,606,41.254,7.295,4.27,24.354,6.304,20.705,204.148,902.186,3008.811,60.077,230.467,246.542,231.584,55.261,2.154,0
2026-07-28 12:09:01.468954,606,40.391,7.282,3.678,24.673,6.218,20.806,218.001,1036.315,2985.346,63.04,229.122,254.172,233.865,55.015,2.357,0
2026-07-28 12:10:11.623523,606,42.665,7.349,2.756,27.58,5.778,21.259,218.365,910.219,2772.668,64.911,228.606,242.834,233.769,54.848,2.121,0
2026-07-28 12:11:17.489901,606,40.586,7.432,4.704,21.399,6.35,22.019,215.66,1074.186,3241.457,68.342,227.081,238.822,233.797,55.855,2.092,0
2026-07-28 12:12:28.591695,606,40.277,7.306,4.108,19.512,5.93,20.812,215.682,1011.812,3074.41,65.062,229.542,241.148,231.297,54.756,2.212,0
2026-07-28 12:13:38.220726,606,41.823,7.538,4.774,23.101,5.799,19.927,223.32,1094.075,2061.827,61.857,226.574,239.212,229.092,54.548,2.108,0
2026-07-28 12:14:42.281676,606,41.541,7.117,4.721,22.455,5.702,19.755,208.766,945.549,3164.077,67.14,227.841,244.112,234.776,55.604,1.759,0
2026-07-28 12:15:44.131223,606,41.874,7.748,5.099,22.381,5.76,20.453,227.541,958.964,2951.435,59.92,228.551,245.733,233.017,55.911,2.339,0
2026-07-28 12:16:43.390807,606,42.628,7.234,3.588,23.942,6.111,20.79,219.058,1035.832,3241.051,70.99,228.365,242.699,233.782,56.252,1.806,0
2026-07-28 12:17:56.366631,606,42.185,7.461,4.513,15.144,5.779,21.826,228.644,934.253,3368.745,80.969,227.523,239.303,231.853,56.331,1.56,0
2026-07-28 12:18:56.219654,606,41.976,7.394,6.268,19.838,6.129,19.771,215.548,1012.539,3017.406,65.397,227.1,239.909,232.954,55.152,2.099,0
2026-07-28 12:20:01.341200,606,41.263,7.757,4.702,23.352,5.846,20.859,226.76,973.218,2782.196,67.943,230.341,246.423,230.904,55.526,1.81,0
2026-07-28 12:21:08.881490,606,41.449,7.418,5.763,22.771,6.285,22.023,223.816,1018.403,3251.618,58.195,226.396,240.333,232.617,56.702,2.054,0
2026-07-28 12:22:10.137107,606,41.989,7.865,5.091,28.611,5.885,21.263,207.475,1036.735,3411.768,64.586,229.244,253.284,234.119,55.831,1.613,0
2026-07-28 12:23:22.763600,606,41.484,7.59,3.74,23.033,5.944,20.118,218.687,954.766,3090.605,68.769,227.676,238.444,230.222,56.304,2.047,0
2026-07-28 12:24:38.238015,606,42.1,7.266,6.542,19.206,5.959,21.104,237.726,943.919,2984.162,67.271,226.803,238.209,235.834,55.783,1.908,0
2026-07-28 12:25:44.777055,606,41.812,7.447,5.677,21.057,6.055,20.944,225.921,921.604,3263.83,61.029,227.62,238.576,231.218,54.392,1.97,0
2026-07-28 12:26:49.975473,606,41.602,7.489,3.402,25.78,6.011,21.849,212.266,914.137,2759.819,62.123,227.708,247.689,232.191,54.821,2.049,0
2026-07-28 12:27:53.125028,606,42.261,7.684,4.364,22.292,5.713,21.483,216.698,953.936,3027.695,63.379,226.519,241.339,232.547,53.726,1.948,0
2026-07-28 12:29:00.649601,606,41.578,7.542,6.013,17.307,6.571,21.164,225.794,977.357,2875.441,63.382,229.869,240.93,235.792,54.826,1.809,0
2026-07-28 12:29:58.361860,606,41.016,7.445,5.042,24.867,6.196,21.359,222.367,953.119,3159.867,60.525,228.382,250.194,232.689,54.548,1.662,0
2026-07-28 12:31:04.674845,606,42.321,7.309,2.933,26.21,6.278,20.994,209.391,989.053,2942.063,71.458,226.678,231.675,233.788,54.477,2.138,0
2026-07-28 12:32:13.568225,606,41.703,7.619,3.905,22.701,6.353,20.428,207.68,1009.004,2951.577,70.05,227.03,243.797,231.489,54.826,1.813,0
2026-07-28 12:33:17.142854,606,41.588,7.412,3.827,21.465,5.936,21.469,224.975,953.685,3158.969,57.949,225.622,241.391,232.293,54.324,1.579,0
2026-07-28 12:34:24.126383,606,41.638,7.32,5.759,25.383,6.248,20.491,218.025,958.312,3387.186,76.457,228.406,253.011,233.057,54.056,1.874,0
2026-07-28 12:35:32.091752,606,41.415,7.243,4.938,17.42,6.405,21.215,227.482,1029.356,3179.35,69.589,227.511,240.439,230.567,55.818,1.818,0
2026-07-28 12:36:39.419276,606,43.008,7.756,4.239,25.121,6.428,21.452,222.397,993.566,3229.45,61.904,226.025,239.248,231.421,54.523,1.853,0
2026-07-28 12:37:43.800363,606,41.051,7.129,3.838,23.114,6.281,20.084,214.27,969.782,3293.831,63.73,226.727,245.37,232.283,54.794,2.275,0
2026-07-28 12:38:52.471489,606,41.88,7.62,5.069,25.475,5.934,20.804,219.721,948.939,2914.603,64.141,227.175,243.905,233.63,55.989,1.747,0
2026-07-28 12:39:55.187855,606,41.803,7.505,4.395,19.833,6.405,22.05,217.012,1015.422,3058.123,58.458,226.87,244.957,232.944,54.395,2.496,0
2026-07-28 12:40:57.145734,606,42.102,7.363,4.653,22.838,5.617,21.894,222.021,965.837,2970.01,55.207,231.311,240.847,233.891,55.617,2.006,0
2026-07-28 12:42:00.523121,606,41.522,7.321,5.016,25.726,5.808,21.261,213.708,894.484,3002.955,61.553,229.283,239.964,231.846,53.992,1.892,0
2026-07-28 12:43:07.557777,606,42.32,7.505,4.648,24.538,5.308,20.833,209.369,889.62,2899.242,70.209,226.331,238.601,234.66,55.104,2.36,0
2026-07-28 12:44:06.396879,606,41.533,7.366,3.348,16.017,5.926,20.768,218.879,942.785,2954.909,55.845,228.793,243.641,233.879,55.515,1.966,0
2026-07-28 12:45:07.749389,606,41.454,7.356,5.226,25.39,5.875,20.489,213.994,933.538,2922.221,64.118,227.76,243.26,232.529,54.527,1.875,0
2026-07-28 12:46:09.319023,606,41.743,7.748,5.38,25.985,5.858,20.908,226.614,979.12,2795.525,62.961,228.234,244.016,232.357,55.833,1.954,0
2026-07-28 12:47:15.887131,606,41.874,7.461,6.291,24.183,5.934,21.861,218.327,896.761,2311.997,62.117,227.509,252.802,232.348,55.418,3.049,0
2026-07-28 12:48:18.632225,606,42.247,7.502,3.969,23.2,5.671,20.516,221.829,978.772,3009.81,62.999,228.835,249.022,231.794,55.285,1.25,0
2026-07-28 12:49:20.248859,606,41.053,7.299,5.59,25.817,6.188,20.065,217.361,934.624,3435.632,68.919,229.745,242.338,232.314,55.893,2.013,0
2026-07-28 12:50:21.072363,606,42.16,7.749,5.587,23.349,5.933,21.641,221.12,1021.056,3146.376,60.021,228.172,240.598,232.875,55.685,2.322,0
2026-07-28 12:51:23.281048,606,42.194,7.805,5.407,18.023,5.902,20.699,224.248,943.856,2958.11,62.63,226.771,247.727,233.284,54.99,2.131,0
2026-07-28 12:52:27.003925,606,42.068,7.555,4.635,20.944,5.598,20.265,221.673,1014.421,2628.521,67.584,228.062,245.708,234.101,53.796,2.129,0
2026-07-28 12:53:28.320581,606,41.668,7.857,3.721,27.335,5.694,20.977,208.547,973.047,2756.284,60.069,229.043,243.875,233.255,56.539,2.244,0
2026-07-28 12:54:35.019602,606,41.458,7.364,4.252,22.34,5.719,20.721,216.886,955.276,2489.124,69.09,229.19,245.406,231.236,54.588,2.225,0
2026-07-28 12:55:40.273436,606,41.95,7.73,3.548,23.652,6.142,20.991,234.296,921.136,3112.335,72.084,227.641,238.366,232.804,53.13,1.945,0
2026-07-28 12:56:50.977874,606,41.817,7.405,3.218,18.325,6.828,21.296,222.605,941.365,2775.588,61.798,226.127,245.993,233.897,56.328,2.238,0
2026-07-28 12:58:03.693962,606,40.96,7.379,5.14,24.517,6.072,21.201,216.863,1034.967,3312.128,71.396,229.49,240.252,235.428,55.497,2.039,0
2026-07-28 12:59:09.000715,606,42.157,7.85,3.787,24.691,6.235,21.266,216.426,971.744,2347.96,60.637,227.776,241.981,232.922,55.031,2.096,0
2026-07-28 13:00:16.905945,606,41.363,7.409,2.817,29.401,6.257,21.041,229.82,938.851,2847.779,56.191,228.528,245.652,232.93,54.956,1.745,0
2026-07-28 13:01:25.404839,606,41.38,7.261,4.606,25.259,5.512,19.698,223.698,989.234,3276.758,74.304,230.567,246.402,232.802,55.72,1.82,0
2026-07-28 13:02:31.765908,606,42.237,7.046,5.191,25.709,6.345,21.0,211.153,955.182,2631.315,65.181,228.754,233.737,233.304,56.787,1.857,0
2026-07-28 13:03:34.732815,606,41.787,7.502,5.038,17.907,6.076,20.038,233.992,945.28,2627.948,66.133,228.885,249.271,231.973,54.699,1.777,0
2026-07-28 13:04:42.139350,606,41.621,7.243,3.663,21.438,6.321,20.437,221.977,957.572,2829.492,61.624,227.802,246.547,234.236,54.353,1.699,0
2026-07-28 13:05:43.083143,606,41.518,7.994,3.99,28.928,5.692,20.447,221.812,1017.018,2674.377,59.637,228.935,239.116,233.32,54.825,2.259,0
2026-07-28 13:06:50.617959,606,41.583,7.935,4.852,25.534,6.082,21.341,230.359,974.23,2874.335,64.887,225.189,240.85,235.966,53.901,1.81,0
2026-07-28 13:07:56.013464,606,41.688,6.75,5.271,24.355,6.208,19.689,221.139,1005.79,2355.831,76.858,225.064,243.514,232.917,54.888,1.698,0
2026-07-28 13:09:02.698252,606,42.527,7.909,4.872,28.124,5.973,20.801,222.98,957.018,3319.66,62.755,228.266,241.012,234.052,56.006,2.063,0
2026-07-28 13:10:09.101513,606,40.738,7.305,5.243,20.653,5.654,20.873,209.359,949.09,3209.384,70.928,225.979,237.117,232.432,55.153,1.755,1
2026-07-28 13:11:20.548329,606,42.959,7.813,4.359,24.084,5.477,21.482,219.376,1038.693,2832.651,76.765,230.205,238.898,233.382,55.361,2.177,0
2026-07-28 13:12:23.542994,606,42.873,7.765,4.84,24.382,6.212,21.009,211.161,929.819,2468.48,64.186,229.358,245.418,233.759,55.812,2.098,0
2026-07-28 13:13:32.837513,606,41.52,7.835,4.686,22.642,6.173,21.321,216.369,962.094,2734.538,65.438,230.138,238.157,235.385,54.779,2.132,0
2026-07-28 13:14:39.169527,606,41.795,7.95,3.566,19.032,5.792,21.02,221.748,1023.815,3190.755,63.286,227.523,242.344,232.502,54.084,1.758,0
2026-07-28 13:15:50.888835,606,41.794,7.211,3.001,27.199,6.244,22.137,204.31,955.916,3201.284,61.838,228.413,244.486,232.454,54.86,1.864,0
2026-07-28 13:16:51.730517,606,42.236,7.239,3.771,23.276,5.832,20.636,222.272,1055.57,2806.916,61.975,227.898,243.721,233.037,54.895,2.153,0
2026-07-28 13:17:57.303327,606,41.771,7.702,3.875,24.258,5.703,22.572,225.872,937.486,3110.135,51.594,227.589,241.099,230.749,55.655,1.562,0
2026-07-28 13:19:04.712543,606,41.893,7.528,5.632,21.088,6.126,20.552,207.174,1003.181,2553.91,62.419,226.69,240.026,234.106,55.606,2.104,0
2026-07-28 13:20:10.652277,606,42.293,7.669,4.4,20.985,5.477,21.488,215.245,1049.345,2957.677,60.769,227.617,237.937,232.924,53.362,2.016,0
2026-07-28 13:21:10.528940,606,40.733,7.413,3.785,22.076,6.061,22.011,209.4,984.085,2621.119,65.402,226.969,244.045,233.59,53.752,2.368,0
2026-07-28 13:22:13.963168,606,41.623,7.721,4.335,22.366,5.491,20.813,223.632,993.463,3083.667,78.752,228.637,238.812,232.383,55.923,1.562,0
2026-07-28 13:23:16.628371,606,41.817,7.176,4.673,26.141,5.648,20.894,216.482,1011.496,2858.823,67.538,227.261,251.22,232.863,54.063,1.87,0
2026-07-28 13:24:29.938861,606,41.54,7.99,4.126,24.083,5.883,20.004,227.869,866.007,2906.904,66.555,229.664,241.542,233.815,55.825,2.046,0
2026-07-28 13:25:36.347037,606,40.852,8.117,4.005,20.234,6.209,23.319,210.818,1037.402,2977.827,62.622,226.921,243.624,233.608,52.955,2.369,0
2026-07-28 13:26:38.310787,606,41.724,7.049,4.158,18.797,5.385,20.802,221.379,990.656,2480.69,68.434,227.66,239.773,231.698,56.436,2.224,0
2026-07-28 13:27:47.283828,606,41.429,7.891,4.677,25.631,6.218,21.949,214.151,978.602,2989.278,65.098,228.485,245.291,234.116,55.052,1.831,0
2026-07-28 13:28:51.621132,606,41.488,7.066,4.348,25.928,6.354,20.462,220.116,982.733,3304.823,60.318,227.92,234.525,233.275,55.931,2.062,0
2026-07-28 13:30:02.740187,606,41.697,7.645,4.098,22.147,6.071,19.98,217.704,887.998,3015.527,67.481,227.238,244.296,232.654,55.148,2.258,0
2026-07-28 13:31:05.566485,606,40.857,7.261,3.846,21.243,5.946,20.519,224.921,1014.917,3285.399,59.645,229.014,241.527,232.45,56.231,2.241,0
2026-07-28 13:32:07.344170,606,41.557,7.615,4.779,23.153,5.991,21.093,222.017,992.142,2880.061,62.995,227.567,254.09,233.76,56.194,2.349,0
2026-07-28 13:33:11.200294,606,41.362,7.187,4.166,23.166,5.568,21.052,228.035,934.865,3062.275,63.981,229.423,242.305,231.612,54.92,1.702,0
2026-07-28 13:34:19.162957,606,41.06,7.602,4.979,23.787,5.983,20.51,219.324,993.671,3095.263,63.469,227.885,239.192,231.507,53.835,2.539,0
2026-07-28 13:35:27.114535,606,41.953,7.453,5.833,25.996,6.091,20.655,213.61,999.49,3172.61,74.036,228.794,246.524,234.419,53.638,1.756,0
2026-07-28 13:36:38.465923,606,41.06,7.434,3.547,25.77,7.1,21.073,224.293,952.186,3258.712,70.498,228.569,243.302,233.367,54.25,2.075,0
2026-07-28 13:37:52.322536,606,41.977,7.59,4.29,25.431,6.384,20.423,219.48,1030.886,2607.108,58.462,225.842,236.571,233.631,54.298,1.853,0
2026-07-28 13:39:00.783563,606,42.141,7.073,3.139,20.157,5.949,20.646,218.137,970.683,2780.511,59.695,230.406,249.597,232.677,56.236,1.991,0
2026-07-28 13:40:04.064154,606,41.646,7.655,4.293,24.477,5.698,20.217,222.381,964.039,3135.542,66.355,225.985,237.277,233.714,54.585,1.919,0
2026-07-28 13:41:13.673007,606,42.249,7.422,6.104,23.941,6.101,21.53,214.69,1004.815,3102.376,73.063,229.374,240.835,232.088,55.304,2.491,0
2026-07-28 13:42:19.929345,606,42.86,7.113,5.004,19.418,5.981,20.057,232.462,938.602,2992.229,63.094,227.48,243.877,233.587,53.814,1.662,0
2026-07-28 13:43:26.054601,606,41.988,7.67,3.931,21.955,6.108,20.766,227.356,955.964,3732.537,57.535,227.958,242.993,231.588,54.753,1.504,0
2026-07-28 13:44:31.677308,606,41.548,7.344,4.891,24.392,5.687,21.356,222.559,926.64,3026.357,66.375,227.184,246.184,234.347,55.043,1.722,0
2026-07-28 13:45:33.662271,606,42.292,7.487,3.539,19.037,5.499,21.41,221.791,968.482,3081.227,63.205,229.264,236.974,234.231,54.989,1.72,0
2026-07-28 13:46:36.459977,606,40.732,7.582,3.539,21.338,6.115,20.188,220.294,961.749,2621.416,76.324,227.02,241.741,232.598,53.972,2.156,0
2026-07-28 13:47:37.650097,606,42.872,7.483,5.056,23.263,5.852,21.535,216.366,981.579,3263.869,60.389,226.542,239.041,232.39,55.541,1.956,0
2026-07-28 13:48:36.657169,606,41.751,7.492,4.234,21.822,5.993,21.318,223.541,1019.823,3025.652,59.366,229.756,245.2,233.758,55.665,2.107,0
2026-07-28 13:49:43.605074,606,41.843,7.647,4.31,26.028,5.674,21.457,217.035,1005.232,3017.44,62.481,229.792,246.518,231.728,54.785,2.088,0
2026-07-28 13:50:55.424310,606,40.92,7.431,4.458,25.071,6.327,20.913,231.493,981.54,3531.502,59.455,227.865,241.182,232.171,53.307,1.777,0
2026-07-28 13:52:03.040844,606,42.158,7.756,4.282,19.341,5.613,21.308,230.047,1031.373,2952.672,67.067,226.454,242.002,234.504,55.508,1.819,0
2026-07-28 13:53:11.703146,606,41.762,7.787,5.609,20.587,6.251,21.416,221.544,949.225,3312.34,63.567,227.401,240.375,232.651,55.235,1.695,0
2026-07-28 13:54:25.742136,606,41.634,7.354,3.26,26.197,5.979,22.733,226.476,997.285,3308.355,70.637,227.454,238.032,233.335,56.102,2.208,0
2026-07-28 13:55:27.650519,606,41.389,7.36,3.818,24.597,5.927,19.793,209.468,1015.351,2945.831,79.385,229.276,245.139,231.272,54.156,1.641,0
2026-07-28 13:56:39.885139,606,41.258,7.656,4.692,14.926,6.048,21.286,221.162,1057.384,2597.895,63.381,230.09,238.478,233.67,56.417,1.425,0
2026-07-28 13:57:50.782932,606,41.332,7.919,3.508,26.992,5.934,21.508,207.731,982.286,2821.602,57.48,228.747,242.447,234.991,54.585,1.793,0
2026-07-28 13:58:56.776306,606,40.889,7.774,3.852,23.042,5.905,21.207,220.725,959.332,3310.037,62.319,227.767,245.107,233.351,56.798,2.412,0
2026-07-28 13:59:58.346865,606,41.801,7.275,5.231,22.896,5.988,21.708,214.364,976.663,2890.458,60.761,226.567,236.235,234.632,54.424,1.759,0
2026-07-28 14:01:06.312018,606,42.493,7.427,3.784,20.522,5.848,21.671,226.336,978.839,2649.881,68.823,228.72,243.195,232.125,55.329,1.947,0
2026-07-28 14:02:21.990140,606,41.898,7.296,5.195,26.536,6.09,21.251,220.563,947.061,3039.61,68.152,228.925,238.049,235.856,53.589,1.687,0
2026-07-28 14:03:31.898549,606,41.29,7.867,3.357,24.456,6.385,20.93,217.387,976.834,2698.649,68.198,226.218,244.093,232.898,54.815,1.595,0
2026-07-28 14:04:34.707428,606,41.864,7.606,6.247,22.621,6.758,19.559,217.502,1052.243,2738.153,64.424,227.783,242.793,231.755,54.857,1.756,0
2026-07-28 14:05:43.578873,606,40.374,7.25,5.078,15.326,6.3,22.521,204.622,903.858,2716.511,63.211,228.944,239.527,230.864,55.327,2.139,0
2026-07-28 14:06:48.595041,606,42.552,7.391,5.098,21.634,6.202,19.388,226.187,871.836,3273.841,70.307,227.545,243.738,233.891,54.713,1.503,0
2026-07-28 14:07:57.001742,606,41.42,7.264,4.171,19.951,5.376,21.467,229.65,910.778,3351.405,71.205,228.059,244.685,234.513,54.855,2.444,0
2026-07-28 14:08:59.041936,606,41.957,7.4,4.509,21.904,5.953,21.277,225.459,935.907,2618.221,75.305,229.204,237.405,230.723,55.902,1.527,0
2026-07-28 14:10:07.246094,606,41.672,7.642,6.793,20.521,5.795,20.11,216.521,924.733,3057.481,71.055,228.068,242.983,233.699,54.457,1.772,0
2026-07-28 14:11:11.355572,606,41.991,7.345,3.571,25.24,5.54,22.623,213.92,941.274,3141.503,66.232,225.033,239.595,232.702,54.659,1.682,1
2026-07-28 14:12:09.450897,606,42.865,7.523,4.02,27.336,6.309,21.673,208.272,931.586,2804.913,60.054,229.505,245.582,234.394,55.329,1.84,0
2026-07-28 14:13:15.555905,606,40.63,7.577,4.218,22.794,5.502,21.256,217.291,995.381,2773.411,70.622,228.593,232.975,232.035,55.07,2.451,0
2026-07-28 14:14:18.490438,606,41.829,7.023,4.646,19.759,5.753,20.135,203.834,935.382,3459.105,65.096,225.962,244.326,233.89,54.88,1.902,0
2026-07-28 14:15:19.993025,606,41.843,7.074,5.085,22.001,5.475,22.124,205.038,926.354,2645.605,66.615,229.194,237.028,235.501,55.052,1.867,0
2026-07-28 14:16:20.191496,606,41.511,7.38,4.922,21.765,5.958,22.172,226.769,891.892,3167.514,65.124,226.88,240.569,232.295,53.916,2.174,0
2026-07-28 14:17:23.918487,606,41.329,7.277,3.585,27.41,6.341,21.161,231.211,1018.786,3123.382,53.106,229.152,248.255,231.843,56.565,1.736,0
2026-07-28 14:18:28.371262,606,42.178,7.603,5.155,23.118,5.633,22.339,215.645,1033.603,3668.857,70.011,226.241,236.217,235.502,54.576,2.019,0
2026-07-28 14:19:34.995984,606,41.682,7.413,5.149,27.062,5.84,21.2,223.299,986.94,3315.236,61.228,228.766,243.445,233.131,54.268,2.404,0
2026-07-28 14:20:38.352399,606,41.7,7.679,4.562,19.035,6.24,21.323,216.545,981.472,2558.592,66.822,228.321,238.137,232.775,55.18,2.196,0
2026-07-28 14:21:40.856086,606,41.549,7.625,3.967,23.009,6.377,21.004,228.244,1004.309,2654.406,67.462,226.7,248.148,232.143,54.067,2.093,0
2026-07-28 14:22:44.845349,606,41.621,7.715,4.744,20.088,6.005,21.572,221.591,1010.996,2804.481,62.77,228.072,244.068,234.549,54.689,2.082,0
2026-07-28 14:23:50.997677,606,42.005,7.368,4.262,22.648,5.628,21.434,224.315,926.338,3020.507,70.112,230.019,253.593,232.722,55.978,1.842,0
2026-07-28 14:24:56.494850,606,41.984,7.445,4.46,24.407,5.904,20.665,207.28,965.316,2510.069,76.173,230.524,243.123,232.769,55.019,1.632,0
2026-07-28 14:26:02.793519,606,41.312,8.002,4.518,18.783,5.872,20.233,219.344,1018.113,3097.005,63.744,227.619,246.235,232.34,54.404,2.191,0
2026-07-28 14:27:04.605928,606,41.548,7.238,3.758,21.47,5.818,20.888,216.314,952.634,3071.515,62.97,229.339,241.942,233.061,54.065,1.983,0
2026-07-28 14:28:05.241395,606,42.209,7.667,4.532,22.465,5.604,21.535,229.594,982.784,2876.259,64.877,225.969,250.453,233.459,55.27,2.195,1
2026-07-28 14:29:13.333045,606,42.541,7.753,5.41,23.519,6.215,20.9,216.179,1028.117,3324.958,68.128,229.743,242.913,234.612,54.269,2.456,0
2026-07-28 14:30:20.640991,606,42.542,7.619,5.077,18.659,5.896,20.367,218.257,1078.874,3162.307,61.421,229.334,248.083,231.476,54.236,2.402,0
2026-07-28 14:31:18.773513,606,42.503,7.724,4.337,24.147,5.453,20.967,206.983,1018.382,3332.276,62.11,230.186,235.094,232.463,55.268,2.006,0
2026-07-28 14:32:25.234337,606,41.799,7.5,4.294,24.245,6.172,20.195,221.072,921.478,3731.998,64.676,227.335,242.859,235.313,55.679,2.065,0
2026-07-28 14:33:30.245594,606,42.218,7.621,5.995,25.785,6.502,20.628,220.721,946.122,2744.719,61.088,227.326,240.591,233.141,54.409,1.718,0
2026-07-28 14:34:31.065512,606,41.883,7.556,3.762,18.54,6.083,19.742,217.974,1028.132,3144.21,61.461,229.531,245.62,233.825,53.767,1.814,0
2026-07-28 14:35:43.756079,606,41.331,7.148,5.05,22.102,5.692,21.099,228.919,943.887,2837.687,67.931,228.451,247.681,232.587,54.7,1.883,0
2026-07-28 14:36:42.970272,606,41.639,7.446,5.538,22.946,6.634,21.563,220.14,1013.453,3199.022,60.918,228.031,250.511,232.618,55.489,2.113,0
2026-07-28 14:37:52.378893,606,41.597,7.12,3.567,23.526,5.991,21.035,215.596,1050.037,2886.96,66.545,229.075,237.568,234.108,55.267,1.92,0
2026-07-28 14:38:54.424417,606,42.163,7.658,4.359,23.191,6.231,21.291,214.396,1021.925,2897.619,59.424,228.902,247.489,232.607,54.441,2.059,0
2026-07-28 14:39:55.569736,606,42.098,7.556,5.445,21.437,5.882,21.122,225.245,1053.105,2705.883,65.806,228.073,241.234,233.888,55.294,1.918,0
2026-07-28 14:41:01.667209,606,41.649,7.738,3.883,23.275,5.804,21.344,208.653,927.031,3145.602,60.536,229.269,248.013,234.373,54.438,1.794,0
2026-07-28 14:42:03.315612,606,41.587,7.216,4.629,31.009,6.219,21.428,215.359,892.608,3479.09,64.475,228.633,242.739,231.032,54.121,2.177,0
2026-07-28 14:43:13.974576,606,41.359,7.525,3.315,24.588,5.709,21.443,219.113,942.188,2709.317,72.749,228.005,249.143,233.097,56.157,2.085,0
2026-07-28 14:44:24.219081,606,41.536,7.533,4.16,18.666,5.869,21.814,217.127,976.199,2430.422,60.687,226.146,239.787,232.917,55.936,1.811,0
2026-07-28 14:45:28.588725,606,41.647,8.003,5.689,27.255,5.964,19.876,219.486,936.73,3192.394,59.89,227.471,246.577,233.722,54.26,2.108,0
2026-07-28 14:46:35.400327,606,41.864,7.452,3.446,27.637,6.38,21.55,227.919,942.49,3361.568,66.458,228.381,237.368,234.575,55.406,1.87,0
2026-07-28 14:47:43.989884,606,41.757,7.362,3.113,25.317,5.577,20.847,218.107,969.832,3723.631,63.232,226.108,237.208,232.398,53.908,2.254,0
2026-07-28 14:48:45.251976,606,41.298,7.508,4.47,26.624,6.318,20.667,213.023,956.066,2965.779,81.279,226.299,237.544,234.23,56.157,2.444,0
2026-07-28 14:49:56.649620,606,41.457,7.913,4.954,29.543,6.232,19.646,230.773,1011.855,2964.449,56.361,226.151,241.809,234.181,55.513,1.866,0
2026-07-28 14:50:59.916666,606,41.645,7.715,4.086,23.8,6.176,19.89,218.06,976.615,3169.818,65.012,227.915,241.62,233.203,55.17,2.083,0
2026-07-28 14:52:05.283200,606,41.953,7.663,4.24,25.965,6.209,20.648,222.964,950.489,2756.583,79.471,227.897,244.525,233.357,53.919,2.151,0
2026-07-28 14:53:10.272358,606,41.451,7.442,5.131,27.262,5.661,20.418,230.346,1017.022,2799.645,66.681,226.28,243.739,232.746,55.866,1.969,0
2026-07-28 14:54:13.641270,606,40.968,7.445,5.543,20.848,5.579,21.697,214.961,1098.866,3254.451,66.637,226.711,241.799,231.94,55.263,1.772,0
2026-07-28 14:55:17.166167,606,41.143,7.873,4.942,27.221,5.455,21.516,232.486,995.78,2617.684,56.369,229.535,243.994,233.946,55.413,2.035,0
2026-07-28 14:56:24.479091,606,41.86,7.395,5.306,23.563,5.882,22.052,232.484,952.936,2717.966,63.021,228.75,241.436,233.401,55.94,2.189,0
2026-07-28 14:57:32.343188,606,41.932,7.376,4.476,25.709,6.09,20.893,214.885,904.551,2586.717,65.455,228.711,245.041,233.379,55.479,1.587,0
2026-07-28 14:58:33.612160,606,41.407,7.08,3.969,25.577,5.702,21.458,215.991,964.155,2796.418,53.253,226.284,238.596,234.631,54.003,1.93,0
2026-07-28 14:59:38.942012,606,41.205,7.111,3.236,21.114,6.17,19.898,225.149,924.488,2902.818,70.191,228.613,244.648,232.205,55.903,2.292,0
2026-07-28 15:00:40.757426,606,40.998,7.784,3.329,26.819,5.948,22.674,230.149,997.462,2926.317,59.219,227.427,235.677,232.656,54.381,2.272,0
2026-07-28 15:01:42.552321,606,41.022,6.994,4.394,21.787,5.997,22.257,225.802,1047.928,2937.066,71.965,226.074,249.16,229.898,54.749,1.639,0
2026-07-28 15:02:54.997280,606,41.507,7.903,5.605,23.778,6.181,20.42,219.711,938.803,3213.122,54.337,226.349,238.074,233.62,54.724,1.573,0
2026-07-28 15:03:59.788157,606,40.914,7.436,3.701,25.332,6.0,22.121,223.745,950.667,2952.116,68.387,229.329,237.724,231.71,53.933,2.316,0
2026-07-28 15:05:00.748531,606,41.781,7.592,7.114,24.604,5.641,20.195,224.989,1006.6,2773.748,70.22,225.751,248.658,233.222,54.376,1.48,0
2026-07-28 15:06:08.142882,606,41.956,7.765,4.352,21.414,6.465,20.528,222.201,944.386,2668.1,58.781,231.357,240.275,230.924,54.12,1.796,0
2026-07-28 15:07:12.165905,606,41.018,7.349,3.648,19.412,6.16,21.007,216.846,900.395,2895.41,69.614,225.505,248.201,233.19,54.161,2.241,0
2026-07-28 15:08:18.236326,606,41.183,7.65,4.032,20.689,5.662,20.386,225.724,1026.897,3538.293,63.957,229.37,242.759,233.296,54.908,2.369,0
2026-07-28 15:09:20.001423,606,41.654,7.244,4.439,25.025,5.932,21.424,218.168,915.494,3072.597,58.758,228.363,235.682,232.811,55.637,1.715,0
2026-07-28 15:10:25.749354,606,41.295,7.34,5.662,24.503,6.048,21.796,206.775,971.622,3477.809,59.009,228.981,241.535,232.697,56.504,2.084,0
2026-07-28 15:11:34.906451,606,41.796,7.609,4.599,22.447,5.638,20.006,210.461,969.479,2417.881,64.299,228.845,232.705,232.196,55.445,2.33,0
2026-07-28 15:12:44.188810,606,42.192,7.604,3.444,22.353,6.231,21.083,229.084,956.886,2735.18,65.801,229.341,244.423,234.869,56.347,1.903,0
2026-07-28 15:13:54.947903,606,41.597,7.59,5.996,22.132,5.661,20.307,212.534,1001.33,2489.236,68.795,227.9,246.177,231.73,54.05,1.872,0
2026-07-28 15:14:59.388119,606,40.848,7.869,3.978,19.946,6.507,21.192,220.762,909.572,2962.943,64.293,228.454,244.943,235.248,56.411,2.479,0
2026-07-28 15:16:02.694757,606,41.784,7.481,3.81,25.565,6.278,21.209,228.969,990.473,3129.302,68.83,228.426,239.422,232.66,54.747,1.964,0
2026-07-28 15:17:08.498978,606,41.53,7.902,4.899,19.904,5.793,20.554,221.266,938.388,3259.789,66.198,228.722,243.325,234.944,56.778,1.359,0
2026-07-28 15:18:13.915936,606,41.966,7.515,5.346,23.347,5.677,20.885,236.139,977.276,3206.982,65.11,228.211,236.837,233.13,54.225,2.048,0
2026-07-28 15:19:18.563582,606,42.862,7.651,5.321,26.564,6.04,21.072,219.344,939.527,3267.579,57.762,229.413,244.714,234.072,55.857,2.162,0
2026-07-28 15:20:20.310474,606,41.22,7.683,3.015,22.899,5.578,20.521,214.26,980.032,2935.586,59.444,226.387,245.045,231.534,54.04,2.309,0
2026-07-28 15:21:33.914655,606,41.334,7.374,5.883,27.433,5.945,19.828,209.922,1010.782,2843.074,65.569,228.864,239.835,230.791,54.095,2.208,0
2026-07-28 15:22:40.763690,606,41.843,7.553,3.609,20.009,5.991,21.543,207.058,967.962,2738.884,68.307,227.39,239.275,234.743,56.786,2.123,0
2026-07-28 15:23:39.827020,606,42.132,7.137,5.039,19.282,6.11,21.538,230.83,961.252,3436.311,71.911,228.081,238.223,234.983,54.315,1.775,0
2026-07-28 15:24:45.674614,606,42.72,7.527,4.892,16.554,6.291,21.505,212.214,940.751,3218.581,68.251,230.93,248.954,232.018,55.199,2.445,0
2026-07-28 15:25:55.115808,606,41.489,7.518,5.011,25.115,6.251,20.305,208.738,979.31,2891.259,69.106,229.697,239.361,235.328,54.062,1.973,0
2026-07-28 15:27:11.013527,606,41.265,7.634,4.316,17.48,6.287,20.837,217.506,1017.705,3014.439,70.507,225.841,247.518,230.511,55.028,2.24,0
2026-07-28 15:28:17.554271,606,41.304,7.469,5.482,27.451,6.11,19.859,215.925,971.682,3286.685,63.872,227.46,241.812,232.985,56.625,2.253,0
2026-07-28 15:29:26.671195,606,41.481,7.946,4.528,27.854,6.045,22.46,215.36,1035.012,2803.746,70.429,227.06,236.5,232.257,55.226,2.18,0
2026-07-28 15:30:34.253778,606,41.576,7.075,5.692,23.747,5.799,20.07,229.077,963.955,3074.651,68.975,228.854,239.549,232.837,54.573,1.904,0
2026-07-28 15:31:37.849029,606,41.785,7.206,3.545,20.735,5.406,21.876,221.59,1057.525,2946.499,69.321,229.557,241.667,234.673,54.685,2.408,0
2026-07-28 15:32:45.237616,606,41.716,7.261,6.019,17.802,6.04,20.457,226.125,890.877,3356.065,66.317,226.691,239.864,230.798,54.902,2.039,0
2026-07-28 15:33:50.356492,606,41.061,7.49,3.027,24.117,5.632,21.212,236.073,951.696,2913.367,67.897,227.699,245.463,233.308,55.038,2.091,0
2026-07-28 15:34:53.269402,606,40.934,7.305,5.963,22.953,6.032,20.82,214.46,939.702,3194.316,66.117,228.164,240.431,230.944,55.323,2.237,0
2026-07-28 15:35:59.993058,606,41.646,7.207,4.076,23.653,5.32,20.73,221.634,970.932,2723.828,56.486,227.214,242.832,231.91,55.638,1.987,0
2026-07-28 15:37:06.850582,606,41.319,7.374,4.868,24.5,5.633,21.285,210.271,1000.735,2692.232,73.127,228.155,241.194,233.589,54.498,2.306,0
2026-07-28 15:38:15.729962,606,41.402,7.132,4.128,19.936,5.769,20.614,230.784,1086.208,2657.168,70.715,229.021,241.111,233.035,55.48,2.106,0
2026-07-28 15:39:25.308582,606,42.14,7.591,3.732,22.39,6.947,19.871,218.571,980.096,3274.034,66.222,228.653,240.074,233.229,53.659,1.904,0
2026-07-28 15:40:24.137170,606,42.028,7.577,4.145,23.423,5.774,20.884,198.434,1012.45,3181.037,69.383,227.317,240.997,231.268,55.158,2.165,0
2026-07-28 15:41:26.476974,606,41.517,7.183,5.199,29.382,5.866,21.78,210.683,940.845,3373.606,62.134,230.02,247.913,234.555,54.4,1.732,0
2026-07-28 15:42:38.050659,606,42.208,7.718,4.852,25.196,6.015,21.012,230.435,962.592,3177.275,61.162,225.128,241.905,231.979,54.865,2.058,0
2026-07-28 15:43:41.487420,606,42.242,7.166,5.584,23.419,6.234,20.342,207.229,1005.172,3036.791,62.826,225.21,244.554,234.247,55.413,1.949,0
2026-07-28 15:44:43.163442,606,42.383,7.365,4.987,20.164,5.78,22.936,219.309,910.762,2923.055,64.12,227.396,245.226,232.833,56.101,2.215,0
2026-07-28 15:45:41.922893,606,42.479,7.556,4.837,26.582,5.411,21.006,223.469,926.798,3287.709,65.261,228.428,238.221,234.196,54.78,2.224,0
2026-07-28 15:46:52.573134,606,41.597,7.516,5.952,27.738,5.53,20.405,223.953,979.399,3175.104,57.588,226.621,237.69,235.348,55.281,1.843,0
2026-07-28 15:47:57.565237,606,42.255,7.109,4.93,18.782,5.896,22.504,237.922,968.935,2776.016,54.096,231.148,236.222,232.798,55.16,1.785,0
2026-07-28 15:48:58.801367,606,41.547,7.611,3.69,17.829,6.454,19.788,219.453,985.33,2842.299,57.93,228.203,239.047,235.509,53.58,2.399,0
2026-07-28 15:50:01.462785,606,42.307,7.488,3.478,23.171,5.695,20.347,213.256,903.641,3046.064,60.483,227.788,245.147,233.869,55.212,2.472,0
2026-07-28 15:51:03.756130,606,41.581,7.974,6.1,22.463,6.23,21.715,213.86,961.334,3004.353,72.057,229.304,234.947,233.358,56.632,2.739,0
2026-07-28 15:52:17.368550,606,41.709,7.649,4.448,26.972,5.845,20.336,228.161,965.0,3222.128,54.288,225.99,244.138,231.472,55.759,1.901,0
2026-07-28 15:53:25.993509,606,41.198,7.868,4.574,19.838,5.939,21.511,202.815,984.283,3189.737,68.807,229.866,238.668,232.334,54.684,1.848,0
2026-07-28 15:54:33.776718,606,41.193,7.264,4.024,20.356,5.651,21.601,221.641,1012.426,2786.196,59.2,226.445,244.722,233.49,54.669,1.723,0
2026-07-28 15:55:41.719065,606,41.904,7.106,3.191,18.721,6.112,22.448,231.5,977.946,2697.592,62.822,226.341,239.978,232.624,54.548,1.96,0
2026-07-28 15:56:53.063392,606,42.185,7.831,6.197,20.196,6.17,21.744,220.633,928.794,2538.716,66.131,228.163,244.431,233.517,55.521,1.585,0
2026-07-28 15:58:07.870654,606,41.183,7.587,3.468,23.456,5.492,20.679,229.221,989.926,2999.864,65.34,227.291,245.141,233.444,55.056,1.887,0
2026-07-28 15:59:14.520056,606,42.363,7.957,3.683,18.738,5.748,20.484,205.014,900.667,3506.32,68.731,228.995,239.073,231.568,53.826,2.041,0
2026-07-28 16:00:19.241966,606,42.307,7.781,4.252,32.065,5.962,20.261,228.933,980.192,2941.674,49.436,227.478,240.774,232.351,55.548,1.544,0
2026-07-28 16:01:32.587707,606,41.899,7.767,4.123,15.944,6.154,20.218,221.436,996.742,2994.25,76.384,229.156,239.906,234.756,55.449,2.045,0
2026-07-28 16:02:36.194688,606,42.175,7.614,4.027,21.47,6.711,21.276,216.221,973.256,3071.967,70.104,228.824,241.656,232.347,55.005,2.311,0
2026-07-28 16:03:46.375397,606,41.437,7.286,5.109,23.646,5.8,19.756,216.333,1004.125,3004.808,61.17,228.473,241.768,231.35,55.175,2.111,1
2026-07-28 16:04:48.038848,606,40.99,7.247,5.473,26.587,5.193,21.113,232.2,919.151,2659.3,69.071,228.025,244.505,231.902,54.327,2.234,0
2026-07-28 16:05:55.225941,606,41.439,6.993,4.483,20.152,5.823,19.65,214.17,1073.474,2807.038,72.228,227.479,251.956,234.02,56.208,1.784,0
2026-07-28 16:07:01.094097,606,42.295,7.369,4.776,17.831,6.103,21.18,214.533,936.286,2929.958,83.076,227.739,247.801,232.33,53.837,1.569,0
2026-07-28 16:08:06.082672,606,42.332,7.497,3.74,20.121,6.142,20.617,231.303,863.919,3440.97,69.996,228.057,236.431,231.237,54.961,2.314,0
2026-07-28 16:09:12.981386,606,41.108,7.475,5.025,28.133,5.936,21.443,222.102,920.928,3336.844,64.065,229.07,237.828,232.538,55.017,2.095,0
2026-07-28 16:10:17.191338,606,41.101,7.504,4.3,17.28,5.675,19.109,223.475,1102.123,2679.89,63.748,228.214,244.519,233.741,54.695,1.964,0
2026-07-28 16:11:15.718524,606,41.254,6.968,4.211,25.923,6.109,21.663,212.784,1022.871,3374.916,58.559,227.175,238.772,232.015,55.053,2.0,0
2026-07-28 16:12:25.017816,606,40.731,7.549,5.352,23.798,6.027,21.007,212.679,921.496,3488.363,71.537,228.971,239.557,233.632,54.209,1.713,0
2026-07-28 16:13:29.724132,606,41.395,7.882,3.311,24.119,6.071,20.672,232.318,1026.5,3124.417,67.869,227.388,237.666,233.427,54.552,2.098,0
2026-07-28 16:14:35.259012,606,41.941,7.301,5.412,26.358,5.778,21.366,222.34,1030.98,2831.169,68.416,229.894,241.683,233.252,54.225,2.09,0
2026-07-28 16:15:47.676853,606,40.197,7.141,4.485,20.91,6.253,21.312,219.802,913.552,3018.807,66.995,228.691,236.827,231.821,54.856,2.084,0
2026-07-28 16:16:52.731307,606,41.662,7.107,4.127,25.737,6.056,20.036,217.662,1028.467,3439.496,50.821,229.808,247.095,231.493,56.136,1.884,0
2026-07-28 16:18:00.169384,606,42.408,7.342,6.028,23.442,5.968,21.11,218.873,958.269,2683.684,59.594,227.978,245.697,234.475,55.419,2.125,0
2026-07-28 16:19:02.871583,606,42.156,7.406,5.217,19.317,6.311,21.513,214.451,1006.008,2884.486,49.317,228.85,235.636,233.874,53.987,2.098,0
2026-07-28 16:20:17.717645,606,41.899,7.547,3.09,22.738,5.893,19.885,222.691,1017.288,3112.952,67.484,227.952,245.049,233.435,54.796,2.09,0
2026-07-28 16:21:21.120615,606,41.754,7.692,5.357,22.878,6.265,21.143,215.275,1016.322,2901.981,61.127,227.231,244.723,233.469,54.978,1.996,0
2026-07-28 16:22:22.754410,606,42.267,7.258,5.039,16.137,5.826,21.843,216.994,967.353,2528.121,64.54,228.917,244.182,233.942,54.469,1.987,0
2026-07-28 16:23:18.205234,606,41.952,7.369,3.45,20.253,5.657,21.12,223.183,940.618,2676.595,63.762,227.253,243.051,232.258,54.636,1.933,0
2026-07-28 16:24:26.691902,606,41.563,7.089,4.472,24.363,5.994,20.671,229.823,998.585,2616.413,75.508,227.235,242.599,234.265,56.035,2.036,0
2026-07-28 16:25:34.534380,606,42.168,7.641,5.22,23.409,5.383,20.042,228.557,1011.295,2875.435,61.941,225.773,244.11,232.611,53.644,1.598,0
2026-07-28 16:26:39.573799,606,41.018,7.401,2.978,25.942,6.103,20.23,215.351,996.052,3504.542,62.543,229.744,237.89,232.726,55.339,2.018,0
2026-07-28 16:27:44.596418,606,42.097,7.438,5.201,26.602,6.309,20.716,218.42,973.288,3387.831,59.517,227.518,240.269,235.077,53.549,1.95,0
2026-07-28 16:28:48.921175,606,41.974,7.824,4.207,20.5,6.724,21.544,208.021,1004.901,3010.072,59.205,227.47,248.593,233.848,55.236,2.462,0
2026-07-28 16:30:01.538928,606,41.8,7.524,4.384,20.934,6.306,21.415,224.266,905.88,3181.38,62.932,227.266,242.614,232.123,54.31,1.706,0
2026-07-28 16:31:04.722423,606,41.747,7.92,5.503,18.59,6.541,20.72,225.054,1007.442,3049.362,62.282,227.492,243.63,233.674,55.514,1.643,0
2026-07-28 16:32:09.768974,606,42.541,7.684,3.885,24.428,6.09,20.421,219.921,967.175,2946.23,66.54,227.087,249.404,232.545,56.571,1.821,0
2026-07-28 16:33:07.964922,606,42.242,7.39,3.597,21.468,6.419,20.572,228.741,1023.779,3010.546,55.779,226.542,245.749,233.007,54.957,2.083,0
2026-07-28 16:34:16.022828,606,42.386,7.218,5.137,26.267,6.057,21.809,215.651,982.89,2909.789,58.295,228.793,251.492,233.375,56.068,1.94,0
2026-07-28 16:35:21.814846,606,41.944,7.457,4.62,25.904,6.425,19.931,220.485,1001.891,2643.86,66.565,227.181,241.559,230.829,55.554,1.524,0
2026-07-28 16:36:29.982999,606,42.274,7.752,4.155,24.377,5.352,21.011,211.682,1001.085,3008.47,57.8,229.286,241.118,232.417,55.368,1.643,0
2026-07-28 16:37:37.698472,606,41.925,7.15,3.378,21.766,5.666,20.618,218.861,959.969,2776.128,64.358,228.131,241.66,232.568,54.161,2.322,0
2026-07-28 16:38:44.745824,606,41.629,7.346,4.186,26.059,5.888,21.445,216.455,943.714,2855.198,66.261,225.306,244.376,233.202,55.888,2.561,0
2026-07-28 16:39:47.894503,606,42.095,7.289,4.02,22.993,6.265,20.827,224.034,1016.23,3128.803,63.792,228.791,246.501,231.197,55.341,2.163,0
2026-07-28 16:40:51.218285,606,41.568,7.392,4.312,23.672,6.217,20.091,217.156,989.946,2553.846,63.308,228.016,244.53,230.982,54.167,1.963,0
2026-07-28 16:41:59.444911,606,42.29,7.597,3.164,17.582,5.718,22.076,228.17,987.874,2688.576,65.83,228.112,245.766,233.2,54.265,2.069,0
2026-07-28 16:43:03.248045,606,41.096,7.547,3.925,24.061,5.575,21.121,207.914,1015.654,2996.982,60.017,228.89,238.71,234.526,54.556,1.793,0
2026-07-28 16:44:11.555766,606,41.577,7.542,4.857,23.121,5.96,21.081,223.782,1002.63,2667.939,75.492,226.93,241.826,233.37,54.306,2.372,0
2026-07-28 16:45:18.121133,606,41.362,7.149,4.439,22.676,5.859,19.989,200.506,1034.478,2819.628,60.931,229.656,246.638,236.329,54.888,2.449,0
2026-07-28 16:46:26.886879,606,42.87,7.676,4.342,21.357,5.878,20.737,219.032,960.932,3239.051,70.376,227.509,241.919,232.788,55.461,1.803,0
2026-07-28 16:47:28.432203,606,41.376,7.748,3.695,18.675,5.917,20.451,228.108,998.988,2921.304,69.118,230.16,237.012,232.878,54.821,2.145,0
2026-07-28 16:48:32.590378,606,41.675,7.439,3.723,22.832,5.93,20.902,219.071,1033.448,2788.412,53.467,226.451,247.658,232.025,55.174,1.882,0
2026-07-28 16:49:38.593566,606,40.671,7.275,4.265,16.93,6.29,19.649,228.357,949.426,3219.308,58.281,226.656,238.789,234.816,54.005,2.168,0
2026-07-28 16:50:41.464036,606,42.559,7.703,4.478,22.345,6.269,21.054,212.851,934.437,2513.861,66.992,228.245,241.932,232.063,55.834,1.923,0
2026-07-28 16:51:45.813797,606,41.297,7.833,3.789,21.41,5.868,21.546,221.083,971.806,2591.586,77.169,228.48,242.707,233.129,55.704,1.799,0
2026-07-28 16:52:49.792027,606,42.454,7.594,4.657,26.667,5.884,20.58,214.075,977.575,2613.827,69.337,227.897,234.977,229.981,56.677,2.075,0
2026-07-28 16:53:56.987702,606,41.181,7.318,4.655,28.234,6.239,21.155,230.174,985.808,2808.876,72.384,228.196,238.225,234.739,54.169,1.623,0
2026-07-28 16:55:03.956163,606,41.216,7.234,3.626,18.732,6.082,20.238,213.879,1010.004,2558.825,63.588,229.21,240.504,234.024,54.077,2.002,0
2026-07-28 16:56:10.145561,606,42.118,7.641,5.541,25.189,6.279,22.142,212.973,998.868,3515.021,73.971,227.638,246.412,232.731,53.946,1.942,0
2026-07-28 16:57:11.857106,606,40.929,7.108,3.801,21.125,6.15,20.25,228.695,1088.375,2271.843,71.743,226.6,243.499,232.779,55.983,2.183,0
2026-07-28 16:58:15.202681,606,41.918,7.151,3.739,21.659,5.991,20.833,211.023,1030.961,3115.28,46.821,229.806,253.57,233.407,53.878,2.068,0
2026-07-28 16:59:18.151327,606,41.322,7.553,3.965,21.61,6.061,20.402,214.012,949.941,2884.694,62.434,229.509,250.634,235.67,54.647,2.018,0
2026-07-28 17:00:29.985330,606,42.782,7.892,3.353,26.628,5.432,20.311,223.673,1014.549,3015.979,61.324,229.321,241.499,232.405,53.738,2.26,0
2026-07-28 17:01:30.292355,606,42.605,7.787,3.02,22.667,5.812,22.077,221.383,974.443,2838.835,58.918,226.412,243.288,233.459,55.061,2.23,0
2026-07-28 17:02:31.853507,606,42.337,7.595,5.407,24.172,6.442,22.002,214.89,1003.722,2934.003,66.197,226.882,238.614,231.349,55.178,2.248,0
2026-07-28 17:03:37.654737,606,42.869,6.978,5.277,18.31,6.313,20.625,219.006,989.908,2720.507,73.782,228.672,239.275,234.28,55.371,1.718,0
2026-07-28 17:04:39.504737,606,41.394,6.886,2.711,19.781,5.924,23.372,232.34,900.178,2904.454,64.006,230.328,238.764,234.584,54.922,2.197,0
2026-07-28 17:05:42.863081,606,42.094,7.457,7.343,21.437,5.667,21.754,212.715,945.473,3261.886,61.039,229.929,235.092,231.887,54.085,2.44,0
2026-07-28 17:06:45.845657,606,41.231,7.941,5.01,22.994,6.197,21.695,219.817,982.575,2936.466,66.512,227.785,237.994,232.591,55.407,1.547,0
2026-07-28 17:07:44.238686,606,42.141,7.277,2.831,24.871,5.419,20.99,217.759,1008.485,3215.655,67.204,226.928,248.702,234.693,55.049,1.661,0
2026-07-28 17:08:50.233779,606,41.875,7.716,4.312,21.351,6.144,21.819,226.822,928.612,2762.902,66.867,226.61,244.966,233.293,55.039,2.522,0
2026-07-28 17:09:49.990010,606,41.087,7.577,3.083,26.915,6.015,21.074,211.189,1035.716,3064.109,57.721,227.621,234.102,231.092,54.295,2.127,0
2026-07-28 17:11:04.160751,606,41.675,7.357,6.296,22.222,5.918,20.296,215.059,1014.716,3485.297,72.121,231.583,240.502,234.432,55.321,1.838,0
2026-07-28 17:12:07.990279,606,41.752,7.397,1.48,21.056,6.317,20.972,217.466,933.819,2498.908,56.099,226.654,245.693,232.518,55.666,1.662,0
2026-07-28 17:13:12.425426,606,41.737,7.079,4.109,25.404,6.271,20.677,214.997,975.789,1675.624,58.802,228.009,239.616,231.59,54.331,1.827,0
2026-07-28 17:14:14.798282,606,42.6,7.61,5.933,24.974,6.231,20.124,222.815,1014.897,3466.513,69.332,226.97,243.821,233.906,53.921,1.431,0
2026-07-28 17:15:20.866128,606,41.169,7.336,2.677,17.958,6.467,21.697,224.683,1027.183,4157.736,72.195,228.364,232.494,235.999,55.598,2.102,0
2026-07-28 17:16:27.955131,606,41.364,7.712,4.575,27.431,5.834,21.112,222.741,917.873,2564.329,62.281,225.621,235.397,233.151,53.563,2.261,0
2026-07-28 17:17:26.802975,606,40.218,7.444,4.259,21.464,5.84,20.942,207.413,948.035,3167.49,61.526,226.479,239.8,232.763,54.197,2.394,0
2026-07-28 17:18:33.934411,606,42.038,7.426,5.528,22.378,6.02,22.218,217.449,1020.579,3556.919,61.494,226.716,242.825,230.893,54.389,1.495,0
2026-07-28 17:19:41.055697,606,42.11,6.971,3.583,20.521,6.541,21.111,218.049,927.204,2347.351,58.688,226.419,243.8,231.275,54.315,2.167,0
2026-07-28 17:20:40.964357,606,42.141,7.572,1.234,21.778,5.507,21.861,211.761,1001.894,2491.186,61.681,226.872,234.484,230.252,55.587,2.031,0
2026-07-28 17:21:48.484721,606,41.682,7.628,5.303,18.174,5.841,20.259,213.59,975.719,2649.562,59.795,228.0,242.16,231.852,55.924,2.219,0
2026-07-28 17:22:49.354386,606,41.331,7.815,5.276,23.804,5.815,20.445,232.174,967.16,2545.089,59.796,229.798,246.381,231.973,55.802,1.332,0
2026-07-28 17:23:53.228719,606,41.103,7.289,3.74,21.196,6.149,20.999,225.419,875.167,3412.601,63.115,227.687,237.054,231.911,54.25,2.001,0
2026-07-28 17:24:56.917457,606,41.982,7.566,4.755,22.097,5.657,21.067,211.289,1021.867,2582.903,65.542,226.959,242.32,232.654,56.193,1.705,0
2026-07-28 17:25:57.627441,606,41.288,7.6,4.736,25.725,6.02,21.207,224.331,944.294,4267.455,69.167,228.623,242.989,232.917,53.973,1.706,0
2026-07-28 17:26:59.034644,606,40.863,7.181,3.483,24.234,6.514,21.701,223.838,950.377,3520.676,64.625,229.296,245.492,231.571,55.196,2.517,0
2026-07-28 17:28:13.598431,606,42.219,7.343,3.513,22.945,5.629,23.533,214.291,996.754,2880.65,64.886,226.44,243.799,232.839,55.148,2.476,0
2026-07-28 17:29:12.439488,606,41.517,7.203,4.69,28.465,5.741,19.87,223.207,976.244,3366.738,63.434,226.917,242.306,233.805,56.212,2.064,0
2026-07-28 17:30:21.834090,606,41.785,7.224,6.471,19.676,6.038,20.571,216.522,976.02,3208.014,59.926,227.042,240.973,234.31,55.403,1.445,0
2026-07-28 17:31:27.103623,606,40.005,7.401,5.689,23.14,6.275,21.28,207.038,969.64,3997.941,64.263,227.604,242.312,233.592,56.352,1.821,0
2026-07-28 17:32:39.281809,606,41.679,7.327,5.861,26.51,6.057,22.366,216.647,952.055,2372.951,67.837,227.718,250.0,234.762,54.304,2.519,0
2026-07-28 17:33:49.780318,606,41.582,7.496,4.943,27.222,6.288,20.841,212.223,949.234,2813.022,67.612,228.169,237.521,231.058,55.685,1.954,0
2026-07-28 17:34:50.670080,606,42.63,7.657,3.987,18.809,6.283,20.984,215.509,1001.517,2316.615,61.165,227.524,237.983,229.135,55.911,1.685,0
2026-07-28 17:35:53.813485,606,41.576,7.648,5.265,20.897,5.66,20.712,223.397,935.387,2596.256,64.281,228.713,243.387,233.695,55.436,2.049,0
2026-07-28 17:37:03.268589,606,40.185,7.697,5.822,26.14,5.957,21.369,223.404,947.947,2217.961,69.406,227.578,236.847,235.022,54.342,1.984,0
2026-07-28 17:38:09.117200,606,41.58,7.434,3.605,21.648,5.398,20.978,222.509,978.126,2110.75,66.781,225.921,236.433,231.035,54.783,1.704,0
2026-07-28 17:39:11.109405,606,41.704,7.371,2.316,23.117,6.158,21.57,222.015,1002.767,2153.125,60.99,228.701,252.612,232.672,55.504,1.827,0
2026-07-28 17:40:13.879090,606,42.358,7.192,4.882,21.598,6.639,21.856,212.44,943.53,2453.593,57.719,226.862,243.073,232.401,55.617,1.624,0
2026-07-28 17:41:28.430887,606,41.676,7.675,2.919,22.923,5.823,20.732,214.354,940.785,2893.241,50.945,227.387,244.587,235.202,54.235,2.693,0
2026-07-28 17:42:34.156209,606,41.478,7.744,5.23,13.272,5.905,21.667,228.049,963.439,2513.922,72.389,228.988,241.954,233.65,54.092,1.777,0
2026-07-28 17:43:40.021719,606,41.624,7.813,3.188,21.889,5.789,20.472,232.407,937.456,3088.629,77.853,228.487,246.195,232.771,56.018,1.867,0
2026-07-28 17:44:48.651790,606,43.173,7.579,4.58,22.797,6.447,21.152,219.892,970.595,3734.246,69.137,227.278,243.632,234.452,55.792,1.913,0
2026-07-28 17:45:49.477573,606,41.962,7.383,4.717,21.713,6.193,20.527,222.055,879.416,3621.561,60.186,229.494,238.292,233.228,56.027,2.207,0
2026-07-28 17:47:01.529035,606,41.549,7.228,4.884,23.301,5.911,19.835,234.835,1040.495,3123.183,63.226,229.402,244.17,231.976,56.47,1.464,0
2026-07-28 17:47:58.863322,606,42.227,7.165,2.917,19.273,5.588,21.642,216.982,972.904,3151.372,61.443,226.27,239.728,234.48,55.128,1.988,0
2026-07-28 17:49:10.210498,606,41.103,7.01,4.773,23.756,5.916,20.281,221.13,898.864,2319.284,63.201,224.224,241.007,230.993,53.761,2.048,0
2026-07-28 17:50:18.230091,606,41.305,7.757,4.877,27.616,5.681,20.48,215.34,950.934,1904.458,66.759,227.941,239.84,232.653,56.165,2.133,0
2026-07-28 17:51:27.390851,606,41.412,7.596,4.778,26.617,5.969,20.746,205.121,978.227,2603.789,67.548,227.746,235.775,232.563,54.894,2.053,0
2026-07-28 17:52:31.093719,606,40.768,8.084,4.936,24.97,6.043,22.329,215.823,970.382,2647.628,59.653,229.097,245.357,236.149,56.383,1.716,0
2026-07-28 17:53:34.318830,606,42.219,7.47,4.797,23.733,5.742,22.136,222.601,918.451,3098.609,66.808,229.828,236.433,230.917,54.342,1.98,0
2026-07-28 17:54:46.702525,606,41.282,7.514,7.816,21.004,5.883,19.823,208.916,1028.764,3021.254,49.994,230.019,242.642,231.619,55.78,2.16,0
2026-07-28 17:56:03.660442,606,41.765,7.59,6.824,21.612,6.295,20.133,223.468,1012.381,2836.539,73.11,230.613,232.592,234.1,54.165,2.026,0
2026-07-28 17:57:10.404466,606,41.397,7.65,4.306,25.419,5.81,22.313,210.913,919.231,2455.791,57.31,226.593,246.697,231.947,56.196,1.987,0
2026-07-28 17:58:21.523781,606,41.872,7.331,5.719,22.594,6.475,22.53,215.64,989.467,2916.72,65.332,229.9,242.882,233.418,53.77,2.41,0
2026-07-28 17:59:28.613763,606,42.711,7.49,4.114,28.917,6.156,21.335,218.6,935.779,3902.14,67.819,225.832,241.458,232.615,55.059,2.238,0
2026-07-28 18:00:32.102725,606,41.51,7.693,5.418,18.107,6.105,21.096,213.499,916.744,4435.64,66.203,224.599,242.271,232.043,54.916,1.824,0
2026-07-28 18:01:45.375472,606,41.443,7.898,3.228,22.414,6.143,20.956,220.182,935.763,2698.469,67.877,226.324,243.753,233.151,54.486,1.925,0
2026-07-28 18:02:50.374886,606,41.028,7.271,5.493,21.428,5.332,20.846,219.175,1006.763,3180.66,72.308,228.108,244.747,233.769,54.992,2.122,0
2026-07-28 18:03:59.058497,606,41.545,7.549,6.142,25.171,6.282,20.126,220.461,931.471,3526.753,61.564,228.522,245.867,231.849,54.407,1.7,0
2026-07-28 18:05:05.704029,606,40.685,7.523,3.245,25.769,6.352,21.579,230.276,986.329,3329.469,66.264,227.452,247.268,231.421,54.766,2.011,0
2026-07-28 18:06:13.694934,606,42.474,7.431,3.577,19.395,6.165,20.34,214.235,913.267,2102.649,61.438,227.868,250.528,232.609,55.118,2.127,0
2026-07-28 18:07:18.006353,606,41.349,7.753,4.7,19.243,5.584,21.457,223.304,1004.132,2867.579,71.362,228.207,243.344,232.245,54.317,1.711,0
2026-07-28 18:08:24.995150,606,41.192,8.07,5.325,20.834,6.137,21.024,214.736,962.091,1249.798,64.155,227.964,239.441,233.73,54.916,2.243,0
2026-07-28 18:09:27.275170,606,41.599,7.592,3.15,24.538,5.69,21.766,220.071,992.639,2213.048,64.277,226.56,242.801,233.148,55.573,2.242,0
2026-07-28 18:10:40.313745,606,42.042,7.305,5.441,24.223,6.214,20.52,226.719,921.442,2092.819,63.743,228.163,232.921,233.474,54.287,1.441,0
2026-07-28 18:11:47.616308,606,41.562,7.144,2.124,18.433,6.184,20.107,226.92,1066.686,2951.051,66.888,229.922,237.159,232.933,55.074,2.145,0
2026-07-28 18:12:53.406713,606,42.293,7.482,5.164,23.823,5.89,20.292,216.755,1057.485,2532.623,64.473,227.753,243.395,232.22,54.129,2.432,0
2026-07-28 18:14:01.805384,606,41.454,7.736,4.394,23.443,6.076,20.985,226.358,865.032,3170.243,64.456,226.246,240.214,234.939,56.303,2.01,0
2026-07-28 18:15:10.548823,606,41.275,7.448,6.386,22.835,6.092,20.891,221.986,1029.626,4062.082,62.802,230.263,244.844,233.353,55.329,1.646,0
2026-07-28 18:16:14.055270,606,41.665,7.565,6.111,24.648,6.384,20.102,220.851,981.546,3687.834,63.506,228.098,241.759,230.892,53.934,2.18,0
2026-07-28 18:17:15.322039,606,41.61,7.989,4.33,23.636,6.147,20.627,221.936,995.683,3999.898,65.512,227.664,242.974,233.546,56.471,1.86,0
2026-07-28 18:18:19.434693,606,42.191,7.662,5.039,23.227,5.71,21.055,219.834,993.186,3012.876,70.637,230.079,240.922,231.179,55.289,2.165,0
2026-07-28 18:19:28.847622,606,42.134,7.514,2.066,26.266,5.473,21.495,213.909,1014.446,3617.179,66.946,226.934,244.259,233.51,54.301,2.198,0
2026-07-28 18:20:33.812646,606,41.444,7.164,2.101,27.28,6.415,20.984,219.03,949.575,2780.143,62.283,228.394,240.082,234.731,56.956,1.68,0
2026-07-28 18:21:35.232578,606,40.855,7.701,4.037,21.852,5.607,21.491,230.017,910.589,2725.43,62.753,225.736,236.855,233.208,54.876,2.074,0
2026-07-28 18:22:41.868277,606,42.014,7.64,2.705,22.822,5.654,21.03,215.653,946.765,2425.894,73.874,227.037,246.798,235.796,53.711,1.732,0
2026-07-28 18:23:54.516366,606,41.04,7.706,3.333,24.882,5.864,21.034,242.663,941.273,2598.75,56.396,226.092,244.732,231.195,55.992,1.652,0
2026-07-28 18:25:00.239836,606,41.641,7.187,3.62,22.472,5.869,21.35,214.744,976.217,3223.474,57.425,227.775,244.775,234.109,55.241,2.221,0
2026-07-28 18:25:59.632864,606,41.966,7.492,5.523,24.949,5.529,20.166,226.112,974.884,3332.739,60.739,228.673,250.013,232.608,56.091,2.038,0
2026-07-28 18:27:02.190030,606,42.677,7.645,1.872,23.362,6.02,22.321,209.793,953.452,2483.902,68.547,227.761,237.677,231.602,55.103,1.296,0
2026-07-28 18:28:06.043874,606,42.874,7.133,5.589,25.174,5.627,21.054,222.922,945.774,3178.634,60.001,228.709,246.359,234.999,54.437,2.192,0
2026-07-28 18:29:12.024738,606,41.921,7.533,5.177,24.879,6.119,20.938,208.37,1004.541,3142.981,59.832,227.991,243.33,232.7,54.044,1.681,0
2026-07-28 18:30:20.067562,606,40.633,7.772,6.203,22.765,6.148,21.174,226.227,929.89,2881.964,70.334,226.675,235.817,233.012,54.379,2.013,0
2026-07-28 18:31:29.117992,606,41.096,7.34,5.38,25.511,6.331,21.797,220.222,1008.31,2985.479,56.819,229.231,243.512,232.953,54.442,1.893,0
2026-07-28 18:32:34.617853,606,41.611,7.765,5.222,24.994,6.138,21.291,226.966,973.51,3869.709,68.863,228.843,245.188,236.334,53.709,2.279,0
2026-07-28 18:33:36.926352,606,41.508,7.507,5.282,29.492,6.195,21.446,211.585,951.664,3470.524,71.906,228.874,238.049,233.91,54.386,2.154,0
2026-07-28 18:34:36.209562,606,41.76,7.524,7.848,17.858,5.557,21.062,221.4,932.688,3658.504,69.075,227.189,240.141,234.528,54.854,2.082,0
2026-07-28 18:35:43.043076,606,41.769,7.746,4.592,24.865,5.753,20.243,224.304,1035.733,2647.868,66.198,225.916,240.79,231.888,54.76,2.169,0
2026-07-28 18:36:42.226191,606,41.06,7.329,4.399,25.92,5.954,19.183,224.242,900.906,2566.641,68.978,228.044,238.439,231.774,52.43,1.978,0
2026-07-28 18:37:54.975846,606,42.021,7.177,5.089,29.237,6.258,21.581,213.783,994.534,2430.56,79.679,229.214,245.976,232.072,54.111,2.25,0
2026-07-28 18:39:05.334920,606,41.208,7.434,1.749,21.558,5.985,21.706,221.035,970.059,3857.664,65.205,227.42,249.161,232.452,54.864,2.09,0
2026-07-28 18:40:16.981739,606,41.785,7.582,3.991,23.311,5.918,20.161,216.425,964.546,2592.037,65.225,227.134,240.343,231.634,54.453,2.275,0
2026-07-28 18:41:22.005315,606,42.671,7.587,6.647,21.71,6.176,20.078,221.404,920.452,3213.494,76.934,228.424,241.788,232.602,55.412,2.413,0
2026-07-28 18:42:28.195306,606,41.167,7.579,1.824,27.977,5.425,20.18,208.314,942.724,3099.122,61.799,225.77,243.634,234.648,54.53,2.315,0
2026-07-28 18:43:29.305912,606,41.779,7.314,4.634,20.845,5.693,20.551,230.374,1075.82,2878.631,63.595,225.497,247.126,233.085,54.906,2.028,0
2026-07-28 18:44:38.566192,606,41.486,7.619,3.333,21.628,6.053,20.332,215.764,1022.909,3865.067,75.266,228.955,236.052,230.463,55.303,2.455,0
2026-07-28 18:45:38.193464,606,41.161,7.474,5.872,18.926,6.01,21.053,223.402,1019.211,3281.04,70.367,228.186,243.321,234.868,55.772,1.813,0
2026-07-28 18:46:43.185431,606,41.764,7.882,6.077,15.174,6.142,21.077,211.87,1006.533,3830.016,58.008,228.539,239.597,230.935,55.044,1.992,0
2026-07-28 18:47:45.335697,606,41.289,7.722,5.155,23.019,6.08,20.992,208.364,987.327,3248.898,65.663,228.155,242.438,234.572,53.602,2.159,0
2026-07-28 18:48:57.081597,606,42.12,7.63,4.363,22.714,6.119,20.588,224.694,1038.322,3395.337,69.093,226.109,241.805,232.878,56.102,1.932,0
2026-07-28 18:50:04.586452,606,42.04,7.455,3.955,22.354,5.826,20.315,224.542,985.634,2863.204,64.588,227.051,245.645,236.424,55.793,2.259,0
2026-07-28 18:51:11.580739,606,42.596,7.411,4.14,24.709,6.4,19.914,225.961,1077.849,3653.29,64.352,227.556,243.769,235.191,54.177,2.018,0
2026-07-28 18:52:16.242280,606,42.112,7.443,4.667,25.153,5.683,20.545,222.507,1031.279,2704.725,57.668,228.65,240.549,233.855,55.206,1.546,0
2026-07-28 18:53:25.017981,606,42.048,7.569,4.457,21.077,5.928,21.387,228.259,991.835,2903.974,68.644,227.359,241.383,232.948,54.25,1.652,0
2026-07-28 18:54:36.985580,606,40.652,7.745,4.797,23.175,6.01,19.809,222.408,1004.602,2193.004,76.747,228.598,244.283,234.928,54.581,2.266,0
2026-07-28 18:55:49.095490,606,42.18,7.133,4.758,22.674,6.191,20.894,213.547,974.097,3135.678,67.279,226.944,238.436,233.185,55.562,1.74,0
2026-07-28 18:57:05.289092,606,42.107,7.375,6.09,23.01,5.72,20.202,236.831,1051.61,2510.85,70.401,229.928,245.925,233.739,55.153,2.024,0
2026-07-28 18:58:07.208235,606,41.313,7.812,5.559,27.184,5.975,20.032,214.161,951.622,3299.748,60.114,228.168,235.563,233.25,55.259,1.881,0
2026-07-28 18:59:10.762823,606,42.638,7.357,6.34,24.155,6.312,21.62,225.899,1005.131,3117.802,59.058,228.502,252.264,232.117,55.345,2.145,0
2026-07-28 19:00:19.772537,606,42.188,7.288,4.772,25.901,5.999,21.806,223.489,982.172,4386.377,60.603,228.637,248.644,233.454,56.121,1.998,0
2026-07-28 19:01:25.804674,606,41.815,7.767,3.329,22.423,6.049,21.294,227.428,942.711,3597.689,66.695,224.734,242.905,231.97,55.531,1.764,0
2026-07-28 19:02:33.008815,606,42.094,7.625,3.093,19.816,5.885,20.113,219.343,994.951,1863.369,65.679,228.469,244.613,233.984,55.019,1.594,0
2026-07-28 19:03:33.038705,606,41.948,7.555,4.671,26.001,6.001,21.531,222.354,858.855,2968.708,55.948,227.858,240.926,232.998,54.731,2.245,0
2026-07-28 19:04:42.234355,606,41.802,7.652,5.343,25.046,5.991,21.466,215.61,1015.204,3099.525,63.059,227.576,241.782,232.294,54.869,1.952,0
2026-07-28 19:05:46.281019,606,41.601,7.429,4.965,21.67,6.123,22.346,224.063,1043.545,2806.771,65.272,228.461,244.172,232.114,54.735,1.609,0
2026-07-28 19:06:53.921771,606,42.344,7.509,3.064,22.491,5.63,20.574,211.014,954.161,3229.3,66.936,227.377,241.814,235.23,55.067,2.072,0
2026-07-28 19:07:59.155013,606,40.962,7.523,2.902,24.532,5.959,21.211,228.89,961.323,1951.01,65.399,229.682,240.565,231.578,53.949,2.102,0
2026-07-28 19:09:00.791222,606,41.806,7.419,7.091,24.014,6.042,20.325,236.458,968.635,1970.968,69.952,230.329,245.916,233.412,55.018,1.909,0
2026-07-28 19:10:13.500577,606,42.467,7.417,4.707,22.646,6.24,19.619,227.709,1020.849,3049.849,57.356,228.2,241.338,231.469,55.996,1.982,0
2026-07-28 19:11:21.886716,606,41.764,7.28,4.888,19.936,6.201,19.667,205.487,1042.625,2720.46,75.284,228.994,242.729,233.576,55.024,2.301,0
2026-07-28 19:12:27.810718,606,42.11,7.375,4.039,28.349,6.419,20.991,216.277,1033.124,3195.754,53.716,227.528,241.67,232.566,54.957,2.026,0
2026-07-28 19:13:29.842222,606,41.703,7.39,2.6,22.978,6.007,20.432,226.875,1027.459,2642.214,71.082,226.531,242.667,233.112,53.627,1.592,0
2026-07-28 19:14:38.783301,606,41.184,7.033,3.415,26.219,5.609,21.316,212.181,993.023,2954.994,72.57,228.506,242.575,232.453,53.875,2.025,0
2026-07-28 19:15:46.631056,606,42.171,7.65,3.937,16.141,5.978,21.404,210.573,890.037,3382.829,59.547,226.571,237.627,230.29,53.961,2.283,0
2026-07-28 19:16:49.010806,606,42.458,7.567,3.961,19.542,5.514,20.965,220.972,967.96,2756.687,75.768,227.092,233.045,233.457,54.716,1.637,0
2026-07-28 19:17:56.821376,606,41.415,7.871,4.482,26.089,5.512,19.869,216.654,1016.491,3003.363,64.226,227.965,240.724,233.357,54.677,2.21,0
2026-07-28 19:19:02.374097,606,41.985,7.17,5.199,22.48,5.809,20.265,216.258,1015.802,2743.392,64.06,227.838,245.511,231.607,54.591,1.986,0
2026-07-28 19:20:10.033176,606,41.85,7.247,4.509,25.951,6.07,21.12,210.227,968.195,2567.271,70.076,227.929,245.693,233.079,55.035,1.591,0
2026-07-28 19:21:18.109408,606,41.51,7.734,4.847,21.346,5.678,21.191,231.862,896.245,3171.961,65.762,229.417,242.889,233.371,55.921,2.261,0
2026-07-28 19:22:21.471100,606,42.294,7.198,5.263,22.629,6.399,21.201,213.159,1014.665,2985.607,62.396,229.278,238.222,233.503,55.504,1.786,0
2026-07-28 19:23:29.268267,606,41.577,7.488,5.716,20.871,6.066,21.562,216.985,938.839,3019.9,63.148,229.257,235.529,233.084,56.316,2.007,0
2026-07-28 19:24:41.020169,606,41.171,7.439,3.696,25.739,6.372,20.787,222.934,938.988,3083.011,66.183,228.235,244.403,232.077,53.705,2.094,0
2026-07-28 19:25:49.740220,606,41.512,7.883,4.835,22.07,6.522,21.103,218.398,1020.889,2766.351,61.715,226.341,247.769,234.031,55.176,2.036,0
2026-07-28 19:26:55.782715,606,41.617,7.487,4.874,25.327,6.296,21.347,216.645,983.555,2661.419,68.067,227.577,242.828,233.433,54.772,1.796,0
2026-07-28 19:28:02.011923,606,41.356,7.486,4.704,27.223,5.856,21.633,226.568,1015.369,3051.565,62.23,227.16,249.392,230.473,55.5,2.341,0
2026-07-28 19:29:14.110022,606,41.418,7.555,4.138,22.436,5.685,20.947,222.568,917.236,3414.371,62.53,228.158,245.538,232.413,54.422,1.763,0
2026-07-28 19:30:26.004423,606,41.108,7.284,3.649,22.74,5.716,20.922,222.263,972.711,3089.082,62.634,229.452,241.493,233.848,55.097,1.903,0
2026-07-28 19:31:27.779456,606,41.54,7.372,4.338,21.555,6.041,21.172,217.047,905.291,2603.998,53.922,228.444,237.544,235.219,54.618,2.244,0
2026-07-28 19:32:35.779208,606,41.786,7.225,4.684,28.559,5.867,20.989,210.807,1020.511,3822.867,63.432,227.809,239.774,233.27,55.335,1.971,0
2026-07-28 19:33:40.749321,606,41.234,7.662,5.383,22.699,5.689,20.765,228.011,1011.509,2653.981,67.355,228.916,233.043,231.332,55.99,1.904,0
2026-07-28 19:34:41.815789,606,41.143,7.672,4.351,22.342,6.178,20.512,214.926,934.921,2487.155,74.382,227.903,244.066,230.818,53.384,1.913,0
2026-07-28 19:35:51.101560,606,41.178,7.288,3.477,19.885,6.153,19.754,210.434,966.021,3492.756,73.513,227.773,243.586,233.104,54.675,1.48,0
2026-07-28 19:36:59.306952,606,41.62,7.435,3.622,21.445,5.723,21.33,217.424,1002.566,2772.287,65.089,228.91,246.011,232.78,56.369,2.273,0
2026-07-28 19:38:02.964898,606,41.43,7.539,3.459,21.765,5.832,21.281,219.488,933.558,2861.343,64.944,228.591,241.608,233.472,55.788,1.66,0
2026-07-28 19:39:07.947963,606,40.858,7.153,4.395,26.068,5.558,21.141,210.097,902.086,3324.737,61.19,227.141,239.948,231.553,55.452,1.995,0
2026-07-28 19:40:18.589501,606,41.049,7.633,3.302,22.163,6.025,21.243,216.844,974.368,3467.031,69.285,226.147,242.709,233.296,54.309,1.356,0
2026-07-28 19:41:22.984021,606,41.64,7.232,3.804,21.994,5.863,20.84,219.856,1009.329,2949.146,57.98,228.224,240.99,232.882,54.402,2.026,0
2026-07-28 19:42:26.613005,606,41.493,7.077,5.839,25.142,6.294,22.266,210.929,933.353,3207.555,60.072,227.557,245.662,231.778,55.106,1.635,0
2026-07-28 19:43:28.131196,606,41.639,7.514,4.324,23.08,5.994,21.577,227.753,1033.814,3507.331,56.585,227.424,248.097,235.064,54.899,1.517,0
2026-07-28 19:44:36.381442,606,42.472,7.651,4.539,19.959,5.769,22.317,210.868,993.375,2669.325,64.4,227.315,239.961,234.119,54.071,1.72,0
2026-07-28 19:45:36.638227,606,41.815,7.724,3.363,27.346,6.002,20.495,224.516,1031.819,3081.12,66.111,227.854,248.595,232.83,54.614,1.527,0
2026-07-28 19:46:36.891098,606,40.751,7.615,4.43,21.455,5.907,20.918,221.046,930.989,2892.158,58.58,228.048,247.63,231.247,56.923,1.95,1
2026-07-28 19:47:41.951317,606,41.366,7.329,3.061,23.795,5.767,20.918,237.767,932.801,2661.452,59.659,227.277,240.942,233.635,55.327,2.002,0
2026-07-28 19:48:45.471853,606,41.858,7.962,4.589,24.256,5.95,21.974,220.407,947.499,3260.556,68.198,226.923,243.384,232.111,53.761,1.955,0
2026-07-28 19:49:46.070864,606,41.345,7.516,3.409,16.832,5.596,19.512,210.165,1038.924,3335.007,63.635,225.759,240.783,233.863,56.346,1.798,1
2026-07-28 19:50:47.697806,606,41.186,7.268,5.595,22.086,6.036,21.39,211.111,979.084,3179.284,59.718,228.041,241.277,233.529,54.521,2.223,1
2026-07-28 19:51:47.088017,606,42.137,7.742,6.114,21.35,6.059,21.112,217.756,967.706,3161.212,61.541,228.956,238.562,231.663,56.47,1.917,1
2026-07-28 19:52:53.692947,606,41.474,7.572,3.921,19.675,6.311,21.731,202.522,1034.913,2922.796,68.913,228.171,238.311,232.96,55.757,2.306,1
2026-07-28 19:53:54.492312,606,41.247,8.008,3.141,22.661,6.041,20.609,210.536,923.611,3089.765,68.285,226.13,243.303,234.268,52.656,1.373,1
2026-07-28 19:54:55.556725,606,41.253,7.887,4.088,23.324,5.694,19.784,224.36,987.333,3156.801,64.245,226.881,238.718,230.953,53.33,2.048,1
2026-07-28 19:56:00.934673,606,42.524,7.401,3.068,24.508,5.07,22.325,235.141,971.807,3656.426,59.047,226.628,238.553,233.44,54.978,2.043,1
2026-07-28 19:57:06.010359,606,41.112,7.195,4.175,23.309,5.661,20.992,219.279,1045.293,2547.96,57.883,226.82,246.71,235.171,55.364,1.761,1
2026-07-28 19:58:12.392172,606,41.581,7.375,3.719,22.864,6.089,21.669,212.573,1016.794,2829.569,54.993,227.036,246.51,231.584,55.488,2.292,1
2026-07-28 19:59:26.048317,606,41.611,6.921,5.444,27.482,6.359,20.785,227.2,954.971,2946.366,59.984,227.14,243.061,230.736,55.806,1.968,1
2026-07-28 20:00:29.465498,606,42.027,7.509,2.709,22.018,6.022,21.797,229.132,1049.494,3134.137,68.511,230.966,240.808,236.51,54.856,2.013,1
2026-07-28 20:01:23.662109,606,41.277,7.746,3.359,18.298,5.747,21.542,216.821,983.932,3416.778,60.639,227.267,248.276,229.978,53.815,2.085,1
2026-07-28 20:02:33.084904,606,41.262,7.506,5.217,20.721,6.066,21.856,224.37,1001.071,3286.272,59.282,225.434,237.627,232.899,54.689,2.494,1
2026-07-28 20:03:33.956380,606,42.087,7.62,3.963,26.149,5.269,20.771,229.139,993.168,2918.237,59.789,229.302,243.34,234.547,53.455,1.863,1
2026-07-28 20:04:42.755562,606,42.923,7.693,5.771,22.434,6.006,21.949,222.313,1049.496,3180.333,62.499,228.144,236.193,234.749,54.717,2.024,1
2026-07-28 20:05:45.045600,606,41.4,7.873,4.512,20.543,6.175,21.371,215.165,872.165,2967.967,70.847,229.094,239.407,233.389,55.965,2.309,0
2026-07-28 20:06:51.132032,606,41.366,7.541,4.674,25.019,5.759,19.732,216.34,999.137,3071.537,59.846,227.887,239.718,234.951,56.208,1.939,0
2026-07-28 20:07:55.646573,606,42.926,7.446,4.753,27.364,6.29,21.957,211.366,1073.555,3289.177,61.631,229.727,245.024,232.698,54.611,2.275,0
2026-07-28 20:08:59.706461,606,41.503,7.357,4.825,22.481,6.421,21.407,214.507,921.723,2255.838,58.356,228.202,239.737,232.387,55.323,1.975,0
2026-07-28 20:09:58.573851,606,41.523,7.901,4.311,24.821,6.168,20.795,224.358,934.075,2924.549,70.184,229.24,241.143,233.176,53.886,2.076,0
2026-07-28 20:11:02.273810,606,41.79,7.352,4.35,27.136,6.111,20.911,218.451,986.207,2726.807,64.747,229.193,240.48,233.527,55.748,1.932,0
2026-07-28 20:12:03.624072,606,41.903,7.963,5.525,28.839,4.956,20.298,209.342,1030.215,2753.198,57.122,227.509,241.794,233.59,54.379,1.89,0
2026-07-28 20:13:10.878476,606,41.823,7.417,3.86,24.593,6.09,21.107,222.39,990.583,2828.618,59.067,228.25,243.069,231.755,54.667,1.98,1
2026-07-28 20:14:24.922357,606,42.181,7.291,4.636,22.873,6.289,21.391,227.715,966.788,2476.129,67.232,229.509,241.448,233.115,55.525,1.75,0
2026-07-28 20:15:30.565886,606,41.002,7.607,4.146,22.838,5.963,21.083,218.755,975.585,3359.379,71.014,228.639,245.039,231.625,54.651,1.758,0
2026-07-28 20:16:43.253278,606,41.586,7.561,5.039,16.917,6.244,21.165,219.42,960.374,3714.766,61.466,229.313,249.326,232.788,55.374,1.937,0
2026-07-28 20:17:42.088250,606,42.244,7.085,5.581,19.439,6.042,20.621,230.294,956.115,3053.85,68.704,231.144,247.817,233.77,54.709,1.989,0
2026-07-28 20:18:48.778070,606,40.551,7.674,4.047,24.423,6.013,20.358,228.224,917.546,3452.869,67.08,227.358,250.73,233.698,55.333,2.156,0
2026-07-28 20:19:53.133709,606,41.042,7.04,3.657,30.357,6.145,21.026,223.823,1067.397,2816.883,75.531,227.577,240.529,235.542,54.991,1.872,0
2026-07-28 20:20:56.163654,606,42.054,7.953,3.856,21.431,5.944,21.184,229.97,983.653,3373.195,59.44,225.979,244.855,232.328,55.906,2.394,0
2026-07-28 20:21:53.986072,606,41.741,7.145,5.278,22.396,5.77,20.715,228.223,932.498,2870.767,75.032,226.624,242.886,234.371,54.384,1.644,0
2026-07-28 20:23:01.670118,606,41.377,7.574,4.708,24.189,5.924,21.334,219.182,1024.378,2840.037,69.346,227.067,250.572,235.625,55.6,1.739,0
2026-07-28 20:24:10.939753,606,41.857,7.636,4.432,27.416,5.894,21.608,222.713,875.722,3045.976,59.904,228.444,245.14,236.002,54.973,2.086,0
2026-07-28 20:25:17.223413,606,41.92,7.741,4.334,20.697,6.114,21.685,220.853,920.522,3508.499,68.715,227.687,245.041,234.368,55.336,2.34,0
2026-07-28 20:26:16.896562,606,41.255,7.141,3.895,21.776,5.732,20.661,233.858,988.965,3324.448,60.688,227.254,243.83,231.186,54.426,1.778,0
2026-07-28 20:27:19.024234,606,41.662,7.631,5.227,23.095,6.348,19.839,223.021,973.977,3412.131,66.279,227.747,241.519,231.713,56.241,2.402,0
2026-07-28 20:28:23.105257,606,41.112,7.233,4.646,23.458,6.097,21.305,222.486,1000.403,2600.892,68.299,227.245,252.019,231.874,55.404,2.193,0
2026-07-28 20:29:33.552235,606,42.277,7.563,6.012,23.625,6.359,20.801,233.103,936.75,2693.101,61.5,227.61,237.545,233.177,53.985,2.12,0
2026-07-28 20:30:34.434274,606,40.92,7.016,4.472,24.15,5.924,21.019,221.218,957.446,2864.386,75.192,226.078,241.932,235.493,55.723,2.114,0
2026-07-28 20:31:42.998092,606,41.635,7.631,4.718,24.716,5.603,20.664,217.663,967.499,3415.808,64.921,229.778,246.319,232.817,56.561,2.106,0
2026-07-28 20:32:53.974476,606,42.096,7.827,4.104,24.04,5.631,22.146,204.882,940.719,3195.658,65.271,227.674,239.666,232.014,54.227,1.848,0
2026-07-28 20:33:59.535409,606,42.701,7.429,3.949,23.104,5.805,20.71,217.0,927.863,2501.059,69.539,227.219,241.444,234.599,54.231,1.845,0
2026-07-28 20:35:06.459526,606,41.604,7.523,4.439,19.254,5.682,22.313,221.345,1043.08,2922.922,69.143,227.668,246.673,232.376,56.152,1.845,0
2026-07-28 20:36:11.545520,606,43.075,7.654,5.512,19.469,5.53,21.547,226.886,930.782,2812.885,70.0,226.849,241.672,234.326,54.475,1.853,0
2026-07-28 20:37:12.195536,606,41.132,7.585,4.1,21.031,6.056,21.738,219.957,964.829,2962.555,68.987,229.445,237.737,232.53,55.769,2.168,0
2026-07-28 20:38:18.341270,606,41.994,7.1,4.085,26.294,6.101,20.91,213.962,934.295,3636.495,77.064,226.142,250.056,234.187,55.192,2.327,0
2026-07-28 20:39:20.702878,606,41.351,7.195,3.285,27.102,5.933,20.419,222.785,949.54,2946.564,66.382,228.124,242.552,233.352,54.634,1.698,0
2026-07-28 20:40:30.307955,606,42.52,7.399,6.604,19.373,6.421,21.492,207.64,913.62,2889.093,66.111,230.092,241.022,232.619,55.04,1.732,0
2026-07-28 20:41:39.849646,606,41.656,7.529,3.992,25.781,5.992,21.242,229.089,920.472,2671.147,72.502,226.982,247.734,231.146,55.893,2.361,0
2026-07-28 20:42:45.915491,606,41.184,7.381,3.283,18.731,5.901,20.649,230.033,960.266,3235.362,65.051,225.235,238.657,233.065,55.35,1.963,0
2026-07-28 20:43:50.009646,606,42.32,7.524,4.649,24.864,5.911,21.499,207.733,961.555,2965.648,58.498,227.82,236.705,231.341,54.226,2.165,0
2026-07-28 20:44:58.183238,606,41.481,7.752,4.708,21.898,6.225,21.413,214.09,987.358,2760.081,62.239,227.741,241.727,233.483,54.706,1.867,0
2026-07-28 20:46:01.298943,606,41.05,7.41,5.169,17.156,5.591,19.796,222.474,1066.083,3182.408,62.262,227.815,243.37,234.224,55.784,2.514,0
2026-07-28 20:46:56.809016,606,41.539,7.224,4.66,20.316,5.45,21.435,232.336,985.397,2898.573,74.504,227.167,236.01,233.741,56.42,2.012,0
2026-07-28 20:47:58.791650,606,42.205,7.625,3.006,21.496,6.064,21.676,219.638,954.053,2941.574,60.686,228.319,240.438,232.942,55.589,2.206,0
2026-07-28 20:49:02.944143,606,41.625,7.807,3.852,24.387,6.063,19.936,222.736,874.152,2713.158,58.325,229.079,242.985,232.928,56.926,2.24,0
2026-07-28 20:50:04.298946,606,41.504,7.572,5.404,23.026,6.177,22.369,221.779,919.744,2460.009,69.863,227.231,240.643,233.942,54.825,1.529,0
2026-07-28 20:51:15.297622,606,41.698,7.383,5.287,22.814,5.992,21.982,209.135,1051.577,3226.337,76.485,228.267,239.164,232.21,55.583,1.512,0
2026-07-28 20:52:15.125798,606,40.497,7.456,4.862,22.356,6.528,19.798,217.619,1006.864,3113.116,57.015,227.056,238.618,233.246,55.254,1.826,0
2026-07-28 20:53:22.412659,606,43.13,7.38,5.751,25.924,6.247,20.75,214.692,989.404,3085.066,76.776,230.726,241.825,231.201,56.524,1.997,0
2026-07-28 20:54:28.421039,606,41.672,7.572,4.299,20.341,5.31,20.375,221.648,999.474,2959.505,59.665,229.36,244.223,232.049,55.045,1.986,0
2026-07-28 20:55:29.795853,606,42.182,6.973,5.483,24.621,5.588,20.17,215.22,925.455,2840.961,54.772,230.482,241.651,233.327,55.92,2.269,0
2026-07-28 20:56:35.628913,606,42.447,7.524,4.127,29.848,5.44,21.22,220.228,990.754,3026.299,56.648,229.143,236.96,231.259,54.94,1.717,0
2026-07-28 20:57:37.103593,606,41.161,7.456,5.972,24.654,6.023,21.105,219.636,965.623,3189.609,65.342,226.315,240.007,233.259,54.451,1.695,0
2026-07-28 20:58:43.255747,606,41.059,7.725,4.064,24.554,6.057,20.363,220.215,1023.686,3107.539,62.615,227.031,244.992,233.844,56.413,1.727,0
2026-07-28 20:59:49.278995,606,42.495,7.145,3.507,21.287,6.513,20.444,227.476,969.257,2801.219,64.498,228.874,242.591,232.088,54.903,2.299,0
2026-07-28 21:00:47.851393,606,41.289,7.213,3.473,28.843,5.778,21.008,222.704,940.959,3269.278,61.917,227.581,235.841,233.441,55.155,2.2,0
2026-07-28 21:01:46.226500,606,41.502,7.588,5.679,20.9,5.731,21.288,218.291,988.987,3015.026,57.588,228.875,250.952,231.24,54.285,1.626,0
2026-07-28 21:02:57.901313,606,41.317,7.826,5.774,22.891,6.076,20.422,223.482,956.548,3009.042,68.754,227.746,245.589,233.587,55.77,2.193,0
2026-07-28 21:04:05.301913,606,40.198,7.464,3.701,17.01,5.691,21.049,216.213,1000.983,2845.008,61.957,229.044,245.739,232.402,53.99,1.833,0
2026-07-28 21:05:08.710707,606,41.584,7.442,3.92,21.283,5.924,21.387,212.469,976.734,2870.564,71.302,230.551,240.452,231.742,54.02,1.598,0
2026-07-28 21:06:13.214586,606,41.66,7.304,2.461,25.227,6.277,21.642,227.517,1017.969,3057.738,68.792,226.274,243.119,232.529,55.951,1.976,0
2026-07-28 21:07:17.239914,606,42.232,7.51,3.444,22.727,6.233,21.207,215.397,935.31,2626.04,62.973,225.898,240.486,231.452,55.057,1.957,0
2026-07-28 21:08:26.870630,606,41.47,7.259,4.263,26.041,6.319,21.112,212.919,1042.89,2884.391,62.032,227.642,244.843,233.996,54.714,2.204,0
2026-07-28 21:09:31.001274,606,41.389,7.168,4.256,23.675,5.608,20.833,230.635,992.88,2849.891,53.023,227.925,244.652,233.164,54.098,1.958,0
2026-07-28 21:10:31.080305,606,41.965,7.635,2.712,24.473,6.167,20.715,226.154,977.109,2942.019,69.651,227.309,234.331,234.349,55.442,2.306,0
2026-07-28 21:11:34.987675,606,42.144,7.282,3.247,25.888,6.003,21.125,218.712,1018.781,3077.125,66.0,228.496,247.889,230.649,55.715,2.339,0
2026-07-28 21:12:37.598885,606,41.111,7.667,6.073,18.659,6.711,21.067,226.25,1005.904,2608.91,67.642,227.559,245.623,234.161,55.36,1.831,0
2026-07-28 21:13:42.661210,606,40.702,7.484,5.472,25.446,6.216,21.29,216.748,1003.868,3471.87,59.837,226.953,245.373,230.871,53.603,1.937,0
2026-07-28 21:14:53.921441,606,42.811,7.744,4.613,22.043,6.002,20.465,223.373,995.346,2990.321,65.029,228.346,239.563,232.928,55.925,2.263,0
2026-07-28 21:15:54.173429,606,42.476,7.229,4.639,21.731,6.309,21.449,220.391,1006.677,3160.273,58.008,229.024,243.862,236.111,55.281,1.999,0
2026-07-28 21:16:55.571950,606,41.358,7.699,4.503,20.062,6.175,19.937,217.456,965.411,3263.374,59.177,228.276,234.971,230.926,54.63,2.272,0
2026-07-28 21:18:03.924304,606,41.528,7.502,4.393,24.341,6.228,21.478,221.815,1001.306,3512.465,72.36,230.472,244.883,232.998,55.104,2.282,0
2026-07-28 21:19:06.234640,606,41.671,7.13,4.511,23.447,6.154,20.852,212.163,952.879,3045.672,62.987,227.56,242.047,231.625,54.141,1.534,0
2026-07-28 21:20:16.370163,606,41.261,7.32,3.164,25.436,5.887,20.209,216.006,942.076,2747.228,64.142,226.833,245.225,232.232,55.5,2.144,1
2026-07-28 21:21:26.094877,606,41.396,7.327,4.281,18.748,5.885,20.213,205.642,954.169,2647.86,56.665,228.345,237.011,231.696,54.83,2.108,0
2026-07-28 21:22:34.697549,606,41.629,7.598,2.781,26.017,6.211,21.385,217.716,901.726,3126.887,59.502,225.704,239.408,229.539,55.679,2.117,0
2026-07-28 21:23:45.325294,606,40.978,7.261,4.323,24.493,5.814,21.087,221.779,922.902,2902.293,58.561,230.57,241.118,233.666,55.364,2.092,0
2026-07-28 21:24:54.780436,606,42.86,7.192,4.855,20.586,6.054,21.145,209.903,961.932,3458.693,63.258,230.169,242.961,233.022,55.242,2.087,0
2026-07-28 21:25:58.154866,606,40.845,7.399,4.019,25.873,6.153,20.867,222.666,906.676,2799.866,61.405,229.727,243.994,231.772,55.469,2.502,0
2026-07-28 21:27:13.516904,606,40.637,7.731,4.714,24.148,5.831,20.716,204.618,959.02,2718.779,63.031,224.997,248.836,234.623,55.683,2.111,0
2026-07-28 21:28:14.107929,606,42.142,7.531,4.409,19.471,6.137,21.084,215.877,1011.797,2702.179,67.931,227.454,241.094,233.695,54.036,1.872,0
2026-07-28 21:29:19.941171,606,41.49,7.428,4.877,23.521,6.012,20.976,219.307,961.903,3656.964,72.998,227.954,239.991,233.004,55.816,1.889,0
2026-07-28 21:30:24.704299,606,41.902,7.646,4.801,15.961,5.889,20.466,219.848,959.074,3449.475,67.555,228.112,248.123,233.694,53.587,1.93,0
2026-07-28 21:31:36.893763,606,41.689,7.257,3.773,24.938,6.235,19.825,221.626,968.667,2716.861,59.1,228.879,240.021,233.703,54.895,2.355,0
2026-07-28 21:32:45.313310,606,41.499,7.947,3.287,21.16,5.625,20.509,208.394,863.02,2907.188,57.609,229.379,245.336,232.946,56.123,1.707,0
2026-07-28 21:33:54.078625,606,41.641,7.915,3.35,18.362,5.624,21.107,221.162,980.414,2891.291,59.295,230.114,238.437,233.578,55.179,2.426,0
2026-07-28 21:35:02.480373,606,41.892,7.382,3.72,16.395,6.017,21.579,224.761,1005.883,2509.73,65.809,228.977,239.353,233.311,54.805,2.059,0
2026-07-28 21:36:05.402981,606,42.259,7.521,5.185,23.859,5.667,19.601,216.869,1016.211,2968.159,70.613,227.819,249.256,232.508,54.628,1.403,1
2026-07-28 21:37:08.296227,606,41.312,7.47,5.114,22.634,6.39,20.648,218.313,954.759,3187.898,70.35,227.946,246.133,232.072,54.115,2.372,0
2026-07-28 21:38:21.800398,606,41.925,7.366,4.096,22.076,5.903,21.147,209.911,1038.913,3021.938,76.594,228.948,244.617,232.106,56.429,2.231,0
2026-07-28 21:39:33.643481,606,41.457,7.726,4.249,23.7,5.585,21.084,226.03,986.265,2929.101,64.371,226.447,247.309,231.814,53.811,1.905,0
2026-07-28 21:40:39.064886,606,41.507,7.131,3.363,23.033,5.955,21.035,211.112,1018.045,2890.515,61.963,227.78,243.593,232.79,54.061,2.062,0
2026-07-28 21:41:42.107278,606,41.25,7.403,3.418,25.068,6.537,20.63,227.549,961.707,2885.155,64.638,230.119,241.094,233.662,53.646,2.264,0
2026-07-28 21:42:49.100702,606,41.544,7.623,4.851,22.965,5.738,20.453,235.362,1038.006,3056.547,54.766,228.865,240.663,234.174,56.281,2.335,0
2026-07-28 21:44:00.289022,606,41.076,7.885,4.132,21.672,5.817,21.311,216.503,954.391,3403.079,64.894,229.384,244.318,233.271,54.8,1.968,0
2026-07-28 21:45:07.974886,606,41.121,7.836,4.214,21.721,6.17,21.158,214.589,991.234,2897.983,62.945,228.389,241.897,234.426,55.538,2.386,0
2026-07-28 21:46:12.020445,606,41.234,7.324,5.066,23.602,6.424,20.945,218.69,976.854,2787.538,58.214,229.293,241.121,231.5,55.499,1.958,0
2026-07-28 21:47:18.056889,606,40.559,7.299,4.874,24.293,5.703,22.398,226.959,922.194,2746.872,72.172,228.678,249.638,234.373,55.45,2.344,0
2026-07-28 21:48:24.388007,606,41.215,7.39,4.303,21.338,5.775,21.85,213.602,1042.339,3527.583,60.82,230.438,245.242,234.273,55.118,1.564,0
2026-07-28 21:49:36.790509,606,41.438,7.852,5.51,21.653,5.538,21.343,204.952,961.28,3520.29,62.206,227.454,238.778,231.166,55.164,2.437,0
2026-07-28 21:50:38.965500,606,41.868,7.596,4.046,23.743,5.997,21.646,227.89,923.725,2989.068,56.265,227.05,249.033,231.476,56.031,1.52,0
2026-07-28 21:51:45.492449,606,40.991,8.206,3.682,23.909,6.076,21.452,220.136,939.916,3034.129,65.833,225.745,239.435,232.124,55.029,1.788,0
2026-07-28 21:52:54.581760,606,41.668,7.652,3.425,20.381,6.275,20.808,218.377,1010.157,2931.194,75.888,227.968,242.013,233.622,54.485,2.296,0
2026-07-28 21:53:56.489065,606,41.873,7.916,5.52,19.434,6.13,20.22,220.355,1045.6,2688.856,66.12,229.195,242.617,230.043,56.015,2.038,0
2026-07-28 21:55:00.386024,606,41.55,7.471,3.962,23.148,6.033,21.675,214.222,937.368,2994.095,71.104,229.634,246.086,233.335,55.403,2.208,0
2026-07-28 21:56:09.821483,606,41.777,7.289,4.512,24.335,6.08,20.99,218.614,995.144,2589.546,61.276,228.057,246.038,233.726,53.253,1.677,0
2026-07-28 21:57:17.160392,606,41.79,8.095,6.092,23.766,6.181,21.63,221.791,954.534,2774.675,68.671,229.788,237.785,235.385,54.638,1.774,0
2026-07-28 21:58:25.771402,606,41.5,7.164,3.825,19.091,5.647,21.573,223.358,874.964,2861.816,60.741,228.397,245.148,234.92,54.84,1.928,0
2026-07-28 21:59:36.794554,606,41.347,7.563,4.597,23.934,6.078,19.95,220.18,1006.399,3300.263,59.045,226.494,239.612,232.451,56.17,1.574,0
2026-07-28 22:00:42.379524,606,41.764,7.524,4.592,25.417,5.503,21.439,203.05,931.12,3018.374,67.38,229.177,243.74,232.192,55.052,2.327,0
2026-07-28 22:01:55.614286,606,41.136,7.347,4.54,21.795,6.344,22.214,217.669,1005.721,2726.364,72.851,227.24,237.38,234.466,54.426,1.991,0
2026-07-28 22:03:07.815692,606,40.554,7.585,5.28,21.161,6.543,20.875,220.274,999.7,3306.509,60.116,227.435,245.685,234.642,54.147,1.691,0
2026-07-28 22:04:13.426195,606,41.314,7.457,4.824,26.296,5.827,21.243,220.86,956.979,2964.916,66.74,229.706,239.09,233.696,55.028,1.993,0
2026-07-28 22:05:22.034100,606,41.393,7.277,4.66,25.987,6.096,21.729,216.909,991.91,2721.734,53.939,229.711,245.006,231.413,55.792,2.007,0
2026-07-28 22:06:29.165581,606,41.75,7.173,5.927,20.375,6.245,19.976,233.639,1012.593,3174.656,58.902,228.556,242.145,232.95,56.413,2.147,0
2026-07-28 22:07:28.982863,606,41.728,7.604,3.242,23.555,6.469,19.576,216.783,902.595,3046.12,79.55,227.044,246.162,232.267,53.921,1.976,0
2026-07-28 22:08:41.234618,606,41.353,7.298,3.492,19.945,5.963,20.892,223.034,989.451,2375.921,62.315,226.592,242.989,231.399,55.167,1.795,0
2026-07-28 22:09:43.409796,606,41.717,7.364,4.445,24.213,5.791,19.904,216.662,996.773,3044.351,61.47,228.639,243.79,233.367,54.676,1.949,0
2026-07-28 22:10:52.895759,606,42.126,7.288,4.945,21.649,6.143,21.943,223.209,966.722,2807.687,68.495,228.359,239.702,231.829,54.917,2.598,0
2026-07-28 22:11:58.677913,606,41.583,7.295,4.465,20.228,6.398,21.603,209.552,1044.025,2768.761,58.994,227.574,243.119,235.961,54.408,2.105,0
2026-07-28 22:12:59.964303,606,41.21,7.457,3.94,19.006,6.025,21.911,230.476,985.339,2910.75,68.427,228.69,234.883,231.64,53.837,1.738,0
2026-07-28 22:14:10.246010,606,41.471,7.183,5.575,26.487,6.407,20.969,222.248,1071.739,2487.361,68.488,228.191,245.874,229.897,55.305,2.291,0
2026-07-28 22:15:18.871619,606,42.031,7.415,5.189,21.692,6.305,21.786,216.192,1039.226,2932.875,63.077,227.318,251.428,233.248,54.701,2.663,0
2026-07-28 22:16:22.045093,606,40.953,7.637,3.989,31.876,6.223,21.066,217.085,1055.135,3075.404,73.099,226.621,243.178,234.983,55.639,2.158,0
2026-07-28 22:17:23.161948,606,42.003,7.646,5.894,26.984,5.993,21.281,214.732,1008.738,2766.658,56.084,227.941,246.596,233.209,55.094,1.993,0
2026-07-28 22:18:29.614756,606,41.396,7.368,4.146,26.641,5.928,22.501,217.409,1026.386,2917.102,62.899,227.542,239.189,232.309,56.315,1.595,0
2026-07-28 22:19:36.574212,606,42.215,7.311,4.27,17.282,6.517,20.122,219.753,965.606,3011.534,72.392,227.562,245.436,231.608,56.028,1.983,0
2026-07-28 22:20:45.400019,606,41.807,7.791,3.2,22.65,5.74,22.216,215.966,1067.178,3130.832,70.221,227.891,244.202,231.12,56.631,1.665,0
2026-07-28 22:21:42.562686,606,41.969,7.595,4.724,17.137,6.156,19.686,225.041,929.549,3172.104,62.387,228.01,245.045,232.227,54.296,2.092,0
2026-07-28 22:22:53.862802,606,42.124,7.622,6.136,24.328,6.135,20.99,235.455,1054.731,2826.079,61.2,227.305,244.366,231.664,56.038,1.425,0
2026-07-28 22:23:59.041444,606,42.212,7.808,6.103,22.845,6.105,21.392,218.331,970.155,2922.88,66.285,228.824,242.623,233.234,55.109,2.171,0
2026-07-28 22:25:07.390374,606,42.089,7.755,4.196,27.165,5.676,20.655,204.289,918.192,2568.619,53.905,227.576,241.573,232.799,55.475,1.515,0
2026-07-28 22:26:12.906072,606,41.197,7.715,4.041,20.062,6.024,21.201,217.474,1003.209,2816.278,65.088,228.425,240.433,233.091,55.024,2.034,0
2026-07-28 22:27:22.094443,606,42.04,7.052,4.519,24.315,5.841,21.259,219.163,973.252,3368.328,66.555,226.875,249.093,231.835,55.151,2.447,0
2026-07-28 22:28:22.852052,606,40.994,7.351,5.713,23.107,6.281,21.435,225.196,1004.325,2724.1,60.698,227.357,243.279,232.752,54.715,1.748,0
2026-07-28 22:29:23.688175,606,41.074,7.155,4.674,22.925,6.077,20.861,214.937,1061.138,3327.582,64.936,228.697,241.575,234.247,56.042,1.824,0
2026-07-28 22:30:31.916626,606,41.624,7.831,5.179,25.205,6.446,20.525,215.061,926.935,2684.256,65.009,226.249,247.999,230.673,54.383,2.112,0
2026-07-28 22:31:43.042160,606,42.29,7.406,5.091,24.368,6.432,21.132,214.881,1043.679,3195.723,56.636,229.662,245.242,231.892,55.039,1.857,0
2026-07-28 22:32:50.697090,606,41.613,7.303,5.463,25.441,5.882,20.775,210.899,1009.417,3065.834,64.611,228.748,245.387,232.586,55.575,2.344,0
2026-07-28 22:33:52.841789,606,41.269,7.572,5.232,24.519,6.432,21.021,207.429,1013.831,3463.942,57.066,228.054,243.739,232.406,54.746,1.932,0
2026-07-28 22:35:03.834940,606,41.978,7.651,3.958,24.038,5.816,20.784,220.495,899.984,2317.737,61.287,228.672,249.188,234.953,55.815,2.281,0
2026-07-28 22:36:10.128281,606,41.436,7.613,4.633,20.917,6.401,21.14,209.76,999.12,2775.731,62.089,226.434,240.807,230.858,54.746,2.144,0
2026-07-28 22:37:14.806383,606,41.897,7.499,4.119,22.135,5.649,20.576,217.77,1024.966,3466.149,73.479,228.466,240.081,229.197,54.872,2.024,0
2026-07-28 22:38:22.602035,606,41.735,7.794,5.295,20.088,6.447,20.666,224.467,1064.21,3027.574,69.801,225.795,238.832,234.51,56.018,2.05,0
2026-07-28 22:39:28.547947,606,41.19,7.411,4.941,22.163,5.789,20.224,213.485,910.167,3152.444,73.571,229.203,243.398,231.068,54.639,2.11,0
2026-07-28 22:40:30.758462,606,42.238,7.119,4.976,24.249,5.899,21.11,227.908,963.646,2762.745,61.606,226.811,244.788,231.963,55.856,1.904,0
2026-07-28 22:41:38.311630,606,40.847,7.396,4.81,18.996,5.949,20.37,214.781,1096.457,2698.296,63.384,229.052,238.96,233.404,55.567,2.339,0
2026-07-28 22:42:40.691800,606,41.223,7.386,3.209,25.222,5.822,21.217,209.244,887.769,3336.834,66.47,226.735,245.537,234.634,56.647,1.65,0
2026-07-28 22:43:49.802148,606,41.992,7.655,4.975,22.265,6.41,21.713,216.982,1027.61,2983.084,65.538,228.059,243.942,232.066,54.586,2.46,0
2026-07-28 22:44:55.610180,606,43.107,7.728,3.424,22.605,5.489,22.097,222.295,990.065,3908.247,71.247,228.109,248.185,232.178,54.785,1.651,0
2026-07-28 22:46:01.514574,606,40.788,7.306,3.643,22.947,6.155,20.923,225.509,949.443,3041.386,68.777,228.068,249.825,231.395,55.25,2.299,0
2026-07-28 22:47:10.864924,606,41.609,6.959,5.457,23.492,6.182,22.941,222.563,961.011,3218.637,70.134,228.76,239.931,233.03,54.792,2.554,0
2026-07-28 22:48:12.539001,606,40.494,7.989,4.172,16.155,5.686,21.432,232.261,1087.709,3295.356,63.404,226.624,240.346,234.954,55.383,2.494,0
2026-07-28 22:49:17.677552,606,41.599,7.546,3.334,22.72,5.865,21.089,221.283,1016.01,3137.992,69.26,225.604,237.779,232.166,55.159,1.436,0
2026-07-28 22:50:27.131356,606,41.346,6.982,3.973,21.045,5.702,22.359,216.223,971.963,3227.493,62.278,227.074,241.703,231.819,54.07,2.023,0
2026-07-28 22:51:31.965069,606,41.692,7.088,5.134,22.266,5.904,20.382,219.548,944.686,3369.344,78.403,229.384,234.248,232.819,54.41,2.018,0
2026-07-28 22:52:23.146950,606,42.379,7.554,4.099,25.138,6.273,20.99,210.832,1017.333,2990.974,63.264,227.497,238.069,233.723,56.403,2.463,0
2026-07-28 22:53:29.810754,606,42.106,7.369,5.446,21.608,5.887,20.792,225.794,965.045,2841.351,65.804,227.177,245.981,234.057,54.692,1.627,0
2026-07-28 22:54:38.588750,606,41.498,7.808,5.274,20.837,6.086,20.097,210.243,939.849,3275.479,69.307,230.352,245.548,232.758,55.365,2.0,0
2026-07-28 22:55:46.576606,606,42.028,7.37,5.353,23.875,5.97,21.693,212.691,968.951,3455.526,78.46,226.635,246.107,235.048,54.527,1.746,0
2026-07-28 22:56:54.552132,606,41.714,7.479,5.055,19.696,6.602,21.207,218.986,997.197,2800.157,71.023,229.199,243.652,233.792,54.422,2.07,0
2026-07-28 22:57:58.932003,606,41.158,7.348,3.42,26.342,6.039,21.468,213.292,970.49,3474.369,60.238,226.671,244.59,233.013,55.887,1.857,0
2026-07-28 22:59:01.778406,606,41.651,7.464,4.279,28.442,5.743,21.456,222.552,1055.411,2676.852,70.991,226.633,246.514,232.96,55.234,2.058,0
2026-07-28 23:00:09.960531,606,41.915,7.514,4.872,19.13,6.072,19.817,221.977,1013.269,3015.675,56.089,229.12,240.801,230.257,54.282,1.907,0
2026-07-28 23:01:16.050696,606,43.537,7.834,3.819,24.747,6.21,21.836,225.025,965.269,2572.748,62.076,228.839,244.965,232.208,55.187,1.605,0
2026-07-28 23:02:20.700467,606,42.341,7.574,4.934,27.19,5.838,20.475,223.997,1012.484,2481.288,60.682,226.92,246.388,231.643,55.343,2.285,1
2026-07-28 23:03:24.981095,606,42.043,7.52,5.407,21.677,6.387,21.684,221.529,964.843,2936.216,62.64,225.318,243.919,232.652,56.387,1.447,0
2026-07-28 23:04:31.443487,606,40.791,7.686,3.543,21.354,5.514,20.125,219.392,970.324,3139.665,69.346,227.815,242.315,231.851,53.397,2.052,0
2026-07-28 23:05:38.459425,606,41.782,7.827,2.963,21.311,5.872,21.256,224.879,977.963,2969.231,71.151,227.78,247.094,231.149,55.896,1.922,0
2026-07-28 23:06:42.041917,606,42.403,7.167,4.582,26.461,6.006,20.561,219.97,957.147,3524.159,72.016,230.506,233.026,234.121,54.717,2.195,0
2026-07-28 23:07:48.088905,606,41.964,7.334,6.576,26.721,6.294,21.16,229.773,1026.207,2659.918,62.169,226.383,231.109,230.757,56.587,2.617,0
2026-07-28 23:08:48.104769,606,42.267,7.551,4.456,22.273,6.424,20.892,226.237,1023.577,2999.097,56.897,227.684,241.161,236.127,56.337,1.494,0
2026-07-28 23:09:56.439233,606,41.948,7.499,3.419,27.255,6.417,21.203,218.071,935.71,2796.369,67.722,227.857,235.928,231.569,56.481,1.835,0
2026-07-28 23:11:03.541680,606,42.207,7.346,4.974,19.627,6.048,20.843,228.292,1050.678,2879.726,66.241,227.907,249.873,232.887,54.695,1.948,0
2026-07-28 23:12:10.246472,606,40.836,7.011,4.78,24.429,6.34,20.666,230.507,999.066,2819.552,54.874,227.185,250.161,231.159,54.01,1.799,0
2026-07-28 23:13:15.049267,606,42.519,7.429,4.989,20.576,6.2,21.877,234.821,886.126,2883.281,62.975,227.337,243.349,231.721,55.032,2.207,0
2026-07-28 23:14:26.999919,606,42.102,7.594,6.36,23.463,6.039,21.877,227.931,986.384,2958.346,59.23,227.776,234.816,234.041,54.321,2.001,0
2026-07-28 23:15:30.982096,606,42.287,7.86,3.469,22.015,5.85,22.333,212.514,1003.828,2644.194,53.015,228.394,237.694,232.015,54.975,1.803,0
2026-07-28 23:16:31.042982,606,41.765,7.507,5.142,20.066,6.071,21.038,213.291,946.737,3288.603,65.871,229.159,238.908,232.119,53.974,1.724,0
2026-07-28 23:17:35.282207,606,41.966,7.502,4.484,23.935,6.38,20.946,212.641,1079.902,3340.322,61.371,228.399,241.733,234.261,54.699,1.433,0
2026-07-28 23:18:36.392348,606,42.065,7.304,4.858,19.603,6.026,21.076,227.035,938.046,3035.707,61.496,227.279,233.766,235.488,56.158,2.184,0
2026-07-28 23:19:30.592746,606,41.612,7.5,3.928,25.015,5.886,20.548,237.781,1000.494,2946.431,65.408,229.441,248.945,232.459,55.216,1.832,0
2026-07-28 23:20:43.808419,606,41.301,7.375,3.315,25.055,6.347,20.163,222.557,946.678,2922.727,54.085,228.393,241.345,230.486,54.171,2.535,0
2026-07-28 23:21:47.337728,606,41.143,7.641,5.908,23.318,5.868,20.651,220.296,948.751,3266.9,58.725,228.363,240.64,232.535,55.487,2.358,0
2026-07-28 23:22:57.728067,606,41.635,7.614,6.029,22.15,6.168,20.514,223.517,981.182,2716.235,66.324,226.95,244.152,232.647,54.507,1.928,0
2026-07-28 23:24:05.142054,606,41.266,7.853,6.158,25.031,6.117,21.423,223.982,941.148,3153.685,68.052,229.533,241.733,232.945,55.961,1.973,0
2026-07-28 23:25:15.766225,606,41.337,7.571,3.877,25.282,6.272,21.578,228.86,961.198,2895.33,72.559,228.095,236.055,233.796,55.791,1.764,0
2026-07-28 23:26:18.215675,606,42.435,7.635,4.375,21.639,6.242,19.661,215.896,947.471,2873.513,66.157,229.137,248.135,234.058,55.542,1.961,0
2026-07-28 23:27:32.496947,606,42.511,7.157,5.541,23.494,6.2,20.475,223.2,907.462,2962.951,68.226,227.489,239.401,231.927,56.409,1.88,0
2026-07-28 23:28:34.325407,606,41.523,7.585,4.372,21.867,5.903,21.305,225.725,962.336,3042.656,65.508,227.021,240.754,233.129,54.857,1.986,0
2026-07-28 23:29:41.024608,606,42.35,7.685,3.922,24.288,5.846,21.133,221.77,1065.881,2597.281,69.889,226.014,247.208,233.197,56.595,2.236,0
2026-07-28 23:30:45.286665,606,41.606,7.529,4.858,20.933,6.098,20.887,209.061,951.385,2732.074,58.549,228.128,236.434,235.299,55.409,2.555,0
2026-07-28 23:31:55.810644,606,41.511,7.489,3.454,23.578,6.072,20.866,206.817,973.414,2823.574,61.029,226.699,240.526,234.158,55.651,1.818,0
2026-07-28 23:33:03.896152,606,41.884,7.456,2.957,22.708,6.743,21.27,210.338,980.194,3075.467,64.39,226.701,247.557,232.152,53.284,1.56,0
2026-07-28 23:34:02.093202,606,41.327,7.912,6.499,25.494,6.107,21.311,227.759,1051.222,2485.749,64.919,229.132,242.805,231.381,54.897,1.92,0
2026-07-28 23:35:07.054926,606,41.531,7.093,4.247,21.476,6.028,20.118,231.019,995.078,3257.116,58.008,228.643,238.017,232.381,54.808,2.026,0
2026-07-28 23:36:18.365977,606,42.371,7.814,5.199,23.759,5.831,19.78,212.298,937.237,3429.954,56.025,226.859,240.842,233.067,54.105,2.154,0
2026-07-28 23:37:21.349405,606,41.866,7.601,4.268,21.815,5.696,20.971,225.699,902.58,2771.241,59.824,224.466,239.468,232.646,54.26,2.313,0
2026-07-28 23:38:25.986679,606,41.89,7.378,4.705,18.717,5.549,21.541,205.749,935.767,3001.693,60.835,226.419,235.615,231.81,55.98,1.602,0
2026-07-28 23:39:31.843792,606,41.586,7.635,4.549,22.287,5.679,20.72,215.662,981.264,3277.158,66.833,230.75,235.941,231.86,55.532,2.088,0
2026-07-28 23:40:36.147589,606,41.541,7.603,3.229,24.764,5.915,22.553,222.586,925.192,2974.623,53.35,228.152,241.569,234.19,55.569,2.536,0
2026-07-28 23:41:47.019149,606,41.757,7.253,3.99,24.853,6.291,21.608,225.875,1033.092,2915.984,77.828,227.056,233.948,230.541,56.691,2.105,0
2026-07-28 23:42:50.453778,606,42.088,7.765,5.115,21.264,6.127,20.702,215.265,961.231,3250.054,60.017,229.008,238.45,234.603,55.424,1.694,0
2026-07-28 23:43:56.671461,606,41.871,7.552,4.781,25.751,5.707,19.818,219.261,1033.936,3347.468,55.826,227.085,236.541,233.039,56.131,1.573,0
2026-07-28 23:45:05.810461,606,42.004,7.305,4.487,26.563,5.819,21.541,219.511,959.183,2841.971,57.358,226.688,241.055,231.918,55.259,1.955,0
2026-07-28 23:46:12.987009,606,40.799,7.886,2.767,20.407,5.968,20.442,210.655,939.928,2829.754,64.133,228.299,244.406,233.034,54.527,2.443,0
2026-07-28 23:47:22.371729,606,41.198,7.652,4.937,23.376,5.898,20.626,227.352,934.048,3129.397,59.638,228.119,239.996,234.24,55.026,1.975,0
2026-07-28 23:48:26.871614,606,41.393,7.598,4.112,25.98,5.745,20.489,221.352,997.574,2822.07,63.862,226.245,241.779,233.334,55.561,1.792,0
2026-07-28 23:49:30.981142,606,41.917,7.761,3.978,26.647,5.262,20.135,214.417,1030.8,2714.016,62.674,227.57,246.519,232.232,53.757,1.677,0
2026-07-28 23:50:37.601378,606,41.882,7.508,3.794,23.593,5.682,20.654,219.55,995.262,2832.431,65.503,226.604,238.086,232.396,55.218,2.576,0
2026-07-28 23:51:43.156732,606,42.025,7.717,4.571,26.113,5.698,20.646,227.695,924.172,2715.57,64.274,228.41,242.342,232.696,55.407,1.422,0
2026-07-28 23:52:49.449119,606,41.527,7.702,4.408,26.652,6.343,20.431,214.366,979.56,2636.029,67.221,227.792,247.269,233.589,54.438,1.894,0
2026-07-28 23:53:55.637275,606,41.754,7.365,4.16,24.602,6.42,20.575,211.954,968.351,3448.58,74.193,229.348,249.22,230.908,53.94,1.687,0
2026-07-28 23:55:02.948765,606,42.586,7.461,5.648,22.23,5.438,22.267,212.255,882.914,2633.789,62.694,226.401,247.368,232.296,55.444,1.962,0
2026-07-28 23:56:09.638187,606,41.716,7.386,4.531,24.041,6.227,21.517,236.812,977.677,3013.161,59.065,228.392,238.974,232.898,55.1,1.977,0
2026-07-28 23:57:17.905301,606,40.77,7.85,3.26,21.121,6.366,20.908,226.222,1014.077,2475.154,70.09,227.183,239.188,232.962,55.965,2.248,0
2026-07-28 23:58:22.555669,606,41.942,7.131,3.96,21.273,5.77,19.809,213.152,1046.093,3441.202,67.113,228.926,245.343,232.479,55.142,1.591,0
2026-07-28 23:59:31.376423,606,42.292,7.589,4.682,18.693,5.512,21.38,220.787,1011.214,3015.235,64.302,225.134,246.242,233.127,53.268,2.002,0
2026-07-29 00:00:35.983579,606,42.271,7.843,5.07,25.459,6.493,22.284,221.773,907.468,3421.204,65.966,229.568,245.977,230.382,55.026,1.532,0
2026-07-29 00:01:50.891622,606,41.536,7.197,3.656,25.966,5.944,22.211,220.403,938.57,2775.77,61.846,229.158,233.854,230.668,55.624,1.521,0
2026-07-29 00:03:01.706304,606,41.57,7.517,3.658,17.715,6.383,20.906,216.005,1016.539,3669.799,72.463,228.214,235.483,234.844,53.948,1.917,0
2026-07-29 00:04:14.826296,606,42.078,7.804,4.915,21.672,6.026,21.243,210.233,926.927,2671.446,70.208,230.07,247.287,232.93,53.721,2.133,0
2026-07-29 00:05:20.744727,606,41.771,7.411,4.566,21.299,6.442,20.225,214.919,1001.998,3155.803,66.394,227.354,243.562,232.769,55.546,2.211,0
2026-07-29 00:06:23.255325,606,41.974,7.537,4.814,24.439,6.139,21.185,216.404,955.102,2310.089,63.123,229.818,243.069,230.686,55.894,2.152,0
2026-07-29 00:07:18.652846,606,41.413,7.446,3.921,22.972,5.892,21.481,225.794,973.275,2870.953,55.09,228.909,240.617,230.288,54.809,1.996,0
2026-07-29 00:08:20.544657,606,41.882,7.264,5.207,24.812,5.856,21.354,221.193,927.903,2980.414,69.328,227.745,238.731,233.479,55.307,2.096,0
2026-07-29 00:09:26.933344,606,41.431,7.406,5.157,23.072,5.826,21.823,223.894,991.047,3000.176,65.472,230.074,241.838,234.681,54.251,1.888,0
2026-07-29 00:10:38.634568,606,41.593,7.34,5.034,23.749,5.94,21.462,212.118,957.712,2863.75,70.444,228.452,239.161,231.757,54.557,1.749,0
2026-07-29 00:11:42.339046,606,41.159,7.116,4.108,23.125,5.98,19.857,218.243,1052.177,3113.688,56.996,227.623,241.365,233.351,55.373,1.762,0
2026-07-29 00:12:46.660212,606,41.294,7.862,4.092,26.279,6.111,20.732,227.376,956.418,2853.019,64.083,229.085,251.937,234.404,55.156,1.942,0
2026-07-29 00:13:55.397684,606,40.983,7.612,4.343,20.242,5.882,21.697,211.077,1077.229,3404.929,63.644,227.513,243.426,232.571,55.313,1.788,0
2026-07-29 00:14:53.379299,606,40.915,7.404,2.998,20.891,6.528,19.858,231.834,997.811,3133.171,54.49,226.565,239.588,234.605,55.388,2.474,0
2026-07-29 00:16:02.439822,606,41.23,7.381,4.15,20.563,6.485,21.048,220.795,967.561,2626.144,56.545,228.47,239.898,232.511,56.877,1.828,0
2026-07-29 00:17:13.087294,606,41.911,7.394,5.233,24.236,6.087,20.702,224.533,946.29,3112.483,66.474,228.392,241.916,233.325,52.699,1.464,0
2026-07-29 00:18:25.752478,606,41.818,7.312,3.779,18.432,6.556,20.133,206.668,967.957,2983.862,79.513,228.104,234.704,235.276,55.518,2.204,0
2026-07-29 00:19:32.589243,606,42.117,7.403,6.027,17.585,6.439,21.659,225.056,957.15,2350.333,72.193,227.956,244.777,233.928,54.562,2.213,0
2026-07-29 00:20:38.720774,606,41.47,7.273,3.411,24.915,5.913,20.451,213.916,976.199,3425.677,54.776,227.346,249.713,232.811,54.344,2.034,0
2026-07-29 00:21:46.572623,606,40.943,7.675,3.673,19.131,6.145,22.483,220.523,965.551,2715.322,66.053,226.954,244.481,232.18,55.34,2.014,0
2026-07-29 00:22:56.133791,606,41.875,7.035,3.892,20.483,5.986,20.85,211.622,1043.575,3031.217,60.993,229.355,239.804,234.406,55.207,1.939,0
2026-07-29 00:24:06.222476,606,41.689,7.55,4.965,19.18,6.437,21.752,227.034,1007.452,3107.182,68.633,228.214,239.934,233.767,55.638,1.926,0
2026-07-29 00:25:12.547522,606,41.63,7.279,4.18,20.987,5.744,22.174,212.613,1018.797,3004.698,65.631,228.116,241.686,233.865,55.097,1.955,0
2026-07-29 00:26:16.538048,606,41.154,7.728,3.434,31.198,5.578,21.23,223.309,1026.912,3219.125,61.439,226.182,242.891,233.186,54.325,2.016,0
2026-07-29 00:27:19.229048,606,41.515,7.457,4.928,22.055,5.998,21.059,222.541,957.702,3243.607,69.638,229.021,242.17,234.098,54.012,1.939,0
2026-07-29 00:28:26.853020,606,42.037,7.589,4.698,22.934,5.748,21.538,221.906,922.778,3052.956,65.333,227.119,243.783,231.801,54.536,1.484,0
2026-07-29 00:29:34.522674,606,41.096,7.344,3.823,20.152,5.756,22.159,218.745,993.1,2732.278,66.393,227.336,241.433,232.052,55.566,1.702,0
2026-07-29 00:30:37.880880,606,40.781,7.825,5.946,22.669,5.949,21.228,223.86,976.791,3028.219,64.973,228.755,246.757,231.81,55.789,2.055,0
2026-07-29 00:31:43.609476,606,41.771,7.189,5.097,25.727,5.871,20.51,219.602,969.957,3328.763,65.04,227.072,233.987,233.792,53.601,1.694,0
2026-07-29 00:32:59.032288,606,41.294,7.334,4.964,23.287,5.916,19.992,218.149,1077.915,2963.245,65.522,227.995,237.253,232.123,54.799,1.754,0
2026-07-29 00:34:10.662378,606,42.069,7.254,3.969,28.613,5.941,21.242,225.178,1001.866,2589.897,72.391,228.151,246.804,231.967,54.746,2.2,0
2026-07-29 00:35:24.703390,606,41.531,7.483,3.605,20.839,6.087,20.295,234.367,931.828,3319.558,69.988,228.265,240.795,233.175,55.241,1.527,0
2026-07-29 00:36:33.933625,606,41.175,7.523,5.705,16.986,5.808,21.648,219.806,988.249,2870.087,71.591,228.192,242.552,231.68,54.455,1.702,0
2026-07-29 00:37:46.085928,606,41.77,7.184,3.723,24.126,5.836,21.883,210.697,996.185,3246.156,53.601,228.409,240.549,233.634,53.798,2.166,0
2026-07-29 00:38:49.473723,606,41.68,7.236,4.925,24.173,6.266,21.408,218.083,945.757,2845.776,67.412,229.22,236.415,232.261,54.696,1.781,0
2026-07-29 00:40:00.023555,606,41.681,7.223,5.27,23.188,6.358,20.959,224.47,1010.064,3143.166,59.116,228.356,243.717,234.814,55.979,1.97,0
2026-07-29 00:41:07.892002,606,41.158,7.134,3.287,19.173,6.541,21.432,217.525,927.253,2925.865,66.033,229.99,242.919,234.76,53.296,1.253,0
2026-07-29 00:42:18.237803,606,42.302,7.328,4.303,21.465,6.015,21.02,209.934,941.392,2825.573,71.615,227.692,254.321,235.165,54.056,2.267,0
2026-07-29 00:43:24.666991,606,41.4,7.934,3.655,23.555,6.342,20.817,221.785,963.046,3136.801,58.959,228.023,242.917,231.555,54.901,2.265,0
2026-07-29 00:44:26.327378,606,42.416,7.535,4.795,23.697,5.911,20.694,218.601,958.277,2777.808,66.311,230.949,248.016,232.646,54.517,1.993,0
2026-07-29 00:45:30.253082,606,40.84,7.334,3.782,24.879,6.143,21.082,215.606,981.079,2512.249,61.908,227.069,242.168,234.371,54.076,1.683,0
2026-07-29 00:46:42.539847,606,42.131,7.433,3.728,20.224,6.034,21.013,221.94,943.868,3201.48,70.615,227.266,248.078,235.204,54.431,2.431,0
2026-07-29 00:47:44.938729,606,41.949,7.11,3.359,17.691,6.526,21.871,226.298,993.242,2837.184,66.21,227.574,239.524,230.997,55.253,2.635,0
2026-07-29 00:48:52.311325,606,41.548,7.125,4.417,22.494,5.817,21.402,217.103,990.404,3079.244,63.235,230.141,237.613,233.862,55.192,2.469,0
2026-07-29 00:49:57.421366,606,40.867,7.286,3.044,24.745,5.757,20.074,225.692,837.68,3068.247,63.618,228.699,237.244,233.253,55.689,2.241,0
2026-07-29 00:51:07.845115,606,41.726,7.182,5.744,19.298,6.017,21.351,220.76,1033.463,3190.133,66.603,229.121,239.711,233.403,55.505,2.042,0
2026-07-29 00:52:08.061918,606,40.772,7.714,4.3,27.444,5.423,21.068,212.968,997.447,3251.655,74.685,227.667,240.551,231.64,53.895,1.896,0
2026-07-29 00:53:11.707670,606,41.469,7.973,5.174,22.04,6.023,21.201,206.448,968.405,3135.976,66.479,226.913,237.847,232.475,55.43,2.373,0
2026-07-29 00:54:11.775832,606,42.091,7.716,4.407,26.175,5.267,20.829,221.608,940.358,3173.246,67.809,226.753,246.012,234.29,55.539,1.964,0
2026-07-29 00:55:15.502288,606,41.598,7.302,4.737,27.963,5.739,21.028,219.604,1005.892,3254.697,70.416,227.611,229.519,234.254,54.597,1.169,0
2026-07-29 00:56:24.722824,606,41.597,7.502,3.371,18.429,5.999,22.156,215.004,948.821,2848.376,64.036,229.352,244.84,233.32,55.988,2.005,0
2026-07-29 00:57:23.844822,606,42.386,7.628,4.93,24.37,5.506,20.747,215.852,957.421,2826.507,59.478,227.812,241.164,234.634,54.494,1.95,0
2026-07-29 00:58:26.079964,606,41.762,7.6,3.457,28.071,6.077,20.557,211.816,963.091,3166.795,65.62,228.521,249.155,234.197,55.849,1.818,0
2026-07-29 00:59:28.910641,606,42.553,7.873,5.627,21.735,5.346,20.513,221.866,959.46,2522.493,70.113,225.429,241.822,235.127,55.476,2.236,0
2026-07-29 01:00:33.693205,606,41.531,7.201,4.032,28.466,5.979,20.256,212.626,964.831,2644.608,64.587,227.526,241.797,233.792,54.859,1.815,0
2026-07-29 01:01:37.752522,606,42.205,7.537,5.055,25.785,6.221,21.424,218.081,904.604,2532.096,59.169,227.169,246.98,236.733,54.205,2.063,0
2026-07-29 01:02:44.254748,606,41.621,7.487,3.422,22.076,6.351,21.825,216.667,994.12,3309.842,68.79,228.32,238.043,232.616,54.542,1.319,0
2026-07-29 01:03:53.242467,606,41.869,7.415,5.1,22.898,6.459,20.586,209.491,940.584,3303.562,74.945,230.204,242.217,235.661,54.464,1.714,0
2026-07-29 01:04:52.047900,606,41.283,7.11,3.034,18.586,5.736,21.374,224.271,969.487,3230.639,65.334,229.311,246.123,231.719,56.448,1.918,0
2026-07-29 01:05:59.639554,606,41.821,7.135,3.104,21.093,5.878,21.728,218.798,954.771,3012.489,60.497,227.396,243.114,232.875,55.864,1.434,0
2026-07-29 01:07:04.700023,606,41.854,7.822,5.349,24.866,5.792,21.16,236.684,975.116,2873.129,70.911,226.297,247.175,233.94,55.801,1.736,0
2026-07-29 01:08:11.838267,606,41.759,7.713,5.265,22.232,6.257,21.015,213.964,968.31,2935.872,70.196,228.554,239.848,229.554,55.26,2.209,0
2026-07-29 01:09:16.331982,606,40.829,7.214,4.08,23.97,6.062,20.541,232.517,957.86,3106.472,68.299,228.2,239.847,232.292,54.605,1.884,0
2026-07-29 01:10:26.759117,606,42.21,7.048,4.154,26.235,5.997,21.436,220.384,981.958,3194.373,66.366,228.276,245.575,235.911,55.587,2.401,0
2026-07-29 01:11:31.694273,606,41.85,7.507,4.35,26.129,5.981,20.835,216.679,1013.82,2688.052,66.037,227.309,239.045,234.946,54.259,2.093,0
2026-07-29 01:12:43.296472,606,41.917,7.48,4.708,24.102,6.171,21.422,213.097,989.144,3199.875,73.713,228.949,239.441,231.07,56.217,1.649,0
2026-07-29 01:13:55.386539,606,42.453,7.096,5.308,21.445,5.743,20.642,210.669,1021.617,3302.058,69.107,227.702,242.396,230.925,53.781,2.38,0
2026-07-29 01:15:00.430537,606,41.659,8.014,4.179,23.504,6.238,21.228,215.498,1028.855,3228.172,64.694,226.35,244.44,231.041,54.145,2.19,0
2026-07-29 01:16:08.241527,606,42.036,7.81,3.14,23.663,6.099,21.763,214.826,956.601,2583.222,67.329,229.733,246.406,231.9,55.504,2.081,0
2026-07-29 01:17:15.126722,606,42.082,7.23,4.395,21.21,6.314,21.339,217.055,1045.752,3207.359,64.106,228.392,242.297,232.981,54.758,2.285,0
2026-07-29 01:18:22.116173,606,41.559,7.828,3.841,24.055,5.892,20.555,214.87,958.865,2977.963,63.886,229.571,244.82,234.131,55.977,1.737,0
2026-07-29 01:19:19.969048,606,41.7,7.557,5.574,20.738,6.015,20.234,226.251,920.412,3436.907,63.742,229.063,248.863,234.405,55.99,2.073,0
2026-07-29 01:20:14.304769,606,41.302,7.681,4.147,22.953,6.329,21.05,212.402,985.4,2964.106,68.995,229.017,246.494,235.41,53.041,1.79,0
2026-07-29 01:21:20.844316,606,40.473,7.289,5.483,21.338,5.654,21.972,214.775,1000.235,3308.604,63.901,230.971,241.583,234.804,54.326,2.214,0
2026-07-29 01:22:30.924946,606,41.322,7.655,4.435,21.68,6.365,21.554,218.187,1060.569,3409.9,64.798,229.025,244.417,229.969,54.308,1.67,0
2026-07-29 01:23:38.562852,606,41.008,8.055,3.916,25.57,5.922,22.385,214.205,1012.853,3227.286,66.264,226.303,250.207,232.388,55.706,2.044,0
2026-07-29 01:24:46.866071,606,40.947,7.795,5.466,25.551,6.235,22.919,226.559,1031.182,2846.372,69.414,226.709,245.417,231.21,53.882,2.313,0
2026-07-29 01:25:54.027580,606,41.344,7.685,3.806,22.527,6.244,20.93,213.486,1030.135,3135.102,72.09,227.632,241.754,236.1,53.063,1.923,0
2026-07-29 01:27:00.315532,606,42.88,7.037,4.466,26.537,5.947,21.444,217.684,951.146,2774.45,61.545,226.116,251.144,232.525,54.173,2.371,0
2026-07-29 01:28:10.320746,606,41.115,7.713,4.171,25.082,6.01,20.998,217.165,998.881,2843.106,68.076,226.406,248.242,232.06,55.432,1.834,0
2026-07-29 01:29:14.592737,606,41.953,7.615,3.778,24.667,5.594,20.62,217.226,949.369,3325.59,68.348,229.699,247.647,234.026,56.55,1.674,0
2026-07-29 01:30:24.111274,606,40.758,7.296,4.73,22.802,5.463,21.31,234.853,980.676,3013.323,66.023,229.093,240.986,232.694,53.661,2.081,0
2026-07-29 01:31:29.190111,606,41.845,7.419,3.958,24.871,6.032,21.179,228.634,978.958,2961.086,55.412,229.061,239.141,234.472,54.293,1.973,0
2026-07-29 01:32:35.051634,606,42.035,7.478,3.757,21.798,6.353,20.967,223.348,990.678,3462.605,64.876,227.151,247.697,232.235,55.104,2.336,0
2026-07-29 01:33:46.373941,606,41.14,7.634,4.313,23.643,5.947,20.754,221.823,1046.366,3392.829,66.138,226.836,239.215,234.278,55.852,1.77,0
2026-07-29 01:34:53.056607,606,41.372,7.139,3.947,26.481,5.377,21.096,232.701,1033.903,2698.63,72.296,227.623,235.998,229.737,56.649,2.276,0
2026-07-29 01:36:00.960872,606,41.23,7.513,4.116,25.591,5.858,20.744,218.534,976.476,3030.896,71.865,229.291,245.181,236.34,55.266,2.026,0
2026-07-29 01:37:10.687980,606,41.946,7.887,4.341,21.376,5.851,20.904,217.681,960.73,2890.42,68.655,227.781,249.328,233.994,55.598,2.279,0
2026-07-29 01:38:06.969486,606,41.841,7.633,4.965,26.099,5.894,20.228,219.248,1028.395,2932.873,78.496,228.997,236.633,233.478,55.057,1.784,0
2026-07-29 01:39:14.562193,606,42.096,7.231,4.067,19.609,5.693,20.433,218.838,986.329,3294.13,68.136,230.144,249.345,232.381,56.161,1.908,0
2026-07-29 01:40:21.036205,606,41.618,7.568,3.357,22.93,5.783,20.624,221.856,1033.157,3190.93,62.374,227.593,239.366,232.979,54.551,2.025,0
2026-07-29 01:41:21.252573,606,40.93,7.621,4.89,26.224,5.551,21.141,220.195,875.802,2556.735,70.37,226.517,244.385,232.953,55.006,2.338,0
2026-07-29 01:42:25.718406,606,41.141,6.983,3.944,20.775,6.617,21.057,204.7,977.582,3315.845,64.299,230.367,247.454,232.767,53.24,2.147,0
2026-07-29 01:43:33.039143,606,41.016,7.576,4.75,23.921,6.502,20.587,221.538,1031.48,2872.486,67.434,228.667,242.331,233.399,55.591,1.603,0
2026-07-29 01:44:35.156426,606,41.265,7.504,5.394,24.314,5.712,20.65,223.042,923.996,3123.215,59.893,226.817,245.435,232.856,56.277,1.773,0
2026-07-29 01:45:42.167120,606,41.403,7.108,4.411,26.624,6.015,21.147,222.952,912.606,3193.42,62.053,227.005,241.21,232.941,55.532,1.975,1
2026-07-29 01:46:45.056928,606,41.461,7.978,3.708,21.643,5.821,20.666,215.1,914.425,3211.63,56.774,229.373,246.764,232.491,54.394,1.805,0
2026-07-29 01:47:48.116398,606,41.62,7.578,4.263,25.372,5.953,20.333,209.997,981.588,2842.527,65.13,227.737,248.75,232.839,53.87,2.483,0
2026-07-29 01:48:51.768969,606,40.759,7.448,3.794,21.059,6.119,21.478,227.744,946.831,3124.51,61.369,226.625,241.569,233.334,56.355,1.812,0
2026-07-29 01:50:00.864314,606,42.102,7.285,3.757,22.014,6.057,20.047,217.372,993.264,3241.076,77.819,226.494,240.009,233.211,54.21,1.678,0
2026-07-29 01:51:12.347973,606,41.835,7.528,4.124,23.029,6.295,20.272,216.616,1017.82,2964.261,71.963,228.953,240.546,232.917,54.731,1.86,0
2026-07-29 01:52:20.664098,606,41.504,7.605,3.406,22.672,5.847,21.785,215.599,948.206,2873.345,62.513,228.75,244.542,232.672,53.835,2.177,0
2026-07-29 01:53:24.577366,606,41.419,7.832,3.532,25.735,6.004,20.191,223.325,998.802,2719.758,60.819,230.155,237.791,233.762,55.368,1.918,0
2026-07-29 01:54:32.588631,606,41.433,7.471,5.02,29.816,5.258,22.047,226.196,979.822,3506.218,61.163,224.719,244.952,232.185,56.441,2.451,0
2026-07-29 01:55:41.642403,606,41.51,7.162,4.564,23.019,6.048,20.189,222.636,889.518,2665.722,60.534,228.134,243.188,230.762,55.097,1.616,0
2026-07-29 01:56:47.245310,606,41.916,7.48,4.703,23.107,5.374,20.325,222.396,934.635,2741.631,59.78,226.924,244.212,232.899,56.071,1.938,0
2026-07-29 01:57:49.518203,606,41.615,7.478,5.051,27.798,5.621,20.264,217.244,998.477,3066.704,64.631,226.129,242.58,234.19,54.269,2.736,0
2026-07-29 01:59:02.504618,606,41.835,7.91,2.885,29.768,6.381,20.083,216.732,1002.057,2723.284,61.356,227.792,245.496,233.675,54.926,2.168,0
2026-07-29 02:00:07.316235,606,41.734,7.572,4.173,22.6,6.385,21.979,217.112,915.773,3505.361,59.183,228.48,238.83,234.072,55.15,1.804,0
2026-07-29 02:01:13.073008,606,41.394,7.596,5.717,23.917,5.698,21.841,222.564,970.313,2661.27,72.066,229.345,231.519,232.492,54.358,1.544,1
2026-07-29 02:02:16.732435,606,40.889,7.363,5.882,19.274,6.515,20.026,215.982,883.507,3053.722,61.933,230.305,245.365,233.591,54.235,1.749,0
2026-07-29 02:03:29.533877,606,42.382,7.588,3.856,20.888,6.217,22.103,223.742,974.974,3259.996,61.825,226.684,237.049,235.717,54.483,2.009,0
2026-07-29 02:04:40.736747,606,42.003,7.29,3.682,18.467,6.144,20.144,224.216,1001.815,2664.96,74.215,228.334,243.421,231.48,54.796,2.324,0
2026-07-29 02:05:48.198206,606,42.338,7.541,2.687,22.164,5.652,23.075,224.513,908.343,2776.878,75.436,227.341,237.901,233.656,54.582,1.699,0
2026-07-29 02:06:58.234779,606,41.446,7.698,4.077,27.71,6.546,20.898,216.987,932.506,3034.738,70.078,226.304,246.318,232.544,56.034,1.691,0
2026-07-29 02:08:03.697715,606,41.865,7.497,4.916,20.594,6.219,20.581,213.875,918.1,2817.755,66.292,229.545,239.506,234.707,53.276,1.969,0
2026-07-29 02:09:13.799346,606,41.391,7.776,5.189,21.242,5.762,21.351,220.002,983.696,3119.053,61.05,229.326,239.457,233.008,55.08,2.5,0
2026-07-29 02:10:19.794427,606,42.026,7.848,3.313,24.339,5.304,20.386,216.588,1009.095,2939.379,70.912,228.468,245.91,232.652,53.743,2.328,0
2026-07-29 02:11:26.785708,606,42.483,7.784,4.26,18.606,5.651,20.012,215.595,1047.29,3031.399,62.086,228.683,244.979,231.195,55.813,1.503,0
2026-07-29 02:12:30.275853,606,42.457,7.515,3.971,23.939,6.047,20.696,218.02,910.829,3191.895,56.972,227.504,245.475,231.795,54.378,1.969,0
2026-07-29 02:13:28.610962,606,41.717,7.267,3.506,16.011,5.936,21.059,224.09,974.253,2756.332,62.637,228.455,238.24,232.534,54.957,2.131,0
2026-07-29 02:14:31.832403,606,42.067,7.251,3.899,22.274,6.449,19.488,213.974,1019.001,3002.349,58.797,228.225,238.042,234.224,56.061,1.991,0
2026-07-29 02:15:37.913705,606,41.958,7.636,5.135,18.638,5.679,20.374,231.669,988.606,2936.783,60.482,227.693,245.226,235.017,53.669,1.688,0
2026-07-29 02:16:41.100812,606,41.769,7.567,4.827,20.963,6.092,22.368,223.578,916.714,2746.74,72.842,228.985,241.258,232.84,56.081,2.273,0
2026-07-29 02:17:56.937397,606,41.914,7.485,4.722,22.681,6.314,20.995,216.721,968.063,3227.853,73.188,227.235,237.426,232.572,55.397,2.197,0
2026-07-29 02:19:06.526643,606,41.313,7.367,5.554,22.7,5.605,19.323,224.961,1019.405,2536.747,61.09,229.355,243.096,233.478,54.637,2.403,0
2026-07-29 02:20:13.930115,606,40.931,7.503,4.322,22.467,6.183,21.002,213.763,976.754,2620.515,61.275,229.663,252.82,233.288,53.105,2.058,0
2026-07-29 02:21:20.333542,606,41.916,7.155,4.294,29.306,5.995,21.252,221.073,1005.194,3191.473,60.167,228.766,240.784,232.789,56.5,1.885,0
2026-07-29 02:22:27.487722,606,41.151,7.339,4.784,25.048,5.835,20.989,223.013,1016.559,2605.952,74.835,228.195,238.983,232.97,54.724,2.134,0
2026-07-29 02:23:38.016239,606,41.276,7.449,3.566,18.32,5.341,21.551,224.541,915.567,3479.989,73.699,227.706,240.277,233.39,55.504,1.786,0
2026-07-29 02:24:44.099458,606,41.479,7.675,5.123,19.128,6.136,20.799,218.985,940.609,2589.525,61.354,227.474,239.233,234.547,55.124,2.253,0
2026-07-29 02:25:47.793833,606,42.452,7.744,4.937,26.774,5.798,21.712,212.428,945.553,3425.426,71.158,228.461,246.879,232.099,56.657,2.486,0
2026-07-29 02:26:52.025840,606,41.666,7.014,4.736,23.035,5.886,20.992,219.902,971.362,3255.343,66.457,226.849,249.747,231.329,54.132,1.714,0
2026-07-29 02:27:53.399720,606,41.259,7.103,3.819,26.57,6.42,21.082,228.527,972.679,2553.177,67.37,226.739,244.603,233.251,55.838,1.784,0
2026-07-29 02:28:55.963140,606,41.083,7.679,4.997,25.918,5.991,21.243,215.268,1014.406,3009.906,68.523,226.789,243.914,231.826,56.477,2.455,0
2026-07-29 02:30:05.238991,606,41.611,7.526,5.878,22.246,6.073,21.488,215.037,942.797,2603.371,63.811,227.492,242.445,234.859,54.047,2.241,0
2026-07-29 02:31:14.248640,606,41.592,7.657,4.869,23.471,6.585,21.25,218.298,1039.657,2769.034,63.32,226.833,250.284,233.483,54.837,2.013,0
2026-07-29 02:32:23.540443,606,41.116,7.344,3.942,21.381,6.051,20.48,223.945,1036.976,2868.436,74.271,226.47,246.716,232.841,55.274,1.592,0
2026-07-29 02:33:25.054418,606,41.767,7.358,5.926,25.692,5.761,22.122,212.299,1014.503,2421.337,65.077,227.061,249.483,232.957,55.584,1.937,0
2026-07-29 02:34:35.155940,606,40.878,7.316,4.796,23.395,6.38,20.452,215.681,1049.354,2799.033,67.268,227.867,236.323,233.539,55.457,1.928,0
2026-07-29 02:35:39.610529,606,41.161,6.831,5.895,26.454,6.021,20.393,212.842,968.179,2931.514,75.553,227.617,248.608,233.815,55.85,1.855,0
2026-07-29 02:36:44.121478,606,42.381,7.22,3.605,21.128,5.846,19.639,229.531,912.049,2933.239,68.008,228.301,245.412,236.246,55.011,2.054,0
2026-07-29 02:37:46.399780,606,41.115,7.233,3.851,22.267,5.731,20.822,213.432,920.654,2602.353,65.574,229.308,247.846,231.636,55.321,1.488,0
2026-07-29 02:38:46.937518,606,41.632,7.268,5.105,21.493,5.914,20.651,220.798,984.284,2862.156,62.866,228.355,249.707,234.277,54.026,2.043,0
2026-07-29 02:39:49.009842,606,41.891,7.257,2.189,27.241,6.285,21.048,215.302,959.363,3049.533,61.072,226.572,239.048,235.941,54.184,2.089,0
2026-07-29 02:40:51.496958,606,42.609,7.27,6.044,22.912,5.832,20.42,222.658,944.582,3201.819,66.634,229.324,243.96,233.514,54.925,1.881,0
2026-07-29 02:41:55.628887,606,42.46,7.441,5.522,22.711,6.05,22.155,226.614,1010.804,3700.785,61.6,227.857,238.075,233.109,54.719,2.35,0
2026-07-29 02:43:05.183374,606,42.024,7.638,3.852,22.474,5.748,20.589,218.758,970.236,3310.64,63.453,228.325,248.987,232.544,55.541,1.785,0
2026-07-29 02:44:14.562291,606,41.16,6.781,5.481,26.296,6.427,20.589,225.263,919.228,2739.948,55.009,228.486,238.743,232.913,53.512,2.147,0
2026-07-29 02:45:23.866627,606,41.22,7.265,4.492,31.355,5.587,20.95,224.002,924.951,2848.658,67.569,228.291,235.287,232.971,55.375,2.385,0
2026-07-29 02:46:27.912437,606,41.459,7.274,4.245,30.033,5.706,21.262,221.634,1018.976,3102.834,60.615,230.339,238.183,234.551,55.609,2.186,0
2026-07-29 02:47:31.839479,606,42.917,7.117,3.619,25.0,5.802,21.847,226.103,914.116,3354.859,76.099,227.822,239.811,234.665,53.228,1.632,0
2026-07-29 02:48:41.916125,606,41.947,7.777,5.319,20.339,5.592,21.368,235.675,919.023,3487.534,60.682,229.279,238.872,232.357,56.338,2.512,0
2026-07-29 02:49:41.926892,606,41.67,7.222,5.034,21.363,6.158,21.355,228.606,1025.741,2515.259,63.168,228.034,243.135,234.711,56.571,1.98,0
2026-07-29 02:50:39.738572,606,41.792,7.603,4.688,23.84,6.204,21.084,208.846,1008.534,3276.849,64.81,228.121,246.111,233.263,55.882,2.263,0
2026-07-29 02:51:40.730211,606,42.379,7.302,3.477,16.498,6.194,20.427,210.332,1039.109,2638.738,62.969,227.598,236.967,233.331,54.822,2.069,0
2026-07-29 02:52:47.862935,606,41.394,7.816,4.892,21.184,6.206,20.568,219.334,1011.682,2920.642,55.132,226.042,247.738,234.248,54.775,2.346,0
2026-07-29 02:53:53.644638,606,41.735,7.288,5.293,25.446,5.554,19.447,205.782,1001.933,3272.878,65.525,228.777,243.893,232.752,54.534,2.267,0
2026-07-29 02:54:54.624411,606,41.583,7.27,5.947,18.514,6.077,20.781,218.919,986.796,2766.375,67.89,228.926,247.528,233.205,54.994,1.926,0
2026-07-29 02:56:01.225220,606,41.336,7.453,4.337,24.486,6.413,21.448,209.341,987.448,2865.534,63.43,224.403,243.454,233.482,54.637,1.918,0
2026-07-29 02:57:09.727264,606,41.572,7.874,4.021,21.453,5.898,20.818,221.078,1022.599,3537.635,63.819,227.95,247.224,234.941,55.273,2.164,0
2026-07-29 02:58:25.888631,606,41.873,7.622,3.571,21.205,6.323,21.303,222.653,938.678,3451.652,63.318,228.135,237.752,230.581,55.028,1.905,0
2026-07-29 02:59:37.153359,606,41.844,7.333,4.552,24.634,5.952,22.33,218.897,964.477,3128.43,60.583,227.983,242.836,233.27,55.48,2.278,0
2026-07-29 03:00:44.266273,606,42.395,7.543,5.182,27.418,5.963,21.074,217.513,929.684,2481.315,61.702,228.581,239.483,231.739,54.695,2.421,0
2026-07-29 03:01:53.876773,606,41.385,7.355,6.136,22.801,5.638,21.402,214.993,985.435,2539.365,73.684,227.489,245.202,234.639,54.184,2.127,0
2026-07-29 03:03:09.988774,606,41.815,7.87,4.901,26.844,5.857,21.082,220.607,1005.418,3035.886,67.775,228.239,244.864,231.546,55.947,1.909,0
2026-07-29 03:04:12.584203,606,41.1,7.694,5.608,23.931,6.385,20.428,211.457,996.747,3130.466,69.855,230.266,246.056,234.482,54.199,2.256,0
2026-07-29 03:05:13.056832,606,41.659,7.49,4.602,19.827,5.809,20.851,213.604,932.832,3072.628,62.258,225.842,245.394,232.321,54.859,2.36,0
2026-07-29 03:06:23.640609,606,40.927,7.547,5.085,26.083,6.569,20.237,222.89,1024.347,2710.17,70.513,228.673,246.02,235.655,54.871,1.92,0
2026-07-29 03:07:28.926702,606,41.935,7.34,4.021,26.669,5.951,21.594,217.482,949.031,2983.324,71.702,227.571,243.57,231.777,55.08,1.774,0
2026-07-29 03:08:30.762732,606,42.604,7.5,4.711,24.109,6.405,21.65,216.66,964.639,3288.726,63.1,227.344,240.728,233.267,54.902,1.714,0
2026-07-29 03:09:36.357695,606,42.213,7.644,3.626,19.424,6.003,20.935,226.61,1017.907,2954.241,79.596,229.702,247.123,233.644,54.717,1.754,0
2026-07-29 03:10:38.968001,606,41.502,7.721,5.409,18.858,5.306,22.239,219.62,978.739,2744.155,59.99,228.093,239.28,232.793,55.158,2.065,0
2026-07-29 03:11:40.638270,606,42.184,7.392,6.29,24.321,5.782,20.842,216.614,966.25,3023.321,58.674,227.75,240.708,231.267,54.25,2.277,0
2026-07-29 03:12:49.301603,606,40.955,6.962,4.628,24.316,5.783,21.611,224.654,1084.189,3133.163,60.653,228.175,245.534,233.494,54.827,1.629,0
2026-07-29 03:13:52.986235,606,41.916,7.673,4.123,24.98,5.793,20.827,213.643,989.892,2898.801,62.588,226.557,241.993,230.715,55.067,2.228,0
2026-07-29 03:14:53.060292,606,42.968,7.342,7.788,16.881,5.623,21.313,197.603,977.651,3085.499,69.334,229.64,241.035,233.431,53.574,2.258,0
2026-07-29 03:15:59.237067,606,41.912,7.71,5.476,20.575,5.704,20.024,229.514,965.27,2949.04,61.333,228.709,248.197,233.25,56.027,2.494,0
2026-07-29 03:17:03.710974,606,41.563,7.118,5.78,21.395,6.183,20.654,211.652,959.651,2595.168,54.151,227.155,231.362,232.309,56.664,1.901,0
2026-07-29 03:18:11.353680,606,41.529,7.58,4.838,26.007,6.788,21.046,231.587,978.8,2907.666,62.019,227.375,246.236,229.789,55.493,2.461,0
2026-07-29 03:19:16.464062,606,41.834,7.448,3.628,23.062,6.061,21.595,216.027,942.767,3281.558,63.343,228.076,233.646,230.228,54.693,2.066,0
2026-07-29 03:20:20.236364,606,41.672,7.388,4.321,26.184,5.895,21.033,206.751,941.051,2890.201,67.317,229.151,242.431,231.828,54.731,1.918,0
2026-07-29 03:21:31.231893,606,41.456,7.863,4.572,20.239,5.259,21.957,213.413,958.723,3566.06,51.086,226.831,246.488,232.681,54.168,1.791,0
2026-07-29 03:22:32.770130,606,41.617,7.317,4.472,17.825,6.594,20.747,222.548,1006.081,2476.081,63.263,226.935,244.836,233.603,56.248,1.971,0
2026-07-29 03:23:43.181599,606,40.86,7.84,3.57,25.365,6.32,20.352,230.846,1019.826,3118.465,64.783,228.727,239.779,233.192,53.929,1.719,0
2026-07-29 03:24:49.372518,606,42.06,8.043,4.478,22.385,5.863,22.309,226.221,899.931,3166.255,65.355,227.272,244.471,231.238,55.749,1.929,0
2026-07-29 03:25:59.326353,606,42.23,7.184,3.517,23.147,6.093,19.938,227.046,988.592,2689.751,69.101,227.546,239.233,234.945,54.625,1.827,0
2026-07-29 03:27:05.440155,606,42.039,7.272,3.36,19.524,5.858,20.486,211.109,968.675,2985.655,59.813,228.42,237.032,234.529,56.074,1.505,0
2026-07-29 03:28:12.739675,606,41.516,7.459,3.831,23.391,5.647,20.994,225.703,1085.779,2379.7,64.277,225.949,238.561,232.823,55.53,2.14,0
2026-07-29 03:29:20.216025,606,41.872,7.443,4.249,23.594,5.881,20.794,218.303,965.371,3014.788,65.511,229.099,238.552,234.171,55.709,2.112,0
2026-07-29 03:30:31.870009,606,41.897,7.776,4.305,23.063,6.257,21.088,232.243,927.185,2875.518,63.454,227.132,245.249,231.9,55.139,1.907,0
2026-07-29 03:31:39.272334,606,41.542,7.776,4.38,24.877,6.11,21.069,223.166,1009.18,3099.192,67.332,230.523,253.816,232.595,56.329,2.147,0
2026-07-29 03:32:40.311104,606,42.267,7.377,6.027,25.209,5.935,22.537,222.687,1007.778,3161.481,59.789,230.415,244.013,230.365,53.703,2.135,0
2026-07-29 03:33:47.239343,606,42.111,7.304,4.382,26.537,6.196,20.833,210.261,966.398,2943.021,67.71,229.828,240.346,232.035,53.613,1.639,0
2026-07-29 03:34:57.579462,606,42.193,7.417,2.92,23.207,5.903,21.252,224.407,995.283,2675.434,63.649,227.0,237.054,232.542,53.769,2.106,0
2026-07-29 03:36:08.248921,606,41.856,7.554,4.19,27.743,6.373,21.037,215.683,1024.693,2619.006,69.344,226.634,239.669,234.005,54.626,2.094,0
2026-07-29 03:37:12.791306,606,40.94,7.213,4.256,19.419,5.685,19.299,224.71,1031.681,2681.757,71.483,227.691,237.692,234.08,54.422,1.93,0
2026-07-29 03:38:16.500820,606,40.58,7.185,2.539,25.63,5.892,20.16,218.65,999.856,3084.777,69.893,229.098,238.027,231.487,54.569,1.512,0
2026-07-29 03:39:17.978568,606,41.447,7.312,4.449,23.133,6.238,19.451,216.467,948.257,3078.388,57.703,229.064,239.715,231.805,56.326,2.894,0
2026-07-29 03:40:27.448022,606,41.269,7.386,3.983,22.711,6.216,20.216,223.554,920.806,2369.39,61.393,227.774,241.897,232.527,54.51,1.882,0
2026-07-29 03:41:36.565093,606,41.659,7.407,4.368,21.764,5.798,20.86,221.082,947.859,3508.931,66.32,224.832,238.556,234.726,55.735,1.861,0
2026-07-29 03:42:48.512063,606,41.114,6.998,4.627,24.546,5.738,21.583,211.217,1017.943,3082.891,63.095,228.193,247.407,234.22,55.066,2.082,0
2026-07-29 03:43:52.093607,606,41.118,7.393,4.311,28.209,6.154,21.918,230.596,999.926,2860.701,61.513,225.985,247.802,233.423,55.877,1.898,0
2026-07-29 03:44:58.957270,606,40.671,7.173,4.326,26.708,6.43,22.74,218.536,897.655,2788.709,69.813,228.354,242.076,233.563,55.299,1.787,0
2026-07-29 03:46:04.354745,606,40.999,7.517,3.981,25.545,6.271,21.039,226.012,891.634,2876.044,58.993,227.978,234.182,233.147,55.289,2.328,0
2026-07-29 03:47:08.279744,606,41.467,7.184,4.898,22.63,5.645,21.0,219.168,865.237,3332.586,55.888,226.668,243.816,233.517,54.776,1.59,0
2026-07-29 03:48:14.123533,606,41.394,7.581,4.076,27.601,5.798,19.964,213.845,995.971,3223.992,59.596,230.315,245.637,231.886,54.263,1.76,0
2026-07-29 03:49:15.610989,606,42.21,7.456,4.959,24.197,5.674,20.276,218.613,960.746,2970.243,66.962,228.11,238.295,232.234,53.736,1.821,0
2026-07-29 03:50:24.551411,606,41.528,7.855,3.484,20.08,6.425,21.543,223.87,960.373,3281.829,73.145,228.919,236.723,231.89,55.496,2.109,0
2026-07-29 03:51:34.466324,606,40.888,7.571,4.06,20.735,5.982,22.329,236.89,973.8,3217.433,75.355,229.378,249.216,234.515,56.504,2.394,0
2026-07-29 03:52:43.216547,606,41.547,7.451,4.826,27.546,5.908,21.954,227.086,957.505,2944.315,63.571,227.009,239.298,235.237,54.563,1.689,0
2026-07-29 03:53:49.251344,606,41.927,7.486,3.462,26.17,6.082,20.546,216.188,952.326,3306.387,59.618,228.343,239.929,232.987,54.985,2.007,0
2026-07-29 03:54:58.744022,606,40.507,7.512,3.943,26.556,6.142,20.167,209.373,1037.393,3358.088,65.145,226.132,238.803,235.076,54.177,1.521,0
2026-07-29 03:56:03.251292,606,42.298,7.351,4.886,23.455,5.882,19.705,220.195,1011.031,3327.672,65.876,227.852,239.388,233.963,54.895,1.762,0
2026-07-29 03:57:03.793679,606,41.902,7.436,3.774,20.621,6.085,20.92,220.386,1016.443,3155.41,55.45,227.063,240.28,232.868,54.728,1.961,0
2026-07-29 03:58:08.632746,606,42.39,7.372,5.445,18.062,6.03,22.343,226.918,1042.582,3145.243,54.696,227.877,241.896,230.449,54.458,2.075,0
2026-07-29 03:59:12.327802,606,41.929,7.41,4.437,20.672,6.492,20.617,229.244,1023.832,2756.27,57.768,227.807,237.489,235.944,54.189,1.367,0
2026-07-29 04:00:27.866752,606,41.476,7.385,4.166,18.892,6.011,20.531,224.399,932.922,2456.263,71.848,226.974,232.069,234.254,55.814,1.636,0
2026-07-29 04:01:37.025292,606,41.66,7.406,4.922,29.523,6.121,20.798,226.649,1001.25,3074.224,63.569,229.202,243.697,232.907,55.816,2.16,0
2026-07-29 04:02:43.152558,606,41.449,7.488,4.485,21.446,5.811,20.78,218.6,897.348,2934.264,61.952,228.658,239.684,233.095,56.127,2.206,0
2026-07-29 04:03:53.805620,606,42.105,7.638,4.456,21.447,5.815,21.03,226.033,942.725,2890.727,67.812,227.853,236.764,234.926,55.671,1.825,0
2026-07-29 04:05:02.495060,606,41.301,7.728,4.266,21.426,6.138,19.21,222.22,1018.002,2609.72,71.028,231.32,242.516,232.582,54.285,1.852,0
2026-07-29 04:06:08.937712,606,41.86,7.342,4.301,18.115,5.726,20.281,234.013,949.313,3207.663,60.802,226.533,242.152,231.146,54.502,1.81,0
2026-07-29 04:07:14.439567,606,42.265,7.145,3.537,17.896,6.1,20.7,221.595,995.2,2948.275,65.742,226.367,246.744,234.831,55.272,2.368,0
2026-07-29 04:08:17.245326,606,41.806,7.694,4.977,27.533,5.928,21.162,218.693,1046.39,2710.291,66.237,229.903,231.699,232.247,54.363,2.204,0
2026-07-29 04:09:24.806944,606,41.731,8.038,3.916,28.015,6.184,20.574,225.379,973.218,2808.647,69.861,229.186,242.017,232.42,56.194,2.446,0
2026-07-29 04:10:34.533404,606,41.902,7.63,5.263,26.343,5.413,21.121,230.677,964.547,2695.781,64.945,229.49,240.362,230.791,54.986,2.367,0
2026-07-29 04:11:35.387389,606,41.351,7.415,3.633,24.451,6.433,20.534,225.706,963.911,2910.338,56.829,229.883,238.073,234.869,54.274,1.981,0
2026-07-29 04:12:43.342782,606,40.608,7.554,5.422,19.616,5.505,21.562,223.043,959.456,2995.695,64.853,229.815,245.89,234.185,55.519,1.942,0
2026-07-29 04:13:51.061857,606,41.199,7.537,3.775,26.623,6.538,21.198,219.681,956.135,3133.659,66.945,226.949,243.53,230.68,55.633,2.048,0
2026-07-29 04:14:53.989758,606,41.303,7.489,5.054,23.037,6.023,21.107,213.859,970.947,2487.504,64.263,227.825,242.113,234.24,55.357,1.991,0
2026-07-29 04:16:00.067540,606,41.863,7.274,4.08,24.522,6.154,21.543,228.288,991.212,3037.789,61.236,228.93,238.797,233.95,55.676,2.188,0
2026-07-29 04:17:00.342436,606,41.244,7.745,4.581,23.848,5.987,21.384,228.306,964.657,2565.343,57.617,226.278,246.165,234.642,55.308,2.137,0
2026-07-29 04:18:07.218779,606,41.308,7.3,3.925,25.198,6.024,20.58,205.254,964.386,2879.911,71.264,227.095,234.631,232.252,56.281,2.321,0
2026-07-29 04:19:15.139055,606,42.073,7.739,3.76,25.748,5.714,20.414,214.054,979.255,3115.852,69.034,230.333,246.591,230.678,55.848,1.791,0
2026-07-29 04:20:23.980873,606,41.892,7.633,4.122,22.617,6.187,21.924,225.028,927.189,2934.562,65.189,226.49,238.78,232.296,54.48,2.122,0
2026-07-29 04:21:31.667679,606,42.298,7.853,4.973,25.945,6.134,22.347,216.505,967.415,2422.178,59.235,228.665,240.978,231.058,54.447,1.881,0
2026-07-29 04:22:41.959249,606,41.645,7.678,4.972,22.199,6.127,21.807,223.903,1004.836,2866.406,68.852,228.083,247.981,234.448,54.904,2.285,0
2026-07-29 04:23:45.335142,606,40.932,6.918,4.883,25.859,6.449,21.789,213.064,925.764,3436.769,61.844,228.607,247.77,229.797,54.989,1.446,0
2026-07-29 04:24:54.215441,606,42.764,7.146,4.627,25.93,5.58,20.273,214.157,997.55,3287.428,55.164,226.394,243.794,232.638,54.456,2.195,0
2026-07-29 04:25:58.866519,606,42.002,7.515,6.179,18.286,6.025,20.879,211.952,1006.437,3683.195,70.06,228.655,243.843,231.72,54.209,1.723,0
2026-07-29 04:27:01.701375,606,41.403,7.918,3.736,23.126,5.554,20.788,219.205,1053.826,3018.039,53.537,225.807,241.293,232.185,54.821,1.993,0
2026-07-29 04:28:05.626792,606,42.13,7.399,4.324,16.984,6.35,20.763,219.986,990.408,2796.193,63.638,227.578,246.424,232.611,54.469,2.054,0
2026-07-29 04:29:07.179356,606,41.796,7.155,2.346,18.717,6.22,20.43,211.524,944.131,2886.203,69.311,227.846,244.702,233.538,55.045,1.796,0
2026-07-29 04:30:14.533694,606,42.308,7.697,4.781,23.199,5.929,21.235,212.776,973.755,3044.281,65.843,228.313,245.307,233.028,53.163,1.875,0
2026-07-29 04:31:16.134864,606,41.815,7.907,3.681,22.635,6.267,21.243,216.987,953.636,2914.65,68.91,229.588,238.214,232.929,55.867,2.084,0
2026-07-29 04:32:25.598086,606,41.488,7.3,4.395,22.292,6.15,20.356,217.578,967.954,3196.228,71.006,226.879,243.197,232.631,54.733,1.943,0
2026-07-29 04:33:33.151395,606,41.836,7.366,3.813,24.865,5.555,20.478,214.583,919.88,3150.871,59.635,229.202,241.919,234.672,55.251,2.099,0
2026-07-29 04:34:41.046865,606,42.184,7.907,4.292,21.966,6.197,21.135,224.173,973.038,2596.339,64.989,229.853,239.14,233.943,53.086,2.283,0
2026-07-29 04:35:46.167370,606,41.303,7.179,4.552,19.755,5.743,20.974,217.03,1030.78,3242.741,64.658,227.053,242.433,232.124,55.064,1.954,0
2026-07-29 04:36:43.929358,606,41.725,7.232,3.831,18.718,6.047,20.575,221.069,1032.898,3045.744,64.42,225.853,248.624,231.179,54.883,2.279,0
2026-07-29 04:37:48.613697,606,41.097,7.228,4.694,18.369,6.282,20.854,222.857,1005.048,3442.464,68.727,227.58,244.647,233.217,54.953,1.73,0
2026-07-29 04:38:54.969400,606,41.94,7.541,4.069,20.561,6.015,20.078,213.706,942.199,3283.102,68.56,229.516,241.975,233.149,55.152,2.598,0
2026-07-29 04:39:59.234247,606,41.726,7.427,3.879,20.932,5.98,21.463,223.665,998.64,3311.309,70.593,229.643,240.85,231.965,54.549,1.649,0
2026-07-29 04:41:08.509595,606,42.016,7.348,4.975,26.988,6.426,20.72,221.085,968.312,2978.011,59.407,227.074,240.747,232.046,55.299,1.8,0
2026-07-29 04:42:13.250807,606,42.202,7.718,4.614,23.5,6.053,20.696,220.576,963.402,2632.622,66.711,228.208,243.172,233.527,52.853,2.32,0
2026-07-29 04:43:21.562234,606,41.367,7.704,2.96,20.166,5.923,21.332,214.093,1027.465,3368.418,58.931,228.962,242.31,235.866,55.217,2.2,0
2026-07-29 04:44:24.679914,606,41.793,7.86,4.153,25.372,5.525,21.731,226.317,962.721,3210.59,67.321,229.312,247.125,234.754,55.145,2.13,0
2026-07-29 04:45:34.376482,606,41.814,7.513,3.599,25.268,6.007,21.001,208.479,961.085,3475.237,74.084,228.968,240.671,231.958,56.233,1.999,0
2026-07-29 04:46:45.252119,606,41.376,7.692,5.55,21.804,6.21,20.56,218.985,996.72,2867.391,73.415,229.855,246.84,233.093,55.223,1.789,0
2026-07-29 04:47:48.671670,606,41.201,7.213,3.808,26.606,6.448,21.279,214.019,918.156,3098.821,57.696,229.042,240.505,233.508,53.147,1.622,0
2026-07-29 04:48:58.489173,606,42.464,7.679,3.899,25.929,5.531,21.04,216.99,968.77,3016.788,58.726,227.956,247.009,233.756,54.624,2.165,0
2026-07-29 04:50:05.533745,606,41.49,7.691,4.468,22.156,6.135,21.218,210.062,1031.263,2822.069,67.373,228.351,251.812,235.207,54.632,2.207,0
2026-07-29 04:51:07.737702,606,41.488,7.301,4.85,22.895,6.207,21.566,214.939,1040.429,2540.759,61.787,228.306,252.038,232.657,54.92,2.148,0
2026-07-29 04:52:14.396177,606,41.573,7.65,3.86,22.048,5.873,20.876,212.15,938.549,2909.249,72.0,228.894,247.659,231.84,54.726,1.954,0
2026-07-29 04:53:22.232787,606,41.953,7.56,4.562,24.552,6.498,21.715,209.427,934.371,2780.168,69.21,226.161,251.576,233.218,55.056,2.489,0
2026-07-29 04:54:21.468952,606,41.462,7.614,4.658,16.592,5.748,20.595,223.603,951.455,3353.947,67.802,227.24,238.471,231.858,54.236,2.155,0
2026-07-29 04:55:24.728797,606,41.309,7.736,3.052,25.681,6.55,20.52,214.879,836.225,3102.094,59.079,228.468,238.689,233.083,56.275,2.053,0
2026-07-29 04:56:31.805309,606,41.776,7.543,4.821,19.02,6.042,21.627,218.437,1050.04,2864.271,69.409,229.148,243.156,232.15,54.904,2.107,0
2026-07-29 04:57:32.802267,606,42.053,7.789,4.008,21.214,6.231,21.309,222.404,1007.019,3336.768,68.237,229.235,245.134,233.92,56.74,2.57,0
2026-07-29 04:58:32.494705,606,41.928,7.221,3.466,28.91,5.878,20.888,221.861,928.949,3254.337,64.646,224.94,242.276,234.743,53.921,1.791,0
2026-07-29 04:59:42.610248,606,41.388,7.283,5.94,22.134,5.54,20.989,218.854,917.638,3049.332,56.785,229.587,243.089,231.556,54.662,1.801,0
2026-07-29 05:00:56.563387,606,41.154,7.459,3.706,24.064,5.969,20.791,215.063,976.964,3003.599,73.323,228.197,246.545,231.687,55.591,2.055,0
2026-07-29 05:02:05.199662,606,41.216,7.307,5.066,24.271,6.194,20.859,217.123,992.044,2738.816,58.582,226.046,241.78,231.687,53.811,1.998,0
2026-07-29 05:03:10.631764,606,41.865,7.564,4.827,24.11,5.838,20.137,221.198,1065.083,3065.712,56.622,227.131,240.16,232.583,55.969,2.225,0
2026-07-29 05:04:14.626443,606,41.965,7.415,3.046,21.915,5.916,20.458,227.239,955.469,2963.666,67.689,225.915,244.686,234.192,55.118,2.038,0
2026-07-29 05:05:24.244325,606,41.458,7.425,3.806,24.361,6.025,20.892,203.606,986.228,3339.896,70.73,228.452,243.936,231.064,55.106,2.221,0
2026-07-29 05:06:28.360055,606,41.427,7.418,3.513,22.918,5.544,19.902,222.633,956.1,3134.949,60.844,227.508,240.703,233.383,56.05,2.341,0
2026-07-29 05:07:39.936483,606,41.096,7.559,5.188,18.236,5.915,19.489,211.561,968.995,2919.557,59.674,227.365,240.683,235.171,54.633,1.973,0
2026-07-29 05:08:47.536071,606,41.666,7.498,5.09,19.858,6.063,19.87,216.264,1057.438,3372.76,66.81,230.95,245.097,231.837,54.548,2.488,0
2026-07-29 05:09:56.527307,606,42.043,7.591,5.764,22.653,5.841,21.824,218.371,1094.374,2849.215,75.581,228.75,239.673,232.167,54.673,1.998,0
2026-07-29 05:11:05.030410,606,41.362,7.402,3.613,24.571,6.372,22.342,219.099,1006.591,2889.45,74.629,229.333,236.535,232.188,54.751,2.196,0
2026-07-29 05:12:08.401869,606,42.224,7.038,6.407,24.613,6.068,21.194,215.46,919.665,3041.101,70.16,227.71,236.87,234.9,53.999,1.994,0
2026-07-29 05:13:19.231556,606,41.175,7.685,5.213,23.626,5.36,20.876,227.918,1016.628,3189.176,66.687,228.066,237.393,233.164,55.307,1.711,0
2026-07-29 05:14:27.470444,606,41.303,7.305,5.822,23.11,5.847,21.802,223.837,978.065,3129.306,63.77,227.916,237.477,234.132,54.717,1.925,0
2026-07-29 05:15:28.543369,606,41.621,7.57,4.562,22.737,5.792,20.231,216.673,988.342,3523.816,63.56,229.262,244.246,232.218,54.846,2.481,0
2026-07-29 05:16:30.276456,606,41.777,7.499,4.204,24.014,5.743,21.213,230.913,970.346,3178.012,63.259,229.247,241.128,234.165,54.863,1.603,0
2026-07-29 05:17:27.678008,606,41.575,8.053,3.728,20.378,6.461,21.218,214.881,952.139,2509.427,65.981,228.174,245.083,232.84,55.644,2.353,0
2026-07-29 05:18:33.363664,606,41.832,6.829,5.502,23.2,6.187,20.821,214.426,998.986,3073.782,62.395,226.898,243.129,235.208,55.249,1.515,0
2026-07-29 05:19:38.739140,606,41.811,7.335,4.335,25.583,5.886,19.7,220.571,952.327,3038.906,63.444,229.794,242.331,234.119,55.376,2.077,0
2026-07-29 05:20:48.543245,606,42.293,7.593,4.345,23.375,5.859,21.777,215.785,964.866,2767.373,61.505,228.175,243.296,235.167,54.866,2.352,0
2026-07-29 05:22:01.421532,606,41.735,7.099,5.394,20.307,5.905,20.598,222.617,978.208,2961.723,64.009,225.66,245.642,234.431,55.392,1.58,0
2026-07-29 05:23:09.702036,606,41.534,7.488,5.136,20.264,5.825,20.507,217.749,989.485,2646.374,64.455,231.238,239.52,231.876,56.575,1.796,0
2026-07-29 05:24:08.649221,606,41.9,7.08,4.277,26.661,5.791,19.942,222.15,913.352,3090.137,66.347,228.497,244.684,235.164,55.942,2.381,0
2026-07-29 05:25:17.162993,606,40.81,7.497,4.571,22.664,6.152,21.413,213.551,992.498,2979.105,68.043,228.138,244.02,235.154,54.248,1.855,0
2026-07-29 05:26:21.244497,606,41.012,7.509,4.695,18.999,5.381,21.257,232.471,956.82,2738.063,81.43,225.605,246.783,231.25,55.914,1.952,0
2026-07-29 05:27:28.016248,606,42.148,7.677,4.513,20.21,6.156,21.378,216.333,999.51,2874.982,71.93,229.073,233.994,232.915,55.369,1.928,0
2026-07-29 05:28:39.676020,606,41.43,7.567,5.45,18.331,5.542,20.679,229.846,1071.492,3346.857,71.377,226.208,245.055,231.997,55.019,1.653,0
2026-07-29 05:29:42.674473,606,41.3,7.257,4.902,18.422,6.153,20.787,210.367,939.851,3039.365,72.376,230.354,244.593,233.492,55.651,2.082,0
2026-07-29 05:30:43.223674,606,41.919,7.513,4.196,23.83,6.32,20.51,232.402,973.598,2924.51,67.802,225.104,239.512,233.241,55.534,2.387,0
2026-07-29 05:31:49.148242,606,41.635,7.578,5.55,21.372,5.688,21.165,218.932,960.571,2808.746,56.069,229.105,240.31,233.67,55.165,2.067,0
2026-07-29 05:32:49.221306,606,42.176,7.271,3.945,19.566,5.781,20.989,218.163,953.31,3177.238,67.954,229.991,239.402,232.19,54.715,2.364,0
2026-07-29 05:33:54.938652,606,41.491,7.742,4.379,26.467,6.292,20.775,202.112,926.349,3238.782,63.216,228.332,240.977,231.085,54.404,1.935,0
2026-07-29 05:35:01.226940,606,42.335,7.639,4.27,22.193,5.906,20.131,210.529,982.31,3213.114,61.952,228.178,245.539,231.498,55.666,2.089,0
2026-07-29 05:36:00.414412,606,41.525,7.092,4.133,23.072,5.766,20.773,213.042,936.804,3188.375,56.594,228.414,240.31,233.943,55.28,2.283,0
2026-07-29 05:37:03.857168,606,42.164,7.504,4.202,25.07,5.783,19.96,211.931,1047.656,3301.958,57.178,225.721,249.131,231.915,54.79,2.064,0
2026-07-29 05:38:13.860110,606,41.743,7.241,5.278,18.793,6.725,20.556,224.102,990.033,2914.599,63.904,227.294,238.178,231.038,54.985,1.719,0
2026-07-29 05:39:25.568089,606,41.29,7.002,4.525,19.39,5.851,20.419,216.634,922.263,2805.178,66.597,228.385,234.427,231.876,54.706,1.805,0
2026-07-29 05:40:36.644038,606,41.663,7.355,5.921,23.06,6.152,20.83,219.705,992.105,3108.221,65.155,229.137,238.055,234.127,54.186,2.033,0
2026-07-29 05:41:47.202549,606,41.754,7.404,4.042,13.666,6.195,21.183,221.081,980.714,3040.356,62.608,229.154,241.695,231.821,55.987,2.246,0
2026-07-29 05:42:54.262649,606,41.652,8.03,3.971,28.691,6.469,20.883,197.348,927.893,2939.65,67.813,226.697,243.497,233.603,55.109,1.965,0
2026-07-29 05:43:53.962490,606,41.309,7.362,3.374,24.063,6.58,20.577,217.589,974.646,3023.754,68.998,229.019,243.977,233.019,53.49,2.288,0
2026-07-29 05:45:03.116712,606,42.416,7.508,3.371,22.666,5.436,20.81,234.096,985.565,3567.05,68.018,228.931,237.62,233.162,55.606,2.533,0
2026-07-29 05:46:08.348440,606,41.822,7.574,3.828,24.322,6.435,21.103,227.155,1068.805,3106.007,68.269,225.348,242.073,233.504,55.246,2.331,0
2026-07-29 05:47:05.122819,606,40.598,7.406,3.793,24.828,6.042,21.295,222.968,929.124,3217.133,69.332,226.007,240.893,231.089,55.447,1.888,0
2026-07-29 05:48:12.527770,606,41.802,7.565,3.99,23.917,5.692,21.939,220.617,991.862,2605.313,54.934,229.223,247.955,233.355,55.859,1.926,0
2026-07-29 05:49:18.053902,606,41.953,7.318,4.607,25.288,6.294,22.663,229.626,925.992,3339.74,67.096,228.013,240.375,232.484,54.88,2.391,0
2026-07-29 05:50:24.409969,606,40.699,7.221,3.79,26.259,5.729,22.016,223.813,961.481,3023.89,61.801,229.486,244.296,232.533,55.12,2.088,0
2026-07-29 05:51:27.239707,606,41.344,7.35,5.883,27.867,6.388,20.994,218.571,933.203,3049.206,75.274,230.554,243.281,232.364,53.945,2.022,0
2026-07-29 05:52:29.975206,606,42.162,7.175,4.391,20.649,5.886,20.346,222.194,1038.705,2940.186,71.345,229.674,248.272,232.625,54.581,1.961,0
2026-07-29 05:53:36.703126,606,41.78,7.645,5.164,19.497,6.323,20.741,225.365,1031.546,2671.634,66.623,227.362,244.589,233.432,55.752,1.773,0
2026-07-29 05:54:41.671345,606,41.781,7.476,3.735,19.491,6.223,21.14,228.499,1024.385,2570.906,63.89,227.467,238.031,233.971,54.971,1.743,0
2026-07-29 05:55:46.631486,606,41.101,7.371,4.147,23.576,5.638,20.704,209.861,949.303,2782.066,52.897,227.885,251.114,234.126,54.701,1.886,0
2026-07-29 05:56:48.781043,606,41.272,7.638,4.737,17.853,5.577,20.769,220.603,940.243,3987.949,58.559,228.772,243.382,237.421,55.217,1.884,0
2026-07-29 05:57:49.980387,606,41.021,7.343,4.834,19.064,6.051,21.452,226.49,977.0,3432.127,62.331,229.595,248.471,233.089,54.281,2.179,0
2026-07-29 05:58:53.148362,606,40.756,6.743,5.23,24.469,5.854,20.86,215.614,1056.481,3046.181,67.084,225.793,244.044,234.582,54.557,1.917,0
2026-07-29 06:00:02.222626,606,40.421,7.357,3.374,21.63,6.199,21.223,218.34,1019.565,3113.975,62.827,228.187,242.751,232.239,55.634,2.015,0
2026-07-29 06:01:10.910351,606,42.742,7.681,6.713,22.585,5.93,20.842,231.198,1081.987,3425.064,73.251,229.229,243.364,231.813,53.633,1.891,0
2026-07-29 06:02:10.016103,606,41.336,7.742,5.84,27.466,5.74,19.594,221.342,962.682,3065.73,61.704,229.684,234.834,232.358,54.589,1.918,0
2026-07-29 06:03:16.023636,606,41.842,7.184,4.672,25.816,6.104,19.593,214.453,975.833,2470.978,77.964,229.676,238.026,231.888,55.087,2.091,0
2026-07-29 06:04:19.633600,606,42.263,7.343,4.774,23.652,5.378,21.264,209.729,1007.184,3360.416,58.087,225.793,244.031,234.459,55.318,1.247,0
2026-07-29 06:05:33.602256,606,41.775,7.673,4.665,20.037,5.602,20.937,218.919,973.585,3019.343,68.995,225.757,249.766,235.296,54.325,2.385,0
2026-07-29 06:06:36.610887,606,41.652,7.117,3.668,22.434,5.689,21.098,215.59,973.639,3065.853,64.377,228.655,238.409,233.816,55.398,1.967,0
2026-07-29 06:07:38.930012,606,41.879,7.413,3.325,20.517,5.281,21.193,228.534,932.248,2994.498,63.238,230.29,245.226,232.965,55.034,1.736,0
2026-07-29 06:08:41.569576,606,42.724,7.568,3.509,22.204,6.109,21.152,214.542,938.907,2942.161,64.632,228.372,246.77,233.086,55.998,1.69,0
2026-07-29 06:09:52.658529,606,41.728,7.84,3.401,20.352,5.744,20.964,225.977,1075.385,3226.8,60.504,227.994,245.005,233.468,55.519,2.03,0
2026-07-29 06:10:51.610559,606,40.971,7.374,5.916,23.161,6.071,21.894,219.566,952.806,3044.844,66.496,226.468,240.329,235.301,54.808,1.196,0
2026-07-29 06:11:53.273248,606,41.15,7.138,4.07,22.045,6.224,21.148,216.516,1023.879,3066.862,60.76,227.103,243.669,234.289,55.881,2.364,0
2026-07-29 06:12:59.549850,606,41.225,7.293,5.423,20.32,6.38,21.167,217.692,904.646,2765.108,66.215,226.819,234.67,235.425,55.033,1.783,0
2026-07-29 06:14:07.442105,606,41.599,8.087,4.279,19.389,6.239,20.638,228.508,978.455,3654.277,67.202,227.683,251.052,232.678,55.337,2.374,0
2026-07-29 06:15:15.630913,606,41.096,7.567,4.38,27.442,5.519,20.19,225.252,931.304,3372.748,65.803,227.196,252.227,232.829,54.551,2.174,0
2026-07-29 06:16:12.398659,606,41.4,7.794,4.284,20.895,5.729,22.518,221.287,966.896,3288.039,62.103,228.793,243.354,233.434,54.26,1.983,0
2026-07-29 06:17:15.411475,606,41.615,7.486,3.994,25.842,5.479,21.573,215.486,1016.009,3451.74,72.762,229.678,241.94,231.928,53.795,2.224,0
2026-07-29 06:18:23.291808,606,42.19,7.29,5.973,22.542,5.725,21.173,224.911,963.614,3046.126,55.263,227.647,243.878,234.183,54.563,1.832,0
2026-07-29 06:19:25.993942,606,41.248,7.222,4.598,23.148,6.44,20.835,220.59,1058.643,3291.116,67.629,227.339,249.218,232.242,55.002,1.927,0
2026-07-29 06:20:27.219941,606,41.992,7.373,5.677,23.189,6.089,21.435,216.824,990.357,3242.667,74.596,227.256,243.201,231.351,54.522,2.519,0
2026-07-29 06:21:35.976219,606,41.816,7.669,4.684,22.049,6.298,20.644,213.33,984.684,3045.108,71.159,230.315,239.49,235.931,55.204,2.185,0
2026-07-29 06:22:46.606811,606,42.041,7.162,5.692,22.849,5.599,21.491,215.79,960.709,2985.228,58.798,226.571,244.951,234.738,54.856,2.246,0
2026-07-29 06:23:50.451420,606,40.502,7.67,4.568,24.414,5.938,22.046,212.253,938.53,3001.726,60.992,228.221,243.534,233.729,55.003,2.002,0
2026-07-29 06:24:55.247750,606,40.8,7.199,4.261,19.295,6.179,20.944,214.023,944.975,3060.665,64.41,226.553,243.232,234.167,55.959,1.758,0
2026-07-29 06:25:57.554393,606,40.93,7.413,3.239,22.342,5.698,22.084,238.692,997.043,2642.435,58.563,225.532,244.226,234.04,56.169,1.965,0
2026-07-29 06:27:06.540599,606,42.37,7.474,5.121,22.949,5.933,20.814,206.961,943.527,3187.121,61.065,227.461,239.571,232.847,53.825,1.678,0
2026-07-29 06:28:19.735012,606,41.305,7.64,5.794,24.708,6.284,19.753,226.017,964.447,3339.264,56.721,228.111,239.365,235.247,54.103,1.591,0
2026-07-29 06:29:26.088596,606,41.108,7.415,5.336,21.705,6.3,21.575,223.287,961.755,2849.87,68.769,226.821,234.467,234.817,55.135,2.023,0
2026-07-29 06:30:31.537212,606,41.635,7.62,4.129,22.292,6.159,20.929,208.761,1048.545,2865.64,71.02,226.713,241.116,234.078,54.691,1.797,0
2026-07-29 06:31:37.135853,606,42.726,7.41,5.17,25.052,5.988,21.579,225.63,982.988,2817.66,61.158,226.424,240.646,231.159,53.817,2.134,0
2026-07-29 06:32:43.605462,606,41.354,7.585,3.591,18.332,6.033,20.216,234.453,987.906,2907.32,63.047,227.654,240.219,231.223,55.31,1.837,0
2026-07-29 06:33:39.659223,606,41.362,7.482,3.632,26.008,5.665,20.66,219.835,939.157,2685.706,59.567,227.763,246.311,233.704,54.119,1.508,0
2026-07-29 06:34:38.992604,606,42.174,7.537,3.905,20.482,6.564,21.94,226.42,939.594,2881.166,68.14,229.881,249.666,234.72,55.53,2.204,0
2026-07-29 06:35:50.431227,606,41.816,7.533,3.917,25.822,5.614,21.207,218.898,931.537,3293.275,60.959,229.149,237.226,231.593,55.773,2.187,0
2026-07-29 06:37:03.612229,606,41.693,7.463,4.995,26.383,6.389,22.048,222.848,971.295,2705.76,59.67,227.929,247.346,234.463,55.908,2.153,0
2026-07-29 06:38:07.993659,606,41.459,7.779,5.197,21.885,5.422,20.561,206.813,904.529,2949.263,69.042,226.324,239.92,232.29,54.428,1.896,0
2026-07-29 06:39:10.809741,606,41.84,7.636,4.146,25.67,5.918,22.653,219.991,1008.319,3211.474,71.656,226.442,241.545,233.592,55.021,2.336,0
2026-07-29 06:40:21.387982,606,40.346,7.531,5.849,21.854,6.113,22.594,220.061,995.672,3111.468,65.637,228.655,239.926,232.815,55.886,1.975,0
2026-07-29 06:41:31.078824,606,41.83,7.352,4.063,20.85,5.781,21.528,216.891,923.583,3169.908,55.599,230.948,239.128,232.492,53.323,2.037,0
2026-07-29 06:42:40.730100,606,41.066,8.093,5.49,23.962,5.549,21.107,230.216,965.771,3155.425,71.23,227.704,247.787,232.789,54.101,2.151,0
2026-07-29 06:43:41.823206,606,42.423,7.873,4.186,25.333,5.752,21.304,219.634,1025.724,3060.767,55.996,225.746,239.143,233.733,55.427,1.66,0
2026-07-29 06:44:41.551523,606,42.216,7.239,4.509,20.184,5.925,21.731,218.898,974.312,2688.05,57.949,228.882,248.297,234.892,56.217,2.009,0
2026-07-29 06:45:41.672929,606,42.075,7.64,4.557,18.012,6.05,21.177,217.387,922.325,3029.004,62.796,229.518,244.926,232.293,53.039,1.985,0
2026-07-29 06:46:45.672752,606,42.684,7.801,5.211,23.459,5.963,20.757,216.938,1027.71,2829.13,66.531,228.429,244.702,232.578,54.075,2.155,0
2026-07-29 06:47:49.557961,606,43.022,7.613,4.328,27.496,6.037,20.281,218.967,1019.42,3238.763,62.505,227.921,239.181,233.752,54.724,2.116,0
2026-07-29 06:48:56.993065,606,41.69,7.488,3.072,22.833,6.1,19.48,217.974,1028.436,2822.93,72.265,227.005,251.771,233.707,55.091,2.345,0
2026-07-29 06:50:07.493205,606,41.712,7.336,5.152,26.523,6.201,20.794,223.062,933.74,3287.076,66.386,226.812,242.591,231.781,56.515,2.45,0
2026-07-29 06:51:08.649568,606,42.053,7.608,4.494,25.984,5.861,19.558,223.857,1110.086,3034.751,65.232,228.575,238.802,229.931,55.789,1.923,0
2026-07-29 06:52:17.907202,606,42.001,7.264,5.979,25.409,6.102,20.894,230.19,991.154,3142.016,57.487,226.825,241.345,231.418,55.365,1.473,0
2026-07-29 06:53:28.347710,606,40.501,7.395,3.399,22.463,5.647,22.093,216.877,972.904,3187.251,72.461,228.438,241.283,232.292,53.868,1.42,0
2026-07-29 06:54:44.943802,606,41.552,7.36,4.323,21.091,5.517,20.95,212.985,989.041,3391.067,64.154,226.948,242.015,232.937,55.005,2.32,0
2026-07-29 06:55:51.624508,606,41.239,7.618,3.13,23.315,5.86,20.34,221.12,1012.681,3258.072,59.291,229.22,243.449,234.152,55.659,1.72,0
2026-07-29 06:56:57.602425,606,41.895,7.831,4.586,19.69,6.932,20.641,221.293,1043.034,2908.207,61.372,227.472,241.38,231.187,54.106,1.919,0
2026-07-29 06:58:02.668237,606,41.914,7.37,4.587,25.275,5.996,20.43,226.571,939.562,3211.221,72.714,227.856,238.071,232.724,54.673,2.297,0
2026-07-29 06:59:09.278964,606,41.696,7.394,5.692,21.82,6.252,22.191,210.305,961.728,3140.678,66.399,228.587,237.339,234.994,54.885,2.071,0
2026-07-29 07:00:23.999253,606,41.338,7.814,4.911,22.501,6.356,20.54,219.467,942.509,3274.525,63.801,229.546,242.818,232.272,54.459,2.628,0
2026-07-29 07:01:33.209299,606,41.416,7.357,4.067,22.401,5.907,19.749,228.078,905.246,3054.385,61.916,228.999,232.842,234.518,55.571,2.264,0
2026-07-29 07:02:39.988873,606,42.609,6.785,4.575,20.757,6.446,22.783,226.206,986.937,3447.701,67.752,228.124,250.272,234.153,55.697,1.853,0
2026-07-29 07:03:39.335401,606,40.481,7.954,5.334,21.417,6.149,20.867,228.248,1016.488,3080.578,57.06,228.069,241.363,234.728,54.334,1.832,0
2026-07-29 07:04:46.898271,606,43.21,7.742,3.004,23.997,6.327,20.384,217.509,942.093,2594.306,65.818,226.554,245.897,232.171,54.155,2.271,0
2026-07-29 07:05:48.740047,606,42.625,7.692,4.959,19.747,6.059,21.006,204.559,947.682,3056.859,62.248,227.672,241.492,233.006,54.943,1.919,0
2026-07-29 07:07:00.096166,606,41.608,7.584,3.892,19.86,6.076,20.834,221.737,947.868,2795.981,57.1,229.875,248.146,232.43,55.278,2.206,0
2026-07-29 07:08:04.982024,606,42.014,7.471,4.19,20.513,6.428,21.329,223.267,1018.426,2916.265,63.038,228.167,239.138,234.64,56.514,2.514,0
2026-07-29 07:09:03.703126,606,41.635,7.024,4.515,23.114,5.854,20.886,215.364,953.432,3002.869,56.783,227.028,250.767,232.999,55.016,1.667,0
2026-07-29 07:10:04.276487,606,41.607,7.436,3.21,18.417,6.1,19.501,222.48,880.718,3169.064,61.669,228.994,242.601,233.002,54.705,1.722,0
2026-07-29 07:11:07.538147,606,41.464,7.43,3.219,20.921,6.029,20.874,220.806,979.433,2922.67,52.671,228.238,236.288,229.818,54.374,1.6,0
2026-07-29 07:12:13.203267,606,41.356,7.457,5.054,16.428,6.042,21.62,209.658,957.227,3451.041,61.283,225.525,239.43,230.916,55.139,1.623,0
2026-07-29 07:13:18.039352,606,42.046,7.634,4.139,18.427,6.21,20.624,227.219,930.109,3051.48,58.171,226.886,243.342,234.349,54.787,1.798,0
2026-07-29 07:14:22.291127,606,41.258,7.867,4.467,21.759,6.102,21.51,209.414,976.488,2963.32,64.574,226.441,240.29,234.214,55.624,1.925,0
2026-07-29 07:15:35.039078,606,41.722,7.471,4.692,23.807,5.983,21.661,224.947,983.717,3307.878,63.943,226.654,247.233,233.275,55.17,1.871,0
2026-07-29 07:16:38.900979,606,41.49,7.438,3.443,23.198,6.51,21.825,213.729,962.793,3110.068,66.409,227.154,237.714,236.618,54.924,2.062,0
2026-07-29 07:17:42.183914,606,42.67,7.866,3.867,22.886,6.121,20.274,221.24,968.573,2628.861,71.672,228.819,238.174,232.668,54.252,1.933,0
2026-07-29 07:18:48.266926,606,42.235,7.291,3.738,21.35,5.814,20.347,220.669,902.606,2718.911,71.848,226.747,238.628,233.971,55.349,2.271,0
2026-07-29 07:19:52.591777,606,41.322,7.482,2.522,26.263,6.008,21.015,220.647,933.914,3511.831,62.869,226.261,243.22,233.782,54.877,2.872,0
2026-07-29 07:20:59.277924,606,42.344,7.497,4.332,21.62,6.007,19.73,227.596,988.346,3027.986,64.976,228.959,244.639,234.358,55.55,1.966,0
2026-07-29 07:22:01.283004,606,41.89,7.291,4.36,18.856,5.84,20.244,225.913,1006.688,3014.148,59.318,227.838,237.435,234.068,53.851,1.873,0
2026-07-29 07:23:07.834813,606,42.25,7.405,4.903,26.822,5.871,21.208,214.555,942.369,3381.727,63.958,229.108,245.644,231.544,55.243,1.78,0
2026-07-29 07:24:06.445862,606,42.169,7.408,4.799,20.463,5.971,19.541,220.371,1055.14,3025.105,72.59,228.169,245.493,231.649,55.61,1.551,0
2026-07-29 07:25:08.741371,606,40.975,7.684,3.025,22.15,6.155,19.744,224.204,966.342,2928.933,59.823,232.837,242.505,232.902,55.038,1.838,0
2026-07-29 07:26:12.913048,606,41.979,7.417,3.044,25.688,5.665,21.357,223.798,944.755,3031.977,75.954,227.795,238.485,233.925,55.669,2.044,0
2026-07-29 07:27:16.857242,606,41.664,7.424,3.972,21.118,6.175,19.865,223.768,982.752,2930.286,53.855,226.908,243.733,235.465,55.332,1.981,0
2026-07-29 07:28:22.837357,606,42.666,7.608,4.677,26.076,5.942,22.883,220.422,990.612,3002.257,65.921,228.32,239.633,233.966,54.507,2.494,0
2026-07-29 07:29:24.821739,606,41.229,7.368,4.059,23.299,5.678,20.286,226.025,977.692,3057.073,60.213,227.577,243.889,232.539,54.077,2.139,0
2026-07-29 07:30:30.649955,606,42.054,7.263,3.835,24.392,6.159,20.241,225.459,974.033,3146.739,52.031,228.433,239.633,232.795,55.787,2.345,0
2026-07-29 07:31:38.064150,606,41.087,8.153,5.619,23.625,6.097,20.006,222.485,999.413,2964.534,70.205,227.587,239.881,234.159,54.545,1.892,0
2026-07-29 07:32:42.826808,606,42.781,7.477,4.988,22.255,6.176,20.973,218.52,1033.494,3013.569,65.419,229.567,236.714,232.622,54.9,1.572,0
2026-07-29 07:33:49.157150,606,41.984,7.547,5.1,27.339,6.336,20.846,231.556,933.845,3037.356,67.366,229.635,244.122,233.951,54.575,2.234,0
2026-07-29 07:34:53.409357,606,41.434,7.423,4.795,25.096,6.554,21.258,217.851,940.416,3693.245,60.694,227.223,241.467,230.456,55.847,2.257,0
2026-07-29 07:35:58.841259,606,42.42,7.114,3.558,18.08,6.029,20.811,213.813,979.505,3151.406,69.364,228.925,245.796,231.529,53.185,1.723,0
2026-07-29 07:37:03.295509,606,42.581,7.361,5.122,21.692,5.923,21.631,217.87,1012.41,2298.713,62.477,229.158,249.13,233.689,55.712,1.464,0
2026-07-29 07:38:19.898975,606,41.901,7.211,6.644,25.163,5.969,20.823,221.192,896.779,2977.049,70.344,229.358,240.075,235.821,54.571,1.534,0
2026-07-29 07:39:25.823455,606,41.598,7.626,5.016,16.331,5.899,20.723,217.851,981.871,2662.214,62.221,226.204,237.212,232.243,56.686,2.287,0
2026-07-29 07:40:27.525216,606,41.114,7.594,4.413,20.656,5.841,21.144,214.163,1047.146,2925.057,70.327,228.546,244.373,233.77,55.733,2.042,0
2026-07-29 07:41:32.336916,606,41.191,7.635,3.194,25.967,6.011,19.612,219.224,986.767,2936.176,67.257,226.646,248.15,234.862,54.355,1.975,0
2026-07-29 07:42:33.127696,606,41.051,7.244,3.856,23.864,5.547,20.199,227.861,1000.341,2570.666,73.502,227.336,238.519,233.617,56.249,2.212,0
2026-07-29 07:43:30.000941,606,42.264,6.991,5.09,21.5,6.257,22.176,210.473,980.461,3523.366,67.287,228.124,238.863,233.017,54.489,1.938,0
2026-07-29 07:44:36.237384,606,42.289,6.923,5.049,24.978,6.113,19.737,221.014,988.42,3052.653,71.321,227.195,241.043,234.85,55.471,1.532,0
2026-07-29 07:45:46.237377,606,41.142,7.59,3.621,29.072,6.461,21.602,212.122,1005.485,3300.766,66.863,228.016,249.149,231.447,55.361,1.84,0
2026-07-29 07:46:54.165860,606,42.309,7.391,4.909,20.364,5.748,19.31,212.267,941.978,2821.505,70.033,229.11,239.507,230.302,56.75,2.808,0
2026-07-29 07:48:00.561506,606,41.536,7.171,3.678,19.551,6.437,19.855,208.365,918.621,3000.536,65.526,228.396,244.87,231.22,54.243,2.356,0
2026-07-29 07:49:09.999642,606,41.396,7.627,5.235,27.814,6.291,20.432,220.01,1000.879,3211.952,65.484,227.391,241.836,230.757,53.087,2.11,0
2026-07-29 07:50:14.132405,606,41.923,7.707,5.017,25.823,5.721,21.279,207.691,977.839,2668.033,72.286,228.234,247.815,231.873,54.063,1.809,0
2026-07-29 07:51:10.276543,606,41.65,7.475,5.332,22.19,5.678,20.875,220.913,1056.571,3736.703,65.497,228.281,244.15,232.818,55.01,2.138,0
2026-07-29 07:52:18.181741,606,40.78,7.344,4.082,23.159,6.107,21.253,218.983,915.623,3352.875,56.27,228.746,245.532,232.277,54.153,2.312,0
2026-07-29 07:53:22.754597,606,41.506,7.434,5.117,25.367,6.181,20.602,223.122,1015.653,3068.935,67.188,226.76,241.734,229.842,53.881,2.126,0
2026-07-29 07:54:30.653484,606,40.992,7.782,4.597,25.372,6.243,20.862,205.037,933.763,2843.939,72.544,227.641,238.69,232.662,54.734,2.011,0
2026-07-29 07:55:38.516003,606,40.81,7.754,4.837,25.56,5.818,21.0,208.065,984.962,3069.695,65.392,228.023,244.888,232.905,55.748,1.911,0
2026-07-29 07:56:44.543145,606,41.367,7.433,4.555,20.708,6.726,21.64,217.12,1004.456,2404.249,64.898,230.058,245.241,233.891,52.68,2.328,0
2026-07-29 07:57:51.121552,606,41.639,7.524,3.765,22.256,5.67,22.188,219.806,975.948,3114.525,62.17,226.984,239.906,234.449,55.138,2.018,0
2026-07-29 07:58:59.231822,606,41.005,8.627,4.777,28.45,6.357,20.224,226.847,980.34,3425.805,61.75,228.356,241.582,233.872,55.134,1.954,0
2026-07-29 08:00:03.829408,606,41.719,8.018,4.885,24.828,5.485,20.864,218.789,970.296,2605.291,60.242,227.354,244.67,229.516,55.636,1.962,0
2026-07-29 08:01:12.693851,606,41.73,7.501,3.561,27.678,5.771,20.695,214.201,977.706,2848.093,63.801,226.672,234.918,232.067,54.16,1.848,0
2026-07-29 08:02:27.666747,606,42.04,7.848,4.985,23.551,6.272,21.195,227.897,923.267,2758.861,57.293,228.532,240.782,232.328,56.379,2.066,0
2026-07-29 08:03:34.454032,606,41.589,7.586,4.941,21.576,6.531,21.964,215.543,936.242,3329.96,53.985,227.25,242.793,231.531,55.147,1.518,0
2026-07-29 08:04:41.886808,606,42.05,7.861,3.925,20.343,6.343,21.049,209.468,974.529,3153.49,64.557,229.296,241.957,235.054,55.333,1.846,0
2026-07-29 08:05:53.057929,606,42.094,7.312,4.725,21.84,5.958,20.587,222.292,978.42,2843.524,69.467,226.954,244.458,232.437,54.579,1.8,0
2026-07-29 08:07:03.499086,606,40.912,7.676,3.977,26.426,5.661,21.706,220.077,971.589,3001.628,56.232,227.878,234.235,231.687,55.902,2.214,0
2026-07-29 08:08:09.017811,606,42.57,7.746,4.999,23.3,6.388,20.816,225.938,929.63,3053.952,77.483,228.338,242.61,233.651,56.97,2.119,0
2026-07-29 08:09:08.131196,606,42.31,7.486,3.746,18.932,5.954,20.882,212.623,1017.793,2679.931,70.025,227.991,236.324,230.965,54.743,2.69,0
2026-07-29 08:10:10.410845,606,41.544,7.385,5.625,20.256,6.442,21.41,220.31,989.234,2706.088,66.267,226.17,245.663,231.733,55.21,1.942,0
2026-07-29 08:11:17.249964,606,41.208,7.548,5.58,29.55,6.351,20.064,215.23,987.703,2871.12,73.826,226.278,241.216,233.507,55.488,2.22,0
2026-07-29 08:12:21.614447,606,42.121,7.153,5.195,20.645,6.166,20.02,221.729,977.448,2758.431,62.704,228.635,238.427,231.738,56.135,1.455,0
2026-07-29 08:13:24.426624,606,41.346,7.393,6.157,23.742,5.764,20.289,215.058,931.353,2971.902,65.195,229.627,237.126,235.201,55.813,2.003,0
2026-07-29 08:14:31.770592,606,41.158,7.354,5.714,25.501,5.782,20.793,220.089,905.384,2780.914,56.105,226.375,245.012,233.779,55.415,1.835,0
2026-07-29 08:15:35.086186,606,41.519,7.706,5.297,22.132,6.188,21.718,228.059,978.658,3049.209,65.63,224.938,242.421,233.111,55.473,1.66,0
2026-07-29 08:16:46.287209,606,42.298,7.621,5.828,16.349,6.056,20.525,220.438,947.744,2986.075,68.314,228.538,244.845,233.355,55.712,2.069,0
2026-07-29 08:17:49.366814,606,42.431,7.653,4.395,19.558,6.576,20.632,217.683,950.806,3181.687,63.49,228.743,241.282,231.163,55.82,2.495,0
2026-07-29 08:18:55.419973,606,42.63,7.786,4.03,20.34,6.195,21.119,229.884,1005.361,3082.448,63.736,229.075,234.412,232.939,55.847,2.11,0
2026-07-29 08:20:00.004085,606,41.574,7.213,5.333,19.004,6.17,20.342,219.041,967.919,2470.707,58.479,228.513,248.28,231.386,54.56,1.606,0
2026-07-29 08:21:04.434057,606,41.617,7.896,4.407,26.994,6.478,20.665,221.631,1003.945,2879.902,73.516,228.897,244.637,234.59,57.24,1.445,0
2026-07-29 08:22:11.560192,606,41.62,7.721,5.284,25.239,5.822,20.97,225.912,947.757,3143.48,54.856,230.536,246.288,235.716,55.26,2.062,0
2026-07-29 08:23:07.784603,606,41.377,7.149,3.845,26.473,6.17,21.396,218.733,961.614,3350.56,74.568,227.172,235.854,231.373,55.449,1.84,0
2026-07-29 08:24:13.744288,606,41.36,7.687,3.94,20.489,5.758,21.659,219.135,970.098,3336.25,60.585,229.513,253.847,232.336,55.789,1.641,0
2026-07-29 08:25:22.904345,606,41.481,7.634,3.26,22.335,6.284,20.887,219.074,898.244,3369.03,55.568,230.387,245.838,233.236,55.475,2.189,0
2026-07-29 08:26:32.320284,606,42.638,7.595,3.555,25.867,6.49,20.791,222.185,942.249,3039.237,63.782,228.137,252.763,234.556,55.762,2.373,0
2026-07-29 08:27:40.142649,606,41.27,7.26,4.792,18.05,6.073,20.85,236.908,1034.168,3320.453,63.931,227.729,242.719,235.628,54.523,1.564,0
2026-07-29 08:28:48.230064,606,41.809,7.49,3.302,28.158,5.51,21.143,228.14,947.163,3531.585,65.595,227.24,243.98,232.982,55.062,2.286,0
2026-07-29 08:29:56.261100,606,42.002,7.659,3.659,26.23,6.32,22.028,227.108,982.663,3241.614,61.274,226.277,244.276,234.91,55.024,1.815,0
2026-07-29 08:31:07.570747,606,42.759,7.503,3.819,24.169,6.47,22.522,213.735,943.967,3095.598,73.746,224.025,236.966,233.165,55.778,1.98,0
2026-07-29 08:32:14.566223,606,41.85,7.163,4.153,21.257,5.793,22.294,217.027,944.611,3162.804,68.664,229.482,244.26,232.49,55.093,2.302,0
2026-07-29 08:33:19.935604,606,41.561,7.404,4.575,19.287,5.816,21.746,224.038,985.235,2472.435,65.426,227.407,243.481,231.017,55.19,1.775,0
2026-07-29 08:34:22.970888,606,41.209,7.583,6.166,24.88,6.311,20.284,206.931,924.705,2879.623,63.326,227.789,242.899,232.108,55.225,1.98,0
2026-07-29 08:35:27.959230,606,41.253,7.449,5.175,27.262,5.74,21.152,214.438,1009.704,2276.673,79.318,226.712,241.755,232.993,56.117,1.736,0
2026-07-29 08:36:36.338365,606,41.694,7.965,3.999,24.038,5.682,20.744,228.395,1006.87,2984.047,63.317,227.795,242.242,232.436,52.879,2.101,0
2026-07-29 08:37:45.451597,606,41.546,7.683,4.519,24.8,5.747,20.904,227.374,1001.222,2762.464,64.421,229.42,249.091,236.538,55.354,2.135,0
2026-07-29 08:38:49.558888,606,41.671,7.673,4.043,24.875,5.883,22.218,221.967,884.724,2554.581,62.762,227.164,240.664,233.366,54.713,1.601,0
2026-07-29 08:39:53.628545,606,41.99,7.54,5.252,23.499,6.241,21.93,224.954,976.93,3130.069,71.629,230.454,241.515,232.676,53.582,1.778,0
2026-07-29 08:41:01.678128,606,41.373,7.386,4.978,24.409,6.065,21.593,235.386,1056.574,2805.937,65.464,227.718,245.279,231.016,54.153,2.404,0
2026-07-29 08:42:12.475433,606,41.888,7.92,4.039,27.293,6.304,22.831,218.234,895.706,2955.85,59.952,228.144,244.2,232.491,54.142,2.177,0
2026-07-29 08:43:27.303590,606,42.22,7.404,4.828,24.606,6.189,21.578,235.035,1044.83,3117.239,67.822,229.312,244.034,232.258,54.671,2.064,0
2026-07-29 08:44:35.480972,606,40.787,7.515,4.886,23.391,6.423,22.041,223.33,867.961,2585.787,68.69,229.138,242.124,232.884,54.338,2.285,0
