timestamp,machine_erp_ref,cycle_time_s,dosing_time_s,injection_time_s,cooling_time_s,cushion_mm,switchover_position_mm,switchover_pressure_bar,peak_pressure_bar,clamp_force_kn,mold_temperature_c,barrel_temp_zone1_c,barrel_temp_zone2_c,barrel_temp_zone3_c,oil_temperature_c,energy_kwh,scrap_flag
2026-07-27 06:00:00.000000,152,21.352,4.083,1.923,13.372,4.844,16.95,215.571,734.769,550.254,49.027,198.093,211.608,203.786,47.21,0.362,0
2026-07-27 06:00:36.559143,152,20.68,4.037,1.91,7.156,5.025,16.529,215.768,797.558,626.736,42.469,197.083,219.711,204.943,47.662,0.406,0
2026-07-27 06:01:12.034081,152,21.575,4.151,1.791,10.39,4.432,17.045,214.499,791.959,598.259,52.137,198.009,212.976,203.384,48.359,0.407,0
2026-07-27 06:01:49.382789,152,21.67,4.073,2.129,11.391,4.729,16.79,212.641,764.619,582.003,42.335,197.711,210.961,204.142,48.756,0.409,0
2026-07-27 06:02:31.382272,152,20.224,4.183,2.07,11.961,5.007,16.47,212.477,694.142,592.475,47.958,199.671,210.739,204.707,47.567,0.42,0
2026-07-27 06:03:08.142408,152,20.549,4.138,1.523,10.047,4.816,16.186,211.665,750.901,631.103,43.985,197.946,209.082,204.494,49.344,0.338,0
2026-07-27 06:03:42.133674,152,21.264,4.228,1.505,7.824,5.167,16.257,212.446,735.074,621.937,47.002,196.341,210.378,205.872,48.105,0.49,0
2026-07-27 06:04:16.839968,152,21.042,4.054,2.127,9.898,4.406,15.765,212.852,750.583,596.162,44.887,198.598,210.801,204.115,48.252,0.388,0
2026-07-27 06:04:55.930673,152,21.192,4.136,1.755,10.002,4.377,16.366,201.573,719.174,565.827,41.945,200.143,204.302,202.036,47.248,0.418,0
2026-07-27 06:05:32.200551,152,20.773,3.954,2.091,9.954,4.992,16.573,205.259,771.931,567.944,37.169,199.436,210.571,202.977,48.669,0.361,0
2026-07-27 06:06:05.542087,152,21.64,3.91,2.234,13.44,5.016,17.358,203.826,778.565,622.591,52.021,196.676,210.293,204.979,47.733,0.419,1
2026-07-27 06:06:40.338430,152,21.589,4.256,1.619,9.073,4.752,16.764,216.643,783.931,561.668,45.204,197.678,215.087,204.296,47.552,0.525,0
2026-07-27 06:07:18.719004,152,21.233,4.032,1.577,12.102,4.9,16.068,219.925,738.917,596.455,36.758,197.963,209.618,203.516,47.81,0.341,0
2026-07-27 06:07:58.496231,152,21.764,4.121,2.502,11.817,4.986,15.78,196.986,719.277,680.432,45.847,197.978,207.78,207.35,48.83,0.333,0
2026-07-27 06:08:35.479999,152,21.434,4.019,2.105,13.421,4.597,16.397,219.389,760.199,613.787,46.931,198.457,210.779,205.995,48.279,0.348,0
2026-07-27 06:09:14.959671,152,20.77,3.912,1.874,11.234,4.623,16.906,210.52,800.926,622.267,42.998,197.587,210.216,204.93,47.467,0.38,0
2026-07-27 06:09:55.045711,152,21.384,4.002,1.72,13.082,4.847,16.39,216.076,752.012,568.169,43.017,196.901,209.621,205.28,47.682,0.369,0
2026-07-27 06:10:31.258851,152,20.721,4.215,1.847,11.156,5.026,16.771,213.039,763.117,563.181,44.944,199.142,206.291,204.682,48.846,0.338,0
2026-07-27 06:11:08.982471,152,21.639,4.083,1.643,12.369,4.509,16.409,218.642,743.187,623.875,48.367,196.652,209.548,203.495,47.858,0.397,0
2026-07-27 06:11:45.613372,152,21.175,3.743,2.265,8.494,4.751,16.859,211.258,735.399,591.529,45.28,197.037,208.32,206.237,48.336,0.494,0
2026-07-27 06:12:24.842019,152,21.108,3.968,1.767,6.223,4.739,15.701,201.819,769.09,635.209,49.097,196.644,209.372,206.022,48.483,0.391,0
2026-07-27 06:13:01.446125,152,20.86,4.267,2.328,12.255,4.904,17.302,209.366,746.924,604.294,48.167,198.735,212.123,202.627,45.949,0.394,0
2026-07-27 06:13:36.680081,152,21.811,3.968,1.88,12.362,4.798,15.944,213.094,761.702,706.691,44.359,198.128,208.044,205.272,48.759,0.421,0
2026-07-27 06:14:14.799979,152,21.123,3.73,1.687,12.451,4.664,16.897,208.704,764.718,585.83,40.603,199.06,209.358,205.404,47.489,0.439,0
2026-07-27 06:14:55.331565,152,20.986,4.284,1.872,10.45,5.112,16.364,213.946,760.078,611.674,44.365,197.058,211.569,204.614,47.784,0.482,0
2026-07-27 06:15:34.495671,152,21.024,4.102,1.213,14.479,4.665,16.442,209.606,766.178,576.176,46.474,196.496,209.219,207.517,48.924,0.414,0
2026-07-27 06:16:14.791256,152,21.466,3.989,1.964,10.58,4.727,16.379,206.427,725.263,633.962,45.168,197.467,217.567,207.386,48.868,0.4,0
2026-07-27 06:16:54.886624,152,21.383,3.944,1.949,12.342,4.402,16.628,203.484,723.493,616.215,46.776,197.781,210.722,204.547,48.296,0.341,0
2026-07-27 06:17:32.982723,152,21.406,4.162,2.247,12.689,4.622,16.729,207.649,748.764,574.164,47.418,198.251,206.398,204.733,48.437,0.444,0
2026-07-27 06:18:09.620450,152,21.415,3.919,1.434,14.937,4.929,17.029,211.227,749.462,593.481,46.486,195.981,207.566,204.592,48.587,0.349,0
2026-07-27 06:18:45.637467,152,22.271,4.172,2.349,10.866,4.88,17.204,198.244,734.853,644.155,44.229,198.574,207.274,204.266,48.858,0.347,0
2026-07-27 06:19:20.020001,152,20.997,4.081,2.246,10.194,4.95,16.666,205.32,756.989,640.551,46.456,196.927,207.607,203.895,48.934,0.412,0
2026-07-27 06:20:00.732174,152,20.944,4.037,2.376,8.504,4.938,17.357,198.02,776.338,560.568,51.259,197.223,211.557,205.608,48.065,0.492,0
2026-07-27 06:20:37.978394,152,20.793,4.022,1.984,14.605,5.322,16.546,206.298,784.438,589.021,40.828,199.408,206.791,207.354,47.558,0.444,0
2026-07-27 06:21:12.091517,152,21.508,3.974,2.304,12.343,4.613,17.039,217.184,790.956,657.642,46.364,195.38,209.04,206.86,47.847,0.398,0
2026-07-27 06:21:52.905779,152,21.764,4.157,1.559,12.406,4.395,16.714,202.883,711.871,597.985,50.13,198.387,213.314,205.947,48.076,0.341,0
2026-07-27 06:22:31.120707,152,21.143,3.87,2.214,17.733,4.537,16.225,214.219,716.273,608.503,41.711,198.382,208.493,202.111,47.968,0.491,0
2026-07-27 06:23:11.327221,152,20.78,3.757,1.769,12.15,4.624,16.591,227.093,741.6,633.808,47.803,197.017,211.947,202.763,47.393,0.397,0
2026-07-27 06:23:48.730906,152,20.788,4.092,1.505,8.895,4.556,16.752,218.721,752.328,563.035,48.177,197.464,205.119,206.277,48.262,0.383,0
2026-07-27 06:24:24.922242,152,21.525,4.095,1.663,11.108,4.823,16.484,210.801,743.086,574.809,40.865,199.465,208.925,206.943,47.059,0.433,0
2026-07-27 06:25:03.938550,152,21.572,4.072,2.002,9.55,5.113,16.706,215.151,733.973,593.289,46.995,200.356,207.431,205.664,48.051,0.373,0
2026-07-27 06:25:43.143837,152,21.472,4.061,1.753,10.708,5.185,16.933,201.782,741.172,639.139,44.24,199.278,210.869,204.633,48.09,0.355,0
2026-07-27 06:26:20.505664,152,20.867,3.952,2.113,10.695,4.926,16.488,200.56,764.016,633.593,44.831,200.263,206.999,206.623,48.069,0.361,0
2026-07-27 06:27:01.500508,152,21.316,4.118,1.458,10.326,5.335,15.028,210.172,711.441,624.593,44.09,197.17,216.002,205.904,48.511,0.36,0
2026-07-27 06:27:41.656177,152,21.258,3.993,1.362,8.713,4.711,17.339,212.392,817.957,598.825,48.676,196.104,205.246,206.365,48.431,0.332,0
2026-07-27 06:28:20.943839,152,21.309,3.927,2.412,14.685,4.392,16.351,216.566,750.609,636.887,44.686,197.937,213.294,202.772,49.334,0.326,0
2026-07-27 06:28:56.413103,152,21.636,3.953,2.271,12.098,5.063,16.088,206.587,780.475,598.421,43.703,198.966,212.547,205.412,47.689,0.458,0
2026-07-27 06:29:31.561144,152,21.312,4.303,1.685,11.049,4.34,15.938,211.16,733.18,620.339,43.75,195.774,210.899,207.129,48.168,0.44,0
2026-07-27 06:30:12.294904,152,21.539,3.74,1.999,13.015,4.611,16.332,210.955,766.656,630.361,44.045,196.888,210.158,205.633,48.129,0.351,0
2026-07-27 06:30:45.305479,152,21.234,4.075,2.306,12.442,4.93,16.219,209.212,752.903,653.905,41.977,197.022,215.379,206.138,48.101,0.453,0
2026-07-27 06:31:23.098046,152,21.345,3.748,2.126,12.051,4.774,16.131,209.565,774.847,601.31,43.678,198.428,217.166,205.044,47.241,0.419,0
2026-07-27 06:32:01.432395,152,21.516,3.984,2.044,12.87,4.752,16.159,204.872,744.239,592.122,45.329,198.273,209.399,205.127,47.29,0.381,0
2026-07-27 06:32:38.315849,152,20.471,3.935,2.329,11.768,4.505,16.765,211.678,794.995,641.852,46.132,197.07,210.458,206.683,48.004,0.326,0
2026-07-27 06:33:16.235316,152,21.04,3.687,1.781,12.84,4.797,17.515,211.17,706.73,644.156,48.371,198.216,208.398,204.196,47.054,0.42,0
2026-07-27 06:33:55.193594,152,20.965,4.058,2.009,13.006,5.051,16.91,207.36,777.532,586.699,45.675,196.626,206.609,204.079,47.799,0.512,0
2026-07-27 06:34:31.854730,152,20.881,3.943,1.995,11.825,4.805,17.061,213.995,753.443,569.849,43.671,197.488,211.343,204.426,47.611,0.401,0
2026-07-27 06:35:11.864346,152,21.062,3.685,1.918,11.059,4.592,16.311,216.167,720.469,639.571,42.169,196.482,210.724,205.028,47.821,0.46,0
2026-07-27 06:35:51.192390,152,21.947,4.126,1.883,14.561,4.488,16.552,214.064,806.61,553.748,45.825,197.82,205.33,203.068,48.679,0.387,0
2026-07-27 06:36:28.782084,152,20.767,4.215,2.022,10.544,4.598,16.713,203.745,803.612,552.216,44.671,197.039,211.322,205.877,47.353,0.455,0
2026-07-27 06:37:04.897821,152,21.684,4.224,2.01,12.283,4.898,16.17,210.598,689.858,594.951,44.764,198.828,210.821,204.803,48.522,0.391,0
2026-07-27 06:37:42.691114,152,20.359,4.054,1.685,12.328,4.886,16.287,204.531,755.127,603.073,45.735,197.969,208.256,206.024,47.657,0.256,0
2026-07-27 06:38:25.503442,152,21.033,4.007,2.241,10.281,4.6,16.927,210.579,770.464,568.201,46.454,197.728,208.067,202.457,47.732,0.357,0
2026-07-27 06:39:01.776505,152,21.281,4.199,1.707,9.884,4.247,17.045,204.555,762.809,606.656,45.755,200.122,211.229,206.029,48.279,0.408,0
2026-07-27 06:39:43.266685,152,21.493,4.252,1.935,10.792,4.905,16.534,217.663,793.95,607.994,44.523,198.46,214.666,206.604,47.836,0.465,0
2026-07-27 06:40:17.264871,152,21.556,4.17,1.911,10.516,4.576,15.902,214.7,787.921,585.588,42.756,197.558,211.155,205.526,47.465,0.391,0
2026-07-27 06:40:53.302278,152,21.597,3.859,2.107,8.584,4.972,16.352,216.918,757.69,661.004,43.284,197.3,212.263,205.036,47.778,0.402,0
2026-07-27 06:41:30.065083,152,21.026,4.03,1.364,10.197,4.611,15.779,216.31,816.036,612.893,47.375,196.583,207.587,206.038,46.934,0.365,0
2026-07-27 06:42:10.229005,152,20.969,4.066,2.267,12.032,4.553,16.538,208.376,777.169,633.855,43.814,197.921,208.799,206.526,48.229,0.494,0
2026-07-27 06:42:48.355219,152,21.629,3.729,1.797,14.032,4.838,16.628,207.446,739.809,556.314,41.231,198.369,211.763,205.628,46.139,0.49,0
2026-07-27 06:43:29.342182,152,21.104,4.07,2.366,12.609,5.389,16.365,220.45,733.982,556.055,48.247,195.703,206.061,205.717,48.533,0.359,0
2026-07-27 06:44:06.583758,152,20.562,4.341,1.857,6.301,4.987,16.621,209.009,786.057,613.802,42.361,196.363,210.601,206.988,48.369,0.309,0
2026-07-27 06:44:44.460958,152,20.633,4.096,1.985,12.783,4.834,16.708,201.873,727.004,655.646,45.099,197.381,211.431,205.913,48.961,0.292,0
2026-07-27 06:45:21.711564,152,20.74,4.221,2.574,10.384,4.89,16.628,216.045,738.118,569.702,46.375,196.682,209.888,204.04,49.309,0.436,0
2026-07-27 06:46:04.331759,152,21.449,4.027,1.917,12.406,4.362,15.899,210.863,743.052,604.301,45.009,198.052,210.926,206.52,48.561,0.408,0
2026-07-27 06:46:39.777609,152,21.271,3.989,2.372,11.472,4.519,16.373,219.036,760.314,562.947,38.061,198.219,210.168,204.852,47.624,0.353,0
2026-07-27 06:47:16.618920,152,21.545,4.057,2.012,11.115,4.172,16.705,211.458,744.39,578.441,46.093,197.853,208.196,205.04,49.304,0.416,0
2026-07-27 06:47:52.389166,152,20.986,3.878,2.125,11.296,5.232,17.289,209.88,711.808,605.793,48.714,198.66,206.583,205.128,47.284,0.326,0
2026-07-27 06:48:31.696318,152,21.279,3.855,2.021,11.455,5.182,16.364,219.157,783.7,585.222,47.202,197.298,209.738,206.163,46.858,0.448,0
2026-07-27 06:49:07.094816,152,21.513,4.19,2.254,14.189,4.898,16.775,200.769,738.272,560.834,39.053,197.945,213.783,207.099,49.111,0.377,0
2026-07-27 06:49:49.249310,152,21.045,4.206,1.794,11.461,4.834,16.939,206.488,808.578,560.162,50.956,196.796,212.971,205.029,48.361,0.335,0
2026-07-27 06:50:27.433260,152,21.428,3.851,1.705,13.671,4.412,16.402,204.676,758.816,543.42,41.288,198.342,208.999,207.078,46.875,0.378,0
2026-07-27 06:51:06.373487,152,20.869,4.145,1.808,13.38,4.745,17.074,196.83,786.749,614.298,41.98,198.091,208.938,205.198,47.187,0.376,0
2026-07-27 06:51:45.429360,152,21.018,3.987,2.03,12.834,5.248,17.101,215.239,768.295,617.927,47.189,196.562,208.725,206.683,48.331,0.422,0
2026-07-27 06:52:23.383625,152,21.009,4.051,1.934,7.927,4.833,17.19,206.655,788.137,617.777,46.268,197.814,208.725,205.238,47.478,0.47,0
2026-07-27 06:53:01.661020,152,20.602,4.069,2.213,13.733,4.659,16.729,215.432,766.54,572.725,45.225,197.955,210.834,204.409,47.564,0.467,0
2026-07-27 06:53:39.854207,152,21.443,4.149,2.391,10.584,4.36,17.68,212.335,756.82,630.179,43.406,198.337,213.067,207.307,49.18,0.41,0
2026-07-27 06:54:19.038082,152,20.965,4.012,1.707,12.931,5.145,16.192,213.643,781.704,621.203,48.726,198.382,216.562,204.295,49.289,0.389,0
2026-07-27 06:54:55.163080,152,21.206,4.212,1.78,9.555,4.782,17.562,207.268,822.093,600.219,44.89,197.135,207.593,204.214,48.088,0.366,0
2026-07-27 06:55:30.901142,152,21.44,4.046,1.569,9.13,4.361,16.884,205.415,742.176,595.295,40.616,198.916,211.888,203.493,47.91,0.294,0
2026-07-27 06:56:10.772949,152,21.423,4.094,2.609,15.453,4.569,17.17,210.539,773.053,580.527,48.45,198.628,211.573,206.521,48.541,0.399,0
2026-07-27 06:56:48.768577,152,21.533,3.875,2.091,9.586,4.481,16.34,215.515,749.848,605.765,45.614,197.131,209.044,206.804,47.663,0.349,0
2026-07-27 06:57:22.193866,152,21.151,4.324,2.144,13.792,4.767,16.922,209.698,764.676,648.517,48.122,196.629,207.025,205.448,46.662,0.473,0
2026-07-27 06:57:59.110432,152,20.988,4.07,1.598,11.737,4.852,17.213,205.788,751.223,634.136,46.603,197.222,210.799,203.819,46.343,0.388,0
2026-07-27 06:58:40.598774,152,21.16,4.107,2.0,10.66,4.674,15.956,202.806,687.425,592.314,51.697,196.234,216.148,204.992,47.956,0.445,0
2026-07-27 06:59:18.233114,152,20.356,3.759,2.153,11.41,4.994,16.418,211.225,744.195,616.159,44.132,198.25,210.78,204.637,48.529,0.371,0
2026-07-27 06:59:55.022454,152,20.476,3.877,1.924,8.898,4.82,15.429,206.676,778.987,566.957,45.045,199.42,207.717,203.763,48.01,0.359,0
2026-07-27 07:00:29.614324,152,20.539,4.186,2.323,11.472,5.066,16.411,209.57,727.809,621.902,47.016,199.706,209.544,204.413,48.486,0.436,0
2026-07-27 07:01:06.319669,152,20.701,4.043,2.694,9.335,4.711,16.092,208.567,776.707,575.074,44.149,196.693,206.693,205.607,48.546,0.417,0
2026-07-27 07:01:41.666311,152,21.4,3.713,1.716,10.709,5.561,16.391,207.333,755.325,620.708,47.247,198.944,210.054,204.274,48.832,0.419,0
2026-07-27 07:02:20.644898,152,20.747,4.156,1.693,13.351,4.659,17.962,211.763,744.447,689.072,36.747,198.101,211.982,205.35,48.112,0.394,0
2026-07-27 07:02:58.757285,152,21.011,3.918,1.737,12.008,4.574,17.359,213.327,776.269,582.9,44.796,195.125,207.991,202.868,48.166,0.447,0
2026-07-27 07:03:35.928590,152,21.85,4.212,2.482,8.536,4.543,15.78,221.792,769.75,687.684,44.712,197.601,200.559,207.015,47.978,0.439,0
2026-07-27 07:04:12.190733,152,21.022,3.987,2.313,13.203,4.747,16.778,214.548,762.196,614.719,44.61,197.468,210.803,204.53,47.845,0.269,0
2026-07-27 07:04:53.671017,152,21.569,4.031,1.959,11.486,4.37,16.899,219.562,779.461,577.511,42.545,199.453,208.545,206.044,47.057,0.385,0
2026-07-27 07:05:30.062896,152,20.733,4.177,2.011,10.416,4.874,16.331,205.088,755.89,576.136,47.537,196.955,207.823,205.226,48.703,0.461,0
2026-07-27 07:06:06.463251,152,21.097,3.865,1.755,12.993,4.324,16.589,200.394,702.305,670.949,43.588,198.676,207.798,205.483,47.77,0.339,0
2026-07-27 07:06:43.909283,152,20.725,3.851,2.267,11.166,4.84,16.638,209.913,739.034,614.79,45.561,197.871,211.161,203.642,47.735,0.298,0
2026-07-27 07:07:21.674172,152,21.03,3.971,1.886,9.169,4.462,15.827,215.148,697.672,583.015,44.896,196.265,208.817,204.087,47.675,0.392,0
2026-07-27 07:08:00.773238,152,21.62,4.124,1.922,15.196,4.705,15.984,214.207,769.064,593.896,46.401,197.337,212.698,204.115,47.196,0.431,0
2026-07-27 07:08:40.894652,152,20.336,3.8,2.183,11.465,4.951,16.586,217.268,775.99,612.923,49.007,199.838,212.762,205.03,47.949,0.372,0
2026-07-27 07:09:20.845359,152,21.417,3.75,1.944,11.337,5.376,16.55,194.781,777.309,599.738,45.546,197.792,209.215,206.591,48.31,0.478,0
2026-07-27 07:10:04.385518,152,21.319,4.124,1.93,10.69,4.53,16.146,217.518,764.184,610.377,47.356,199.087,208.489,205.52,47.577,0.511,0
2026-07-27 07:10:38.525765,152,20.903,3.91,2.003,13.86,4.762,16.103,212.013,778.07,653.208,45.406,199.021,210.37,203.92,48.623,0.284,0
2026-07-27 07:11:17.052106,152,20.477,3.941,2.239,10.45,4.619,16.455,200.736,704.279,566.161,43.583,197.462,209.578,205.105,47.779,0.377,0
2026-07-27 07:11:53.865351,152,21.236,3.721,2.494,8.41,4.583,16.943,214.341,746.881,619.339,44.604,196.46,204.918,204.903,47.08,0.263,0
2026-07-27 07:12:36.447603,152,20.935,3.898,2.176,10.143,4.621,16.462,211.017,708.967,597.813,44.206,196.618,215.551,204.579,48.824,0.44,0
2026-07-27 07:13:14.847979,152,21.316,3.999,2.241,14.154,5.006,17.311,212.287,739.608,585.029,46.591,199.742,212.072,204.982,48.119,0.359,0
2026-07-27 07:13:48.220327,152,21.211,4.14,1.94,13.164,4.678,16.152,215.995,796.871,632.165,45.299,198.182,208.656,205.916,48.518,0.371,0
2026-07-27 07:14:27.210334,152,22.001,3.884,1.788,10.99,5.362,16.597,212.582,781.704,556.157,42.776,195.919,204.442,204.136,48.532,0.469,0
2026-07-27 07:15:05.818712,152,21.08,4.249,2.196,14.247,4.904,16.323,201.163,769.206,529.007,44.379,199.001,209.477,204.585,47.432,0.32,0
2026-07-27 07:15:45.546372,152,20.688,3.897,2.051,12.996,4.547,16.794,209.142,744.733,606.736,40.727,195.856,208.295,206.179,47.687,0.305,0
2026-07-27 07:16:21.896722,152,21.29,3.898,1.573,10.967,4.708,16.109,200.294,721.186,595.855,44.483,197.009,209.824,205.563,48.621,0.263,0
2026-07-27 07:17:00.644168,152,21.31,4.231,1.902,11.168,4.6,17.464,213.894,755.424,559.415,45.004,198.098,203.725,206.535,49.101,0.476,0
2026-07-27 07:17:38.027459,152,21.88,4.032,1.975,12.159,5.0,15.655,218.388,782.21,548.683,50.064,201.025,208.63,206.723,48.038,0.462,0
2026-07-27 07:18:14.496754,152,21.618,3.917,1.847,9.836,4.39,17.358,202.551,761.886,657.919,48.776,198.979,208.807,203.367,47.624,0.382,0
2026-07-27 07:18:53.278165,152,21.378,3.977,2.445,11.509,4.465,16.545,205.971,704.015,613.89,42.105,197.421,209.442,205.346,49.009,0.323,0
2026-07-27 07:19:31.626514,152,21.932,4.203,2.144,12.117,4.652,16.776,204.706,753.034,600.589,45.565,198.034,209.315,204.39,47.624,0.45,0
2026-07-27 07:20:12.020635,152,20.606,4.22,2.412,8.126,4.971,17.167,207.277,694.513,665.857,45.614,199.104,210.152,203.562,48.197,0.565,0
2026-07-27 07:20:50.082170,152,20.88,3.877,2.079,11.121,5.108,16.929,212.475,773.321,630.662,44.355,199.706,214.411,204.053,47.743,0.386,0
2026-07-27 07:21:29.459068,152,20.737,3.994,2.024,10.894,5.145,16.135,207.342,729.903,653.078,44.533,197.703,208.506,204.639,48.161,0.328,0
2026-07-27 07:22:04.706119,152,21.005,4.014,1.719,13.556,4.932,16.8,213.915,714.529,564.601,44.009,197.738,207.358,204.647,47.433,0.475,0
2026-07-27 07:22:45.885618,152,20.512,3.852,2.004,7.811,4.779,17.434,216.392,773.72,563.478,50.244,197.004,204.991,204.272,47.775,0.332,0
2026-07-27 07:23:22.113601,152,21.518,3.992,2.004,10.737,4.999,16.056,216.611,766.222,618.512,43.835,198.798,208.518,204.984,47.624,0.378,0
2026-07-27 07:24:02.172282,152,21.089,4.001,1.59,10.536,4.514,17.559,203.291,756.74,612.435,45.955,199.231,205.936,207.936,48.397,0.242,0
2026-07-27 07:24:40.772193,152,20.465,4.171,1.838,13.42,4.339,16.693,218.316,813.56,637.49,37.919,195.674,212.784,202.93,48.098,0.382,0
2026-07-27 07:25:19.083011,152,20.692,4.181,1.903,11.413,4.909,16.283,218.796,768.415,551.076,47.306,197.524,209.721,206.365,48.528,0.323,0
2026-07-27 07:25:58.816599,152,21.357,3.951,2.124,15.092,4.549,16.053,219.316,731.296,621.108,48.316,196.544,212.724,204.978,47.505,0.476,0
2026-07-27 07:26:31.937441,152,21.619,3.968,2.138,12.824,4.784,16.388,209.053,765.057,629.678,42.054,198.181,214.251,204.475,47.875,0.341,0
2026-07-27 07:27:08.629805,152,22.198,4.1,1.826,10.68,4.83,15.522,205.489,741.704,628.085,43.567,196.514,207.491,202.578,48.375,0.447,0
2026-07-27 07:27:48.330981,152,22.657,3.912,2.141,11.979,4.862,16.292,204.095,786.736,587.799,46.264,196.416,208.993,205.915,48.515,0.394,0
2026-07-27 07:28:30.713353,152,21.407,4.088,1.945,10.792,5.034,16.369,203.389,758.148,615.558,45.054,199.348,213.862,203.271,47.133,0.408,0
2026-07-27 07:29:08.657816,152,20.705,3.987,1.139,13.219,5.008,15.963,210.07,761.018,576.73,46.306,197.801,210.549,205.993,48.191,0.431,0
2026-07-27 07:29:41.100022,152,20.134,3.855,1.855,8.836,4.849,16.874,215.087,708.171,591.212,44.196,197.928,211.512,207.09,47.512,0.397,0
2026-07-27 07:30:18.376762,152,21.334,3.856,2.324,9.853,4.689,16.391,217.839,751.779,568.712,50.217,198.518,212.996,203.461,48.546,0.361,0
2026-07-27 07:30:56.239621,152,20.794,4.217,1.495,12.411,4.827,16.182,207.087,748.368,577.24,43.125,199.165,212.6,206.402,49.116,0.351,0
2026-07-27 07:31:36.769188,152,20.992,3.977,2.034,13.952,4.651,16.337,209.768,720.298,592.771,52.536,197.498,211.19,205.031,46.433,0.431,0
2026-07-27 07:32:14.879410,152,20.894,4.246,2.476,7.096,4.751,16.678,209.375,743.576,585.272,48.477,197.524,214.049,202.487,47.606,0.286,0
2026-07-27 07:32:49.968477,152,21.13,3.923,1.772,14.249,5.455,16.537,206.188,762.637,577.236,47.33,197.53,209.802,203.554,48.158,0.501,0
2026-07-27 07:33:30.165249,152,21.733,4.044,2.001,11.22,4.846,16.15,214.414,749.874,561.012,42.087,199.298,211.506,205.214,47.998,0.408,0
2026-07-27 07:34:09.461011,152,21.279,4.359,1.609,7.732,4.913,16.563,212.177,709.049,658.833,47.547,197.918,209.487,205.481,48.564,0.38,0
2026-07-27 07:34:45.867078,152,21.121,3.841,2.488,5.497,4.624,16.475,210.851,742.077,584.983,46.691,197.651,212.96,203.103,48.047,0.416,0
2026-07-27 07:35:25.508387,152,20.682,3.715,1.975,8.441,5.055,15.93,212.15,736.427,609.899,39.065,198.469,207.968,205.038,47.682,0.364,0
2026-07-27 07:36:02.262107,152,20.363,4.193,2.014,11.461,4.99,16.356,213.693,755.612,547.231,41.067,200.198,205.12,205.988,47.388,0.389,0
2026-07-27 07:36:39.582192,152,20.957,3.876,2.406,11.368,4.992,16.79,213.633,752.48,640.729,46.001,198.089,211.899,206.198,47.287,0.332,0
2026-07-27 07:37:16.374503,152,21.173,3.997,2.198,12.766,4.854,16.786,204.969,738.063,605.015,44.627,197.677,207.042,204.505,47.554,0.423,0
2026-07-27 07:37:53.667837,152,22.084,3.912,1.737,10.401,5.059,16.385,215.378,736.931,586.684,43.554,200.332,206.754,205.526,47.661,0.395,0
2026-07-27 07:38:33.735250,152,21.265,4.04,1.806,9.284,5.118,16.838,211.532,751.949,586.946,48.021,199.596,213.668,206.287,48.23,0.411,0
2026-07-27 07:39:07.663660,152,21.691,3.857,2.148,10.674,4.871,16.01,207.392,777.926,626.082,42.525,199.422,212.802,206.023,47.906,0.489,0
2026-07-27 07:39:48.181075,152,20.95,3.973,1.813,11.567,4.771,16.026,211.405,758.081,511.407,43.725,197.399,209.007,206.07,47.609,0.352,0
2026-07-27 07:40:26.583095,152,20.608,4.067,1.365,11.962,5.024,16.374,212.067,791.269,575.274,43.188,197.28,201.168,205.136,47.394,0.392,0
2026-07-27 07:41:03.693701,152,20.717,3.849,1.984,9.922,4.574,17.249,216.491,782.863,596.427,46.428,195.799,211.546,204.887,47.578,0.301,0
2026-07-27 07:41:41.741040,152,20.837,3.895,1.556,13.303,4.621,16.582,203.723,793.404,596.082,40.186,199.158,211.921,205.327,47.662,0.433,0
2026-07-27 07:42:17.668575,152,22.264,3.948,2.485,10.257,4.787,16.362,217.95,789.69,675.159,43.607,198.092,211.499,204.083,47.551,0.399,0
2026-07-27 07:42:51.948246,152,20.789,3.786,2.053,9.761,4.365,17.272,210.139,795.326,589.872,40.176,195.839,211.365,206.335,48.404,0.401,0
2026-07-27 07:43:27.940071,152,21.619,3.937,1.728,10.415,5.007,16.357,206.963,716.559,629.707,44.124,199.442,209.474,203.164,48.821,0.391,0
2026-07-27 07:44:01.618356,152,20.749,4.018,1.79,13.65,4.559,17.617,206.779,768.775,654.35,47.025,197.595,208.81,204.395,47.294,0.365,0
2026-07-27 07:44:36.534332,152,21.666,3.94,1.433,11.234,4.682,16.244,203.992,785.331,620.118,47.075,197.743,206.792,204.957,48.672,0.55,0
2026-07-27 07:45:10.834458,152,21.392,3.959,1.67,10.111,4.747,15.994,199.555,790.572,579.786,42.963,196.184,207.978,205.564,48.416,0.402,0
2026-07-27 07:45:51.624765,152,21.122,3.997,2.305,13.352,4.81,16.417,214.064,727.649,561.465,46.493,198.591,210.932,205.789,48.108,0.418,0
2026-07-27 07:46:26.696763,152,21.18,3.902,2.67,15.785,4.714,16.375,221.885,769.064,622.363,44.482,198.602,210.98,206.787,48.916,0.332,0
2026-07-27 07:47:04.602722,152,20.873,4.104,2.218,11.919,4.783,16.096,200.294,752.181,649.351,48.811,197.942,212.29,205.093,47.898,0.453,0
2026-07-27 07:47:45.148881,152,21.423,4.215,1.972,13.968,4.785,17.801,204.297,803.565,616.379,44.636,197.498,205.921,204.138,48.241,0.393,0
2026-07-27 07:48:25.087084,152,20.973,3.93,1.87,13.572,4.688,16.659,214.509,709.769,637.003,36.675,201.152,205.188,204.826,48.074,0.427,0
2026-07-27 07:49:02.414174,152,20.587,4.073,1.713,10.289,4.607,16.732,209.726,727.691,677.758,47.505,196.556,208.899,204.617,48.03,0.454,0
2026-07-27 07:49:39.751660,152,20.561,3.964,2.618,11.553,5.07,16.269,215.007,697.492,625.121,43.715,197.134,207.042,205.624,48.275,0.394,0
2026-07-27 07:50:18.162404,152,21.286,4.055,1.943,8.935,4.274,16.211,209.39,754.194,566.981,44.232,198.85,210.539,203.72,48.028,0.359,0
2026-07-27 07:51:00.978284,152,21.99,4.235,2.635,11.09,4.749,17.013,206.516,815.651,601.532,45.941,196.783,206.201,204.789,48.28,0.26,0
2026-07-27 07:51:39.920032,152,21.28,4.076,2.418,10.248,4.683,15.662,208.645,748.714,641.106,41.011,196.694,213.423,206.947,47.598,0.377,0
2026-07-27 07:52:19.443573,152,21.141,3.734,1.478,10.694,4.905,15.929,195.707,752.93,592.537,45.209,199.358,207.616,205.216,47.617,0.359,0
2026-07-27 07:53:02.610958,152,21.343,4.068,1.8,10.0,4.436,16.376,203.139,765.957,645.171,46.497,198.726,214.619,203.736,47.595,0.331,0
2026-07-27 07:53:41.244402,152,21.853,4.185,1.799,10.926,4.675,17.176,215.69,746.628,597.992,46.019,198.581,211.52,204.592,47.781,0.487,0
2026-07-27 07:54:21.861520,152,21.31,3.967,1.976,12.564,4.774,16.313,217.151,760.615,610.03,43.323,198.218,206.94,202.32,48.608,0.459,0
2026-07-27 07:55:00.950734,152,20.995,4.149,1.982,11.261,5.068,16.708,218.437,761.374,589.478,47.777,197.169,216.075,204.929,47.723,0.29,0
2026-07-27 07:55:40.006733,152,21.753,3.896,2.899,7.771,4.883,16.514,212.645,725.479,604.786,42.207,197.697,210.77,206.977,48.391,0.409,0
2026-07-27 07:56:15.810320,152,21.414,3.777,1.677,10.008,4.504,17.148,196.464,747.273,606.373,43.249,197.905,210.482,203.576,48.159,0.351,0
2026-07-27 07:56:51.235854,152,21.968,4.021,2.069,8.461,4.678,15.708,206.19,771.516,551.744,44.619,199.015,209.811,203.253,47.735,0.422,0
2026-07-27 07:57:28.067772,152,21.292,3.737,2.185,11.988,5.022,16.868,217.948,776.929,586.752,45.827,198.511,211.353,204.216,48.786,0.352,0
2026-07-27 07:58:08.078584,152,20.588,3.964,2.0,12.507,4.5,16.401,219.738,787.657,563.004,44.091,196.887,211.524,206.106,48.442,0.368,0
2026-07-27 07:58:47.981167,152,20.516,4.193,2.033,12.013,4.78,16.962,218.176,759.728,587.787,48.44,198.947,207.492,207.046,48.001,0.458,0
2026-07-27 07:59:29.020832,152,22.025,3.714,1.687,9.925,4.798,16.09,208.582,760.318,576.145,45.827,195.986,209.381,205.538,47.951,0.449,0
2026-07-27 08:00:06.995516,152,22.062,3.808,2.032,11.994,4.704,16.512,202.161,771.755,630.355,45.212,197.615,210.336,203.457,48.056,0.491,0
2026-07-27 08:00:46.221567,152,21.11,3.845,2.153,10.56,5.474,16.449,209.756,732.752,630.702,45.728,196.63,211.69,204.973,47.082,0.387,0
2026-07-27 08:01:25.457317,152,21.008,3.991,2.098,9.224,4.697,15.999,210.089,731.562,616.809,47.052,196.971,211.739,207.147,47.505,0.313,0
2026-07-27 08:02:03.212230,152,21.931,3.945,2.171,12.984,4.912,15.86,219.393,746.381,561.971,45.674,200.312,210.477,204.627,48.278,0.455,0
2026-07-27 08:02:40.479131,152,20.646,4.21,2.424,13.136,4.608,16.21,211.367,713.024,597.056,39.933,196.235,208.404,205.169,47.05,0.456,0
2026-07-27 08:03:15.093335,152,20.753,4.143,2.281,13.398,4.932,16.565,210.1,761.8,559.584,48.051,197.017,208.255,205.289,47.551,0.438,0
2026-07-27 08:03:52.745556,152,21.522,4.074,2.021,10.283,5.018,16.122,210.441,780.423,595.581,45.335,198.612,206.545,203.145,47.764,0.355,0
2026-07-27 08:04:30.508435,152,21.003,4.022,1.648,13.859,4.653,16.335,212.399,729.409,619.423,46.918,197.436,211.719,206.198,49.742,0.336,0
2026-07-27 08:05:11.094838,152,21.197,4.059,1.82,10.513,4.786,15.557,213.759,762.619,629.763,43.863,198.187,208.214,206.025,48.404,0.432,0
2026-07-27 08:05:51.906060,152,21.118,3.871,1.934,12.807,4.576,16.315,205.653,731.755,614.185,39.885,199.715,209.444,202.608,48.658,0.347,0
2026-07-27 08:06:30.238286,152,21.369,4.129,2.076,10.478,4.514,17.012,203.654,720.519,637.754,38.619,198.786,210.689,203.403,47.517,0.382,0
2026-07-27 08:07:12.942800,152,21.904,3.833,1.857,11.052,5.059,16.853,218.223,809.611,607.793,42.356,197.438,210.011,203.836,48.217,0.574,0
2026-07-27 08:07:51.375970,152,21.245,4.125,1.719,6.658,4.661,16.457,200.154,720.935,592.993,46.448,197.84,209.984,205.898,46.944,0.528,0
2026-07-27 08:08:31.731028,152,21.522,4.178,1.644,10.896,4.197,16.622,219.826,712.9,626.21,48.634,198.637,207.376,204.099,47.802,0.448,0
2026-07-27 08:09:09.502859,152,20.175,4.032,1.505,11.682,5.241,16.086,198.536,756.227,627.194,45.846,198.762,210.78,205.482,48.303,0.36,0
2026-07-27 08:09:44.903316,152,21.176,3.974,1.93,10.68,4.599,17.312,206.493,757.787,584.275,42.054,198.025,209.093,204.782,47.149,0.357,0
2026-07-27 08:10:21.933816,152,20.778,4.06,1.559,15.012,4.738,17.534,215.831,769.35,611.369,42.804,198.433,209.749,205.085,48.236,0.443,0
2026-07-27 08:11:03.294652,152,20.591,3.571,1.7,9.175,5.21,16.582,210.002,808.036,591.171,48.81,198.434,213.358,205.595,48.286,0.49,0
2026-07-27 08:11:40.692271,152,20.761,4.045,1.882,10.373,4.765,17.795,202.101,727.463,539.742,41.33,197.889,211.465,205.327,47.638,0.369,0
2026-07-27 08:12:17.628655,152,21.033,3.983,1.599,9.69,4.759,16.16,212.559,733.225,613.203,50.885,197.274,208.345,204.977,47.499,0.373,0
2026-07-27 08:12:55.619385,152,21.658,3.992,2.114,10.372,4.493,15.874,210.402,796.655,561.164,50.253,198.891,209.568,205.392,47.571,0.405,0
2026-07-27 08:13:32.731332,152,20.537,4.106,2.222,13.563,4.391,16.145,208.704,777.235,609.847,50.977,198.35,214.638,205.26,47.792,0.317,0
2026-07-27 08:14:13.453102,152,21.215,3.989,1.835,14.456,4.758,16.39,206.256,773.202,553.941,46.066,195.503,209.109,204.748,47.81,0.318,0
2026-07-27 08:14:55.751939,152,20.958,3.829,1.869,10.098,4.891,17.656,209.792,732.894,578.41,44.044,197.009,210.116,204.483,48.306,0.329,0
2026-07-27 08:15:33.765471,152,21.036,3.979,2.161,10.054,4.876,16.359,206.508,782.651,586.992,45.998,197.423,211.926,207.257,47.679,0.433,0
2026-07-27 08:16:12.997710,152,21.701,4.01,1.786,9.186,4.68,16.07,224.607,773.292,636.052,47.544,197.759,210.624,204.469,48.961,0.416,0
2026-07-27 08:16:53.213585,152,21.469,4.017,1.765,14.113,4.805,16.051,208.56,755.497,583.995,43.178,199.445,208.919,206.64,48.957,0.468,0
2026-07-27 08:17:31.461075,152,21.869,4.024,2.359,13.742,4.341,17.07,207.757,733.037,567.751,41.917,201.843,207.844,204.178,48.142,0.296,0
2026-07-27 08:18:07.459435,152,21.123,4.156,2.265,11.288,4.915,16.999,206.75,753.094,610.93,44.205,195.049,209.971,205.972,47.793,0.309,0
2026-07-27 08:18:44.525906,152,20.852,3.837,2.18,8.708,4.84,16.257,220.662,797.806,593.491,42.838,198.365,211.908,207.141,47.68,0.427,0
2026-07-27 08:19:23.465318,152,21.088,4.026,2.278,8.887,5.293,15.562,200.166,718.275,623.717,48.474,198.084,213.831,204.595,48.19,0.348,0
2026-07-27 08:20:02.363210,152,21.321,4.193,1.407,11.841,4.802,15.936,212.157,726.806,569.644,43.274,197.783,205.75,204.199,48.295,0.352,0
2026-07-27 08:20:36.277020,152,21.288,3.74,2.406,12.599,4.564,17.361,208.564,731.794,606.326,45.268,198.652,215.112,204.485,47.879,0.461,0
2026-07-27 08:21:13.281524,152,20.658,4.027,2.118,7.368,4.787,16.844,201.46,738.086,674.087,47.753,198.18,209.164,204.977,47.764,0.367,0
2026-07-27 08:21:49.601148,152,21.245,3.912,2.303,10.857,4.718,16.533,205.086,749.544,592.822,48.584,197.566,212.682,205.386,48.212,0.374,0
2026-07-27 08:22:29.612773,152,21.314,3.944,2.116,14.737,4.909,17.434,211.902,777.799,605.602,45.584,198.035,207.861,204.952,48.041,0.385,0
2026-07-27 08:23:06.020784,152,22.459,3.864,2.015,11.065,4.807,17.479,204.814,763.381,550.169,46.076,198.668,205.329,204.496,47.657,0.389,0
2026-07-27 08:23:42.969370,152,22.138,3.975,1.917,14.479,4.485,16.482,211.557,751.764,574.411,42.152,198.554,206.192,207.345,48.068,0.441,0
2026-07-27 08:24:19.838281,152,20.773,4.276,2.11,12.798,4.391,16.491,220.375,758.033,613.792,47.865,198.226,209.04,204.759,47.637,0.327,0
2026-07-27 08:24:59.642518,152,21.056,3.81,1.906,9.331,4.866,16.209,211.024,768.096,590.103,48.538,197.3,211.52,204.256,47.549,0.389,0
2026-07-27 08:25:39.851483,152,20.468,3.825,2.26,10.915,5.146,16.358,201.279,701.231,618.433,39.763,201.383,210.09,205.997,47.997,0.47,0
2026-07-27 08:26:18.976830,152,20.905,3.805,1.524,11.243,4.82,15.757,204.919,781.076,612.748,49.936,198.431,209.274,206.016,47.655,0.528,0
2026-07-27 08:26:59.499444,152,21.358,4.259,1.838,9.595,5.003,15.755,208.288,726.034,560.459,43.038,198.915,213.242,206.695,47.56,0.319,0
2026-07-27 08:27:40.316190,152,21.803,3.931,2.613,9.56,5.053,15.639,207.887,737.138,630.459,46.665,197.391,210.006,207.313,48.627,0.42,0
2026-07-27 08:28:14.188687,152,20.835,3.996,1.812,14.514,4.867,17.042,210.912,759.873,562.719,45.217,198.227,210.811,205.416,47.765,0.389,0
2026-07-27 08:28:53.538245,152,20.873,3.94,1.928,9.545,4.596,15.719,211.875,747.813,577.052,44.831,198.218,219.022,204.654,49.106,0.394,0
2026-07-27 08:29:30.695104,152,20.126,3.858,1.735,13.657,4.849,17.475,220.383,764.121,606.885,44.422,195.706,209.977,202.717,48.376,0.353,0
2026-07-27 08:30:05.829717,152,21.119,3.965,2.101,10.627,5.102,16.135,209.978,754.113,647.011,42.221,197.14,207.982,203.875,47.508,0.445,0
2026-07-27 08:30:43.100723,152,20.669,4.369,1.779,11.449,4.932,17.369,203.087,741.609,569.884,46.467,197.118,211.395,205.25,48.696,0.442,0
2026-07-27 08:31:22.767085,152,20.935,4.209,1.944,12.624,4.987,16.317,216.923,794.334,604.431,44.199,197.279,212.129,203.583,47.57,0.551,0
2026-07-27 08:32:04.085049,152,20.762,3.872,2.255,10.303,4.684,15.717,217.578,770.534,604.681,41.334,196.716,210.873,203.098,49.184,0.321,0
2026-07-27 08:32:39.018221,152,21.153,4.097,1.79,12.636,4.749,17.142,211.395,758.761,619.721,42.102,198.053,210.455,205.079,48.136,0.295,0
2026-07-27 08:33:18.428209,152,20.321,3.875,2.237,7.407,4.77,17.201,208.522,770.083,635.521,41.381,199.677,214.298,205.932,48.326,0.523,0
2026-07-27 08:34:00.909843,152,20.466,3.734,2.247,12.379,4.787,16.047,213.735,729.545,587.878,43.531,198.157,213.936,204.704,48.019,0.397,0
2026-07-27 08:34:43.083962,152,22.265,4.153,2.316,6.563,5.092,16.334,208.734,813.068,630.355,46.358,196.582,209.66,206.076,48.16,0.373,0
2026-07-27 08:35:13.210426,152,20.556,4.174,2.042,11.046,4.213,16.047,197.666,718.459,639.91,43.009,196.763,208.134,205.74,47.863,0.411,0
2026-07-27 08:35:56.178272,152,20.652,4.157,2.972,13.208,4.808,16.44,213.381,753.282,653.519,47.731,197.548,211.245,206.379,47.445,0.316,0
2026-07-27 08:36:36.369446,152,22.118,3.93,2.316,12.745,4.78,16.554,215.354,741.694,615.058,44.666,196.301,208.117,207.608,48.204,0.423,0
2026-07-27 08:37:09.108614,152,22.653,3.975,2.097,8.903,4.457,16.324,218.647,740.592,604.723,44.19,198.365,212.567,208.137,48.615,0.395,0
2026-07-27 08:37:45.362907,152,20.614,4.112,1.737,9.161,4.968,15.591,205.615,736.827,585.762,45.047,199.624,211.23,205.878,47.286,0.464,0
2026-07-27 08:38:26.230609,152,21.016,4.059,1.971,10.123,4.619,16.21,211.357,727.62,556.23,48.906,197.309,217.743,204.448,48.924,0.451,0
2026-07-27 08:39:05.052060,152,21.371,3.941,2.428,11.872,4.711,16.852,211.487,784.462,591.661,41.16,198.091,214.273,205.074,48.361,0.456,0
2026-07-27 08:39:41.743441,152,22.064,3.757,2.513,7.436,5.262,16.396,210.512,715.064,603.37,49.638,197.485,206.872,206.888,47.738,0.411,0
2026-07-27 08:40:19.894976,152,20.707,4.017,2.443,11.474,5.052,16.336,210.689,778.523,596.715,47.688,197.244,208.496,203.928,47.727,0.496,0
2026-07-27 08:40:59.139671,152,21.077,4.162,2.236,12.123,4.944,16.035,210.223,768.808,617.932,44.939,198.227,204.45,206.737,49.118,0.435,0
2026-07-27 08:41:35.818938,152,21.589,3.82,1.623,10.934,4.895,16.195,211.27,738.954,556.375,48.312,197.204,203.801,204.796,48.563,0.368,0
2026-07-27 08:42:13.529110,152,21.417,4.096,2.146,12.551,4.759,17.204,214.444,765.446,594.541,44.097,197.03,210.33,205.273,48.684,0.351,0
2026-07-27 08:42:53.574081,152,21.012,4.05,1.628,11.947,5.3,15.93,217.322,745.421,659.843,45.8,196.057,206.542,204.031,47.849,0.358,0
2026-07-27 08:43:29.976213,152,21.133,4.113,1.554,10.417,5.001,16.86,205.462,718.071,629.868,43.484,198.078,214.759,203.412,48.333,0.435,0
2026-07-27 08:44:04.882280,152,20.513,4.131,2.072,7.628,4.613,16.524,208.966,718.377,618.486,47.706,199.28,213.358,204.665,48.21,0.32,0
2026-07-27 08:44:41.429208,152,21.081,3.896,2.157,11.767,4.45,16.622,207.464,769.008,611.72,43.02,198.849,209.213,206.564,47.895,0.409,0
2026-07-27 08:45:17.402488,152,21.067,3.757,2.271,9.594,4.942,16.134,206.606,767.504,589.037,44.856,199.79,209.048,204.158,48.066,0.35,0
2026-07-27 08:45:54.023391,152,21.316,3.92,2.149,10.343,4.786,16.324,200.304,757.018,547.378,46.902,197.191,214.308,206.935,48.666,0.325,0
2026-07-27 08:46:28.084785,152,20.922,4.133,2.159,12.458,4.443,16.497,210.145,738.646,613.714,47.935,199.021,214.972,204.313,48.96,0.335,0
2026-07-27 08:47:06.622001,152,21.436,3.919,1.705,14.335,4.907,16.24,212.876,744.477,526.547,42.701,196.677,207.295,203.718,47.849,0.399,0
2026-07-27 08:47:46.600132,152,21.706,3.896,1.969,11.424,4.733,16.666,209.069,740.559,590.233,47.109,198.851,206.923,205.304,47.212,0.446,0
2026-07-27 08:48:22.749393,152,21.278,3.727,1.548,12.608,4.933,16.729,209.946,699.339,599.89,42.25,199.973,209.127,205.815,48.986,0.359,0
2026-07-27 08:48:59.262903,152,21.376,4.263,1.399,8.611,4.91,17.586,212.511,751.776,586.584,38.979,198.598,211.25,205.226,48.994,0.275,0
2026-07-27 08:49:36.835662,152,21.227,4.124,2.222,11.991,4.648,16.639,218.467,765.151,665.141,42.905,199.994,208.51,205.181,48.24,0.589,0
2026-07-27 08:50:12.757886,152,21.2,4.115,1.774,11.38,4.958,15.544,207.481,751.961,654.73,47.337,197.282,211.311,206.924,49.076,0.467,0
2026-07-27 08:50:53.000910,152,20.839,4.145,2.262,13.958,4.676,17.082,202.97,801.305,630.984,44.966,197.839,215.656,205.114,48.197,0.456,0
2026-07-27 08:51:28.974763,152,21.358,4.087,2.333,10.419,4.692,16.398,209.457,720.868,572.24,43.502,196.901,205.923,204.436,47.455,0.498,0
2026-07-27 08:52:05.775712,152,21.151,3.963,1.814,11.017,4.667,17.506,221.301,730.828,657.642,45.155,198.042,208.708,203.64,47.213,0.406,0
2026-07-27 08:52:42.035461,152,22.247,3.975,2.177,13.618,5.083,17.235,203.035,753.858,618.569,45.063,198.324,205.978,206.528,47.207,0.392,0
2026-07-27 08:53:22.332509,152,21.987,3.936,1.802,11.316,4.73,16.247,213.901,757.069,571.741,46.741,198.031,207.574,204.489,48.003,0.481,0
2026-07-27 08:53:59.805649,152,21.393,4.395,1.446,9.282,5.143,16.861,216.947,694.865,600.982,40.487,197.431,209.145,204.606,47.72,0.481,0
2026-07-27 08:54:42.349938,152,20.818,4.083,2.037,16.603,5.246,16.203,195.807,767.478,628.757,44.713,197.411,207.891,206.262,47.653,0.437,0
2026-07-27 08:55:21.156522,152,20.644,3.93,1.859,9.343,4.615,16.501,212.461,757.201,582.034,45.348,198.414,211.508,207.465,47.936,0.453,0
2026-07-27 08:56:01.797745,152,21.796,4.07,1.868,11.371,4.07,16.838,213.62,688.538,604.216,41.177,197.809,210.438,205.302,48.515,0.326,0
2026-07-27 08:56:39.058404,152,21.331,3.848,2.593,12.193,5.061,17.057,208.396,746.615,609.494,41.139,196.618,210.867,204.836,47.672,0.385,0
2026-07-27 08:57:14.909230,152,21.44,4.226,1.542,12.035,4.715,16.948,206.121,726.552,566.974,43.979,195.723,209.111,204.993,47.571,0.502,0
2026-07-27 08:57:52.833623,152,20.328,3.901,2.115,11.121,4.583,16.537,206.456,736.854,591.897,45.024,197.285,209.378,204.453,47.711,0.448,0
2026-07-27 08:58:29.285403,152,21.664,4.075,1.702,11.13,4.653,17.742,208.029,711.195,569.236,45.034,196.341,208.983,204.573,48.553,0.312,0
2026-07-27 08:59:02.728757,152,21.427,4.16,2.272,11.03,4.696,16.317,208.187,762.069,626.06,43.442,196.997,209.279,204.579,47.958,0.368,0
2026-07-27 08:59:43.039582,152,20.645,4.058,2.09,9.268,5.124,15.696,207.055,801.092,572.758,43.327,197.492,211.215,206.093,48.168,0.492,0
2026-07-27 09:00:21.114236,152,20.964,4.014,2.114,15.8,4.84,15.793,207.933,757.686,608.754,43.894,197.825,204.422,204.894,48.932,0.427,0
2026-07-27 09:00:57.517546,152,21.332,4.002,1.717,11.06,5.121,17.237,217.145,687.378,558.295,45.836,197.201,210.835,206.631,49.706,0.411,0
2026-07-27 09:01:36.375446,152,21.226,3.992,1.77,12.694,4.924,16.462,202.713,758.282,565.997,48.485,200.629,207.481,204.86,48.384,0.413,0
2026-07-27 09:02:14.482452,152,21.054,3.913,2.278,10.831,4.723,16.58,199.506,744.355,564.544,38.783,196.487,209.017,204.56,48.325,0.395,0
2026-07-27 09:02:55.696775,152,21.148,3.933,2.531,10.79,4.702,16.229,217.241,718.071,591.313,46.744,199.451,205.472,206.533,47.289,0.369,0
2026-07-27 09:03:34.683597,152,21.074,4.222,2.144,10.589,4.94,16.274,208.848,760.255,605.411,44.689,197.805,208.96,205.026,48.221,0.35,0
2026-07-27 09:04:12.325821,152,21.276,3.984,1.731,8.4,5.005,16.106,207.671,775.513,610.943,46.472,197.211,210.806,204.848,48.037,0.461,0
2026-07-27 09:04:51.906837,152,21.936,3.882,2.102,11.179,5.049,16.736,209.333,730.614,546.833,48.32,198.705,211.326,205.04,48.535,0.414,0
2026-07-27 09:05:29.824839,152,19.917,3.923,2.728,10.686,4.735,16.451,211.256,702.332,594.941,42.886,197.457,206.56,206.76,47.765,0.442,0
2026-07-27 09:06:08.243978,152,21.082,4.165,2.031,13.843,4.844,16.718,206.856,691.662,577.483,47.644,197.032,211.186,205.367,48.12,0.433,0
2026-07-27 09:06:49.039638,152,21.288,4.101,2.439,9.107,4.946,16.67,213.036,730.695,616.025,41.489,200.148,213.305,206.499,48.363,0.485,0
2026-07-27 09:07:24.375294,152,21.348,4.084,1.778,10.346,4.704,16.287,204.226,745.49,591.971,45.357,195.367,208.568,204.718,49.139,0.427,0
2026-07-27 09:08:00.407030,152,21.014,3.961,1.987,9.703,4.516,15.771,208.189,735.036,597.575,44.321,197.706,210.003,206.307,48.938,0.449,0
2026-07-27 09:08:37.450896,152,20.322,4.086,2.186,14.385,4.598,15.727,196.712,730.185,577.652,45.13,198.228,204.001,205.285,48.76,0.41,0
2026-07-27 09:09:14.828391,152,21.364,3.903,2.119,9.761,4.74,18.013,217.033,766.469,651.739,42.231,199.69,207.399,206.059,48.436,0.343,0
2026-07-27 09:09:55.465300,152,22.064,3.961,1.77,12.625,4.966,17.239,208.943,763.422,561.493,46.223,197.522,210.785,206.16,47.741,0.386,0
2026-07-27 09:10:30.239785,152,20.433,4.145,1.757,13.44,5.115,17.17,214.021,755.788,588.008,49.442,201.193,212.771,203.87,48.436,0.435,0
2026-07-27 09:11:08.172526,152,21.632,4.131,2.296,11.208,4.461,16.163,212.859,773.678,603.228,42.279,198.911,208.262,205.086,47.537,0.441,0
2026-07-27 09:11:44.916751,152,21.036,3.853,2.357,8.746,4.651,16.505,213.299,730.967,592.459,45.531,195.159,217.741,206.149,47.876,0.487,0
2026-07-27 09:12:26.793851,152,21.169,3.872,2.454,8.772,4.711,16.092,209.953,718.258,577.082,47.396,196.256,210.91,206.34,49.067,0.372,0
2026-07-27 09:13:06.809024,152,20.674,4.016,2.541,13.22,4.999,15.844,212.329,734.852,545.649,44.169,198.284,206.307,206.504,48.323,0.414,0
2026-07-27 09:13:45.353242,152,21.033,4.259,2.04,8.979,4.668,16.206,204.232,732.852,579.255,48.809,196.627,213.733,205.126,48.136,0.392,0
2026-07-27 09:14:25.562203,152,21.85,3.713,1.907,12.284,4.693,17.163,202.973,690.513,571.218,43.797,198.657,206.366,206.848,48.213,0.497,0
2026-07-27 09:15:00.553880,152,21.491,4.042,2.405,11.729,4.447,16.92,209.393,734.179,650.377,44.674,197.456,210.952,204.211,47.944,0.423,0
2026-07-27 09:15:43.176591,152,22.066,3.794,2.214,12.254,4.921,16.015,205.921,782.041,667.941,42.219,196.565,207.305,203.206,46.707,0.424,0
2026-07-27 09:16:19.257164,152,21.789,3.905,1.705,12.443,4.76,16.343,218.553,773.225,598.476,45.354,196.842,206.063,204.667,47.241,0.398,0
2026-07-27 09:17:00.123010,152,21.42,3.945,1.69,9.633,4.636,16.875,212.251,765.23,557.857,45.008,199.022,212.79,206.435,48.37,0.386,0
2026-07-27 09:17:39.380774,152,22.072,3.937,2.148,9.549,4.735,16.215,205.701,753.817,622.141,46.781,195.572,209.247,203.697,47.448,0.313,0
2026-07-27 09:18:17.983435,152,21.419,3.92,1.947,12.93,5.082,16.54,208.371,792.018,570.568,43.219,199.254,215.004,203.236,47.935,0.324,0
2026-07-27 09:18:58.754147,152,21.614,4.001,1.992,10.241,4.549,16.701,210.798,719.255,583.525,43.09,199.289,207.048,202.935,47.264,0.411,0
2026-07-27 09:19:39.026354,152,21.052,3.92,2.322,6.0,4.59,16.695,209.592,722.02,581.135,46.295,197.602,205.477,205.883,47.569,0.403,0
2026-07-27 09:20:17.271185,152,21.233,3.781,2.228,12.798,5.113,16.627,211.63,782.605,584.985,48.912,196.315,208.609,203.263,47.997,0.411,0
2026-07-27 09:20:54.309940,152,20.851,4.117,2.399,9.427,4.819,16.173,210.412,750.801,589.358,46.761,198.667,218.382,205.659,48.554,0.456,0
2026-07-27 09:21:32.590446,152,21.695,4.113,1.421,12.434,4.967,16.225,201.656,730.536,560.595,50.173,197.416,212.418,204.606,48.675,0.406,0
2026-07-27 09:22:10.356047,152,20.611,4.126,2.076,14.286,4.9,15.933,197.095,766.006,578.94,46.555,196.182,211.606,204.075,47.559,0.379,0
2026-07-27 09:22:49.163147,152,21.591,3.769,2.208,11.534,4.791,15.719,207.758,737.284,630.598,46.454,200.291,211.702,203.802,48.184,0.387,0
2026-07-27 09:23:29.490091,152,21.105,4.045,1.542,13.492,4.713,16.443,213.363,725.712,598.993,46.902,196.939,208.594,205.248,47.145,0.415,0
2026-07-27 09:24:08.558428,152,21.786,4.101,1.804,11.808,5.008,16.908,207.826,724.905,603.759,49.167,196.233,217.915,204.095,48.034,0.377,0
2026-07-27 09:24:46.979930,152,21.575,3.845,1.748,14.675,5.091,15.81,217.419,759.325,533.033,48.465,198.342,211.328,204.994,48.572,0.464,0
2026-07-27 09:25:23.488886,152,22.11,4.001,2.007,9.376,5.071,16.636,209.719,755.969,628.434,41.962,197.919,211.057,205.482,47.96,0.399,0
2026-07-27 09:26:02.229103,152,21.565,3.983,2.488,11.484,4.504,16.892,218.143,793.986,579.434,47.242,199.783,212.856,205.735,48.789,0.415,0
2026-07-27 09:26:36.362376,152,20.414,4.276,2.607,12.846,5.126,15.582,216.911,741.587,633.719,45.743,197.543,206.308,206.121,48.502,0.351,0
2026-07-27 09:27:12.544059,152,21.167,4.289,1.756,11.119,4.711,16.365,216.308,741.093,604.628,44.457,197.556,207.45,205.198,48.145,0.464,0
2026-07-27 09:27:51.926291,152,20.614,3.75,2.158,13.804,4.611,17.323,202.779,791.749,583.138,40.036,198.402,209.288,203.74,47.85,0.486,0
2026-07-27 09:28:31.944518,152,20.941,4.374,2.168,10.636,4.758,16.776,210.103,778.584,549.666,40.688,198.239,212.875,205.559,47.679,0.318,0
2026-07-27 09:29:09.897405,152,21.956,3.863,2.116,15.639,5.008,15.565,217.337,754.202,665.245,43.979,198.276,206.236,205.787,47.125,0.424,0
2026-07-27 09:29:48.355664,152,21.519,4.147,2.12,15.744,4.935,16.829,211.634,704.731,624.097,40.899,198.326,209.805,204.782,47.223,0.394,0
2026-07-27 09:30:27.199859,152,20.851,4.146,2.091,12.064,4.736,16.126,213.326,726.456,625.892,44.037,198.198,209.394,204.655,48.597,0.417,0
2026-07-27 09:31:06.753533,152,20.693,3.851,2.506,12.605,5.009,16.846,201.673,719.431,654.565,47.0,197.5,205.434,207.97,48.908,0.427,0
2026-07-27 09:31:44.294320,152,21.216,4.074,2.331,13.883,4.835,16.155,221.513,751.057,606.723,43.373,198.999,208.524,203.448,47.351,0.266,0
2026-07-27 09:32:20.053171,152,20.592,3.984,1.682,9.126,4.657,16.473,205.252,735.258,640.572,45.234,197.568,211.573,205.592,48.041,0.446,0
2026-07-27 09:32:58.935928,152,20.864,4.083,2.239,8.876,4.623,16.231,198.033,796.484,585.643,42.004,198.965,205.699,206.255,47.055,0.467,0
2026-07-27 09:33:41.400864,152,21.356,4.035,2.268,14.013,4.903,16.502,207.893,704.428,622.127,45.837,199.665,214.093,204.59,47.414,0.473,0
2026-07-27 09:34:17.297672,152,21.778,4.179,2.094,12.048,4.779,16.216,195.315,716.321,581.097,46.423,197.187,211.357,204.798,48.156,0.343,0
2026-07-27 09:34:55.008309,152,21.504,4.011,2.339,11.047,4.456,16.388,203.489,757.094,584.884,41.016,200.885,211.003,204.518,47.689,0.398,0
2026-07-27 09:35:32.127667,152,20.054,3.975,2.056,11.522,5.012,15.912,225.351,765.122,602.91,42.895,197.145,210.024,205.0,46.85,0.368,0
2026-07-27 09:36:15.629760,152,21.352,4.164,2.06,6.728,4.68,16.745,207.72,674.973,561.978,41.452,197.154,206.832,206.079,49.031,0.285,0
2026-07-27 09:36:51.439306,152,21.236,4.087,2.036,11.119,5.198,16.588,201.433,699.673,609.883,46.426,198.648,208.116,204.762,47.971,0.363,0
2026-07-27 09:37:29.073461,152,21.407,4.11,1.395,9.994,4.449,15.692,210.152,742.355,590.641,45.459,198.53,211.049,208.733,47.337,0.335,0
2026-07-27 09:38:06.241977,152,22.008,3.9,1.976,13.336,4.755,16.996,204.613,789.325,540.373,44.861,198.086,208.11,204.457,48.077,0.42,0
2026-07-27 09:38:41.382066,152,20.168,3.843,1.8,13.49,4.625,16.412,215.187,804.745,586.27,44.641,198.982,210.547,206.653,47.951,0.302,0
2026-07-27 09:39:16.398324,152,20.904,3.915,1.644,12.653,4.556,16.581,204.663,737.98,589.648,45.904,198.303,207.393,205.653,48.253,0.341,0
2026-07-27 09:39:55.694238,152,21.495,3.907,2.43,12.291,4.678,16.882,211.624,745.051,625.585,45.96,200.479,211.309,205.13,47.796,0.369,0
2026-07-27 09:40:35.309967,152,20.409,4.118,2.151,8.505,5.243,16.664,203.118,725.731,608.556,43.612,197.936,211.526,206.765,48.189,0.446,0
2026-07-27 09:41:12.034306,152,21.938,4.146,1.991,12.681,4.836,17.083,225.594,768.363,643.424,43.22,196.975,205.28,203.08,48.566,0.567,0
2026-07-27 09:41:53.246818,152,21.384,3.977,1.831,12.759,4.602,16.353,213.022,794.327,615.603,44.835,197.338,210.195,205.51,47.209,0.418,0
2026-07-27 09:42:26.114964,152,21.623,4.215,2.089,13.99,4.343,17.017,209.127,786.425,583.381,44.469,198.566,205.587,204.14,47.584,0.338,0
2026-07-27 09:43:01.245647,152,20.915,4.205,2.297,15.736,4.37,16.561,208.242,749.159,598.249,50.77,198.583,204.603,204.477,48.504,0.359,0
2026-07-27 09:43:37.365284,152,21.607,4.037,1.752,8.115,4.666,16.754,206.678,725.683,589.559,43.925,198.248,208.278,204.42,47.669,0.439,0
2026-07-27 09:44:15.344871,152,21.734,3.877,1.999,10.723,4.642,16.702,205.435,750.238,614.639,45.811,196.981,218.111,203.843,47.951,0.319,0
2026-07-27 09:44:52.316803,152,21.316,4.236,2.26,10.015,4.744,17.12,205.27,790.043,601.795,46.305,199.33,212.249,203.017,47.718,0.466,0
2026-07-27 09:45:29.858415,152,21.317,3.991,1.419,11.845,4.232,16.861,220.07,738.385,581.143,48.921,200.324,214.037,205.467,47.755,0.416,0
2026-07-27 09:46:08.964343,152,21.335,4.019,1.983,11.527,4.777,16.279,206.684,697.353,600.258,42.729,198.035,211.764,204.921,47.704,0.392,0
2026-07-27 09:46:50.286461,152,20.768,3.949,1.871,11.032,5.057,16.179,197.223,739.56,613.835,48.751,200.173,210.596,204.639,47.245,0.299,0
2026-07-27 09:47:30.116003,152,21.126,3.867,1.96,13.555,5.206,16.475,203.004,741.908,569.807,44.587,199.04,212.597,205.911,48.276,0.455,0
2026-07-27 09:48:08.244033,152,21.124,3.78,1.85,9.297,4.326,16.12,215.566,697.182,609.51,52.004,200.662,208.145,205.542,48.637,0.354,0
2026-07-27 09:48:46.061310,152,21.392,4.095,2.041,9.418,4.6,15.974,208.486,756.729,552.64,46.015,198.567,211.364,204.68,47.894,0.409,0
2026-07-27 09:49:26.572528,152,21.7,3.882,2.577,9.452,4.586,15.436,209.196,764.674,633.167,41.559,198.164,213.414,208.661,48.57,0.391,0
2026-07-27 09:50:08.868584,152,20.671,4.459,1.903,10.779,4.836,15.725,217.019,803.937,615.815,44.448,199.011,212.028,206.222,47.705,0.305,0
2026-07-27 09:50:48.323892,152,21.137,3.837,2.088,9.043,4.495,17.493,205.337,711.361,648.878,48.742,197.48,213.604,207.934,47.67,0.386,0
2026-07-27 09:51:25.206453,152,21.941,3.811,2.598,11.403,5.221,16.172,213.795,771.185,566.502,45.228,198.489,210.53,204.502,48.246,0.327,0
2026-07-27 09:52:03.797493,152,20.828,4.077,1.835,11.169,4.811,17.452,205.993,778.038,634.004,44.833,199.597,214.907,205.3,48.256,0.361,0
2026-07-27 09:52:43.120605,152,20.789,4.229,2.544,9.927,4.769,16.702,213.455,765.069,628.073,47.013,198.983,209.396,203.514,47.932,0.426,0
2026-07-27 09:53:19.854873,152,21.301,4.01,2.002,13.248,5.198,16.475,207.653,720.803,594.533,44.034,197.963,216.141,204.603,48.406,0.442,0
2026-07-27 09:53:59.828793,152,21.622,4.086,2.535,11.381,4.796,15.75,208.551,719.117,588.701,44.41,198.24,211.663,204.299,47.228,0.399,0
2026-07-27 09:54:38.430808,152,21.206,3.723,2.225,13.625,4.9,16.502,214.921,752.819,567.446,42.355,198.909,208.887,208.595,47.818,0.347,0
2026-07-27 09:55:19.086228,152,21.864,3.898,2.092,11.11,4.612,17.446,214.488,752.615,559.626,49.841,198.869,206.581,204.169,48.579,0.361,0
2026-07-27 09:55:54.859257,152,21.628,3.839,1.98,11.452,4.457,17.279,209.007,733.776,577.463,41.577,198.9,207.657,204.719,48.577,0.36,0
2026-07-27 09:56:28.888688,152,21.621,3.716,1.813,10.374,4.647,16.637,207.17,787.457,562.327,45.475,198.407,207.218,203.256,48.502,0.272,0
2026-07-27 09:57:05.993209,152,21.477,4.018,2.023,11.486,5.347,15.926,219.595,738.378,647.872,46.344,197.011,209.743,205.64,48.612,0.404,0
2026-07-27 09:57:44.047329,152,22.364,3.664,2.269,12.924,4.958,16.021,213.536,695.083,554.938,44.962,197.202,206.306,203.92,47.776,0.3,0
2026-07-27 09:58:17.941271,152,21.097,3.802,1.996,10.677,4.869,16.074,207.653,743.502,604.467,41.489,198.553,213.749,206.102,46.977,0.405,0
2026-07-27 09:58:54.553986,152,20.198,3.919,1.905,12.537,4.556,17.139,206.081,763.928,613.071,42.203,198.998,210.321,202.854,47.845,0.312,0
2026-07-27 09:59:35.480492,152,22.002,3.875,1.925,9.875,5.028,17.316,216.149,759.917,610.725,46.463,198.842,210.203,204.854,48.382,0.328,0
2026-07-27 10:00:14.696379,152,20.971,4.059,2.298,13.018,4.461,16.598,210.692,759.692,613.359,42.816,197.19,206.62,202.785,48.48,0.44,0
2026-07-27 10:00:53.011538,152,21.254,4.046,2.368,10.34,4.408,16.348,209.019,793.326,628.392,39.198,197.819,207.77,204.411,47.684,0.401,0
2026-07-27 10:01:28.604349,152,21.855,4.134,1.8,13.203,4.66,17.274,210.69,717.671,586.622,46.084,196.591,203.561,204.655,47.419,0.287,0
2026-07-27 10:02:09.454992,152,20.399,4.113,1.799,11.622,5.289,16.011,212.027,737.712,602.627,42.557,196.33,214.692,204.281,47.479,0.366,0
2026-07-27 10:02:46.503444,152,20.574,4.171,2.114,14.542,5.274,16.526,209.66,794.807,591.193,46.767,198.098,205.889,204.4,47.674,0.416,0
2026-07-27 10:03:24.720031,152,20.399,4.0,2.458,9.192,4.687,16.731,217.222,692.947,639.076,44.435,199.63,206.108,206.165,46.862,0.363,0
2026-07-27 10:04:03.648907,152,20.803,4.046,2.344,8.548,4.631,16.069,217.556,748.443,662.996,44.301,198.12,214.098,207.609,47.684,0.379,0
2026-07-27 10:04:42.039360,152,21.42,4.077,1.624,10.268,4.39,16.182,213.191,785.639,564.182,45.146,200.29,211.124,205.407,48.029,0.415,0
2026-07-27 10:05:23.440614,152,21.462,4.021,1.921,8.731,4.82,16.143,218.248,785.206,539.067,41.812,197.803,210.35,203.968,47.941,0.403,0
2026-07-27 10:06:02.751874,152,21.338,3.94,1.721,8.735,4.841,17.208,210.051,769.143,617.074,42.689,198.037,210.987,205.077,47.802,0.34,0
2026-07-27 10:06:41.523294,152,20.494,3.95,1.92,12.743,4.997,17.457,214.142,769.878,632.111,44.272,196.811,212.766,204.575,47.586,0.401,0
2026-07-27 10:07:19.326235,152,20.045,3.877,2.481,11.492,5.028,16.557,216.027,719.81,658.709,41.796,197.583,210.29,206.067,47.656,0.383,0
2026-07-27 10:07:58.310981,152,21.227,4.063,1.573,10.541,4.751,16.366,216.114,789.822,622.137,46.999,196.572,205.524,205.345,47.667,0.503,0
2026-07-27 10:08:35.832189,152,20.964,3.986,1.514,10.726,4.939,16.2,215.496,715.198,641.873,44.139,196.146,212.126,203.107,48.423,0.394,0
2026-07-27 10:09:14.263974,152,21.43,3.901,1.751,10.306,4.625,16.501,213.787,716.928,649.802,40.942,196.592,211.225,206.318,47.999,0.408,0
2026-07-27 10:09:51.484865,152,21.551,3.901,2.086,14.801,4.934,16.225,221.743,761.248,643.943,43.435,198.102,213.398,206.16,49.9,0.416,0
2026-07-27 10:10:28.346157,152,21.269,3.818,2.186,10.029,4.673,16.451,206.762,735.703,626.435,45.283,197.116,206.378,206.794,47.801,0.381,0
2026-07-27 10:11:04.257542,152,21.58,4.147,2.131,8.856,4.915,16.707,209.069,755.994,561.534,43.751,197.4,207.885,204.38,48.263,0.357,0
2026-07-27 10:11:41.639225,152,21.315,4.012,2.353,13.092,4.895,16.297,208.713,762.492,599.749,46.119,198.492,211.137,205.361,47.814,0.428,0
2026-07-27 10:12:18.871333,152,21.465,3.871,1.471,11.068,4.817,16.405,207.792,801.565,609.001,46.607,196.141,207.261,203.578,47.799,0.428,0
2026-07-27 10:13:01.042311,152,20.848,4.121,2.357,15.578,4.999,16.407,198.067,762.578,597.006,51.725,198.097,203.177,204.939,48.937,0.525,0
2026-07-27 10:13:41.304311,152,21.11,3.916,1.906,10.448,4.407,16.341,218.249,732.063,598.857,48.222,199.018,210.572,205.476,48.599,0.445,0
2026-07-27 10:14:18.998732,152,21.298,3.789,2.219,13.192,4.534,16.279,203.844,769.618,647.017,40.418,199.121,212.596,204.237,46.947,0.446,0
2026-07-27 10:14:56.033582,152,21.61,4.153,1.603,13.664,4.732,16.881,211.019,725.879,577.295,43.991,198.62,209.626,205.411,47.386,0.443,0
2026-07-27 10:15:35.435908,152,21.003,3.919,2.001,10.457,4.439,15.615,201.469,776.482,623.972,44.253,197.937,211.59,205.202,47.918,0.359,0
2026-07-27 10:16:17.864305,152,21.461,3.939,2.071,10.014,4.698,17.287,213.724,751.874,609.493,46.61,197.252,211.17,204.46,47.69,0.325,0
2026-07-27 10:16:57.680462,152,21.067,4.006,2.347,12.983,4.706,16.568,205.288,761.616,574.274,42.386,197.901,210.03,206.677,47.095,0.34,0
2026-07-27 10:17:31.758740,152,21.141,4.171,1.524,12.65,5.127,16.805,203.184,698.361,567.702,43.512,199.984,210.394,204.719,48.069,0.441,0
2026-07-27 10:18:11.726755,152,21.615,4.003,2.009,8.679,4.836,16.863,211.166,684.728,548.961,41.516,198.328,213.913,205.159,46.873,0.485,0
2026-07-27 10:18:52.098684,152,20.203,3.82,1.674,9.243,5.057,16.146,205.796,706.459,614.567,43.314,197.872,207.204,203.24,48.076,0.444,0
2026-07-27 10:19:35.112949,152,20.552,4.082,2.152,6.427,4.875,16.043,206.555,800.627,598.103,43.418,198.676,212.242,205.623,48.438,0.39,0
2026-07-27 10:20:12.546719,152,20.459,3.927,2.233,12.691,4.666,15.984,211.031,716.704,575.227,44.124,198.06,206.575,204.428,48.524,0.501,0
2026-07-27 10:20:50.862656,152,20.033,4.283,2.386,10.976,4.833,16.376,214.8,771.237,543.717,41.678,198.271,207.695,206.149,47.913,0.373,0
2026-07-27 10:21:29.889203,152,20.861,4.0,1.839,11.176,4.982,16.85,205.09,731.385,612.981,47.75,197.704,213.468,203.427,48.906,0.331,0
2026-07-27 10:22:06.147334,152,21.575,3.665,2.278,8.117,5.098,16.208,204.053,743.039,594.788,46.322,197.502,206.491,205.517,48.199,0.415,0
2026-07-27 10:22:42.198903,152,21.058,4.054,2.408,9.304,4.767,16.804,210.141,748.703,578.589,40.943,199.195,209.299,202.382,48.507,0.478,0
2026-07-27 10:23:21.109439,152,21.299,4.292,1.507,10.544,4.388,15.316,213.236,797.67,571.079,45.073,195.66,216.848,205.739,47.558,0.349,0
2026-07-27 10:23:55.591333,152,21.745,4.236,2.184,10.155,4.371,16.307,218.777,766.951,592.843,40.617,198.574,212.974,204.79,48.913,0.298,0
2026-07-27 10:24:30.588519,152,21.864,4.275,2.288,11.736,4.718,17.084,203.572,761.166,614.1,48.758,197.428,207.862,205.479,47.998,0.402,0
2026-07-27 10:25:10.448263,152,21.165,3.847,1.922,12.667,4.216,16.415,208.092,787.604,590.101,49.52,195.714,208.359,204.28,48.946,0.446,0
2026-07-27 10:25:49.583337,152,21.877,4.137,1.637,16.039,5.249,16.085,217.055,731.637,564.344,44.844,196.83,209.507,203.861,48.815,0.222,0
2026-07-27 10:26:30.432747,152,21.246,3.892,2.283,11.46,4.949,16.172,221.839,780.982,598.256,42.613,197.957,213.805,204.479,48.155,0.459,0
2026-07-27 10:27:09.488919,152,20.781,4.034,1.64,13.731,4.641,14.986,204.041,776.138,631.366,43.14,198.122,207.095,205.23,48.243,0.318,0
2026-07-27 10:27:47.512682,152,20.903,3.809,1.946,9.84,4.523,15.994,205.567,775.807,601.208,43.73,198.888,206.92,205.692,47.892,0.443,0
2026-07-27 10:28:28.451760,152,20.46,3.903,1.988,8.15,5.057,17.029,212.287,745.505,602.053,44.701,198.97,212.069,205.365,47.508,0.28,0
2026-07-27 10:29:05.487615,152,20.756,3.899,2.215,10.795,4.522,16.209,206.534,737.318,590.23,48.837,196.144,205.125,203.876,48.357,0.312,0
2026-07-27 10:29:42.727604,152,21.021,4.135,1.812,8.305,4.545,16.268,205.445,724.775,573.31,47.676,198.453,207.358,207.205,48.326,0.437,0
2026-07-27 10:30:20.580503,152,21.602,4.12,1.795,11.529,4.609,15.334,211.467,726.592,572.313,47.719,198.874,209.753,205.399,47.029,0.473,0
2026-07-27 10:30:59.607564,152,22.06,4.042,2.03,9.939,4.829,15.685,219.297,723.407,550.144,45.478,198.263,209.902,204.253,47.95,0.399,0
2026-07-27 10:31:37.455665,152,20.509,3.797,2.302,7.591,4.955,17.095,202.143,760.639,635.437,41.77,198.603,206.043,205.509,48.521,0.544,0
2026-07-27 10:32:12.069756,152,21.396,3.953,2.686,14.972,5.098,16.809,218.99,743.378,613.874,42.844,195.681,211.026,205.307,48.879,0.339,0
2026-07-27 10:32:49.461926,152,20.68,3.888,1.548,10.425,5.061,15.851,206.551,762.511,602.475,45.17,196.812,211.606,204.79,48.435,0.338,0
2026-07-27 10:33:27.389976,152,21.437,4.13,2.095,8.225,4.8,16.185,212.075,764.149,608.867,41.637,199.639,208.079,204.649,47.09,0.382,0
2026-07-27 10:34:05.651767,152,21.134,4.177,1.674,13.296,5.055,16.485,219.545,719.267,610.186,45.851,197.664,214.816,206.182,47.367,0.379,0
2026-07-27 10:34:42.627134,152,20.285,4.158,2.306,10.043,4.632,15.902,211.952,718.397,577.964,47.254,200.668,210.985,207.073,47.792,0.417,0
2026-07-27 10:35:21.779938,152,21.664,3.887,1.718,13.68,4.345,15.498,208.215,743.369,590.242,46.527,196.466,207.086,202.557,48.839,0.355,0
2026-07-27 10:35:56.107940,152,20.897,3.589,1.798,10.033,4.632,16.42,214.309,727.521,585.774,46.415,199.877,214.7,206.477,47.636,0.434,0
2026-07-27 10:36:35.055871,152,20.933,3.735,1.823,10.418,4.598,16.786,208.961,724.468,675.343,39.774,197.267,208.482,205.024,48.635,0.433,0
2026-07-27 10:37:17.143592,152,20.665,4.213,1.977,12.19,4.642,16.796,213.128,799.175,630.606,48.733,199.035,210.519,205.284,47.626,0.497,0
2026-07-27 10:37:53.760070,152,20.873,3.94,2.097,12.686,4.56,16.938,208.772,705.533,605.036,40.611,197.646,208.588,206.622,48.32,0.371,0
2026-07-27 10:38:31.891421,152,21.414,3.887,2.145,13.037,4.685,15.723,215.167,808.669,640.98,44.572,198.139,211.81,201.814,47.436,0.42,0
2026-07-27 10:39:09.328204,152,21.105,4.246,1.998,11.321,4.955,16.529,201.635,758.377,637.191,46.732,198.715,208.604,205.978,47.884,0.436,0
2026-07-27 10:39:46.803415,152,21.364,4.19,1.601,12.557,5.229,16.366,203.919,778.601,558.584,46.004,197.264,208.78,206.539,47.321,0.4,0
2026-07-27 10:40:22.458506,152,21.381,4.004,2.218,12.991,4.369,16.456,201.546,775.182,593.314,41.422,198.961,209.536,204.174,48.866,0.387,0
2026-07-27 10:41:04.999260,152,21.86,3.956,1.984,11.901,4.478,16.394,209.661,767.892,599.51,41.925,197.681,208.544,203.327,47.583,0.276,0
2026-07-27 10:41:43.878850,152,21.029,3.98,2.349,11.215,4.602,16.17,200.823,798.193,618.346,45.804,198.214,213.108,206.968,47.072,0.405,0
2026-07-27 10:42:20.349434,152,20.462,4.034,1.788,8.609,4.991,14.991,205.849,718.61,593.28,46.43,194.826,206.352,202.892,47.024,0.436,0
2026-07-27 10:42:56.560440,152,21.734,4.24,1.519,12.698,4.749,17.081,203.355,745.465,597.044,41.9,197.595,209.892,205.502,47.949,0.397,0
2026-07-27 10:43:34.700663,152,21.034,4.063,1.99,11.584,4.619,16.665,218.878,725.267,586.16,46.099,199.516,210.259,206.228,47.725,0.353,0
2026-07-27 10:44:07.758368,152,21.757,4.109,2.389,10.673,4.979,15.758,204.056,700.814,631.468,40.757,198.834,209.639,205.476,48.389,0.299,0
2026-07-27 10:44:48.158802,152,21.392,4.175,2.048,14.056,5.039,16.737,202.281,730.824,556.7,46.748,199.064,212.808,205.678,47.859,0.427,0
2026-07-27 10:45:24.987223,152,21.134,3.825,1.94,8.644,4.795,16.276,211.49,804.304,587.179,42.525,198.064,205.639,204.682,48.7,0.402,0
2026-07-27 10:46:03.873672,152,21.374,4.113,1.739,14.788,4.596,16.291,220.121,744.969,544.69,45.225,200.012,211.647,205.555,47.769,0.483,0
2026-07-27 10:46:42.866835,152,22.176,3.956,2.527,11.455,4.868,16.116,209.304,807.522,569.111,44.755,198.346,206.39,204.15,48.616,0.313,0
2026-07-27 10:47:23.067717,152,22.238,3.623,1.691,12.135,4.742,16.768,209.768,810.489,609.515,48.25,197.208,208.525,204.305,47.428,0.372,0
2026-07-27 10:48:02.190903,152,21.235,3.681,1.782,10.71,4.74,16.1,217.745,836.859,610.085,45.678,199.026,206.092,205.043,47.098,0.321,0
2026-07-27 10:48:41.885343,152,21.28,3.847,2.171,8.166,4.672,15.952,215.269,805.259,590.604,43.323,199.107,209.037,203.152,47.506,0.462,0
2026-07-27 10:49:22.208812,152,21.738,4.08,1.443,11.221,5.031,17.066,212.552,818.386,633.72,46.007,198.756,208.323,205.692,47.323,0.474,0
2026-07-27 10:49:59.455850,152,20.777,4.017,2.382,12.169,4.862,16.411,206.506,759.43,640.621,50.999,197.516,214.751,202.023,47.256,0.515,0
2026-07-27 10:50:42.361013,152,21.367,4.028,2.187,12.852,5.059,16.426,212.736,756.622,597.923,47.072,198.338,210.7,205.435,48.248,0.431,0
2026-07-27 10:51:21.165565,152,21.187,4.293,2.27,11.104,5.134,16.846,201.835,758.55,607.513,44.834,199.672,211.275,205.548,47.841,0.447,0
2026-07-27 10:51:59.101766,152,21.357,3.81,2.167,7.115,4.915,16.166,206.258,750.002,586.424,42.666,198.573,206.788,204.047,48.085,0.426,0
2026-07-27 10:52:35.184047,152,20.783,3.996,1.952,8.417,4.673,16.266,218.589,754.34,618.807,43.274,196.227,212.146,203.519,48.317,0.434,0
2026-07-27 10:53:12.711976,152,20.405,4.046,1.681,15.604,5.06,16.653,217.812,771.813,564.178,46.904,197.245,214.751,204.51,46.989,0.403,0
2026-07-27 10:53:51.628208,152,20.164,3.89,1.958,9.315,4.916,15.729,212.625,736.491,653.875,42.52,197.19,212.523,205.768,48.342,0.437,0
2026-07-27 10:54:29.845439,152,20.641,4.004,1.707,14.354,5.451,16.611,198.424,710.049,634.2,45.008,197.095,206.195,205.415,47.277,0.528,0
2026-07-27 10:55:12.012020,152,20.971,3.76,2.146,9.632,4.878,16.122,202.751,760.545,564.032,49.025,195.466,208.654,203.666,47.654,0.413,0
2026-07-27 10:55:49.122854,152,21.053,4.211,2.242,11.135,4.974,16.928,205.923,729.909,576.329,45.421,200.269,210.315,205.127,46.865,0.401,0
2026-07-27 10:56:28.671680,152,22.169,3.898,2.443,12.75,4.873,16.773,208.97,732.911,612.637,41.978,196.948,208.326,205.314,48.393,0.412,0
2026-07-27 10:57:04.105430,152,21.753,4.305,2.112,9.86,4.775,16.707,202.498,745.86,589.852,51.098,197.035,217.346,205.263,46.987,0.391,0
2026-07-27 10:57:47.083145,152,20.719,3.995,2.277,14.684,4.735,15.697,208.522,739.208,616.338,49.935,195.67,208.601,203.816,47.28,0.415,0
2026-07-27 10:58:22.361652,152,21.374,4.154,1.911,11.651,4.874,16.448,220.604,782.191,589.218,46.403,199.04,209.874,205.187,47.323,0.389,0
2026-07-27 10:59:05.091020,152,20.996,3.992,1.857,12.422,4.93,15.911,212.405,745.164,645.744,48.572,197.891,208.259,206.101,47.923,0.469,0
2026-07-27 10:59:42.781306,152,21.058,3.995,2.142,10.965,5.089,16.482,211.313,783.653,600.249,44.252,197.579,210.672,205.644,47.904,0.463,0
2026-07-27 11:00:15.686528,152,21.293,3.912,1.884,12.817,4.877,15.342,203.895,755.974,672.617,47.028,197.642,214.009,205.494,48.487,0.53,0
2026-07-27 11:00:56.769174,152,21.51,4.018,2.081,14.658,4.684,15.73,200.166,747.433,618.08,43.814,198.705,210.333,206.971,47.937,0.399,0
2026-07-27 11:01:34.956875,152,21.03,4.048,1.682,11.237,4.718,17.095,202.631,754.588,559.518,41.205,197.424,209.365,205.201,48.579,0.417,0
2026-07-27 11:02:11.923030,152,21.732,3.882,1.736,14.959,4.469,16.685,199.924,712.543,662.595,52.257,195.613,206.886,203.99,48.228,0.415,0
2026-07-27 11:02:51.386064,152,20.629,3.981,2.191,10.277,5.215,16.323,210.45,759.804,632.96,41.062,196.45,213.506,203.994,47.433,0.412,0
2026-07-27 11:03:30.900915,152,21.203,3.908,2.266,13.028,4.665,16.046,212.303,774.626,611.404,45.833,196.388,209.583,205.211,47.6,0.468,0
2026-07-27 11:04:09.846165,152,22.499,4.345,1.704,12.478,5.042,15.958,204.208,778.735,619.399,45.8,198.33,209.459,203.275,48.906,0.303,0
2026-07-27 11:04:50.434053,152,21.312,3.987,2.201,9.363,4.869,16.6,210.888,710.787,564.329,46.445,199.116,203.217,204.627,48.736,0.428,0
2026-07-27 11:05:29.009866,152,21.917,4.232,1.84,11.928,4.876,16.328,218.814,705.95,545.869,44.749,199.759,209.631,205.557,48.494,0.52,0
2026-07-27 11:06:08.491237,152,21.246,3.971,2.005,11.515,4.771,17.273,221.746,734.432,598.748,44.778,196.038,208.837,206.405,48.573,0.482,0
2026-07-27 11:06:45.301614,152,21.49,4.039,2.425,9.794,4.603,16.408,214.622,790.155,641.363,45.388,198.744,204.705,203.147,48.279,0.475,0
2026-07-27 11:07:25.047100,152,21.172,3.802,2.242,12.216,4.558,16.529,208.951,756.408,611.871,46.344,197.262,212.87,205.119,48.201,0.451,0
2026-07-27 11:08:01.867423,152,21.115,3.933,2.239,11.793,5.232,15.806,214.429,727.534,651.275,44.995,201.508,208.448,204.918,48.03,0.364,0
2026-07-27 11:08:37.303470,152,20.81,4.032,2.573,11.355,4.828,16.32,218.111,707.865,639.637,44.809,199.66,215.497,205.045,49.019,0.355,0
2026-07-27 11:09:14.833192,152,21.415,4.238,1.789,11.363,5.081,16.588,197.957,730.164,600.618,41.301,200.042,214.102,205.17,47.721,0.355,0
2026-07-27 11:09:52.204412,152,20.774,4.033,1.704,11.32,5.146,16.314,218.892,728.205,635.513,50.638,198.963,207.912,204.962,48.144,0.332,0
2026-07-27 11:10:32.319683,152,21.533,4.208,1.783,10.765,4.697,16.257,206.732,777.133,645.678,46.5,198.458,213.971,206.671,46.975,0.457,0
2026-07-27 11:11:07.006386,152,21.743,4.096,1.924,11.78,4.906,16.663,206.79,779.364,597.595,45.585,197.517,214.671,206.493,47.142,0.488,0
2026-07-27 11:11:47.499870,152,21.383,4.244,1.294,10.212,4.811,17.257,207.87,719.553,593.587,43.251,197.281,208.379,207.572,49.089,0.426,0
2026-07-27 11:12:24.079488,152,21.057,3.991,1.938,16.814,4.511,16.572,211.921,771.842,604.214,42.19,197.04,207.005,204.987,48.37,0.448,0
2026-07-27 11:12:56.459527,152,21.427,4.359,1.837,8.681,4.754,17.072,203.332,768.872,527.643,47.408,198.741,203.749,204.507,47.872,0.418,0
2026-07-27 11:13:31.706679,152,21.046,3.927,2.235,10.331,4.947,16.811,208.291,715.789,608.413,44.552,199.872,211.103,203.839,48.047,0.434,0
2026-07-27 11:14:09.005499,152,21.668,3.885,2.106,10.489,4.675,17.042,213.152,747.569,621.613,46.739,197.572,207.177,204.377,47.185,0.273,0
2026-07-27 11:14:48.018334,152,20.284,3.818,1.82,15.581,4.719,16.195,211.311,759.884,604.335,41.214,197.133,211.19,205.857,47.743,0.419,0
2026-07-27 11:15:25.714411,152,21.032,4.35,2.177,8.86,4.757,16.397,212.285,754.734,610.34,49.331,196.22,208.353,206.042,47.125,0.374,0
2026-07-27 11:16:00.956663,152,20.205,4.123,2.217,12.352,5.328,16.399,208.056,700.394,598.696,47.524,198.294,207.739,205.811,47.823,0.398,0
2026-07-27 11:16:37.181604,152,20.452,3.95,1.769,11.997,4.341,16.773,214.162,753.804,540.089,44.773,199.475,208.372,204.203,48.408,0.414,0
2026-07-27 11:17:12.461883,152,21.882,4.187,1.852,12.167,4.925,16.896,216.338,768.452,649.878,46.309,199.535,206.231,204.209,48.272,0.357,0
2026-07-27 11:17:51.051847,152,21.648,4.103,1.332,13.973,4.737,16.563,215.979,795.808,588.965,47.075,199.654,208.37,207.348,48.953,0.335,0
2026-07-27 11:18:28.845294,152,20.84,4.295,1.673,13.932,4.64,16.938,212.566,730.605,581.467,41.256,198.498,207.864,204.002,48.177,0.355,0
2026-07-27 11:19:08.244694,152,20.449,3.768,1.777,10.598,4.731,16.218,215.633,734.182,640.739,49.698,198.108,209.959,206.7,46.513,0.313,0
2026-07-27 11:19:42.208642,152,19.718,3.96,2.022,11.888,4.967,16.943,215.226,743.943,629.361,46.353,199.539,210.302,205.485,49.17,0.331,0
2026-07-27 11:20:18.991161,152,20.928,3.931,1.716,7.772,4.981,17.008,226.059,758.445,608.192,43.029,196.668,206.894,204.121,47.496,0.339,0
2026-07-27 11:21:01.616820,152,22.41,3.704,1.846,11.698,4.847,16.839,217.308,752.814,623.081,41.93,197.471,213.192,203.579,48.097,0.314,0
2026-07-27 11:21:41.078379,152,21.417,4.159,1.632,9.912,5.073,16.567,209.468,767.525,565.35,47.764,200.053,209.537,204.173,48.061,0.432,0
2026-07-27 11:22:18.403254,152,20.92,3.959,2.051,11.127,5.117,16.857,204.53,717.37,597.573,45.591,196.71,214.357,205.501,48.145,0.346,0
2026-07-27 11:22:54.152087,152,21.433,4.111,2.128,8.129,5.004,16.053,208.433,761.509,638.844,46.351,197.959,210.699,203.908,48.029,0.288,0
2026-07-27 11:23:34.677751,152,20.42,4.354,2.121,12.31,4.663,16.599,208.009,728.476,579.686,45.075,198.758,210.2,206.865,48.039,0.376,0
2026-07-27 11:24:16.172241,152,21.051,3.947,2.004,8.107,4.924,16.65,213.069,745.843,570.05,42.192,198.099,208.576,204.751,47.207,0.333,0
2026-07-27 11:24:51.553279,152,21.25,3.937,1.538,11.797,4.925,15.835,205.798,799.532,602.358,46.424,199.379,211.783,205.841,49.552,0.488,0
2026-07-27 11:25:27.150002,152,21.157,4.018,1.814,9.047,4.596,16.737,217.153,709.451,603.062,44.447,199.831,210.097,205.744,48.391,0.408,0
2026-07-27 11:26:05.785668,152,21.595,4.148,1.878,9.801,4.408,15.876,201.663,741.895,619.427,44.939,198.576,212.49,206.946,48.031,0.312,0
2026-07-27 11:26:44.634475,152,21.372,3.915,1.879,13.809,4.294,16.286,200.205,713.035,558.655,51.656,199.668,214.654,204.474,49.105,0.434,0
2026-07-27 11:27:23.735210,152,21.534,3.905,2.022,12.676,4.817,16.52,209.189,754.439,523.519,47.433,196.886,207.892,205.127,47.357,0.405,0
2026-07-27 11:28:05.938093,152,20.856,4.159,2.428,13.798,4.875,16.135,204.945,780.399,627.637,47.595,197.811,211.779,203.318,48.521,0.386,0
2026-07-27 11:28:41.723100,152,21.649,4.057,2.244,14.619,4.505,16.541,202.451,754.92,567.511,52.617,200.886,211.697,205.124,47.667,0.494,0
2026-07-27 11:29:19.813977,152,22.014,3.693,1.704,9.954,5.062,16.533,206.178,746.615,581.7,46.077,200.332,211.329,206.368,48.241,0.341,0
2026-07-27 11:29:59.458300,152,20.715,3.816,2.204,14.498,4.838,16.09,205.431,788.524,534.503,45.335,196.468,208.744,205.263,48.255,0.462,0
2026-07-27 11:30:39.078056,152,20.756,4.225,2.192,8.569,5.137,16.784,210.061,759.585,630.687,43.098,197.985,208.802,207.775,46.598,0.375,0
2026-07-27 11:31:15.601038,152,21.868,4.06,1.758,12.992,4.893,16.118,206.277,773.767,610.51,43.733,198.163,208.307,205.624,47.141,0.399,0
2026-07-27 11:31:52.214059,152,21.104,3.886,2.255,10.513,4.533,17.644,206.765,770.742,609.306,39.268,198.5,208.249,204.352,48.952,0.355,0
2026-07-27 11:32:29.167033,152,21.902,3.974,1.952,9.639,4.915,16.445,209.971,666.589,609.104,47.213,199.529,207.564,205.547,47.849,0.359,0
2026-07-27 11:33:11.050915,152,20.979,4.002,1.577,12.729,4.968,15.914,216.085,747.777,538.195,41.453,200.207,209.697,203.244,49.201,0.374,0
2026-07-27 11:33:46.820001,152,21.928,4.11,2.137,13.39,4.663,16.008,218.824,718.736,570.445,47.528,198.045,207.802,204.041,48.786,0.286,0
2026-07-27 11:34:24.080575,152,21.266,3.796,2.065,13.331,4.439,17.074,210.887,725.95,586.448,44.88,199.346,211.263,203.54,47.868,0.421,0
2026-07-27 11:35:03.848605,152,21.329,3.874,1.932,11.93,4.825,16.295,211.353,792.763,577.538,45.359,198.778,210.165,205.019,47.815,0.407,0
2026-07-27 11:35:39.366113,152,21.982,4.041,1.989,11.764,4.55,15.818,208.901,739.131,591.855,44.881,197.975,210.49,204.927,48.989,0.31,0
2026-07-27 11:36:17.954394,152,21.019,3.985,1.784,12.554,5.08,16.927,212.887,804.884,607.386,48.881,195.962,209.207,206.446,49.262,0.44,0
2026-07-27 11:36:51.623463,152,20.729,4.086,2.183,12.108,4.698,16.292,212.341,709.177,630.193,48.386,199.222,210.2,204.881,47.828,0.487,0
2026-07-27 11:37:30.062594,152,20.976,3.816,1.987,12.583,5.231,16.827,217.955,718.574,555.594,44.919,198.726,209.283,203.797,48.923,0.36,0
2026-07-27 11:38:08.182008,152,21.426,4.054,2.05,11.908,4.269,16.968,198.668,772.108,599.735,42.483,198.468,212.261,206.871,48.618,0.353,1
2026-07-27 11:38:46.555038,152,20.417,4.164,2.107,13.186,4.834,16.637,208.593,740.1,621.346,47.587,196.822,208.717,201.466,48.722,0.467,0
2026-07-27 11:39:22.573872,152,21.519,4.073,1.654,8.246,5.157,17.698,212.035,758.912,572.278,42.271,200.351,211.089,205.046,48.061,0.424,0
2026-07-27 11:40:01.093084,152,20.931,4.021,1.732,11.237,4.577,15.638,209.842,746.743,594.215,40.646,198.183,206.212,205.261,47.597,0.392,0
2026-07-27 11:40:39.004053,152,21.774,3.986,1.337,8.732,4.76,16.091,204.365,745.865,613.997,46.395,196.63,212.065,204.988,47.367,0.449,0
2026-07-27 11:41:19.966048,152,20.003,3.875,2.169,12.053,4.699,16.372,202.204,741.177,600.336,48.412,196.437,208.378,205.6,47.217,0.416,0
2026-07-27 11:41:59.420326,152,20.807,3.989,1.636,14.784,4.629,17.631,214.838,755.205,620.226,43.866,198.813,207.354,205.133,49.147,0.486,0
2026-07-27 11:42:34.116646,152,20.357,4.189,2.04,10.552,4.861,17.399,205.458,768.608,602.841,46.133,198.849,206.697,205.6,48.007,0.399,0
2026-07-27 11:43:10.218352,152,20.787,3.982,2.111,11.755,4.476,17.144,199.471,796.818,590.644,43.836,197.444,206.468,204.277,47.313,0.426,0
2026-07-27 11:43:46.813058,152,21.324,3.867,2.181,13.013,4.772,16.103,215.139,744.127,564.819,47.022,198.555,208.604,203.249,48.601,0.466,0
2026-07-27 11:44:25.224337,152,21.11,3.926,1.639,7.365,4.929,16.161,212.754,738.584,607.415,48.066,198.801,214.346,204.944,47.713,0.253,0
2026-07-27 11:45:02.838750,152,21.073,4.03,1.98,10.456,4.746,16.086,209.305,734.849,602.999,44.264,198.168,208.134,203.768,47.609,0.468,0
2026-07-27 11:45:40.443728,152,21.12,3.944,2.501,12.229,4.55,16.108,204.513,792.624,570.215,42.123,197.158,203.593,204.126,49.241,0.37,0
2026-07-27 11:46:24.868159,152,21.302,4.073,2.514,5.706,5.058,17.246,209.319,770.019,617.462,40.92,199.154,211.06,206.394,47.202,0.43,0
2026-07-27 11:47:01.698755,152,20.696,4.078,2.296,9.546,4.983,16.378,217.294,694.928,638.038,47.592,199.005,206.769,206.87,48.141,0.5,0
2026-07-27 11:47:42.869929,152,21.553,4.133,2.101,13.702,4.54,16.444,200.312,693.649,580.197,41.818,198.681,212.363,206.371,47.645,0.382,0
2026-07-27 11:48:20.533946,152,21.531,4.214,1.698,13.506,4.476,16.887,200.616,725.928,578.171,46.042,197.0,208.779,206.149,47.55,0.373,0
2026-07-27 11:48:53.566911,152,21.393,4.149,2.216,12.249,4.562,15.668,206.233,756.674,577.076,47.177,196.403,209.205,205.072,47.122,0.397,0
2026-07-27 11:49:32.003133,152,21.478,3.86,1.953,13.264,4.936,16.526,209.84,749.029,549.64,43.596,198.092,213.472,206.219,48.036,0.313,0
2026-07-27 11:50:12.554979,152,21.348,3.864,2.168,11.93,4.869,15.952,207.022,764.929,660.134,44.535,199.115,211.791,205.427,47.476,0.532,0
2026-07-27 11:50:51.999238,152,22.218,3.989,1.81,12.611,4.998,16.353,213.857,744.912,586.533,47.797,199.248,206.386,207.337,48.355,0.397,0
2026-07-27 11:51:30.583261,152,21.156,3.932,1.948,10.869,4.718,16.207,216.533,790.525,574.246,42.737,198.701,206.812,203.898,47.972,0.499,0
2026-07-27 11:52:08.637356,152,21.046,3.829,2.049,11.732,4.569,16.181,211.673,772.391,566.197,42.453,197.459,204.828,205.807,47.812,0.38,1
2026-07-27 11:52:45.509535,152,20.823,3.934,2.074,10.235,5.03,16.613,213.363,752.25,588.361,44.344,197.035,217.549,203.483,47.479,0.402,0
2026-07-27 11:53:25.552952,152,20.684,3.929,2.148,14.027,4.662,16.611,211.633,783.215,579.144,48.578,197.98,207.498,205.814,48.858,0.457,0
2026-07-27 11:54:02.562968,152,20.578,3.899,1.826,14.543,4.847,16.39,210.057,702.182,643.142,49.51,197.991,213.392,202.937,48.441,0.334,0
2026-07-27 11:54:39.102999,152,20.756,3.953,1.597,14.26,4.413,16.685,202.239,747.533,562.538,44.723,199.329,208.456,203.544,47.591,0.394,0
2026-07-27 11:55:18.039240,152,21.165,4.177,2.487,10.684,4.658,16.066,203.832,753.988,553.844,43.006,197.424,206.868,203.461,47.184,0.454,0
2026-07-27 11:55:55.355070,152,21.367,4.03,2.747,9.592,5.052,16.841,201.894,767.459,616.554,47.98,197.524,210.063,205.303,46.867,0.387,0
2026-07-27 11:56:36.275442,152,21.226,4.371,2.134,14.054,4.621,16.397,209.109,700.26,596.784,40.326,200.466,209.053,205.425,48.682,0.371,1
2026-07-27 11:57:15.340841,152,20.817,4.026,1.603,12.588,5.004,16.258,211.394,742.448,593.312,45.693,199.861,212.325,207.941,48.546,0.467,0
2026-07-27 11:57:51.567070,152,21.65,3.956,1.768,12.157,4.217,16.103,201.304,761.613,616.789,44.877,196.941,212.362,204.89,48.628,0.484,0
2026-07-27 11:58:26.957091,152,21.57,4.001,2.153,10.233,4.66,16.379,210.436,763.838,604.101,48.623,199.763,208.289,205.927,47.928,0.494,0
2026-07-27 11:59:03.649302,152,21.12,4.038,2.402,12.351,4.757,17.435,204.749,784.398,598.595,48.906,196.654,205.824,205.193,48.484,0.36,0
2026-07-27 11:59:46.979843,152,20.874,4.065,1.636,9.329,5.236,16.468,203.585,772.084,557.831,42.361,197.479,206.528,205.827,48.616,0.365,0
2026-07-27 12:00:24.438177,152,21.474,4.312,1.963,12.768,4.508,15.928,206.248,748.235,549.957,45.469,197.616,203.381,205.172,47.958,0.372,0
2026-07-27 12:01:04.167052,152,21.294,3.873,2.059,14.258,4.968,16.959,203.277,769.574,578.987,43.402,197.907,209.204,206.32,47.785,0.443,0
2026-07-27 12:01:39.190177,152,20.476,4.129,2.259,14.762,5.064,16.264,213.64,744.16,567.469,44.179,198.744,209.966,203.737,47.414,0.328,0
2026-07-27 12:02:14.720752,152,21.166,4.031,1.897,12.917,4.62,16.642,208.992,754.256,608.076,46.729,198.128,206.686,202.063,48.256,0.332,0
2026-07-27 12:02:52.291128,152,21.331,3.764,1.531,8.736,4.707,16.197,214.891,773.049,546.039,44.062,198.738,206.335,205.501,48.336,0.357,0
2026-07-27 12:03:34.169631,152,20.75,4.116,2.186,11.895,4.835,17.14,207.339,748.686,586.585,45.543,197.518,209.953,202.834,47.756,0.344,0
2026-07-27 12:04:09.226757,152,21.295,4.19,2.337,15.779,4.43,16.205,207.566,760.498,594.808,47.68,198.449,208.167,206.574,47.827,0.453,0
2026-07-27 12:04:45.790962,152,20.473,3.871,1.975,9.763,4.686,17.199,221.24,777.878,598.81,49.242,198.095,209.383,204.342,47.87,0.449,0
2026-07-27 12:05:25.846825,152,21.868,3.999,2.122,11.382,5.119,15.975,200.262,770.653,611.969,45.808,196.334,208.935,203.754,48.475,0.371,0
2026-07-27 12:06:07.477927,152,21.824,3.741,1.858,14.327,4.931,16.354,217.707,785.771,590.204,45.33,198.58,210.721,208.241,47.175,0.388,0
2026-07-27 12:06:46.475206,152,21.074,3.811,1.746,12.734,4.761,17.2,219.927,817.525,579.975,41.9,198.115,208.361,204.978,47.337,0.248,0
2026-07-27 12:07:26.016186,152,21.382,4.157,2.308,16.46,4.828,16.584,214.595,770.385,637.334,49.44,197.143,208.583,204.748,47.349,0.373,0
2026-07-27 12:08:01.971204,152,19.995,3.93,2.116,10.034,4.945,17.636,208.017,736.623,590.399,46.388,197.49,204.543,205.898,47.911,0.475,0
2026-07-27 12:08:36.954945,152,20.622,3.834,2.147,9.52,4.993,16.365,218.561,764.843,642.574,45.381,197.52,209.854,205.979,48.189,0.369,0
2026-07-27 12:09:12.342467,152,21.053,4.034,2.451,13.948,4.661,16.629,208.069,763.596,590.246,45.238,197.706,210.257,206.367,47.359,0.334,0
2026-07-27 12:09:48.351210,152,20.664,3.922,1.684,9.108,5.184,17.453,205.765,767.792,599.512,46.01,200.111,209.485,203.4,48.545,0.483,0
2026-07-27 12:10:26.865583,152,21.557,3.929,1.834,11.106,5.129,15.743,207.67,793.355,595.838,47.161,200.508,215.544,205.643,48.878,0.333,0
2026-07-27 12:11:02.084808,152,22.199,4.111,2.047,11.369,4.969,15.681,206.579,701.161,606.937,47.508,194.729,210.472,204.648,48.248,0.493,0
2026-07-27 12:11:40.655723,152,20.612,3.826,1.831,13.572,4.589,16.102,204.32,793.901,587.405,49.51,198.586,209.546,203.895,48.674,0.573,0
2026-07-27 12:12:17.937098,152,20.781,3.864,2.235,12.729,4.545,16.907,216.66,803.662,602.884,45.68,199.146,211.448,205.058,47.451,0.393,0
2026-07-27 12:12:54.654556,152,21.318,4.023,1.944,12.414,4.718,15.695,205.359,766.474,645.924,49.912,197.741,216.127,202.827,47.465,0.475,0
2026-07-27 12:13:34.672442,152,22.006,4.145,1.702,10.695,4.815,16.799,209.822,767.172,631.466,47.962,199.114,210.733,206.108,48.309,0.3,0
2026-07-27 12:14:10.485853,152,20.589,4.186,2.02,13.93,4.358,16.763,201.337,742.992,631.672,44.832,199.985,203.552,204.651,47.977,0.297,0
2026-07-27 12:14:51.759259,152,21.325,3.9,2.051,19.552,4.924,17.507,210.185,750.183,559.742,40.331,196.354,211.253,204.427,47.464,0.352,0
2026-07-27 12:15:31.653581,152,22.111,4.141,2.28,12.883,5.122,17.023,203.064,770.241,564.596,45.24,198.161,207.45,204.835,48.855,0.449,0
2026-07-27 12:16:07.396149,152,20.374,3.882,2.118,11.699,4.944,16.682,202.917,768.373,606.533,49.364,200.348,204.425,204.799,48.179,0.4,0
2026-07-27 12:16:48.137248,152,20.559,4.274,2.138,8.904,4.631,17.18,209.344,770.901,623.122,42.829,196.515,214.923,206.369,48.421,0.389,0
2026-07-27 12:17:23.610467,152,20.988,3.83,2.096,10.225,4.601,16.769,216.342,768.173,584.426,45.231,197.862,214.296,203.685,47.595,0.323,0
2026-07-27 12:18:04.558689,152,20.94,4.199,1.944,11.073,4.875,16.27,212.642,776.053,579.072,45.463,197.462,207.375,204.541,49.008,0.392,0
2026-07-27 12:18:43.317778,152,21.606,3.902,1.785,10.431,4.762,15.928,213.055,772.813,641.815,47.638,199.262,207.394,204.74,47.906,0.361,0
2026-07-27 12:19:17.717378,152,21.321,4.302,2.087,11.468,4.911,16.215,209.22,720.294,620.576,43.914,199.429,210.464,203.722,48.611,0.345,0
2026-07-27 12:19:52.763915,152,20.313,4.089,1.9,15.056,4.95,16.48,207.986,774.136,631.74,42.566,198.195,207.433,205.191,47.65,0.34,0
2026-07-27 12:20:29.840573,152,21.458,3.848,2.507,13.994,5.073,16.588,214.747,803.899,586.756,46.596,198.039,209.608,204.131,48.101,0.412,0
2026-07-27 12:21:09.819147,152,20.911,3.922,2.403,11.182,4.517,15.432,206.621,749.228,584.399,42.919,195.937,207.932,203.315,48.335,0.357,0
2026-07-27 12:21:47.429974,152,21.837,4.117,2.19,9.083,4.855,16.39,215.007,793.485,628.467,39.861,199.708,208.839,205.631,49.197,0.4,0
2026-07-27 12:22:24.983959,152,20.886,4.158,2.114,14.175,4.709,16.514,217.416,723.398,592.118,50.153,197.576,205.927,206.857,47.736,0.294,0
2026-07-27 12:23:03.075545,152,20.882,3.989,1.974,11.402,4.775,16.774,204.952,749.137,581.674,47.596,197.829,212.398,205.058,48.122,0.43,0
2026-07-27 12:23:36.526754,152,21.471,4.007,1.622,8.047,5.016,17.313,205.833,731.406,572.604,50.273,199.166,213.491,204.876,48.355,0.414,0
2026-07-27 12:24:16.405988,152,21.581,4.114,1.935,12.925,5.043,16.593,206.726,789.997,584.661,47.447,198.237,209.709,204.851,47.151,0.386,0
2026-07-27 12:24:57.460408,152,21.424,4.02,2.03,13.551,5.15,16.045,201.198,797.574,626.253,46.905,199.205,209.895,204.381,46.695,0.41,0
2026-07-27 12:25:37.260152,152,20.357,3.806,2.069,6.648,4.906,15.591,207.184,747.123,554.71,46.035,198.724,211.825,206.404,47.402,0.456,0
2026-07-27 12:26:14.294603,152,21.469,3.878,2.141,9.851,4.772,16.844,217.809,783.961,618.872,44.479,198.245,210.006,205.113,48.58,0.313,0
2026-07-27 12:26:50.276709,152,20.683,4.035,2.276,11.279,4.737,16.065,203.727,797.868,578.753,46.434,198.373,215.016,202.386,49.03,0.404,0
2026-07-27 12:27:25.809892,152,21.318,4.182,1.792,12.969,4.366,16.933,217.951,749.045,593.691,43.451,196.653,206.183,206.439,47.446,0.322,0
2026-07-27 12:28:01.226331,152,20.488,4.242,1.795,10.469,5.135,17.199,207.399,753.763,595.613,42.006,197.821,212.497,206.145,47.27,0.405,0
2026-07-27 12:28:44.389534,152,21.423,4.117,2.435,9.836,4.72,15.728,222.684,771.275,593.378,44.07,199.301,209.669,205.722,48.921,0.384,0
2026-07-27 12:29:22.209818,152,20.797,4.043,2.231,12.954,4.926,16.777,205.909,725.566,591.386,48.616,196.922,206.748,201.694,47.661,0.399,0
2026-07-27 12:30:02.272502,152,20.559,4.112,1.883,10.563,4.97,17.146,209.136,753.193,586.669,41.549,197.142,216.517,204.996,47.777,0.451,0
2026-07-27 12:30:42.209677,152,21.557,3.9,1.968,12.584,4.489,17.01,204.539,812.141,582.857,41.594,196.944,216.917,206.072,48.875,0.449,0
2026-07-27 12:31:20.534828,152,21.321,3.977,1.969,9.277,4.569,15.452,205.874,735.5,639.593,46.656,198.184,209.397,205.455,48.777,0.465,0
2026-07-27 12:31:56.410655,152,20.893,3.876,2.009,8.795,5.187,16.073,218.029,774.761,600.751,43.838,199.683,211.29,205.246,48.56,0.376,0
2026-07-27 12:32:35.593276,152,21.926,3.813,2.142,13.011,4.873,15.86,212.847,765.19,596.222,46.359,198.657,208.634,206.075,46.973,0.442,0
2026-07-27 12:33:11.125122,152,20.98,4.05,2.76,12.005,4.655,16.762,216.173,745.251,580.66,47.772,195.388,209.1,205.167,47.245,0.43,0
2026-07-27 12:33:50.498378,152,21.216,4.028,2.057,13.345,4.768,16.707,202.106,756.428,587.762,46.292,198.778,206.716,206.444,48.672,0.378,0
2026-07-27 12:34:26.134300,152,21.334,4.103,2.199,10.435,5.072,15.151,213.929,800.826,580.765,43.23,197.469,206.287,205.194,48.191,0.407,0
2026-07-27 12:35:03.139855,152,20.89,4.082,1.494,9.91,5.034,16.35,204.171,766.054,622.96,48.592,198.611,215.348,205.099,47.533,0.392,0
2026-07-27 12:35:40.141593,152,21.436,4.036,1.855,14.221,4.433,16.9,201.976,770.585,577.392,47.078,197.821,209.888,206.071,47.793,0.484,0
2026-07-27 12:36:21.331203,152,20.933,4.083,2.369,8.454,5.209,16.574,211.433,796.425,532.613,45.075,196.967,210.147,204.522,48.667,0.449,0
2026-07-27 12:36:53.781465,152,20.994,3.994,2.121,14.003,5.042,16.573,211.371,741.607,601.749,44.94,197.914,207.649,203.683,48.917,0.38,0
2026-07-27 12:37:37.095657,152,21.881,4.062,0.683,14.141,4.762,16.318,210.32,719.639,591.618,46.047,197.47,210.551,205.005,47.996,0.376,0
2026-07-27 12:38:13.258193,152,20.68,3.891,2.202,13.22,4.502,15.971,214.305,801.282,582.426,44.126,198.369,205.639,205.708,47.588,0.457,0
2026-07-27 12:38:50.976928,152,19.994,4.055,2.575,10.124,5.064,16.491,215.241,753.959,627.347,40.433,196.937,207.756,206.11,47.835,0.48,0
2026-07-27 12:39:29.919268,152,22.005,4.1,1.401,9.867,4.919,16.526,218.818,775.914,517.994,47.1,196.65,206.521,206.117,48.806,0.419,0
2026-07-27 12:40:08.666231,152,22.475,3.9,2.456,11.08,4.436,16.808,202.858,727.892,647.287,46.934,198.878,213.749,204.918,48.794,0.44,0
2026-07-27 12:40:48.589708,152,20.997,4.008,1.168,8.91,4.742,16.848,219.012,761.267,631.64,38.557,199.331,205.209,204.794,48.117,0.478,0
2026-07-27 12:41:27.981358,152,20.232,3.906,2.281,9.577,5.582,16.543,221.294,718.189,581.158,46.43,198.696,206.58,204.289,47.682,0.39,0
2026-07-27 12:42:10.625707,152,21.045,3.921,1.997,12.789,4.804,17.047,207.803,751.848,586.476,49.918,197.221,204.062,205.3,48.65,0.405,0
2026-07-27 12:42:50.293745,152,21.057,3.831,1.295,12.799,4.615,16.313,199.989,731.21,615.132,41.843,197.112,207.419,203.031,48.974,0.429,0
2026-07-27 12:43:28.026160,152,21.105,4.19,2.134,9.401,4.548,15.778,201.699,724.548,615.936,44.795,197.181,208.667,205.027,47.128,0.374,0
2026-07-27 12:44:04.765290,152,20.643,4.16,2.345,12.852,5.243,16.739,207.229,741.209,580.984,44.49,199.068,212.836,208.42,47.861,0.502,0
2026-07-27 12:44:41.445503,152,21.49,4.081,2.109,12.409,5.012,16.563,222.085,683.492,551.497,49.649,197.01,209.356,203.195,48.694,0.374,0
2026-07-27 12:45:22.394099,152,21.462,4.296,2.175,14.52,5.152,16.748,210.102,716.363,663.411,48.139,199.061,208.809,205.188,48.044,0.404,0
2026-07-27 12:46:04.395960,152,20.453,3.972,1.876,12.638,4.862,15.868,206.297,772.69,628.684,42.54,198.764,210.87,205.453,47.707,0.515,0
2026-07-27 12:46:44.685310,152,21.55,4.455,1.442,13.617,5.114,17.395,205.888,760.082,604.706,45.958,199.485,208.716,205.608,48.111,0.288,0
2026-07-27 12:47:15.470430,152,22.226,3.966,2.208,12.454,4.588,16.855,202.064,718.849,605.273,51.447,199.276,216.989,203.84,48.222,0.413,0
2026-07-27 12:47:48.346928,152,21.286,4.038,2.525,13.46,4.841,16.356,215.247,765.888,618.64,43.251,198.651,208.286,205.619,47.324,0.36,0
2026-07-27 12:48:26.329686,152,21.031,3.94,2.339,8.926,4.872,16.032,209.448,724.532,622.232,44.969,196.238,211.2,204.359,48.054,0.4,0
2026-07-27 12:49:03.949628,152,21.129,4.056,1.404,11.257,5.146,17.039,222.599,770.937,537.409,46.438,198.732,212.397,203.287,48.22,0.328,0
2026-07-27 12:49:41.995020,152,21.508,4.125,1.546,11.422,4.88,15.949,213.769,746.646,589.474,43.292,198.139,208.203,206.142,47.705,0.378,0
2026-07-27 12:50:22.848993,152,20.335,3.983,1.746,11.013,4.644,17.631,214.98,740.571,586.355,49.937,197.552,210.48,205.798,47.532,0.401,0
2026-07-27 12:51:03.589302,152,21.282,4.267,1.522,12.388,4.816,16.193,208.547,747.359,595.157,43.677,199.635,208.548,203.84,47.677,0.414,0
2026-07-27 12:51:41.988104,152,21.005,4.036,2.013,12.769,4.381,17.36,203.454,824.226,623.124,41.111,197.818,210.795,204.347,47.417,0.454,0
2026-07-27 12:52:16.513656,152,22.124,4.041,2.118,12.285,4.22,16.408,204.759,727.995,546.298,43.53,197.365,210.293,204.304,48.51,0.261,0
2026-07-27 12:52:51.711071,152,21.113,3.864,1.571,11.146,5.008,17.29,201.785,756.57,559.526,46.828,199.349,209.593,203.028,47.41,0.392,0
2026-07-27 12:53:29.864809,152,22.034,4.063,2.233,10.029,4.706,16.133,215.462,772.66,579.548,42.765,197.514,206.649,205.915,48.113,0.39,0
2026-07-27 12:54:08.815164,152,20.648,3.98,2.18,13.694,4.735,16.509,207.691,722.09,604.63,45.846,197.305,215.405,205.96,47.775,0.396,0
2026-07-27 12:54:44.039700,152,21.494,3.909,1.836,12.199,5.008,16.902,215.715,703.767,624.964,46.575,196.647,211.701,204.601,47.576,0.402,0
2026-07-27 12:55:23.545690,152,21.36,3.884,1.948,9.463,5.149,16.831,210.815,732.568,648.94,41.615,197.016,205.393,204.966,48.823,0.35,0
2026-07-27 12:55:57.550272,152,20.765,4.401,1.415,11.113,4.934,17.05,208.243,772.024,591.409,43.422,197.119,208.781,205.138,47.922,0.307,0
2026-07-27 12:56:29.478266,152,21.289,3.96,1.9,8.013,5.282,16.256,202.982,740.082,624.914,45.977,198.745,205.449,205.293,47.598,0.413,0
2026-07-27 12:57:05.482976,152,21.806,3.781,2.002,11.571,4.926,16.542,211.81,743.298,621.305,46.967,196.777,212.21,203.383,47.541,0.34,0
2026-07-27 12:57:46.613560,152,21.038,3.895,2.051,11.103,4.876,17.124,208.688,776.412,616.25,43.491,195.771,209.937,205.586,48.203,0.424,0
2026-07-27 12:58:28.084371,152,20.354,3.992,2.114,10.351,4.86,16.147,215.413,726.616,599.272,45.425,198.364,210.012,203.589,48.496,0.344,0
2026-07-27 12:59:02.447909,152,21.191,4.082,2.073,14.669,4.479,16.786,205.708,747.426,588.014,44.205,197.239,207.557,205.818,48.762,0.442,0
2026-07-27 12:59:36.985757,152,20.749,4.083,1.921,9.188,5.039,16.39,213.697,706.099,568.038,47.038,197.98,209.085,203.722,47.899,0.397,0
2026-07-27 13:00:16.720689,152,21.029,4.101,2.086,12.913,4.189,16.603,219.845,759.301,566.052,46.454,199.539,212.283,203.44,47.863,0.401,0
2026-07-27 13:00:53.715916,152,21.159,3.903,2.301,15.873,4.653,16.542,211.635,756.656,610.412,43.954,198.086,213.062,204.966,48.079,0.385,0
2026-07-27 13:01:34.831250,152,20.347,4.051,1.971,13.655,4.806,16.106,214.712,773.071,598.367,46.34,199.812,212.455,204.939,48.1,0.376,0
2026-07-27 13:02:14.529077,152,20.392,3.869,2.095,11.437,4.603,16.37,213.431,716.788,587.535,43.845,197.918,205.499,205.124,47.537,0.386,0
2026-07-27 13:02:54.618454,152,21.441,3.907,1.944,9.232,4.687,16.572,221.389,744.435,619.944,46.281,199.208,209.46,203.929,48.877,0.471,0
2026-07-27 13:03:30.744567,152,20.939,3.862,1.806,8.776,5.26,16.449,212.229,712.924,593.985,46.32,197.343,210.735,205.243,48.013,0.308,0
2026-07-27 13:04:09.756458,152,19.918,3.822,2.157,10.677,5.076,17.286,214.2,742.863,572.605,51.639,198.129,207.869,205.356,48.321,0.361,0
2026-07-27 13:04:52.353812,152,21.592,4.16,1.833,10.126,4.629,17.005,209.782,792.972,592.005,44.058,196.88,205.189,206.399,48.255,0.463,0
2026-07-27 13:05:30.678139,152,21.336,4.103,2.116,10.061,4.683,16.645,205.354,740.698,624.619,44.604,197.023,206.269,205.222,48.242,0.449,0
2026-07-27 13:06:08.575534,152,20.843,4.146,2.008,10.847,4.481,16.118,202.751,710.388,569.295,43.188,197.73,214.349,204.281,47.398,0.481,0
2026-07-27 13:06:45.582154,152,20.542,4.006,1.909,11.296,4.976,16.088,217.602,730.284,606.278,42.108,196.406,206.545,203.384,47.996,0.396,0
2026-07-27 13:07:19.929740,152,21.618,4.117,1.902,12.47,4.738,17.487,203.95,703.282,598.337,43.722,198.191,210.138,203.164,49.368,0.321,0
2026-07-27 13:07:55.424143,152,21.375,3.736,1.848,9.024,4.308,15.995,214.475,712.423,577.176,46.862,197.637,209.547,205.388,48.952,0.334,0
2026-07-27 13:08:31.390787,152,22.391,4.129,1.506,10.136,4.825,16.557,212.496,769.459,591.199,47.065,198.281,209.554,205.952,48.094,0.382,0
2026-07-27 13:09:05.641782,152,21.41,4.027,2.115,11.181,4.91,16.68,215.507,708.058,552.85,45.828,196.424,209.072,203.932,47.78,0.446,0
2026-07-27 13:09:40.122643,152,21.394,4.094,2.069,11.109,5.041,16.344,206.912,759.058,603.289,44.172,198.842,212.288,205.306,46.669,0.385,0
2026-07-27 13:10:12.540782,152,21.117,4.057,2.255,15.173,4.782,15.999,205.256,750.747,559.058,43.619,200.037,210.103,204.791,47.702,0.38,0
2026-07-27 13:10:48.756657,152,21.608,3.852,1.841,11.964,4.707,16.108,212.27,734.586,632.173,42.433,199.784,208.186,205.862,47.953,0.424,0
2026-07-27 13:11:28.296222,152,21.513,3.775,2.569,8.273,5.297,16.227,208.246,756.593,597.241,43.441,200.285,210.149,206.039,47.81,0.402,0
2026-07-27 13:12:05.574559,152,21.826,3.893,1.886,12.336,4.802,16.145,202.614,722.808,582.846,41.374,198.051,206.295,202.281,47.851,0.374,0
2026-07-27 13:12:42.863231,152,20.939,4.085,1.737,12.591,4.98,17.164,221.631,774.384,634.817,48.802,197.577,211.38,206.239,48.373,0.34,0
2026-07-27 13:13:22.611486,152,20.982,4.104,1.702,11.25,4.665,16.495,205.252,729.748,569.045,50.144,198.585,208.025,205.303,47.4,0.457,0
2026-07-27 13:14:04.462326,152,20.96,3.795,1.48,9.073,4.972,16.238,204.038,738.795,577.57,39.58,197.714,208.192,204.362,48.164,0.463,0
2026-07-27 13:14:47.645519,152,21.595,3.853,2.46,15.016,4.436,16.553,208.547,735.345,545.123,45.81,195.911,211.488,204.396,47.934,0.337,0
2026-07-27 13:15:25.975004,152,21.949,3.892,2.411,9.36,4.684,16.834,217.517,769.995,639.285,45.764,198.983,208.819,205.038,47.471,0.376,0
2026-07-27 13:16:03.332497,152,20.971,3.946,2.18,12.822,4.498,16.328,197.0,765.789,656.186,45.585,197.719,208.982,204.396,49.004,0.44,0
2026-07-27 13:16:40.390677,152,20.988,3.796,1.731,11.9,4.649,16.951,217.019,673.971,549.792,43.34,196.239,213.386,203.876,48.449,0.332,0
2026-07-27 13:17:19.738616,152,21.357,3.787,2.543,12.702,5.113,15.864,204.531,757.373,575.527,47.863,197.39,207.178,204.151,47.528,0.422,0
2026-07-27 13:17:57.382239,152,21.077,3.877,1.894,14.914,4.647,17.086,211.587,699.407,602.094,46.149,197.746,211.445,203.752,48.31,0.38,0
2026-07-27 13:18:35.034016,152,21.676,4.013,1.919,12.623,4.98,16.496,205.944,740.102,584.529,47.896,198.014,212.754,206.616,47.166,0.327,0
2026-07-27 13:19:12.836865,152,20.074,3.823,2.431,10.383,5.179,16.476,221.952,746.863,599.061,42.935,198.029,213.384,205.067,47.602,0.507,0
2026-07-27 13:19:48.688794,152,20.787,3.983,2.198,13.712,4.793,16.153,210.748,739.79,596.472,41.127,199.643,216.312,207.703,48.797,0.38,0
2026-07-27 13:20:21.371386,152,20.809,4.159,2.66,10.238,5.048,15.886,205.751,764.524,612.227,46.218,196.454,208.138,205.445,48.211,0.431,0
2026-07-27 13:20:57.845527,152,20.04,3.805,2.075,11.827,4.933,15.667,208.193,770.882,571.171,42.304,197.817,207.483,205.707,48.163,0.333,0
2026-07-27 13:21:39.168580,152,20.718,3.969,1.881,8.914,4.829,16.119,210.538,727.569,605.78,47.953,196.945,212.37,203.726,48.592,0.493,0
2026-07-27 13:22:20.384465,152,20.742,4.154,1.816,9.433,4.988,16.794,211.066,726.516,566.516,39.045,199.507,212.727,204.738,48.367,0.517,0
2026-07-27 13:23:00.527170,152,21.099,3.937,1.446,11.603,5.26,16.019,212.633,748.957,587.644,43.688,197.326,207.707,205.087,47.84,0.31,0
2026-07-27 13:23:37.401468,152,21.756,3.914,1.916,12.236,4.641,15.726,209.992,705.232,547.897,43.275,197.587,211.406,204.235,48.562,0.39,0
2026-07-27 13:24:13.599097,152,21.077,4.175,2.343,8.095,4.56,16.045,201.737,736.168,587.864,44.069,199.26,217.9,204.442,46.987,0.48,0
2026-07-27 13:24:55.303177,152,20.685,3.954,2.18,12.495,4.546,16.308,207.958,789.094,582.818,45.731,199.59,210.304,205.504,47.6,0.372,0
2026-07-27 13:25:30.833641,152,21.172,4.166,2.006,9.861,5.049,16.327,213.64,706.317,628.307,46.109,199.767,212.678,205.528,47.942,0.425,0
2026-07-27 13:26:08.923468,152,21.725,4.064,1.702,14.059,5.082,16.436,205.981,740.137,598.222,46.791,196.028,214.573,203.396,48.329,0.299,0
2026-07-27 13:26:50.775514,152,20.712,3.949,2.068,10.796,4.666,17.016,214.037,732.823,603.675,47.114,198.579,217.261,205.34,47.805,0.353,0
2026-07-27 13:27:29.058112,152,20.745,4.072,2.304,9.253,4.266,17.125,210.19,808.153,599.326,44.52,198.324,210.713,205.664,46.93,0.418,0
2026-07-27 13:28:06.388982,152,21.479,4.048,2.129,11.652,4.631,17.503,208.694,734.402,536.127,50.904,197.939,213.634,204.292,46.845,0.365,0
2026-07-27 13:28:47.033414,152,21.089,4.153,2.05,9.668,4.937,15.688,217.165,736.085,540.092,48.884,198.08,207.713,204.17,47.959,0.378,0
2026-07-27 13:29:25.197602,152,21.524,3.918,1.761,14.038,4.783,16.072,199.571,720.108,590.44,44.126,199.543,210.072,205.53,47.713,0.309,0
2026-07-27 13:30:03.644872,152,21.193,4.006,2.26,11.501,4.845,16.849,205.948,750.27,608.357,44.617,199.246,208.705,201.912,47.454,0.439,0
2026-07-27 13:30:45.098417,152,21.551,3.991,1.06,11.197,4.669,16.273,217.395,757.835,592.954,44.067,199.076,204.533,205.003,47.354,0.32,0
2026-07-27 13:31:17.295987,152,20.682,4.106,2.115,12.684,5.054,16.93,220.98,724.311,574.078,46.017,198.248,205.351,206.961,48.08,0.492,0
2026-07-27 13:31:56.114143,152,21.194,3.846,2.771,9.49,4.886,16.604,223.716,778.673,592.791,42.279,200.725,211.247,201.884,48.781,0.359,0
2026-07-27 13:32:32.366933,152,21.095,4.153,1.547,8.922,4.947,17.29,210.302,757.861,590.187,42.789,197.519,211.304,205.987,48.08,0.448,0
2026-07-27 13:33:09.894464,152,20.592,4.07,1.928,12.317,4.84,17.021,212.747,774.705,623.37,38.931,196.061,206.979,205.653,48.789,0.442,0
2026-07-27 13:33:48.152004,152,20.418,3.802,1.998,9.301,4.931,17.031,214.905,740.484,621.691,43.884,197.682,214.516,203.274,47.776,0.341,0
2026-07-27 13:34:24.611931,152,21.543,4.181,1.861,9.3,4.915,16.294,217.65,757.052,583.398,47.981,198.069,206.781,205.625,48.266,0.365,0
2026-07-27 13:35:03.132962,152,21.025,4.335,2.311,13.174,4.568,16.451,211.879,743.82,598.502,44.574,199.564,210.746,206.202,48.811,0.373,0
2026-07-27 13:35:42.011593,152,20.689,4.15,2.142,12.55,4.893,16.347,215.557,792.273,608.286,44.731,197.387,208.796,203.588,47.905,0.377,0
2026-07-27 13:36:20.475472,152,21.152,4.214,2.046,8.992,4.998,15.747,212.759,753.372,612.739,45.779,198.589,210.31,204.151,48.016,0.322,0
2026-07-27 13:36:58.729497,152,21.764,4.013,2.239,10.262,5.089,17.236,213.133,750.254,649.578,42.194,196.227,212.606,205.031,47.775,0.432,0
2026-07-27 13:37:36.461367,152,20.06,3.751,2.005,9.693,4.904,16.873,204.49,736.711,599.156,45.071,199.298,212.196,206.173,48.356,0.359,0
2026-07-27 13:38:14.238080,152,20.452,3.723,2.954,15.053,4.559,16.327,208.025,735.037,635.062,47.493,198.082,212.053,204.351,48.541,0.393,0
2026-07-27 13:38:52.419096,152,20.739,4.038,2.045,13.312,4.597,17.152,206.863,756.894,565.198,45.858,197.663,211.682,204.949,48.211,0.46,0
2026-07-27 13:39:28.270388,152,21.931,3.911,2.059,10.658,4.691,16.185,202.867,773.768,580.87,47.739,200.558,206.309,204.202,47.862,0.434,0
2026-07-27 13:40:09.166254,152,21.341,3.863,1.487,12.652,4.847,15.581,200.09,730.148,535.925,48.54,199.284,213.29,205.029,47.1,0.363,0
2026-07-27 13:40:46.958516,152,21.584,3.991,1.837,8.788,4.769,17.004,207.458,753.671,604.539,46.855,196.752,206.925,206.256,47.971,0.462,0
2026-07-27 13:41:24.038818,152,20.63,4.092,2.344,10.155,4.519,15.861,208.417,755.341,619.426,43.003,197.869,209.693,205.127,47.885,0.44,0
2026-07-27 13:42:02.941342,152,20.64,3.782,1.599,11.71,4.518,16.402,210.63,760.393,523.338,44.036,201.284,208.981,204.571,48.142,0.358,0
2026-07-27 13:42:40.679849,152,21.424,3.933,1.353,12.404,4.275,16.603,213.334,700.483,605.649,50.408,200.375,211.015,204.961,48.07,0.369,0
2026-07-27 13:43:21.513033,152,21.229,4.226,2.01,11.305,4.02,16.693,211.129,723.183,618.126,45.88,199.108,208.594,204.039,48.943,0.46,0
2026-07-27 13:44:01.552910,152,21.474,3.839,2.411,11.996,4.767,16.924,208.459,710.391,616.417,45.507,195.784,209.54,203.807,47.582,0.447,1
2026-07-27 13:44:39.764814,152,21.106,4.13,2.013,11.657,5.38,16.79,204.509,750.954,564.124,42.592,199.599,214.695,206.444,47.055,0.31,0
2026-07-27 13:45:19.905540,152,21.339,3.927,1.899,11.173,5.249,16.775,215.262,723.872,623.194,44.744,197.238,206.244,206.965,47.314,0.34,0
2026-07-27 13:45:58.441952,152,21.279,4.082,1.442,10.908,4.555,16.105,209.389,735.609,600.279,47.006,199.588,209.993,202.85,47.62,0.442,0
2026-07-27 13:46:33.810576,152,21.589,4.165,2.136,10.647,4.837,16.647,207.397,715.366,617.731,45.042,197.133,206.769,205.699,48.649,0.33,0
2026-07-27 13:47:13.839475,152,21.604,4.111,2.198,11.964,4.434,15.747,208.881,738.306,596.224,43.546,198.587,211.956,206.031,47.222,0.448,0
2026-07-27 13:47:47.506458,152,20.39,4.136,1.465,12.322,4.472,17.281,205.604,717.401,611.431,44.195,197.232,207.892,203.546,47.302,0.516,0
2026-07-27 13:48:17.506458,152,20.076,3.827,2.34,11.897,4.501,15.799,206.816,771.979,633.277,48.337,197.564,210.112,204.434,48.248,0.422,0
2026-07-27 13:48:57.097889,152,21.701,4.167,2.23,9.143,4.744,16.327,206.625,763.898,593.879,46.87,198.747,206.158,204.308,48.51,0.345,0
2026-07-27 13:49:36.109211,152,21.794,3.872,2.34,9.502,4.754,15.841,208.276,754.357,608.523,46.495,196.417,213.745,207.281,47.07,0.411,0
2026-07-27 13:50:14.968207,152,20.69,4.039,2.175,12.298,4.863,16.135,213.935,741.244,637.493,46.234,200.847,210.211,206.983,46.937,0.462,0
2026-07-27 13:50:56.136396,152,20.27,4.039,2.196,14.443,4.966,16.507,212.443,690.907,596.003,41.688,196.767,210.4,203.895,47.528,0.406,0
2026-07-27 13:51:34.080044,152,21.25,4.073,2.156,11.805,4.716,16.236,219.28,736.712,566.238,45.763,196.7,212.404,203.249,48.394,0.429,0
2026-07-27 13:52:11.217633,152,21.665,4.051,2.261,10.677,4.809,17.072,217.27,727.918,620.281,47.99,198.75,206.371,205.928,48.086,0.352,0
2026-07-27 13:52:51.033972,152,22.099,3.873,1.454,11.949,4.527,16.613,221.739,757.171,643.046,44.269,199.55,208.216,205.653,47.55,0.357,0
2026-07-27 13:53:27.406522,152,21.458,3.798,1.55,9.226,4.464,16.269,213.355,767.972,638.664,47.737,197.612,210.493,206.493,48.444,0.454,0
2026-07-27 13:54:04.863633,152,21.014,4.131,1.779,14.118,4.425,16.433,213.259,759.414,621.45,46.527,196.714,204.89,203.729,48.075,0.357,0
2026-07-27 13:54:43.439500,152,20.753,4.028,1.961,11.873,4.962,17.11,207.076,786.628,529.675,47.317,196.893,205.202,205.868,47.935,0.245,0
2026-07-27 13:55:22.197694,152,21.206,4.172,2.116,10.161,4.716,16.954,214.956,733.519,580.925,45.143,196.764,207.618,204.122,47.031,0.382,0
2026-07-27 13:55:59.438398,152,21.05,3.993,2.097,11.166,4.332,15.931,206.063,732.316,582.462,47.482,198.37,206.691,205.748,47.538,0.419,0
2026-07-27 13:56:36.320105,152,20.692,3.789,2.335,10.446,4.784,16.16,201.177,780.098,601.346,40.899,197.916,209.003,204.955,49.174,0.464,0
2026-07-27 13:57:11.766690,152,22.224,4.145,2.345,14.123,4.488,16.737,219.158,754.82,650.648,45.093,198.511,211.515,207.281,47.798,0.499,0
2026-07-27 13:57:47.971931,152,22.093,3.944,1.738,11.096,5.215,16.677,202.505,742.837,567.584,46.996,198.438,212.175,205.537,47.426,0.405,0
2026-07-27 13:58:30.119453,152,21.768,4.051,2.072,11.811,4.655,15.975,212.633,803.549,667.266,45.83,198.989,215.247,204.623,47.771,0.44,0
2026-07-27 13:59:07.513938,152,20.74,3.903,1.746,12.647,4.97,16.875,204.718,766.754,588.53,48.068,197.508,209.934,205.166,48.071,0.407,0
2026-07-27 13:59:45.945431,152,21.628,4.247,1.944,10.018,5.072,16.055,216.76,744.474,576.993,44.56,197.114,210.448,204.879,48.53,0.421,0
2026-07-27 14:00:20.545317,152,21.52,3.869,2.097,11.887,4.561,17.152,217.578,730.108,625.356,43.467,198.188,209.928,203.615,48.373,0.389,0
2026-07-27 14:01:04.389438,152,21.421,3.949,0.977,12.049,4.819,16.765,213.175,788.469,627.729,40.411,197.934,210.929,207.31,47.594,0.423,0
2026-07-27 14:01:40.425298,152,21.825,4.016,2.723,8.392,4.938,15.934,217.478,756.003,619.498,44.236,198.304,211.155,206.918,48.763,0.356,0
2026-07-27 14:02:15.746129,152,21.518,3.836,2.17,12.005,4.829,16.235,210.044,750.711,576.916,46.447,197.146,212.674,204.788,48.489,0.519,0
2026-07-27 14:02:53.606632,152,21.57,4.05,1.821,11.408,4.89,16.227,223.405,769.612,615.061,47.131,198.771,212.663,205.84,47.733,0.257,0
2026-07-27 14:03:29.571780,152,21.518,4.242,2.578,11.76,4.468,16.58,214.477,775.523,568.993,41.082,196.586,211.506,207.462,47.923,0.434,0
2026-07-27 14:04:08.403937,152,21.37,3.926,1.896,11.571,4.939,16.398,204.597,765.946,576.083,48.291,197.472,214.38,206.484,48.36,0.419,0
2026-07-27 14:04:42.957390,152,20.308,4.059,2.04,12.018,4.678,15.927,210.418,775.635,597.154,42.272,199.355,210.078,204.631,48.645,0.422,0
2026-07-27 14:05:23.549862,152,21.242,3.588,1.854,14.175,4.887,15.803,209.085,763.09,575.401,44.661,196.642,208.226,204.894,47.089,0.329,0
2026-07-27 14:06:03.692741,152,20.922,3.994,2.496,9.141,5.03,16.775,208.497,766.092,631.582,43.407,199.26,208.701,202.939,48.042,0.299,0
2026-07-27 14:06:41.422149,152,20.56,3.953,1.969,10.816,4.967,16.643,200.057,728.783,582.655,46.168,196.309,209.693,205.93,47.981,0.436,0
2026-07-27 14:07:15.647564,152,22.041,3.877,2.045,12.833,4.887,16.553,212.321,802.5,593.386,45.263,196.098,206.857,206.491,47.658,0.48,0
2026-07-27 14:07:51.795627,152,22.064,4.162,2.361,12.462,4.961,16.635,201.685,714.223,573.594,46.898,196.207,208.221,206.5,47.655,0.413,0
2026-07-27 14:08:29.938185,152,21.88,3.951,2.176,12.419,4.972,16.191,194.848,758.972,631.128,50.163,198.14,206.694,205.841,48.633,0.448,0
2026-07-27 14:09:05.178220,152,21.328,3.973,1.984,17.007,5.174,16.592,207.936,711.234,580.016,46.114,198.876,210.997,205.423,48.321,0.373,0
2026-07-27 14:09:40.789183,152,21.875,3.943,2.333,12.728,4.791,17.769,205.465,747.154,634.26,43.385,199.551,211.026,203.803,49.264,0.42,0
2026-07-27 14:10:21.181585,152,21.206,3.712,2.762,13.762,4.841,17.087,204.831,733.432,632.056,46.291,199.455,204.87,205.384,47.658,0.474,0
2026-07-27 14:10:59.534796,152,21.301,3.83,2.095,10.886,5.033,16.356,191.381,726.067,586.622,48.434,199.035,208.103,204.242,48.082,0.381,0
2026-07-27 14:11:37.815990,152,20.653,4.144,2.035,9.514,4.677,16.238,204.895,761.691,600.89,49.093,197.002,215.293,205.63,48.186,0.471,0
2026-07-27 14:12:17.018597,152,21.398,3.684,2.051,10.871,4.466,15.07,208.958,751.667,585.789,45.878,196.991,211.826,204.083,48.538,0.302,0
2026-07-27 14:12:54.645081,152,21.23,3.885,2.393,12.924,4.923,17.034,206.195,690.097,616.372,42.445,198.945,211.318,205.623,48.815,0.363,0
2026-07-27 14:13:32.509408,152,20.549,3.94,1.82,12.314,4.748,16.893,212.324,830.431,594.166,43.442,199.706,208.074,206.588,48.056,0.433,0
2026-07-27 14:14:11.549055,152,21.174,4.262,1.917,12.307,4.498,16.228,218.356,767.33,587.476,41.806,196.763,210.833,205.453,47.343,0.514,0
2026-07-27 14:14:51.393537,152,21.16,4.115,1.539,11.071,4.925,15.784,213.098,757.693,601.385,42.043,199.553,209.958,205.394,47.573,0.401,0
2026-07-27 14:15:30.529211,152,22.099,3.916,1.645,10.752,5.158,15.922,216.158,761.847,552.534,42.597,195.696,207.689,206.096,48.086,0.338,0
2026-07-27 14:16:11.858896,152,21.647,4.196,1.845,11.14,4.393,16.722,216.655,755.677,597.725,43.132,198.468,208.568,207.124,48.674,0.513,0
2026-07-27 14:16:49.915054,152,21.206,3.889,1.983,12.949,5.056,16.455,203.887,785.841,619.488,43.717,197.875,208.633,204.871,47.132,0.392,0
2026-07-27 14:17:24.843502,152,21.324,4.151,2.531,13.181,4.166,16.846,212.635,752.266,604.142,51.169,197.755,205.683,205.625,47.298,0.44,0
2026-07-27 14:18:05.324759,152,21.222,3.796,2.161,9.488,4.7,16.543,215.971,718.996,628.55,41.909,198.038,206.162,206.813,48.454,0.38,0
2026-07-27 14:18:42.765963,152,21.099,4.161,1.726,13.025,5.26,16.983,207.384,845.295,588.681,43.942,196.976,209.422,205.803,47.224,0.409,0
2026-07-27 14:19:19.013350,152,20.659,3.939,1.782,10.199,4.718,16.685,205.256,772.261,586.221,47.01,198.535,207.541,202.597,47.325,0.366,0
2026-07-27 14:19:58.637506,152,21.124,3.846,2.412,12.438,4.822,16.914,213.182,721.147,566.48,44.36,198.073,209.127,204.141,48.682,0.535,0
2026-07-27 14:20:37.482866,152,20.827,3.967,2.338,11.116,4.991,15.455,201.11,842.327,587.828,42.442,199.122,205.344,205.901,47.867,0.471,0
2026-07-27 14:21:12.567321,152,20.575,4.042,2.008,14.632,4.371,15.883,203.472,706.626,658.977,49.79,199.908,212.324,204.52,47.821,0.506,0
2026-07-27 14:21:52.096358,152,21.456,3.926,1.867,10.664,4.818,16.318,205.999,647.665,608.266,43.402,198.152,216.033,206.728,48.821,0.353,0
2026-07-27 14:22:34.369800,152,21.396,4.083,2.337,11.857,4.816,17.04,212.703,610.677,582.434,37.37,197.018,212.979,207.23,47.362,0.29,0
2026-07-27 14:23:13.107649,152,20.307,3.913,1.702,12.713,5.266,17.44,211.313,762.127,569.816,37.434,196.635,213.279,204.292,47.242,0.382,0
2026-07-27 14:23:50.523550,152,21.139,4.093,2.118,9.752,4.491,16.418,216.194,716.03,552.044,39.647,200.038,211.816,203.761,48.978,0.551,0
2026-07-27 14:24:24.717648,152,21.698,4.066,2.682,11.354,4.705,16.194,204.469,701.361,575.088,40.538,199.884,210.77,204.567,48.14,0.381,0
2026-07-27 14:25:07.394425,152,21.73,3.991,2.062,10.967,4.568,15.523,204.147,739.942,622.776,48.018,199.065,210.251,204.497,48.408,0.463,0
2026-07-27 14:25:44.215756,152,21.713,3.934,1.767,10.472,4.541,16.932,213.143,777.249,587.189,51.326,198.072,207.348,206.843,47.813,0.339,0
2026-07-27 14:26:19.005542,152,21.219,4.023,2.123,10.621,5.082,16.225,205.208,791.876,571.255,51.632,198.978,212.001,203.758,47.936,0.35,0
2026-07-27 14:26:57.258269,152,20.777,4.083,1.859,13.724,4.807,17.979,206.379,763.623,574.554,39.163,199.565,211.829,205.891,47.578,0.395,0
2026-07-27 14:27:37.557076,152,20.658,4.309,1.582,10.303,4.661,16.13,198.859,615.236,619.484,35.704,197.258,208.657,206.665,48.191,0.527,0
2026-07-27 14:28:18.374962,152,21.372,4.141,2.21,12.633,4.671,17.553,211.745,588.911,597.562,41.988,198.036,211.525,205.983,48.499,0.466,0
2026-07-27 14:28:54.842301,152,21.39,4.146,2.335,12.129,4.659,16.874,219.248,666.635,581.184,44.403,196.673,207.988,205.524,48.118,0.277,0
2026-07-27 14:29:32.617663,152,21.844,4.463,1.907,8.706,4.682,15.986,203.824,799.635,590.748,38.714,197.845,208.172,204.805,48.637,0.44,0
2026-07-27 14:30:10.618604,152,21.75,4.077,1.887,12.538,4.484,16.616,216.13,856.447,666.176,42.815,199.853,212.248,207.219,48.397,0.331,0
2026-07-27 14:30:50.845156,152,21.134,4.073,1.712,8.673,4.735,16.886,209.644,822.764,636.589,46.107,199.294,211.249,204.706,47.371,0.359,0
2026-07-27 14:31:30.196818,152,20.578,4.106,1.955,12.756,4.71,16.387,199.408,832.047,644.059,41.886,198.162,209.327,206.138,47.913,0.431,0
2026-07-27 14:32:08.813842,152,21.04,3.849,1.831,10.486,4.611,16.919,204.632,647.268,547.437,41.872,194.768,208.992,204.81,47.731,0.484,0
2026-07-27 14:32:48.899646,152,21.309,3.933,1.697,11.517,4.839,16.908,204.261,794.076,595.467,38.247,197.213,210.507,202.79,48.452,0.481,0
2026-07-27 14:33:23.794132,152,21.099,3.924,2.568,8.911,4.86,16.798,208.101,708.115,580.656,39.791,198.123,204.677,204.676,48.277,0.42,0
2026-07-27 14:34:02.753726,152,20.911,4.097,2.14,11.745,4.661,16.492,212.517,720.15,616.315,47.611,197.741,207.802,204.812,48.076,0.421,0
2026-07-27 14:34:41.258965,152,21.326,3.974,2.172,13.354,4.764,15.913,221.094,691.047,631.794,39.993,198.039,206.331,204.828,48.608,0.481,0
2026-07-27 14:35:19.144950,152,20.948,4.021,2.265,9.886,5.34,16.462,201.413,792.446,609.793,39.756,198.291,210.034,204.208,46.881,0.305,0
2026-07-27 14:35:56.575692,152,20.886,4.163,2.231,10.286,5.33,16.588,207.091,874.506,573.826,44.658,197.36,213.157,205.751,47.638,0.51,0
2026-07-27 14:36:34.881554,152,21.356,4.129,1.876,12.409,4.536,15.562,204.624,866.116,580.17,52.253,197.991,211.384,205.885,47.689,0.356,0
2026-07-27 14:37:11.581525,152,20.999,3.976,2.082,12.459,4.571,16.585,202.392,832.922,618.617,50.587,197.821,208.517,204.633,48.151,0.416,0
2026-07-27 14:37:55.799750,152,21.322,3.9,1.919,6.632,4.535,16.452,210.573,767.51,621.602,49.533,197.156,207.951,204.623,48.332,0.37,0
2026-07-27 14:38:36.898211,152,21.337,4.17,2.132,15.531,5.064,15.852,210.009,750.961,604.229,50.987,200.216,207.814,203.739,47.999,0.331,0
2026-07-27 14:39:17.390046,152,20.63,4.116,2.103,12.557,4.7,16.333,199.117,618.962,603.894,44.739,197.428,215.799,205.305,47.211,0.428,0
2026-07-27 14:39:54.182382,152,20.959,3.759,1.885,12.894,4.86,16.344,210.109,549.045,601.504,45.513,195.295,210.197,206.654,48.244,0.414,0
2026-07-27 14:40:29.999982,152,21.919,3.953,1.601,11.213,5.299,17.465,202.768,619.013,608.073,38.042,200.14,210.579,206.654,48.077,0.394,0
2026-07-27 14:41:07.516731,152,20.619,4.025,2.044,7.789,4.797,16.61,210.071,718.723,621.479,45.502,196.984,203.878,204.281,47.119,0.391,0
2026-07-27 14:41:45.777015,152,20.142,4.117,1.939,12.849,4.977,17.018,217.617,702.42,618.905,45.553,199.08,206.575,207.389,47.823,0.492,0
2026-07-27 14:42:20.474686,152,20.269,4.137,1.433,10.37,4.93,16.441,212.778,816.412,600.708,45.721,197.183,209.872,204.565,48.224,0.532,0
2026-07-27 14:42:59.569033,152,21.215,4.043,2.152,12.588,4.653,15.563,211.065,831.486,598.529,52.729,198.683,208.555,203.781,48.992,0.475,0
2026-07-27 14:43:40.036334,152,21.215,4.088,2.29,11.062,5.065,16.836,206.827,801.685,597.381,49.758,197.942,210.386,203.366,47.347,0.417,0
2026-07-27 14:44:12.938990,152,21.141,4.01,2.759,11.976,4.588,16.171,210.401,644.089,576.59,41.623,199.2,210.348,203.708,48.474,0.302,0
2026-07-27 14:44:48.886150,152,21.807,3.899,1.883,9.95,5.135,16.332,213.38,636.365,576.209,46.892,197.744,211.741,205.4,47.354,0.438,0
2026-07-27 14:45:29.685612,152,19.864,3.961,1.838,13.229,4.653,15.974,212.785,699.596,616.319,40.969,197.214,204.579,204.691,47.238,0.44,0
2026-07-27 14:46:08.538253,152,21.398,4.003,1.667,9.123,4.681,16.536,209.405,653.421,578.614,40.668,198.308,206.795,204.242,47.273,0.446,0
2026-07-27 14:46:44.563037,152,21.981,3.995,2.063,15.991,4.528,17.033,211.304,703.307,624.418,45.869,197.541,209.711,203.983,48.363,0.332,0
2026-07-27 14:47:24.239662,152,20.636,3.717,2.061,15.976,4.569,16.966,202.101,842.636,598.46,48.599,195.685,208.123,203.697,48.078,0.451,0
2026-07-27 14:48:00.884852,152,21.01,3.94,1.757,14.765,4.693,17.293,205.594,957.083,624.588,48.818,197.278,209.1,203.932,47.811,0.494,0
2026-07-27 14:48:38.346495,152,20.824,4.008,1.948,14.051,4.192,17.364,214.245,804.235,619.109,50.237,201.443,210.316,206.218,48.275,0.341,0
2026-07-27 14:49:13.749855,152,20.753,3.958,1.406,11.331,4.742,15.477,215.052,876.54,625.288,55.953,195.814,207.84,207.164,48.024,0.441,0
2026-07-27 14:49:51.788420,152,21.037,3.963,2.278,13.833,4.673,15.903,210.562,781.023,585.709,38.707,198.289,210.558,207.238,48.066,0.351,0
2026-07-27 14:50:32.109894,152,21.914,4.073,1.769,11.308,4.998,15.596,218.874,712.606,612.267,45.543,197.709,211.578,205.825,47.818,0.394,0
2026-07-27 14:51:09.021184,152,22.119,3.838,1.99,8.393,4.906,16.816,213.048,654.841,622.137,37.357,200.204,210.189,204.409,47.383,0.343,0
2026-07-27 14:51:48.492826,152,21.032,3.756,1.572,14.506,4.623,16.153,208.601,725.014,553.46,36.916,196.667,212.09,204.199,49.015,0.379,1
2026-07-27 14:52:26.379032,152,22.153,3.948,1.825,13.758,4.685,16.255,202.681,668.002,651.051,45.204,198.122,203.698,205.907,48.84,0.379,1
2026-07-27 14:53:06.839168,152,21.218,4.115,1.916,11.437,4.741,16.392,218.632,809.05,667.979,48.455,198.823,208.3,204.704,48.954,0.425,1
2026-07-27 14:53:43.783442,152,22.077,4.253,1.997,9.05,5.171,16.691,214.622,768.443,628.419,56.991,197.785,212.588,205.494,47.676,0.453,1
2026-07-27 14:54:25.328888,152,21.153,4.117,2.144,10.328,4.594,15.757,220.79,883.967,624.176,46.91,197.079,207.493,207.317,47.591,0.473,1
2026-07-27 14:55:04.882910,152,21.266,3.78,2.432,7.858,4.62,15.871,223.001,776.395,617.663,45.043,197.973,207.1,205.26,47.751,0.361,1
2026-07-27 14:55:43.439260,152,21.383,3.965,2.22,13.39,4.518,16.501,202.278,794.87,590.297,44.557,197.629,209.634,207.733,48.644,0.422,1
2026-07-27 14:56:22.078817,152,22.789,4.038,2.289,8.293,4.429,17.099,202.294,712.824,596.695,37.151,197.625,209.95,203.648,48.0,0.334,1
2026-07-27 14:56:59.018647,152,21.626,4.027,2.434,12.074,4.877,16.487,192.821,597.455,628.932,43.561,199.117,208.449,205.537,47.674,0.393,1
2026-07-27 14:57:35.811756,152,20.846,4.081,2.171,9.813,4.851,16.104,215.51,785.47,570.803,42.544,198.484,215.346,205.376,48.218,0.403,1
2026-07-27 14:58:14.409554,152,21.684,3.862,1.989,8.647,5.121,15.426,213.939,785.242,568.178,45.806,198.662,210.831,203.819,47.558,0.345,1
2026-07-27 14:58:49.676442,152,21.019,4.01,2.303,11.977,5.06,16.976,210.587,776.451,588.08,45.148,198.396,207.382,205.962,47.187,0.434,0
2026-07-27 14:59:26.304585,152,20.955,4.063,2.322,10.832,5.399,16.132,202.643,763.41,619.688,51.067,199.152,205.825,206.837,48.078,0.391,0
2026-07-27 15:00:02.167643,152,21.654,4.124,2.195,13.176,4.782,15.926,209.466,856.887,574.022,56.086,199.565,211.176,207.643,47.69,0.409,0
2026-07-27 15:00:41.471395,152,21.216,3.879,1.564,8.965,4.735,15.642,211.108,745.98,593.238,46.959,197.656,207.313,205.494,47.992,0.473,0
2026-07-27 15:01:20.809817,152,21.339,3.948,1.748,9.985,4.475,15.78,214.696,767.75,596.8,48.601,198.983,216.243,202.72,46.389,0.374,0
2026-07-27 15:02:01.700452,152,21.207,3.594,1.918,6.725,4.974,16.019,211.638,742.596,569.644,36.143,196.445,211.241,205.572,47.465,0.451,0
2026-07-27 15:02:38.937443,152,21.368,3.907,2.234,7.131,4.83,16.381,213.983,662.14,526.807,37.989,195.296,211.624,205.89,47.973,0.487,0
2026-07-27 15:03:15.095732,152,21.412,3.921,1.994,15.096,4.963,15.896,209.255,658.684,569.205,39.302,200.192,210.721,204.718,47.09,0.483,0
2026-07-27 15:03:49.745736,152,20.232,3.847,2.341,15.667,4.515,16.593,217.089,692.403,607.827,38.902,197.6,213.253,205.258,47.111,0.389,0
2026-07-27 15:04:28.363502,152,21.533,4.025,2.395,11.685,4.888,16.377,213.79,689.7,614.584,47.392,198.303,203.053,204.42,48.023,0.342,0
2026-07-27 15:05:09.548193,152,20.709,3.992,2.36,9.852,4.851,17.611,202.878,826.168,614.831,56.012,196.53,206.511,204.84,48.421,0.357,0
2026-07-27 15:05:47.378077,152,20.479,3.661,2.362,10.903,4.835,15.648,218.335,815.057,618.287,54.682,196.474,212.999,206.221,47.465,0.305,0
2026-07-27 15:06:25.438796,152,21.171,4.032,1.689,13.247,4.629,16.581,217.353,809.269,581.208,43.019,197.144,214.352,206.667,47.843,0.441,0
2026-07-27 15:07:03.424628,152,21.242,3.861,2.145,10.471,5.097,16.587,212.793,705.145,574.782,50.142,198.771,206.418,203.475,47.857,0.445,0
2026-07-27 15:07:42.003771,152,20.853,4.073,1.818,11.975,5.313,15.985,211.684,726.724,611.252,41.774,197.38,204.726,204.386,47.063,0.407,0
2026-07-27 15:08:22.277043,152,21.616,3.808,1.505,11.474,4.522,16.548,219.952,674.287,593.647,28.862,197.597,210.486,203.094,48.71,0.317,0
2026-07-27 15:09:04.652794,152,20.529,4.005,1.914,10.362,4.98,16.885,200.2,741.064,627.212,35.889,197.107,211.408,207.206,47.89,0.378,0
2026-07-27 15:09:43.788931,152,20.997,3.958,2.397,10.448,4.081,16.548,217.447,726.641,611.441,45.115,199.399,210.427,206.045,47.897,0.483,0
2026-07-27 15:10:23.075469,152,20.908,4.045,2.138,12.087,4.967,17.192,207.143,891.508,638.515,35.969,199.042,209.827,202.599,48.224,0.437,0
2026-07-27 15:11:00.529945,152,21.177,4.019,2.605,9.546,4.332,15.411,216.571,841.811,586.034,48.493,197.419,204.63,204.923,47.064,0.447,0
2026-07-27 15:11:38.284133,152,21.339,3.962,2.053,12.403,4.669,16.079,210.722,850.596,632.026,49.906,198.821,208.912,204.66,48.552,0.598,0
2026-07-27 15:12:16.007549,152,20.696,3.77,2.734,10.557,4.472,17.238,202.542,795.752,661.04,46.132,197.706,209.345,204.093,48.63,0.42,0
2026-07-27 15:12:53.172734,152,21.562,3.778,2.053,11.755,4.746,16.956,207.021,667.589,601.612,40.367,197.595,208.41,206.244,48.084,0.27,0
2026-07-27 15:13:31.463494,152,21.232,3.912,2.007,14.268,5.01,16.77,216.13,730.268,614.979,45.019,197.94,204.436,206.216,48.277,0.334,0
2026-07-27 15:14:10.888208,152,20.254,3.999,1.616,11.164,4.336,17.117,208.739,630.734,572.084,46.024,198.772,211.696,205.323,47.804,0.418,0
2026-07-27 15:14:49.033117,152,20.221,3.909,2.333,13.34,4.71,15.542,206.271,651.677,626.822,41.1,196.929,212.511,204.23,48.518,0.401,0
2026-07-27 15:15:26.393531,152,21.194,4.094,1.849,7.916,4.672,16.898,206.231,723.809,633.872,35.034,198.603,207.696,204.24,47.506,0.39,0
2026-07-27 15:16:04.680808,152,21.09,3.958,1.806,10.559,5.195,17.032,213.853,841.135,585.166,45.224,200.997,209.461,205.053,47.981,0.391,0
2026-07-27 15:16:40.492335,152,21.148,3.855,2.384,11.555,4.908,16.171,220.504,729.485,617.585,48.967,198.22,208.559,204.451,48.016,0.353,0
2026-07-27 15:17:20.323951,152,21.186,3.958,2.347,15.347,4.506,17.815,197.155,814.088,608.414,48.499,198.043,208.587,204.993,47.977,0.422,0
2026-07-27 15:17:57.381948,152,21.313,4.034,2.34,7.58,4.682,16.598,226.804,756.652,611.724,49.187,197.899,211.43,205.67,48.641,0.484,0
2026-07-27 15:18:32.748620,152,21.674,4.049,1.891,11.308,5.189,15.404,211.222,764.144,624.361,45.943,198.574,211.5,203.16,49.313,0.504,0
2026-07-27 15:19:11.801398,152,20.644,4.282,1.985,14.413,4.979,16.691,213.481,801.077,615.567,39.453,196.068,213.117,204.09,47.934,0.502,0
2026-07-27 15:19:50.967351,152,20.614,3.9,1.982,9.93,4.57,16.14,207.382,673.079,595.83,44.649,200.041,213.056,204.96,48.282,0.343,0
2026-07-27 15:20:27.006706,152,20.653,3.989,2.235,11.074,4.733,17.082,209.979,726.335,624.999,50.651,199.177,209.502,206.878,47.519,0.399,0
2026-07-27 15:21:06.428443,152,21.344,4.064,2.466,12.163,4.741,16.774,211.155,708.203,633.356,48.778,197.227,218.242,206.014,48.619,0.381,0
2026-07-27 15:21:45.873734,152,21.822,3.996,2.11,11.869,4.666,16.201,203.705,801.219,583.374,54.179,198.038,214.495,204.996,47.69,0.436,0
2026-07-27 15:22:28.376462,152,20.984,3.925,2.592,14.632,4.372,17.251,205.166,790.652,599.946,58.935,197.331,208.091,205.483,49.887,0.395,0
2026-07-27 15:23:05.840605,152,19.949,3.768,2.269,12.397,4.631,16.97,217.107,878.087,546.939,55.462,198.359,210.367,204.878,46.998,0.386,0
2026-07-27 15:23:43.716626,152,20.348,3.923,1.93,14.156,5.147,16.086,200.686,794.763,617.508,45.241,198.074,204.241,206.293,49.288,0.487,0
2026-07-27 15:24:20.333130,152,20.783,3.839,2.249,10.78,4.705,16.424,212.646,859.166,636.694,53.825,198.274,210.079,205.521,48.595,0.406,0
2026-07-27 15:24:59.458709,152,20.921,3.741,2.512,10.019,4.774,16.758,207.777,642.582,592.281,36.489,196.766,214.854,206.535,47.327,0.407,0
2026-07-27 15:25:37.448211,152,20.996,3.881,2.599,11.049,4.835,16.318,204.236,764.84,604.003,57.915,197.422,218.066,203.374,49.392,0.425,0
2026-07-27 15:26:17.700690,152,21.219,3.843,2.356,9.182,5.355,16.333,221.832,698.175,593.394,40.249,199.375,209.648,204.033,47.443,0.441,0
2026-07-27 15:26:54.711283,152,21.044,4.088,2.008,12.467,4.802,16.518,204.273,788.285,588.483,51.309,197.359,210.971,205.329,47.811,0.441,0
2026-07-27 15:27:33.787114,152,21.725,4.09,1.935,10.728,5.073,15.967,203.219,789.95,606.965,50.965,194.828,211.755,205.592,47.222,0.493,0
2026-07-27 15:28:11.244828,152,20.862,3.864,2.173,10.156,4.65,15.384,208.878,838.632,576.473,50.901,197.819,215.741,207.88,47.912,0.323,0
2026-07-27 15:28:45.043973,152,20.769,3.961,2.502,12.497,4.735,16.62,205.389,834.989,592.942,41.786,200.894,207.149,202.831,47.968,0.419,0
2026-07-27 15:29:24.475906,152,21.439,3.721,2.13,9.213,4.803,15.506,210.038,742.024,572.863,40.477,199.019,217.701,204.96,48.498,0.394,0
2026-07-27 15:29:58.490353,152,20.432,3.926,2.136,13.041,4.606,16.003,210.932,800.178,617.672,43.467,197.299,209.08,204.906,49.463,0.382,0
2026-07-27 15:30:36.126728,152,21.395,4.06,2.015,10.543,4.749,15.614,211.408,556.275,607.177,45.234,197.939,206.607,205.285,47.692,0.445,0
2026-07-27 15:31:13.798711,152,21.251,4.124,1.902,13.818,5.022,15.676,209.257,745.231,587.063,45.495,198.816,209.086,207.08,46.348,0.478,0
2026-07-27 15:31:51.779628,152,21.126,3.893,1.951,10.715,4.6,16.713,205.787,867.525,601.112,38.799,195.892,207.652,206.052,48.389,0.364,0
2026-07-27 15:32:29.887497,152,21.994,4.158,2.041,12.764,4.8,16.389,213.86,727.704,593.378,38.585,196.973,211.216,203.075,47.67,0.501,0
2026-07-27 15:33:07.972923,152,20.889,3.773,2.515,11.859,4.977,16.371,209.33,770.15,634.317,56.403,198.478,205.208,206.841,49.091,0.314,0
2026-07-27 15:33:46.800729,152,22.23,3.813,1.928,12.988,4.594,15.842,207.026,878.771,586.77,42.203,199.913,210.411,206.807,47.979,0.435,0
2026-07-27 15:34:24.552822,152,21.087,4.106,2.016,11.72,5.074,16.172,218.88,873.711,619.051,53.293,197.473,211.926,205.316,47.545,0.347,0
2026-07-27 15:35:08.516613,152,20.561,4.251,1.74,8.173,4.818,16.688,209.272,854.921,578.844,48.011,199.88,214.3,203.059,47.392,0.361,0
2026-07-27 15:35:45.735957,152,21.235,4.074,2.215,13.518,4.759,16.474,216.552,765.286,624.427,38.167,197.095,211.974,204.818,48.374,0.404,0
2026-07-27 15:36:20.948408,152,20.662,3.994,2.41,11.325,4.298,16.911,217.361,630.278,631.119,44.135,193.937,214.122,205.562,47.835,0.376,0
2026-07-27 15:36:55.733579,152,20.824,3.671,2.487,13.079,4.707,16.983,217.726,803.119,632.535,50.102,198.893,208.244,206.196,48.881,0.228,0
2026-07-27 15:37:35.234404,152,21.399,3.697,2.061,12.88,4.893,16.374,214.147,789.799,644.131,41.512,198.648,211.143,202.875,47.874,0.437,0
2026-07-27 15:38:09.605476,152,21.478,4.019,2.172,9.953,5.236,15.574,209.996,831.352,608.773,43.519,198.883,203.535,204.077,48.849,0.447,0
2026-07-27 15:38:44.847251,152,20.889,3.946,1.954,9.67,4.942,16.122,209.616,704.951,637.138,39.336,198.837,209.669,206.318,47.172,0.39,0
2026-07-27 15:39:19.760681,152,21.694,3.834,2.158,12.811,5.082,16.451,208.535,712.119,648.725,48.816,198.23,211.122,206.802,46.957,0.386,0
2026-07-27 15:39:58.802965,152,21.779,4.01,2.094,10.894,4.498,16.112,196.999,721.782,566.338,40.722,197.689,211.384,205.517,48.498,0.378,0
2026-07-27 15:40:39.836978,152,21.918,4.017,2.017,13.373,4.768,15.973,214.313,846.475,581.903,57.223,197.735,205.435,206.378,47.721,0.297,0
2026-07-27 15:41:15.684780,152,21.465,4.142,2.041,11.144,5.105,16.535,211.467,787.34,555.129,42.774,197.448,208.869,205.546,47.842,0.291,0
2026-07-27 15:41:54.647034,152,21.882,4.02,2.136,13.547,4.578,17.715,214.953,729.745,631.834,47.393,197.52,209.273,206.156,47.393,0.448,0
2026-07-27 15:42:26.634798,152,20.26,4.184,1.912,12.347,5.041,16.256,209.298,749.484,554.744,52.193,195.827,208.756,205.174,47.349,0.464,0
2026-07-27 15:43:02.936779,152,21.041,4.001,1.927,12.076,4.983,16.499,213.989,850.186,546.605,39.415,196.543,212.103,205.576,48.381,0.436,0
2026-07-27 15:43:42.310422,152,20.766,3.983,2.512,10.752,4.869,15.844,201.735,732.374,567.078,45.386,197.804,209.371,203.534,47.989,0.423,0
2026-07-27 15:44:19.598367,152,21.26,4.16,2.813,11.965,4.718,17.122,202.984,811.523,547.851,41.659,195.311,210.288,205.867,47.364,0.447,0
2026-07-27 15:44:59.864753,152,20.914,3.853,1.639,13.886,4.553,16.937,195.143,747.695,608.165,48.777,195.591,208.58,203.497,48.474,0.443,0
2026-07-27 15:45:32.773079,152,21.117,4.422,1.622,11.392,5.244,16.903,209.194,714.614,567.464,42.124,197.599,213.088,205.865,48.705,0.353,0
2026-07-27 15:46:09.097334,152,22.141,4.056,1.713,12.562,4.958,17.18,205.365,773.225,549.292,46.229,197.846,213.304,204.473,47.935,0.413,0
2026-07-27 15:46:48.129596,152,21.115,4.057,1.969,11.593,4.885,16.286,204.58,727.592,598.744,42.103,197.624,209.106,205.444,48.602,0.382,0
2026-07-27 15:47:27.133240,152,21.407,4.079,2.269,11.749,4.697,16.349,212.008,694.305,600.513,43.507,195.144,218.267,203.857,47.399,0.383,0
2026-07-27 15:48:06.311853,152,21.084,4.282,2.177,14.947,4.809,17.355,207.447,765.073,543.907,43.953,199.863,207.777,204.396,48.346,0.468,0
2026-07-27 15:48:44.784979,152,21.238,4.119,2.052,13.903,4.841,16.816,201.401,723.418,578.589,53.348,196.277,212.921,205.442,48.097,0.494,0
2026-07-27 15:49:20.176375,152,21.203,3.759,2.159,11.659,4.9,15.39,225.269,759.314,597.761,44.96,197.018,207.242,205.905,47.525,0.259,0
2026-07-27 15:49:56.399994,152,21.424,4.211,1.792,11.929,4.984,16.727,209.778,726.432,589.295,42.7,196.486,212.242,206.313,49.232,0.385,0
2026-07-27 15:50:39.681351,152,21.783,3.949,1.927,10.096,4.604,16.209,203.501,770.509,590.116,43.755,199.559,212.016,203.62,48.14,0.382,0
2026-07-27 15:51:14.809971,152,22.024,4.016,1.994,11.154,4.433,16.949,205.981,755.321,635.379,40.787,198.506,207.066,203.199,47.646,0.47,0
2026-07-27 15:51:49.582469,152,21.355,3.808,1.525,12.119,4.821,16.704,208.961,674.913,664.396,44.544,197.432,209.621,203.83,48.012,0.313,0
2026-07-27 15:52:29.132621,152,21.495,4.079,1.652,13.201,4.363,15.63,208.949,761.078,590.601,50.183,197.348,215.416,203.721,47.478,0.221,0
2026-07-27 15:53:04.717487,152,20.625,3.902,1.664,12.998,4.719,16.634,217.813,741.598,560.344,45.941,198.216,207.639,206.88,47.306,0.449,0
2026-07-27 15:53:46.803734,152,21.156,4.015,2.229,9.281,4.673,16.605,209.523,791.085,592.963,47.53,196.504,211.165,206.608,47.73,0.458,0
2026-07-27 15:54:31.038272,152,21.67,3.957,2.074,13.454,4.923,16.682,221.131,761.461,605.829,42.452,198.457,210.973,203.804,47.771,0.293,0
2026-07-27 15:55:08.488929,152,21.633,4.289,2.183,11.322,5.296,16.788,207.405,771.929,598.402,44.431,197.342,209.877,207.052,47.517,0.393,0
2026-07-27 15:55:47.194480,152,21.306,4.297,1.448,9.526,4.314,17.248,212.559,729.394,618.321,45.571,198.624,204.98,206.537,48.751,0.492,0
2026-07-27 15:56:21.034261,152,21.643,4.007,1.555,14.173,5.369,16.707,216.132,727.088,666.357,42.969,198.583,212.403,203.044,47.541,0.335,0
2026-07-27 15:57:01.386321,152,21.445,4.01,2.199,14.427,4.742,16.511,217.171,749.256,548.606,46.12,197.288,210.034,203.764,47.441,0.406,0
2026-07-27 15:57:34.282229,152,21.8,3.944,1.166,12.027,4.887,17.074,217.871,739.542,584.788,46.723,195.537,213.201,203.009,47.289,0.43,0
2026-07-27 15:58:09.228086,152,21.345,4.166,2.367,12.918,4.446,17.621,208.368,788.802,646.234,46.52,197.704,210.672,204.896,47.231,0.314,0
2026-07-27 15:58:47.498477,152,21.022,3.951,1.453,13.035,5.049,16.958,209.967,745.554,584.339,44.577,196.261,210.187,205.021,48.616,0.366,0
2026-07-27 15:59:26.747135,152,21.368,3.937,2.253,14.292,4.81,16.603,195.123,714.48,623.685,48.055,198.094,211.08,205.019,48.155,0.299,0
2026-07-27 16:00:01.363848,152,19.735,4.147,1.733,12.956,4.785,16.716,208.824,726.0,618.927,44.279,197.692,207.136,202.568,48.414,0.39,0
2026-07-27 16:00:38.126871,152,21.391,3.919,2.315,8.845,4.316,16.628,216.548,777.986,637.106,44.023,197.294,214.519,203.287,48.611,0.353,0
2026-07-27 16:01:12.338486,152,19.376,3.994,2.962,15.52,4.818,16.509,215.381,745.15,657.4,49.036,196.445,208.911,205.312,47.8,0.412,0
2026-07-27 16:01:49.615664,152,20.338,3.763,1.318,13.631,5.011,17.583,209.481,743.599,609.992,41.9,199.424,208.949,205.747,48.883,0.438,0
2026-07-27 16:02:25.789944,152,21.426,4.106,2.209,10.481,4.741,16.125,220.195,780.745,547.625,40.232,197.456,213.748,202.576,47.624,0.483,0
2026-07-27 16:03:02.340554,152,21.439,4.291,1.458,9.441,5.094,17.077,207.696,723.472,578.988,42.57,200.824,210.717,203.463,47.343,0.54,0
2026-07-27 16:03:41.825327,152,20.619,4.108,2.128,12.51,5.083,16.437,205.703,685.18,665.582,46.084,198.042,209.314,206.227,48.224,0.412,0
2026-07-27 16:04:20.467305,152,20.844,4.219,1.938,10.943,4.64,15.76,207.191,725.267,557.574,48.594,198.422,211.2,203.531,48.087,0.381,0
2026-07-27 16:04:59.746811,152,21.885,3.873,2.039,12.16,5.199,16.406,203.265,757.021,614.904,43.151,198.047,211.815,204.982,48.086,0.378,0
2026-07-27 16:05:37.452234,152,20.958,4.035,1.726,12.987,4.811,16.227,213.734,742.764,524.565,50.082,198.41,209.657,203.417,48.609,0.342,0
2026-07-27 16:06:17.086840,152,22.321,3.859,2.234,10.367,4.812,16.789,211.731,704.748,559.463,45.076,199.311,212.675,205.998,48.064,0.427,0
2026-07-27 16:06:55.006821,152,21.199,3.966,1.565,9.268,4.825,16.546,213.66,779.466,626.608,44.677,199.325,206.315,202.58,48.188,0.37,0
2026-07-27 16:07:31.886461,152,21.404,4.116,2.372,12.272,4.817,15.989,207.514,754.741,601.079,42.62,195.88,210.759,204.635,48.816,0.431,0
2026-07-27 16:08:11.187362,152,22.008,4.015,1.877,10.433,4.142,17.236,209.652,761.281,588.707,50.464,199.027,212.321,206.128,48.16,0.344,0
2026-07-27 16:08:48.221960,152,21.266,3.788,1.579,11.792,4.754,17.045,196.929,762.169,575.569,44.579,198.597,211.803,205.732,48.297,0.372,0
2026-07-27 16:09:25.470725,152,20.699,3.803,2.478,8.813,4.459,17.293,212.257,712.343,540.104,41.27,198.043,203.501,204.443,47.149,0.426,0
2026-07-27 16:10:05.906380,152,21.145,3.793,1.98,10.996,5.207,16.618,210.593,758.783,620.802,51.881,200.055,209.633,204.162,50.231,0.393,0
2026-07-27 16:10:46.127300,152,21.182,4.074,2.572,12.93,5.197,16.482,203.397,776.316,591.506,46.102,200.103,206.479,204.721,47.045,0.285,0
2026-07-27 16:11:23.449825,152,20.518,4.31,2.366,12.712,5.013,16.852,209.372,783.069,554.344,47.237,199.086,213.729,203.453,47.676,0.399,0
2026-07-27 16:12:03.439940,152,21.072,4.204,1.761,9.923,4.74,16.211,208.453,770.917,600.906,49.708,197.348,208.867,204.88,47.658,0.352,0
2026-07-27 16:12:38.525707,152,20.829,3.716,1.975,9.163,4.548,16.565,220.586,764.881,617.437,46.72,196.569,213.407,204.901,49.265,0.471,0
2026-07-27 16:13:15.861455,152,21.662,4.213,2.036,11.532,4.636,16.412,203.633,699.615,593.98,47.73,198.905,206.471,204.498,47.64,0.458,0
2026-07-27 16:13:52.147349,152,21.217,4.14,2.458,12.622,5.286,15.769,211.989,749.567,603.48,45.152,199.631,211.133,206.2,48.265,0.263,0
2026-07-27 16:14:30.143358,152,21.059,3.768,2.131,12.31,4.627,16.564,203.455,722.259,601.144,47.054,195.566,210.023,203.715,47.662,0.448,0
2026-07-27 16:15:09.818214,152,21.147,3.955,2.053,10.476,4.211,16.28,206.653,787.183,578.796,44.904,199.304,218.016,202.955,47.376,0.423,0
2026-07-27 16:15:49.085158,152,21.312,4.164,1.94,12.096,5.058,16.379,211.661,782.781,601.628,44.943,197.694,213.416,204.37,48.342,0.311,0
2026-07-27 16:16:28.041914,152,21.508,4.083,1.985,14.505,5.175,16.682,208.732,722.435,622.057,45.335,195.829,213.23,205.149,47.569,0.453,0
2026-07-27 16:17:06.355395,152,20.7,3.804,2.391,11.91,5.215,17.136,209.964,748.667,631.039,43.889,198.563,215.881,204.872,48.125,0.323,0
2026-07-27 16:17:43.992034,152,20.679,4.092,2.001,8.234,5.06,16.076,211.996,757.207,623.722,46.412,199.091,210.823,204.819,48.376,0.469,0
2026-07-27 16:18:24.730741,152,21.752,3.679,1.882,11.906,5.1,16.332,207.038,776.123,579.747,46.405,197.578,209.711,203.648,49.144,0.361,0
2026-07-27 16:18:59.204658,152,20.994,3.967,1.831,15.588,4.813,16.117,215.305,701.407,619.086,47.293,196.731,209.381,203.821,47.243,0.309,0
2026-07-27 16:19:35.684422,152,20.492,4.171,1.834,8.925,4.281,16.085,208.167,685.921,613.964,46.791,200.055,210.951,204.414,47.908,0.527,0
2026-07-27 16:20:14.622146,152,21.422,4.003,1.579,11.559,4.807,16.203,209.415,751.106,578.709,50.6,197.198,201.967,204.319,47.933,0.307,0
2026-07-27 16:20:56.105715,152,21.432,3.925,1.775,11.047,4.955,16.402,212.168,676.589,586.071,47.947,199.391,210.007,206.318,48.001,0.352,0
2026-07-27 16:21:33.317207,152,20.435,4.133,2.45,11.692,4.766,16.793,211.362,754.599,620.391,44.42,196.184,210.658,205.317,49.541,0.363,0
2026-07-27 16:22:10.722288,152,21.315,4.146,1.938,11.889,4.755,16.66,213.865,767.174,641.307,46.269,198.499,209.548,204.361,47.896,0.373,0
2026-07-27 16:22:45.781273,152,21.568,4.197,2.211,13.78,4.559,15.972,211.902,785.846,545.65,48.956,198.465,205.56,206.314,46.488,0.442,0
2026-07-27 16:23:22.546611,152,21.387,4.131,1.256,11.67,4.55,17.147,212.814,731.946,649.202,42.34,199.048,209.565,205.536,47.881,0.403,0
2026-07-27 16:24:02.161377,152,21.516,4.162,2.17,14.055,5.26,16.972,208.048,754.674,634.925,50.64,199.792,205.552,203.371,47.929,0.46,0
2026-07-27 16:24:43.762167,152,20.498,4.11,1.952,11.265,5.269,16.049,203.587,768.894,605.974,42.831,197.024,215.144,201.11,47.855,0.422,0
2026-07-27 16:25:21.093475,152,21.366,4.04,1.856,10.8,4.799,17.112,201.434,715.904,592.779,47.521,198.625,209.254,203.409,47.569,0.3,0
2026-07-27 16:25:57.271814,152,21.049,4.013,2.054,10.162,4.87,16.663,199.976,776.545,611.713,45.018,196.36,204.018,205.714,47.207,0.433,0
2026-07-27 16:26:35.430847,152,20.959,3.964,1.851,7.866,4.555,16.422,220.576,757.956,580.783,44.857,196.347,209.401,206.07,49.296,0.414,0
2026-07-27 16:27:09.749376,152,21.635,3.818,1.363,12.052,4.961,16.679,196.723,732.442,594.669,41.352,197.306,212.597,203.008,48.191,0.363,0
2026-07-27 16:27:50.566503,152,21.94,3.857,2.277,15.608,5.24,16.487,217.162,754.1,555.749,47.541,198.491,210.511,205.79,47.885,0.524,0
2026-07-27 16:28:25.760432,152,22.097,3.958,2.073,12.416,4.418,16.773,205.075,745.959,547.754,41.393,200.012,207.35,205.745,49.277,0.437,0
2026-07-27 16:29:04.475878,152,21.857,4.036,1.906,12.873,4.916,16.594,217.119,772.622,669.969,40.96,200.231,208.033,206.674,47.479,0.457,0
2026-07-27 16:29:43.157585,152,21.145,4.216,1.71,10.674,4.935,16.331,196.785,739.547,601.892,48.247,197.574,209.168,206.14,48.361,0.459,0
2026-07-27 16:30:22.588833,152,21.376,3.994,1.559,11.011,4.932,15.487,208.589,756.586,606.111,50.011,198.367,208.725,206.622,47.251,0.375,0
2026-07-27 16:31:01.171583,152,21.583,4.151,2.067,13.469,5.211,16.764,218.724,731.993,599.078,43.132,199.132,206.347,205.586,48.45,0.438,0
2026-07-27 16:31:39.177768,152,21.261,4.162,2.484,15.517,5.309,16.313,214.279,722.803,575.167,47.809,198.918,209.804,205.546,47.319,0.419,0
2026-07-27 16:32:18.154973,152,21.265,3.965,2.061,14.476,4.742,16.889,207.976,754.974,590.788,47.23,197.797,206.132,204.595,48.282,0.367,0
2026-07-27 16:32:58.058065,152,21.612,4.089,1.585,13.11,4.968,16.741,198.342,723.994,602.736,44.744,198.091,212.752,205.984,49.172,0.327,0
2026-07-27 16:33:40.153986,152,21.17,3.963,2.068,11.57,4.821,16.326,202.065,773.217,594.101,48.74,197.868,213.106,203.401,48.056,0.401,0
2026-07-27 16:34:15.640241,152,20.835,4.198,1.984,11.919,4.642,17.011,218.335,767.175,577.434,44.542,197.75,207.091,204.834,46.684,0.435,0
2026-07-27 16:34:49.447211,152,20.993,4.095,2.259,9.993,4.868,16.602,207.911,727.812,614.385,46.449,197.59,207.922,205.648,48.021,0.401,0
2026-07-27 16:35:23.920295,152,21.517,3.821,2.182,8.604,4.968,16.582,209.569,756.2,605.651,41.489,197.856,208.773,206.69,48.288,0.389,0
2026-07-27 16:35:57.786028,152,21.201,4.024,1.104,9.246,4.854,16.431,211.701,727.679,611.787,41.609,197.513,209.909,204.426,48.541,0.402,0
2026-07-27 16:36:33.050753,152,21.37,4.247,2.164,11.6,4.58,17.342,202.183,703.475,621.151,48.273,196.637,210.745,206.16,48.884,0.383,0
2026-07-27 16:37:08.026075,152,21.535,3.973,1.699,10.916,4.684,16.143,212.444,732.68,594.884,46.543,199.035,211.343,204.763,48.915,0.493,0
2026-07-27 16:37:45.076758,152,21.013,4.067,1.573,8.561,4.686,16.339,207.482,748.541,594.933,44.601,198.62,211.275,206.184,47.921,0.416,0
2026-07-27 16:38:25.026437,152,21.578,4.082,1.943,11.425,4.589,15.881,211.762,765.121,644.474,50.342,200.252,214.506,204.038,47.604,0.371,0
2026-07-27 16:39:04.454824,152,21.389,3.845,2.123,10.863,4.878,16.863,206.532,754.335,571.68,50.312,198.443,210.175,205.871,47.329,0.292,0
2026-07-27 16:39:41.036136,152,20.583,4.077,1.508,9.154,4.905,16.209,200.561,776.323,543.791,46.23,197.5,206.223,204.886,47.676,0.388,0
2026-07-27 16:40:17.814378,152,21.921,3.791,2.211,10.76,5.045,16.265,207.436,721.546,616.666,40.924,197.248,205.333,203.578,48.286,0.365,0
2026-07-27 16:41:00.398948,152,20.95,3.906,2.229,10.858,4.586,16.242,213.845,739.076,581.119,44.688,198.057,214.744,204.816,47.191,0.363,0
2026-07-27 16:41:39.755058,152,20.372,4.161,2.014,10.267,4.656,16.531,212.364,797.687,567.679,42.669,198.663,211.478,206.586,47.444,0.457,0
2026-07-27 16:42:18.148830,152,20.677,4.054,1.74,13.353,5.189,15.875,210.186,693.999,626.557,45.251,197.706,210.599,203.777,48.337,0.405,0
2026-07-27 16:42:56.425854,152,20.689,3.954,1.706,7.694,4.759,15.378,215.389,736.893,595.657,42.378,196.236,211.302,203.219,47.612,0.299,0
2026-07-27 16:43:33.766371,152,21.226,4.067,2.308,7.528,4.808,16.729,208.778,718.927,562.093,41.651,197.113,210.465,205.478,48.222,0.437,0
2026-07-27 16:44:16.333526,152,21.063,3.991,1.547,11.507,4.756,15.443,210.338,744.333,658.048,38.665,198.022,211.256,202.987,47.511,0.305,0
2026-07-27 16:44:53.900675,152,21.032,4.002,2.319,11.692,5.083,16.927,207.121,737.401,551.679,45.468,198.888,208.919,206.876,48.173,0.442,0
2026-07-27 16:45:32.241069,152,21.51,4.099,1.95,12.308,5.093,17.279,215.74,767.463,597.4,38.563,196.217,213.06,206.846,47.537,0.371,0
2026-07-27 16:46:06.481766,152,21.37,3.891,1.971,10.422,5.078,16.418,211.749,757.41,543.322,44.103,198.318,208.478,206.246,46.859,0.405,0
2026-07-27 16:46:43.030852,152,21.358,4.006,1.488,9.664,4.807,17.15,206.658,712.137,608.12,46.944,198.265,207.38,204.987,48.574,0.399,0
2026-07-27 16:47:19.775216,152,21.405,3.953,1.956,11.485,4.582,16.488,201.066,732.943,580.767,42.978,197.458,205.097,206.998,47.582,0.391,0
2026-07-27 16:47:58.883965,152,21.508,3.762,2.184,10.617,5.281,17.3,216.63,749.997,624.578,41.962,197.296,209.311,206.615,47.851,0.413,0
2026-07-27 16:48:35.116466,152,20.146,3.862,1.599,14.602,5.014,16.272,205.536,771.442,599.478,44.81,197.116,213.676,204.361,47.585,0.405,0
2026-07-27 16:49:13.226617,152,21.018,4.235,2.15,10.852,4.686,15.318,210.432,820.556,640.518,42.68,198.169,208.674,206.727,48.327,0.512,0
2026-07-27 16:49:49.844128,152,20.11,4.058,2.027,11.394,5.156,16.46,224.116,770.381,587.109,45.52,199.352,206.002,203.906,48.2,0.413,0
2026-07-27 16:50:25.334666,152,21.218,3.801,1.807,16.451,4.666,17.354,214.809,720.638,551.864,42.108,199.437,210.826,204.764,48.325,0.415,0
2026-07-27 16:51:00.732518,152,21.198,3.769,2.256,11.11,5.153,16.767,219.667,747.278,607.125,44.707,196.651,208.112,202.848,47.67,0.357,0
2026-07-27 16:51:38.337173,152,21.723,3.983,1.339,12.612,5.17,16.242,206.771,755.248,592.423,44.03,197.776,214.49,205.175,47.97,0.423,0
2026-07-27 16:52:16.572157,152,21.794,4.234,2.104,12.793,4.57,16.664,216.426,734.938,545.422,44.968,195.368,213.116,204.647,48.25,0.339,0
2026-07-27 16:52:54.130464,152,21.301,3.972,2.486,12.963,4.945,16.986,210.16,763.637,568.339,49.578,198.131,206.314,204.457,48.927,0.469,0
2026-07-27 16:53:30.231536,152,20.95,4.196,2.432,12.079,4.996,16.457,212.196,684.13,577.886,45.559,198.717,209.496,204.801,48.184,0.311,0
2026-07-27 16:54:07.917452,152,21.443,4.053,2.117,11.888,5.454,17.813,222.125,766.041,646.662,46.412,199.885,207.81,204.305,47.398,0.349,0
2026-07-27 16:54:45.181669,152,20.936,4.071,1.909,11.701,4.614,16.241,208.328,736.185,621.223,43.251,195.856,206.635,205.05,48.161,0.302,0
2026-07-27 16:55:20.806212,152,21.199,3.8,1.809,10.348,5.158,17.001,210.116,746.819,589.568,45.625,196.694,209.838,206.54,47.901,0.425,0
2026-07-27 16:55:58.995644,152,21.693,4.141,1.909,12.151,4.804,16.881,204.581,792.506,614.126,44.231,198.173,212.373,203.726,46.801,0.375,0
2026-07-27 16:56:41.123189,152,20.921,3.95,2.163,15.557,4.49,16.15,215.331,713.416,538.816,45.083,196.058,209.763,206.035,46.893,0.441,0
2026-07-27 16:57:18.782140,152,21.603,4.129,1.758,13.921,4.77,16.288,206.636,757.909,583.053,46.817,198.207,208.503,205.258,47.96,0.341,0
2026-07-27 16:57:53.450876,152,21.539,3.878,2.227,12.108,4.801,17.009,216.136,773.024,612.03,43.599,198.748,203.602,205.449,48.011,0.432,0
2026-07-27 16:58:34.799158,152,20.723,4.027,2.64,13.212,4.535,16.572,200.101,754.94,604.961,43.885,196.462,208.069,204.963,47.823,0.435,0
2026-07-27 16:59:15.665395,152,21.687,4.053,1.981,9.762,4.878,16.669,213.292,703.188,583.819,43.638,198.159,211.6,204.139,48.531,0.413,0
2026-07-27 16:59:56.931558,152,21.549,3.977,1.597,10.979,5.039,15.682,206.138,789.162,598.851,43.584,196.545,206.108,205.534,47.439,0.402,0
2026-07-27 17:00:34.835302,152,21.251,4.061,1.597,13.396,4.86,16.828,214.383,743.871,610.143,45.485,199.651,213.719,205.623,47.168,0.408,0
2026-07-27 17:01:11.048798,152,20.819,3.96,2.233,14.474,4.665,16.644,209.919,734.701,599.719,43.981,198.248,208.307,204.039,47.505,0.345,0
2026-07-27 17:01:47.012699,152,20.77,3.903,1.982,9.958,4.763,16.468,206.788,740.996,625.83,49.194,197.232,210.562,203.394,47.634,0.335,0
2026-07-27 17:02:27.614690,152,20.931,4.241,2.263,10.533,4.799,16.68,207.681,738.918,609.561,52.502,196.514,208.842,205.102,47.965,0.433,0
2026-07-27 17:03:09.276094,152,21.471,4.157,1.84,15.863,4.854,16.295,204.898,715.485,615.337,43.41,198.467,206.589,205.906,47.521,0.378,0
2026-07-27 17:03:45.177644,152,20.722,3.886,2.249,11.693,5.077,16.204,215.027,754.784,651.407,45.823,199.63,211.277,206.206,46.715,0.427,0
2026-07-27 17:04:17.431800,152,21.419,4.085,1.953,15.147,4.868,16.379,203.708,732.68,624.825,47.906,197.074,208.266,206.444,46.458,0.493,0
2026-07-27 17:04:55.391248,152,20.579,3.889,1.78,11.914,4.449,16.268,208.398,769.456,652.229,44.256,197.472,207.584,205.446,48.074,0.373,0
2026-07-27 17:05:31.329539,152,21.098,3.822,1.88,11.992,4.659,17.59,212.071,765.01,579.843,42.216,197.097,203.109,204.684,47.323,0.364,0
2026-07-27 17:06:07.716972,152,21.255,4.155,1.641,10.889,4.842,16.956,219.681,797.144,552.228,49.867,199.867,213.778,204.997,46.797,0.381,0
2026-07-27 17:06:45.173832,152,22.423,3.744,2.597,13.385,5.081,16.016,209.944,743.863,595.792,46.921,195.71,210.018,203.508,48.375,0.402,0
2026-07-27 17:07:24.108344,152,20.511,4.139,1.971,14.216,5.124,17.518,208.545,726.706,593.232,45.892,199.543,213.209,204.181,48.927,0.437,0
2026-07-27 17:08:00.327747,152,21.936,3.962,2.193,9.43,5.244,16.284,211.642,707.377,643.782,49.061,197.547,211.799,204.936,47.943,0.398,0
2026-07-27 17:08:38.638002,152,21.275,3.968,1.839,10.795,4.833,16.515,197.559,813.607,566.099,47.157,197.914,213.209,204.68,48.161,0.525,0
2026-07-27 17:09:16.350370,152,21.406,4.061,1.684,13.33,4.991,16.949,202.808,769.201,597.634,44.866,197.591,208.364,205.11,48.166,0.425,0
2026-07-27 17:09:49.094176,152,21.259,4.087,1.93,11.241,4.436,15.515,207.748,729.92,612.155,42.265,198.288,206.02,203.35,46.612,0.447,0
2026-07-27 17:10:28.336719,152,21.422,3.876,2.33,10.513,4.907,16.381,205.722,799.101,603.003,43.619,197.124,212.212,203.618,48.533,0.398,0
2026-07-27 17:11:05.308428,152,21.123,4.108,1.844,13.519,4.531,16.213,200.395,789.329,594.854,48.374,199.27,210.378,205.931,48.744,0.461,0
2026-07-27 17:11:40.426821,152,21.927,4.017,1.739,13.707,4.784,16.603,215.147,710.813,610.757,46.91,199.319,208.648,204.0,49.102,0.388,0
2026-07-27 17:12:16.771546,152,20.972,3.812,2.047,10.601,5.557,16.685,211.559,728.149,632.373,44.477,196.82,212.154,204.189,47.737,0.361,0
2026-07-27 17:12:55.234308,152,21.766,3.975,2.15,11.925,4.876,16.461,210.842,746.163,646.072,49.946,198.801,210.894,205.114,47.319,0.454,0
2026-07-27 17:13:33.339719,152,20.878,4.207,2.493,9.083,4.584,16.438,205.836,718.968,600.984,44.56,197.572,211.853,203.883,48.815,0.397,0
2026-07-27 17:14:12.809026,152,21.17,4.251,2.106,9.709,4.902,17.033,210.476,747.199,575.525,47.765,198.062,207.035,206.328,48.299,0.415,0
2026-07-27 17:14:51.804436,152,20.664,4.108,2.193,11.748,4.671,16.651,213.087,770.647,646.036,45.616,199.83,212.835,203.492,48.525,0.459,0
2026-07-27 17:15:27.133180,152,21.428,3.821,2.216,11.563,4.56,16.521,208.411,710.175,567.671,50.412,197.191,209.987,205.002,47.612,0.408,0
2026-07-27 17:15:58.397355,152,21.923,4.074,1.654,9.566,5.326,16.574,212.667,758.497,653.717,47.109,199.112,213.146,204.102,48.163,0.391,0
2026-07-27 17:16:36.673019,152,21.161,4.128,1.711,10.068,5.067,17.418,205.224,783.886,640.324,45.129,198.549,212.808,205.187,47.368,0.368,0
2026-07-27 17:17:16.111588,152,21.102,4.109,1.675,9.37,4.886,16.586,210.585,761.606,644.682,44.499,197.767,211.99,204.403,47.997,0.464,0
2026-07-27 17:17:53.650015,152,20.643,4.118,1.6,12.41,4.702,16.243,216.855,747.807,620.562,44.957,198.441,209.678,204.972,47.791,0.379,0
2026-07-27 17:18:33.156193,152,21.085,4.054,2.239,7.565,4.722,15.546,217.392,730.625,536.625,42.969,198.298,212.058,206.466,49.406,0.397,0
2026-07-27 17:19:08.872448,152,20.404,3.989,2.087,9.477,5.186,15.783,217.966,774.094,568.826,41.173,196.61,213.221,204.175,48.329,0.417,0
2026-07-27 17:19:46.083524,152,20.744,3.909,2.024,7.774,4.877,16.266,211.713,715.869,609.207,45.864,197.272,211.76,204.165,46.709,0.417,0
2026-07-27 17:20:21.984609,152,21.313,3.715,1.222,12.338,4.029,16.446,210.19,757.041,579.731,43.506,196.746,210.588,204.621,47.999,0.461,0
2026-07-27 17:21:01.574449,152,21.86,4.051,2.617,7.895,5.405,16.222,207.307,750.74,590.542,43.499,197.668,212.064,206.769,48.221,0.396,0
2026-07-27 17:21:37.498735,152,22.605,4.028,1.732,11.563,4.846,16.676,199.155,782.643,618.384,44.751,199.614,208.475,204.892,47.716,0.483,0
2026-07-27 17:22:20.195191,152,20.907,4.084,2.616,14.779,4.886,16.216,201.931,733.1,594.901,45.146,198.697,214.391,206.481,47.338,0.385,0
2026-07-27 17:22:57.050645,152,21.918,3.799,1.565,14.847,5.072,16.043,208.992,735.566,563.429,45.021,196.281,205.123,204.788,48.396,0.422,0
2026-07-27 17:23:36.870497,152,21.322,4.097,1.756,7.888,4.916,16.806,209.35,713.986,626.57,49.867,197.672,210.1,206.428,47.423,0.389,0
2026-07-27 17:24:13.755245,152,21.124,4.308,1.339,12.097,4.987,17.185,218.473,762.681,615.447,46.855,198.28,208.823,205.489,48.345,0.526,0
2026-07-27 17:24:54.805022,152,21.416,4.012,2.109,9.522,4.694,15.946,217.889,737.709,592.53,50.902,198.893,208.141,205.665,47.372,0.379,0
2026-07-27 17:25:35.767902,152,21.231,3.991,1.67,9.114,4.493,16.622,205.881,725.0,621.338,43.771,197.219,210.885,203.277,47.68,0.384,0
2026-07-27 17:26:13.029716,152,21.255,4.046,1.678,11.273,4.87,15.547,214.91,727.762,602.851,47.194,196.515,206.736,203.099,48.574,0.407,0
2026-07-27 17:26:51.656031,152,20.996,4.305,1.588,13.957,5.158,15.763,207.138,765.576,639.941,43.926,197.932,216.241,206.284,48.294,0.384,0
2026-07-27 17:27:32.560654,152,20.501,3.846,2.233,12.699,4.638,16.206,214.096,718.014,604.536,43.429,198.683,206.079,206.269,48.019,0.419,0
2026-07-27 17:28:11.254526,152,20.428,4.03,2.213,10.07,4.618,17.067,214.836,720.589,639.718,51.008,198.282,207.241,207.906,47.982,0.474,0
2026-07-27 17:28:47.155272,152,21.527,3.88,2.544,12.91,5.105,16.111,217.453,775.994,543.79,42.849,196.938,206.968,203.217,48.054,0.409,0
2026-07-27 17:29:25.315022,152,21.062,3.918,1.794,7.013,4.686,16.092,207.044,745.183,613.777,38.751,200.106,210.576,205.583,47.525,0.411,0
2026-07-27 17:30:01.609075,152,20.902,3.993,2.066,9.994,4.697,16.518,216.086,777.708,588.064,43.018,197.881,212.942,203.771,47.09,0.386,0
2026-07-27 17:30:39.953343,152,21.204,4.202,1.613,9.852,4.707,16.519,198.763,739.579,574.228,39.377,198.232,211.525,204.111,48.342,0.37,0
2026-07-27 17:31:16.157905,152,21.597,4.27,1.899,11.657,4.784,16.107,217.777,749.967,634.755,42.336,197.206,214.27,204.397,48.918,0.406,0
2026-07-27 17:31:55.007902,152,21.29,4.067,1.844,11.094,4.407,17.493,209.85,754.533,626.673,42.596,199.328,207.601,205.459,48.363,0.4,0
2026-07-27 17:32:28.929457,152,20.872,3.944,2.139,11.217,4.665,16.367,209.978,790.231,539.806,45.099,198.686,211.91,204.203,48.153,0.47,0
2026-07-27 17:33:04.371341,152,21.813,4.374,2.305,11.151,4.858,16.557,197.775,787.87,621.465,39.261,198.378,209.12,205.04,47.275,0.342,0
2026-07-27 17:33:40.562791,152,21.99,3.936,2.297,11.545,4.856,16.299,207.668,783.444,617.824,48.349,196.618,210.661,205.998,48.526,0.487,0
2026-07-27 17:34:18.197503,152,21.447,3.914,1.747,12.58,5.089,16.72,218.133,731.764,578.308,39.748,199.313,213.215,206.354,48.289,0.391,0
2026-07-27 17:34:52.749956,152,21.687,3.734,2.3,11.799,5.26,17.117,207.44,721.382,574.941,44.642,198.908,205.092,205.831,48.456,0.409,0
2026-07-27 17:35:28.735675,152,21.821,4.209,1.987,10.931,5.178,17.332,214.281,772.063,552.283,44.092,199.218,215.774,205.542,48.62,0.336,0
2026-07-27 17:36:08.509791,152,21.765,4.145,1.903,12.303,5.029,16.119,210.207,789.926,589.874,47.311,198.044,209.579,204.83,48.952,0.434,0
2026-07-27 17:36:48.555328,152,21.507,4.363,1.787,13.152,4.763,17.05,216.376,783.722,594.675,45.984,197.91,205.341,204.317,47.331,0.342,0
2026-07-27 17:37:20.778663,152,21.499,3.792,1.832,10.388,4.644,16.775,211.149,750.378,623.91,48.323,197.781,207.991,205.647,47.227,0.422,0
2026-07-27 17:37:57.440883,152,21.46,4.219,2.523,11.381,4.804,16.987,204.409,771.106,608.081,43.988,200.735,210.297,203.739,48.089,0.417,0
2026-07-27 17:38:38.347510,152,20.651,4.011,2.092,13.824,4.946,16.454,210.339,771.616,568.203,43.699,197.349,207.99,205.143,47.446,0.38,0
2026-07-27 17:39:17.227678,152,21.55,4.121,2.052,9.294,5.005,16.406,219.607,754.319,607.166,46.156,196.577,204.061,203.709,47.343,0.276,0
2026-07-27 17:39:56.156433,152,20.522,3.753,1.921,15.109,4.956,16.968,212.986,755.579,592.379,47.882,197.552,210.281,204.95,48.732,0.53,0
2026-07-27 17:40:35.442688,152,20.803,4.22,2.734,8.822,4.77,16.977,209.301,752.848,571.955,47.31,197.36,207.907,203.736,47.395,0.337,0
2026-07-27 17:41:11.256327,152,21.852,4.118,2.392,10.809,4.997,17.283,223.534,727.145,552.315,45.901,199.512,211.888,204.519,47.993,0.416,0
2026-07-27 17:41:49.744317,152,21.62,3.994,1.784,9.6,5.115,16.599,216.955,730.104,618.744,45.651,196.373,206.902,204.189,47.021,0.356,0
2026-07-27 17:42:28.819870,152,21.944,4.097,1.918,15.876,5.02,16.447,214.9,729.657,613.392,44.898,197.326,216.558,204.044,48.038,0.463,0
2026-07-27 17:43:07.064012,152,21.064,3.885,1.936,10.493,4.792,15.27,211.904,703.622,616.703,46.148,198.229,211.49,204.895,48.71,0.377,0
2026-07-27 17:43:44.166529,152,20.624,3.913,2.044,10.498,4.592,15.694,214.382,754.143,578.153,50.698,199.522,210.571,202.091,48.728,0.355,0
2026-07-27 17:44:22.056893,152,21.08,3.93,1.79,10.759,4.586,16.303,214.576,748.823,605.132,44.321,198.856,211.807,202.837,48.627,0.436,0
2026-07-27 17:44:57.457363,152,21.251,3.722,2.132,11.691,4.63,15.949,196.903,772.097,558.739,43.979,199.943,204.718,205.964,47.953,0.324,0
2026-07-27 17:45:36.857640,152,21.239,4.129,2.436,10.843,4.864,16.907,212.37,786.561,570.403,43.765,198.415,208.559,205.177,48.667,0.375,0
2026-07-27 17:46:11.585077,152,21.767,4.179,1.606,11.234,4.93,15.845,209.035,788.405,601.012,46.09,197.756,215.171,204.132,48.258,0.441,0
2026-07-27 17:46:47.724006,152,21.019,3.895,1.662,4.442,4.446,16.249,207.001,791.135,607.871,39.059,199.027,209.072,206.169,47.737,0.49,0
2026-07-27 17:47:27.278476,152,21.376,4.052,1.855,11.614,4.674,16.269,208.827,728.045,551.135,44.622,196.359,209.818,204.233,48.229,0.342,0
2026-07-27 17:48:05.940261,152,20.706,3.96,1.869,11.536,4.861,17.102,200.665,708.473,568.274,47.466,195.948,208.647,204.304,48.531,0.363,0
2026-07-27 17:48:42.836398,152,21.425,4.049,2.6,13.577,4.575,16.196,199.172,776.992,589.038,43.527,199.172,214.247,204.06,47.203,0.421,0
2026-07-27 17:49:16.931984,152,21.202,3.906,2.301,14.118,4.908,16.726,217.479,790.082,628.756,45.523,198.253,209.291,207.288,47.364,0.28,0
2026-07-27 17:49:54.826801,152,20.825,3.867,2.283,11.125,4.723,16.598,212.773,795.124,575.607,50.906,199.157,206.37,205.282,47.914,0.481,0
2026-07-27 17:50:31.389999,152,21.082,4.158,1.921,13.132,4.619,16.952,195.522,764.065,604.217,45.928,196.977,217.479,205.235,47.267,0.34,0
2026-07-27 17:51:10.485351,152,21.108,3.99,1.914,9.297,4.813,16.925,206.542,692.096,607.362,38.73,199.542,206.012,205.56,47.258,0.374,0
2026-07-27 17:51:47.307448,152,21.065,4.303,1.564,13.035,4.898,16.483,215.283,760.603,592.509,41.052,198.804,209.718,202.777,47.748,0.416,0
2026-07-27 17:52:21.315927,152,22.086,4.007,2.235,10.355,4.588,15.652,208.32,766.108,608.041,44.297,197.963,207.559,204.287,48.595,0.403,0
2026-07-27 17:52:56.161019,152,21.151,3.861,2.147,9.131,4.739,16.384,217.47,786.31,559.652,42.749,198.249,207.965,205.546,48.584,0.342,0
2026-07-27 17:53:33.187471,152,21.078,4.184,2.386,11.129,4.917,16.49,216.299,791.459,580.326,45.289,198.416,206.926,204.995,48.193,0.503,0
2026-07-27 17:54:11.435460,152,20.151,4.095,1.937,14.301,4.609,16.643,201.86,776.379,643.031,44.175,196.972,208.434,207.647,48.108,0.245,0
2026-07-27 17:54:46.781797,152,20.753,4.109,1.957,11.862,4.386,16.131,209.14,732.969,645.143,48.265,197.538,212.854,204.358,49.252,0.333,0
2026-07-27 17:55:23.052451,152,21.068,4.179,2.051,14.493,4.416,17.07,207.311,720.156,625.288,41.944,198.397,204.484,206.132,47.676,0.362,0
2026-07-27 17:56:02.859291,152,20.857,3.902,2.268,10.003,4.695,16.507,201.665,765.485,633.012,44.419,197.49,213.656,205.967,48.145,0.343,0
2026-07-27 17:56:43.389280,152,21.891,3.981,1.559,13.596,4.47,16.04,201.274,727.02,545.223,45.608,196.237,213.156,205.171,47.647,0.473,0
2026-07-27 17:57:22.020646,152,21.118,3.974,2.221,10.196,4.713,16.271,205.164,792.779,571.539,45.955,198.354,211.476,205.389,47.228,0.3,0
2026-07-27 17:57:59.370762,152,21.844,3.806,1.994,11.951,5.216,17.464,206.154,700.568,590.667,45.411,199.003,210.366,204.652,48.711,0.493,0
2026-07-27 17:58:35.953937,152,21.231,3.96,1.682,11.933,4.455,16.832,211.699,766.44,672.469,38.248,199.282,210.802,202.632,47.817,0.383,0
2026-07-27 17:59:15.183368,152,21.219,4.2,1.375,12.823,4.729,17.024,216.265,759.267,590.607,45.233,198.639,214.128,205.419,48.417,0.318,0
2026-07-27 17:59:52.462048,152,21.156,4.036,1.959,12.001,5.333,15.979,213.082,744.004,622.347,44.578,198.982,204.937,205.514,47.852,0.274,0
2026-07-27 18:00:32.559938,152,21.202,3.798,2.434,10.022,4.902,16.156,214.502,723.172,611.351,47.42,199.185,212.109,205.703,48.748,0.387,0
2026-07-27 18:01:12.777658,152,22.059,3.767,2.502,13.261,4.708,16.159,208.4,690.208,610.684,47.024,198.096,207.836,205.076,47.402,0.358,0
2026-07-27 18:01:51.712634,152,20.04,4.25,2.107,14.963,4.761,16.592,213.618,734.589,599.294,45.674,195.457,212.395,206.164,48.698,0.414,0
2026-07-27 18:02:28.578059,152,20.199,3.986,2.589,10.332,4.907,16.413,209.11,735.097,563.999,45.877,199.392,208.221,203.961,48.537,0.373,0
2026-07-27 18:03:05.619581,152,20.928,3.903,1.987,7.83,5.224,16.255,207.351,782.24,518.965,48.787,196.928,212.05,206.762,46.923,0.457,0
2026-07-27 18:03:39.871939,152,21.207,3.959,2.286,12.499,4.667,16.318,221.383,727.297,638.455,48.221,196.643,205.509,203.815,47.69,0.391,0
2026-07-27 18:04:17.751885,152,21.545,3.778,1.865,10.838,4.611,16.103,196.017,763.13,581.505,45.771,196.676,205.092,204.871,48.612,0.375,0
2026-07-27 18:04:55.561067,152,21.437,4.213,1.846,11.238,4.455,16.41,198.76,712.525,543.987,51.007,200.981,209.672,205.817,48.982,0.458,0
2026-07-27 18:05:30.420308,152,21.008,3.941,1.797,12.612,4.826,17.057,212.296,763.927,613.139,43.241,198.529,214.163,204.382,48.429,0.414,0
2026-07-27 18:06:13.810579,152,21.71,4.205,1.382,10.587,4.449,15.743,208.41,685.107,612.564,41.681,196.75,211.555,205.899,47.762,0.446,0
2026-07-27 18:06:53.078822,152,21.715,4.008,2.386,10.962,4.684,16.673,201.378,810.764,623.037,44.97,197.18,211.534,204.589,47.419,0.469,0
2026-07-27 18:07:29.162606,152,21.292,4.214,1.808,11.3,4.573,17.19,203.672,745.909,633.471,43.953,197.999,212.495,205.142,48.34,0.382,0
2026-07-27 18:08:11.846164,152,21.681,4.039,1.76,14.44,5.069,16.408,204.454,668.959,572.43,38.097,198.651,208.849,204.783,47.744,0.402,0
2026-07-27 18:08:48.715172,152,21.336,4.128,1.646,11.56,4.673,16.236,215.354,729.185,573.751,43.173,198.335,211.771,204.308,47.77,0.451,0
2026-07-27 18:09:28.608345,152,20.919,4.108,1.939,9.029,4.899,16.962,217.274,724.606,590.439,45.962,196.886,208.319,207.701,47.866,0.253,0
2026-07-27 18:10:06.808147,152,21.549,4.093,2.529,9.108,4.399,16.008,219.837,730.981,624.649,44.838,198.381,209.089,203.992,48.529,0.394,0
2026-07-27 18:10:43.755338,152,21.255,4.052,2.628,11.778,4.833,16.489,200.466,739.425,536.921,42.826,197.267,209.449,202.257,49.084,0.387,0
2026-07-27 18:11:20.987111,152,21.201,3.965,1.502,9.241,4.499,15.98,201.797,730.784,603.846,45.119,199.256,208.418,204.036,48.616,0.422,0
2026-07-27 18:12:02.262677,152,21.936,4.287,1.894,8.375,4.694,15.565,201.386,726.324,627.964,45.345,198.068,209.808,205.158,48.006,0.352,0
2026-07-27 18:12:42.260481,152,19.975,3.864,1.69,12.771,5.353,16.424,217.733,716.398,626.726,47.002,197.089,209.262,204.548,47.46,0.466,0
2026-07-27 18:13:19.981398,152,20.491,4.001,2.297,12.869,5.033,15.868,212.503,773.832,621.257,43.204,198.827,207.948,206.222,48.401,0.356,0
2026-07-27 18:13:53.306659,152,20.606,4.002,2.086,10.764,4.768,16.494,210.481,784.833,631.89,47.447,198.46,209.592,206.179,48.999,0.372,0
2026-07-27 18:14:32.000755,152,21.018,4.06,1.809,12.087,5.6,17.058,211.378,742.617,517.585,41.946,197.43,210.45,204.618,48.602,0.36,0
2026-07-27 18:15:07.158792,152,21.073,3.936,2.022,11.876,4.571,17.427,209.659,749.489,648.404,43.591,198.876,206.81,202.981,48.125,0.474,0
2026-07-27 18:15:46.386784,152,20.446,4.047,1.857,12.705,5.091,16.547,203.273,717.336,609.912,49.757,198.755,211.211,203.46,47.707,0.275,0
2026-07-27 18:16:22.758741,152,20.707,3.975,2.484,12.709,4.417,17.01,213.079,752.06,640.04,42.133,199.442,208.568,204.961,48.207,0.507,0
2026-07-27 18:16:59.369245,152,20.77,3.763,2.164,6.288,4.739,16.699,208.883,756.669,564.761,43.155,198.852,210.575,203.123,48.693,0.488,0
2026-07-27 18:17:35.914412,152,22.429,4.001,2.201,11.019,4.463,16.308,202.798,743.637,547.385,41.491,197.743,208.071,204.559,48.139,0.366,0
2026-07-27 18:18:16.241186,152,22.101,3.835,1.2,12.536,4.864,15.538,213.446,761.486,653.591,42.684,195.971,213.046,206.706,47.938,0.462,0
2026-07-27 18:18:50.214096,152,20.994,3.74,1.98,10.679,4.814,17.313,207.445,758.953,572.204,45.387,198.224,212.773,205.411,47.588,0.408,0
2026-07-27 18:19:29.896193,152,21.018,4.021,2.625,11.572,4.723,15.975,211.365,719.43,590.675,46.978,198.41,206.957,205.055,49.554,0.499,0
2026-07-27 18:20:08.676639,152,20.625,4.073,2.398,13.001,5.073,17.191,209.25,784.598,615.824,44.948,198.061,211.522,203.751,47.465,0.457,0
2026-07-27 18:20:46.511030,152,20.246,4.079,1.446,11.662,4.658,16.768,215.348,743.978,623.187,44.091,194.387,214.194,205.218,47.41,0.532,0
2026-07-27 18:21:23.489480,152,21.142,4.085,1.906,14.516,4.882,16.012,211.321,798.592,632.352,41.52,198.815,207.25,204.69,48.098,0.306,0
2026-07-27 18:22:02.598659,152,20.701,3.71,1.64,13.754,5.005,16.656,204.698,762.192,606.702,42.964,196.906,207.48,205.286,47.879,0.411,0
2026-07-27 18:22:39.595409,152,21.158,3.796,2.513,11.263,4.429,17.566,211.932,807.157,568.371,40.671,198.823,212.132,205.873,48.614,0.297,0
2026-07-27 18:23:16.571527,152,20.4,4.296,2.073,11.104,4.613,17.268,212.128,784.083,621.199,47.062,200.041,206.209,206.078,48.634,0.369,0
2026-07-27 18:23:54.716885,152,20.819,3.843,1.77,5.799,4.813,16.244,213.068,756.588,621.677,47.257,197.697,207.745,205.155,47.271,0.535,0
2026-07-27 18:24:36.637928,152,21.274,4.092,2.01,10.847,4.958,16.144,216.215,729.03,545.549,44.887,198.526,207.057,205.614,47.547,0.428,0
2026-07-27 18:25:11.188581,152,21.383,3.897,1.218,8.793,5.155,16.55,206.304,729.655,642.561,46.236,198.039,212.168,204.386,47.475,0.459,0
2026-07-27 18:25:50.330187,152,21.409,4.012,1.675,11.942,4.746,16.417,214.008,765.458,525.388,47.453,198.631,207.992,206.359,48.471,0.431,0
2026-07-27 18:26:28.004050,152,20.54,3.905,2.011,11.806,4.721,17.1,199.651,754.151,631.032,45.283,198.124,209.175,203.935,48.257,0.427,0
2026-07-27 18:27:05.501092,152,21.627,4.084,2.254,12.892,4.582,16.87,209.28,732.918,580.977,48.902,197.38,207.83,204.751,47.777,0.369,0
2026-07-27 18:27:40.019597,152,20.8,4.021,1.418,14.293,4.882,15.654,208.352,774.159,621.165,42.133,196.914,213.331,206.484,48.13,0.357,1
2026-07-27 18:28:14.016410,152,21.516,3.933,1.886,11.447,4.726,16.729,218.687,751.124,615.306,44.024,199.909,207.508,204.422,47.324,0.367,0
2026-07-27 18:28:52.791455,152,21.195,3.842,2.303,16.061,4.731,16.41,209.062,774.331,598.886,43.69,198.526,205.918,203.391,47.554,0.236,0
2026-07-27 18:29:27.897354,152,20.512,4.04,1.565,11.965,4.777,16.519,213.648,721.711,613.533,46.812,198.997,205.804,204.507,47.22,0.395,0
2026-07-27 18:30:08.214680,152,21.042,3.818,2.069,8.88,4.938,16.624,199.429,778.985,597.407,40.984,198.479,212.012,206.67,48.087,0.414,0
2026-07-27 18:30:43.898521,152,21.383,4.064,2.02,10.376,4.659,17.099,207.889,764.529,621.419,49.054,199.171,212.221,202.275,48.085,0.363,0
2026-07-27 18:31:23.154749,152,21.506,4.394,2.514,10.755,4.607,16.989,204.922,784.73,665.558,46.573,196.925,213.621,205.123,47.409,0.392,0
2026-07-27 18:31:59.841349,152,21.13,4.203,1.931,12.684,4.908,16.125,224.853,778.345,559.763,49.901,198.1,206.343,204.239,48.253,0.432,0
2026-07-27 18:32:36.418627,152,21.966,4.108,1.949,9.606,4.044,16.471,205.999,747.536,504.356,44.886,198.607,209.329,204.799,48.634,0.453,0
2026-07-27 18:33:12.335038,152,21.704,3.987,2.256,10.904,4.649,16.276,210.44,745.204,587.53,43.459,199.551,217.039,204.582,47.382,0.328,0
2026-07-27 18:33:51.330980,152,21.072,3.709,1.602,11.178,4.512,15.659,210.759,801.708,585.479,46.84,201.208,209.123,206.153,47.804,0.352,0
2026-07-27 18:34:30.962483,152,21.575,3.802,1.934,10.604,5.101,16.445,200.463,741.574,588.673,47.886,198.489,208.366,205.065,48.308,0.445,0
2026-07-27 18:35:08.243070,152,22.167,4.192,1.863,13.123,4.69,17.422,206.844,771.705,572.207,43.0,197.207,209.939,206.213,47.996,0.435,0
2026-07-27 18:35:47.591020,152,22.18,3.882,1.958,12.783,4.66,15.644,212.429,738.94,626.173,39.407,196.565,211.537,206.541,47.177,0.481,0
2026-07-27 18:36:25.619767,152,20.586,3.895,2.255,13.833,4.788,16.488,210.514,696.005,558.56,39.886,196.914,211.488,205.036,47.736,0.478,0
2026-07-27 18:37:00.577726,152,20.737,3.975,2.166,10.838,4.651,16.472,196.198,714.407,613.523,45.732,197.071,208.218,204.569,47.716,0.545,0
2026-07-27 18:37:39.440782,152,21.942,3.841,1.775,13.905,4.699,16.644,206.598,761.772,619.154,49.313,194.519,208.303,205.453,47.898,0.382,0
2026-07-27 18:38:16.755557,152,20.671,3.816,2.041,8.772,4.824,16.019,216.125,770.333,609.494,41.358,197.189,209.14,205.684,47.923,0.495,0
2026-07-27 18:38:48.794962,152,20.539,3.992,2.447,8.723,4.694,15.787,213.529,761.867,614.614,44.237,198.86,207.883,203.616,48.94,0.345,0
2026-07-27 18:39:25.904001,152,20.957,3.866,1.751,9.072,4.693,15.811,217.308,783.233,628.478,44.024,198.09,206.419,205.283,47.875,0.544,0
2026-07-27 18:40:00.042821,152,21.41,3.889,2.044,11.518,4.547,17.165,204.086,761.347,601.607,50.377,197.69,215.243,204.696,46.969,0.427,0
2026-07-27 18:40:35.234910,152,21.149,3.883,1.942,13.905,4.512,16.009,217.686,727.518,589.605,51.324,196.054,208.82,204.496,48.055,0.433,0
2026-07-27 18:41:12.667300,152,20.875,4.078,1.981,10.296,4.815,16.25,209.734,767.235,614.591,46.188,199.26,208.984,204.171,49.049,0.459,0
2026-07-27 18:41:50.495801,152,20.863,3.965,1.511,10.547,4.877,17.552,219.553,754.919,618.011,47.514,198.614,209.075,204.249,47.9,0.319,0
2026-07-27 18:42:26.591879,152,20.844,3.973,2.423,11.068,4.443,16.133,210.02,733.309,626.69,47.437,197.984,209.767,206.507,47.737,0.336,0
2026-07-27 18:43:05.794124,152,20.76,4.09,1.768,12.646,4.99,16.671,197.715,763.703,548.628,41.415,195.357,211.261,204.563,47.817,0.407,0
2026-07-27 18:43:43.533015,152,22.341,3.979,2.308,10.545,4.991,17.032,215.096,752.302,594.494,46.956,197.411,208.651,206.373,48.35,0.421,0
2026-07-27 18:44:20.566343,152,21.349,3.958,1.814,10.433,5.044,17.008,207.339,732.455,568.039,42.145,198.52,213.304,205.157,47.814,0.525,0
2026-07-27 18:44:58.665305,152,21.643,4.071,1.812,8.809,4.875,15.834,207.743,744.842,616.829,44.52,197.966,211.734,203.641,47.091,0.343,0
2026-07-27 18:45:39.412839,152,20.955,4.1,2.364,10.357,4.959,16.143,201.281,790.993,621.801,48.191,198.23,209.446,205.229,47.597,0.492,0
2026-07-27 18:46:12.510116,152,21.107,3.978,2.298,13.855,5.346,16.651,219.733,790.046,591.768,45.227,198.823,208.068,203.574,47.961,0.384,0
2026-07-27 18:46:53.473031,152,20.843,4.012,2.063,11.682,4.725,17.465,206.873,755.456,578.122,48.087,198.186,213.146,205.729,48.321,0.383,0
2026-07-27 18:47:30.067086,152,19.874,3.883,2.228,10.02,4.539,16.119,219.45,751.661,617.909,48.638,198.78,209.53,204.751,47.65,0.39,0
2026-07-27 18:48:06.291147,152,20.511,3.871,1.913,13.972,4.416,16.253,207.413,708.442,596.003,40.081,196.988,206.396,206.026,47.822,0.382,0
2026-07-27 18:48:43.374187,152,20.295,4.115,1.997,10.33,5.239,16.71,204.434,799.862,642.794,38.902,196.533,212.961,206.72,48.027,0.429,0
2026-07-27 18:49:19.352503,152,20.075,4.067,1.802,14.34,5.242,16.81,217.917,780.054,653.189,48.254,198.573,207.894,202.918,47.534,0.376,0
2026-07-27 18:49:54.980448,152,20.602,4.068,2.271,14.307,4.569,16.84,209.56,771.807,630.021,48.367,198.819,212.519,204.447,47.945,0.315,0
2026-07-27 18:50:34.911210,152,21.862,4.042,1.792,11.612,4.618,16.077,209.619,684.033,606.98,45.718,198.623,202.709,203.549,48.28,0.384,0
2026-07-27 18:51:13.275293,152,21.178,4.007,2.446,8.503,4.719,16.234,202.31,751.187,654.767,46.098,198.158,208.931,207.59,47.288,0.427,0
2026-07-27 18:51:46.902957,152,21.845,4.104,1.905,16.079,5.106,16.608,207.254,746.313,607.222,47.501,197.611,213.364,204.472,48.184,0.316,0
2026-07-27 18:52:26.439928,152,21.405,4.14,2.006,12.275,4.478,17.131,212.572,769.802,585.624,47.448,198.253,210.015,203.422,47.346,0.435,0
2026-07-27 18:53:05.644777,152,21.591,4.137,2.228,10.852,4.308,16.381,202.205,736.92,579.74,44.148,198.455,211.735,207.688,47.358,0.471,0
2026-07-27 18:53:40.259916,152,20.75,3.985,2.007,13.412,5.342,16.489,206.765,743.28,578.895,47.676,198.527,207.384,204.129,47.602,0.489,0
2026-07-27 18:54:18.670906,152,21.462,4.208,1.911,12.905,4.878,15.987,207.477,767.963,599.809,44.03,201.129,211.008,203.054,48.819,0.42,0
2026-07-27 18:54:58.085552,152,21.564,4.034,1.991,14.122,4.914,17.432,210.399,727.566,613.893,45.682,196.895,210.011,203.61,46.971,0.292,0
2026-07-27 18:55:32.427757,152,20.912,4.095,2.268,10.175,4.749,16.577,218.877,733.353,557.545,45.56,201.871,210.706,205.172,47.722,0.439,0
2026-07-27 18:56:11.078208,152,21.48,4.042,1.801,12.137,4.916,17.039,208.2,755.606,586.532,42.594,196.492,215.914,205.055,47.984,0.458,0
2026-07-27 18:56:47.538987,152,21.483,4.037,1.962,9.128,4.421,16.515,205.857,788.816,606.386,42.92,198.463,213.783,203.997,48.7,0.358,0
2026-07-27 18:57:26.775184,152,20.925,3.89,2.003,12.833,4.59,16.543,226.478,773.446,619.309,51.256,196.566,212.297,204.418,49.169,0.396,0
2026-07-27 18:58:02.646467,152,20.639,4.105,2.259,11.454,4.826,15.75,207.401,781.187,599.222,42.503,198.367,212.333,205.064,47.747,0.429,0
2026-07-27 18:58:43.022781,152,20.608,4.427,1.97,12.062,4.232,15.425,208.856,751.836,607.335,46.036,199.179,207.363,206.589,48.324,0.507,0
2026-07-27 18:59:20.467522,152,21.243,3.944,2.542,11.207,4.724,17.126,207.853,793.357,562.844,46.623,198.039,208.633,205.4,47.943,0.385,0
2026-07-27 18:59:57.065564,152,21.364,4.011,1.953,10.998,4.709,16.539,208.339,699.506,572.646,44.848,199.168,205.556,204.324,47.939,0.453,0
2026-07-27 19:00:33.418218,152,20.804,3.933,1.929,9.764,4.724,16.603,210.467,808.645,598.174,46.88,197.492,206.318,204.726,48.164,0.419,0
2026-07-27 19:01:13.410981,152,21.213,3.927,1.949,13.081,4.662,15.875,215.525,812.401,615.317,45.921,195.54,207.429,205.924,47.049,0.412,0
2026-07-27 19:01:49.762168,152,21.485,4.232,1.605,14.479,4.551,16.048,212.424,763.242,606.939,42.563,198.752,209.916,207.016,47.971,0.48,0
2026-07-27 19:02:30.179985,152,21.509,3.899,1.689,10.387,4.344,17.031,216.463,774.136,574.535,46.503,198.037,206.447,203.674,48.27,0.35,0
2026-07-27 19:03:08.666581,152,21.976,3.929,1.841,12.607,4.836,17.37,216.264,748.898,592.903,43.475,197.424,209.886,206.337,47.484,0.414,0
2026-07-27 19:03:43.507388,152,21.838,3.762,2.341,12.364,4.725,16.189,211.251,743.923,645.355,49.874,197.507,209.553,204.625,48.274,0.402,0
2026-07-27 19:04:21.566621,152,20.699,3.886,1.99,11.516,4.456,16.836,212.258,732.285,616.328,46.202,198.488,206.711,203.051,46.963,0.31,0
2026-07-27 19:04:59.673461,152,22.042,3.744,1.855,8.447,4.816,16.595,216.652,748.579,595.124,43.04,197.023,214.424,202.813,48.056,0.474,0
2026-07-27 19:05:34.440067,152,20.935,4.095,2.368,8.897,4.726,16.44,203.333,766.122,569.225,45.958,198.45,206.159,206.601,48.805,0.45,0
2026-07-27 19:06:12.458950,152,21.722,4.42,2.465,9.938,4.685,17.426,224.989,762.177,578.599,42.41,199.426,213.24,206.744,47.869,0.402,0
2026-07-27 19:06:51.695120,152,21.234,3.945,2.377,7.222,4.261,16.273,206.924,807.611,600.198,45.722,200.472,203.463,204.317,47.413,0.384,0
2026-07-27 19:07:32.267309,152,20.994,3.75,1.744,14.316,4.971,17.12,207.894,752.908,608.278,44.368,199.685,209.588,204.745,47.145,0.4,0
2026-07-27 19:08:12.739594,152,20.296,4.135,1.851,12.235,4.492,16.691,202.729,706.824,616.967,42.685,198.194,206.527,202.861,48.234,0.442,0
2026-07-27 19:08:56.186589,152,21.114,3.891,2.544,11.44,4.816,16.492,202.907,797.685,611.64,42.65,198.309,208.102,205.914,48.557,0.403,0
2026-07-27 19:09:34.187922,152,20.42,4.195,2.072,7.12,4.598,17.186,215.844,714.592,588.893,51.818,197.52,215.249,204.966,47.966,0.36,0
2026-07-27 19:10:13.450589,152,21.684,3.958,1.92,7.852,4.703,16.645,223.621,733.778,584.667,45.256,197.441,208.994,203.137,47.722,0.369,0
2026-07-27 19:10:50.068374,152,21.958,3.905,2.216,11.495,5.088,16.452,206.597,757.881,661.41,43.791,199.046,206.797,205.246,46.841,0.399,0
2026-07-27 19:11:32.364417,152,20.802,3.973,2.302,15.441,4.933,17.19,212.084,762.098,583.306,43.306,197.631,211.414,203.333,48.074,0.344,0
2026-07-27 19:12:08.333085,152,21.351,4.114,1.829,10.103,5.083,17.125,211.321,708.082,561.249,46.319,198.439,208.968,205.669,47.586,0.42,0
2026-07-27 19:12:50.526543,152,20.837,3.966,2.066,13.228,4.883,17.101,216.001,728.352,550.838,43.212,196.845,210.437,203.701,47.621,0.352,0
2026-07-27 19:13:32.427481,152,20.886,3.925,2.278,10.54,4.899,14.556,223.312,707.057,589.404,41.935,199.644,207.348,205.404,48.97,0.343,0
2026-07-27 19:14:08.637926,152,21.587,3.97,1.652,11.61,4.355,16.72,219.126,768.03,628.2,44.909,197.613,207.491,204.216,46.919,0.592,0
2026-07-27 19:14:49.000752,152,21.181,3.809,2.004,13.929,4.721,16.606,208.568,784.318,582.722,44.888,199.306,207.716,202.161,46.999,0.516,0
2026-07-27 19:15:28.042097,152,22.07,4.06,1.666,10.808,4.744,16.483,213.173,714.567,644.325,43.832,197.155,212.315,206.195,48.139,0.409,0
2026-07-27 19:16:05.102772,152,20.959,3.732,1.705,10.12,5.106,16.805,213.768,778.874,599.782,42.504,197.092,209.342,206.261,47.769,0.451,0
2026-07-27 19:16:42.793127,152,21.7,3.933,1.831,14.336,4.673,16.63,209.879,776.993,633.287,43.905,199.594,206.96,204.374,47.689,0.461,0
2026-07-27 19:17:21.398416,152,21.249,4.114,2.143,11.591,4.866,16.839,203.424,730.887,577.268,43.685,197.249,210.469,205.329,48.164,0.395,0
2026-07-27 19:18:00.220674,152,21.598,4.045,1.903,13.682,4.856,16.366,205.207,692.505,577.733,43.297,196.119,210.23,205.526,48.154,0.417,0
2026-07-27 19:18:41.627432,152,20.976,4.089,1.805,10.13,5.089,17.249,216.889,718.934,602.731,45.774,196.752,211.663,205.565,47.416,0.384,0
2026-07-27 19:19:20.929826,152,21.175,3.99,2.015,14.313,4.767,16.889,217.508,732.738,614.477,51.233,199.028,208.603,207.071,47.645,0.475,0
2026-07-27 19:19:57.174525,152,21.142,4.175,1.656,12.047,5.007,16.771,208.755,794.708,594.631,48.729,198.913,209.775,205.5,48.03,0.476,0
2026-07-27 19:20:36.869977,152,20.782,4.139,2.129,12.37,4.374,16.747,211.566,746.569,608.774,50.437,197.085,211.223,204.571,48.1,0.494,0
2026-07-27 19:21:10.885318,152,21.531,4.067,2.339,11.763,4.396,17.079,217.184,720.802,617.655,43.41,197.242,207.073,205.513,48.29,0.416,1
2026-07-27 19:21:48.003902,152,21.525,4.139,1.976,10.489,4.229,17.011,199.774,754.288,557.385,49.689,198.808,212.57,204.484,47.65,0.53,0
2026-07-27 19:22:25.341981,152,21.497,4.113,1.939,11.497,4.996,16.444,207.322,712.435,589.772,45.636,199.579,210.048,203.721,48.208,0.395,0
2026-07-27 19:23:04.842939,152,21.968,3.934,2.112,10.615,4.968,16.995,222.107,764.916,584.44,47.762,197.917,206.807,206.464,48.57,0.523,0
2026-07-27 19:23:46.880373,152,21.925,3.798,1.391,13.419,5.024,16.587,211.796,721.648,585.896,46.282,198.665,206.786,205.641,48.028,0.372,0
2026-07-27 19:24:25.376715,152,21.013,4.063,2.161,11.094,4.631,17.458,203.225,725.857,612.206,44.039,199.048,209.712,202.766,47.938,0.322,0
2026-07-27 19:25:02.552800,152,21.387,4.082,2.931,8.507,4.659,17.049,210.704,760.889,584.856,47.015,200.584,208.404,204.18,47.859,0.522,0
2026-07-27 19:25:38.960721,152,20.888,4.164,1.963,8.141,4.77,16.187,216.129,800.757,539.848,46.358,196.613,212.188,205.909,47.63,0.44,0
2026-07-27 19:26:18.864615,152,21.212,3.86,1.964,8.047,5.161,17.665,194.721,813.736,592.904,40.049,197.198,209.168,203.123,47.437,0.431,0
2026-07-27 19:26:56.420388,152,20.9,3.864,2.223,12.736,5.223,15.449,211.058,719.844,568.068,44.652,197.392,210.879,204.096,47.821,0.378,0
2026-07-27 19:27:33.273085,152,22.01,4.069,2.494,9.197,4.998,16.819,207.766,732.698,614.89,47.443,198.993,207.539,208.194,48.27,0.349,0
2026-07-27 19:28:13.442020,152,21.382,3.989,2.292,12.1,4.883,16.152,200.148,764.95,624.171,45.777,197.698,209.933,204.603,47.467,0.355,0
2026-07-27 19:28:54.107969,152,21.091,3.717,1.353,11.773,5.134,17.441,210.492,783.895,534.755,46.315,198.375,213.815,206.299,47.955,0.408,0
2026-07-27 19:29:29.920631,152,21.797,4.056,2.169,11.371,4.736,16.626,209.181,687.242,576.773,42.896,198.146,209.57,206.801,47.885,0.391,0
2026-07-27 19:30:04.508420,152,20.115,3.722,2.772,12.377,4.702,16.103,209.855,752.533,610.601,45.717,198.002,208.396,203.91,49.067,0.284,0
2026-07-27 19:30:42.285475,152,20.193,3.858,2.187,11.817,4.768,16.367,207.91,735.873,557.734,44.73,198.129,207.495,205.32,48.434,0.502,0
2026-07-27 19:31:17.685733,152,21.598,4.203,1.654,6.081,4.555,16.143,203.872,694.203,623.48,44.43,199.236,209.946,207.471,48.424,0.375,0
2026-07-27 19:31:52.774044,152,21.23,4.274,2.085,10.853,4.756,16.347,201.271,711.222,631.479,43.098,196.835,214.087,205.551,48.552,0.474,0
2026-07-27 19:32:28.401347,152,21.325,3.818,1.616,12.35,4.521,16.336,205.856,733.535,595.14,47.562,197.822,206.046,207.839,47.673,0.358,0
2026-07-27 19:33:08.787434,152,20.537,3.951,2.37,14.781,5.056,16.124,215.156,751.706,576.783,45.967,196.542,209.855,204.236,48.826,0.409,0
2026-07-27 19:33:48.270312,152,21.188,4.006,1.713,14.873,4.936,16.635,211.398,779.235,530.683,45.685,198.272,205.03,207.157,48.096,0.458,0
2026-07-27 19:34:31.873364,152,22.202,4.267,2.022,8.774,5.157,16.696,209.585,760.276,624.421,50.742,197.765,208.81,205.02,47.973,0.45,0
2026-07-27 19:35:08.409690,152,21.612,3.926,1.743,10.801,4.393,16.002,203.761,777.479,660.076,46.327,199.283,210.762,204.607,47.271,0.384,0
2026-07-27 19:35:49.441715,152,21.285,3.928,1.836,8.368,5.275,15.671,207.757,750.775,653.87,48.361,197.994,205.417,205.768,47.759,0.431,0
2026-07-27 19:36:28.567024,152,20.98,4.232,2.446,14.54,4.407,16.655,214.423,729.557,594.151,45.764,197.467,208.71,204.866,46.94,0.441,0
2026-07-27 19:37:05.298461,152,21.003,3.944,2.031,13.526,4.5,16.766,213.029,744.671,567.22,44.011,197.704,210.843,204.899,47.851,0.391,0
2026-07-27 19:37:42.964041,152,20.135,4.108,1.832,12.201,4.645,16.865,207.137,770.17,625.129,42.034,200.068,210.38,205.582,47.654,0.333,0
2026-07-27 19:38:19.684646,152,21.329,3.778,1.656,11.832,5.127,16.776,194.332,779.944,596.194,45.676,196.116,210.983,202.831,47.761,0.363,0
2026-07-27 19:38:58.274536,152,21.623,3.974,1.438,14.261,4.856,17.286,205.951,745.712,614.344,37.542,197.247,207.174,204.042,47.168,0.377,0
2026-07-27 19:39:38.524215,152,20.412,3.751,1.625,13.923,4.739,16.999,207.104,723.056,609.083,45.763,198.043,210.841,205.867,48.422,0.402,0
2026-07-27 19:40:15.683872,152,20.869,3.842,2.034,13.816,4.602,17.84,204.557,759.734,602.79,45.883,197.236,208.26,206.19,48.356,0.496,0
2026-07-27 19:40:55.618189,152,20.621,4.126,2.294,12.413,4.456,18.05,207.521,763.861,630.855,44.391,198.589,212.071,205.429,49.014,0.454,0
2026-07-27 19:41:36.516594,152,20.717,3.993,1.832,10.802,5.083,15.621,214.899,785.749,631.97,44.741,197.932,203.299,205.331,48.997,0.351,0
2026-07-27 19:42:17.922725,152,21.227,3.952,2.471,13.034,5.0,15.401,209.776,730.316,584.319,41.497,198.307,209.16,205.483,48.094,0.51,0
2026-07-27 19:42:53.248411,152,20.158,3.888,1.785,13.132,5.138,16.496,215.938,730.634,572.307,48.88,198.141,210.287,206.149,48.614,0.395,0
2026-07-27 19:43:31.136346,152,21.507,3.967,1.929,11.119,4.899,16.752,200.95,771.929,525.027,44.056,197.876,213.913,203.289,48.157,0.44,0
2026-07-27 19:44:10.753853,152,21.577,4.045,1.676,10.798,4.139,16.462,208.17,738.184,589.615,42.278,196.451,210.252,204.389,47.744,0.344,0
2026-07-27 19:44:46.276097,152,21.074,4.147,2.297,13.767,4.489,16.852,198.366,736.959,567.2,46.525,198.211,210.546,204.911,47.833,0.373,0
2026-07-27 19:45:21.290263,152,19.96,3.606,2.629,14.828,4.916,16.365,207.441,786.37,612.576,45.31,195.884,211.089,205.235,48.383,0.462,0
2026-07-27 19:45:59.230046,152,20.702,3.875,1.471,10.001,4.708,16.153,203.726,710.241,589.924,43.997,197.194,213.634,202.468,50.453,0.347,0
2026-07-27 19:46:36.288488,152,21.816,4.024,1.896,10.973,4.66,16.229,217.688,809.63,593.177,43.701,198.587,208.893,203.491,48.7,0.403,0
2026-07-27 19:47:13.895543,152,19.811,3.985,2.379,12.202,4.524,16.4,212.458,732.234,624.359,44.984,199.428,205.931,204.98,48.148,0.428,0
2026-07-27 19:47:50.820870,152,21.026,4.061,1.566,12.473,5.037,16.922,216.089,775.135,611.918,48.768,200.819,205.376,206.216,48.29,0.339,0
2026-07-27 19:48:33.745422,152,20.61,4.04,2.17,10.455,4.914,16.257,207.424,746.845,596.499,46.315,197.486,211.926,204.497,48.285,0.293,0
2026-07-27 19:49:10.692864,152,21.602,3.954,2.366,15.267,4.925,16.356,203.882,757.87,650.593,44.904,196.962,210.647,204.2,47.946,0.454,0
2026-07-27 19:49:50.028099,152,20.862,3.921,2.023,12.344,4.642,16.785,203.691,742.379,622.144,47.387,198.627,209.257,205.634,48.454,0.572,0
2026-07-27 19:50:29.210499,152,21.402,3.963,2.165,12.563,4.844,16.401,211.593,774.841,587.524,45.077,200.244,208.3,204.606,47.907,0.428,0
2026-07-27 19:51:03.360001,152,21.483,4.172,2.528,15.018,4.466,17.058,220.861,739.928,588.862,46.124,199.839,210.524,206.057,47.393,0.439,0
2026-07-27 19:51:44.702753,152,22.118,3.89,2.585,10.602,4.768,16.04,212.474,733.385,623.651,45.423,196.758,210.608,204.734,48.289,0.347,0
2026-07-27 19:52:24.129573,152,21.099,3.991,1.981,11.323,4.168,15.932,207.751,802.587,606.085,46.651,197.831,211.392,203.662,48.369,0.488,0
2026-07-27 19:53:02.487423,152,21.388,4.028,1.84,8.993,4.408,16.652,208.867,750.852,566.365,43.756,199.02,206.785,206.705,47.913,0.377,0
2026-07-27 19:53:42.898371,152,20.457,4.234,1.724,11.155,4.719,16.702,209.812,730.405,626.841,41.81,199.104,204.884,206.485,48.186,0.47,0
2026-07-27 19:54:20.789428,152,21.795,3.955,2.293,8.522,5.394,16.068,222.16,706.782,637.717,47.539,198.71,207.351,203.853,48.577,0.436,0
2026-07-27 19:55:00.800231,152,20.82,4.144,1.588,12.996,4.35,17.172,217.402,804.102,635.442,49.214,197.462,206.082,205.475,47.969,0.438,0
2026-07-27 19:55:34.522442,152,20.92,4.185,1.924,12.34,4.489,17.462,211.56,733.994,646.282,41.943,198.7,205.932,204.608,47.732,0.436,0
2026-07-27 19:56:14.386402,152,21.189,3.99,2.031,10.946,4.854,16.186,210.658,809.793,662.076,45.502,199.115,214.552,205.743,47.574,0.434,0
2026-07-27 19:56:52.805088,152,20.419,3.968,1.849,11.299,5.242,17.244,211.796,761.567,651.899,43.743,196.882,203.426,203.949,47.848,0.417,0
2026-07-27 19:57:31.259415,152,21.314,3.951,2.084,13.023,4.851,15.309,212.966,754.144,610.22,47.473,199.596,211.362,206.046,48.921,0.458,0
2026-07-27 19:58:07.339003,152,21.684,3.962,2.769,9.228,4.976,17.038,207.521,754.925,593.747,45.691,199.19,212.63,206.434,47.881,0.356,0
2026-07-27 19:58:44.840073,152,21.346,4.128,1.964,11.908,4.716,16.071,204.936,814.263,545.112,54.317,197.11,212.864,203.863,48.216,0.386,0
2026-07-27 19:59:22.274358,152,20.406,4.035,1.869,12.899,4.672,16.988,216.193,686.426,600.326,44.156,199.11,210.804,205.081,47.805,0.488,0
2026-07-27 19:59:57.677156,152,21.138,4.035,2.305,7.935,4.821,16.019,210.132,756.216,615.574,49.304,198.976,213.828,206.459,47.754,0.41,0
2026-07-27 20:00:36.494083,152,21.571,3.831,2.072,12.87,4.635,16.466,215.692,742.309,601.307,49.577,199.021,215.172,203.798,47.472,0.38,0
2026-07-27 20:01:18.080929,152,20.261,3.855,2.432,8.152,4.981,16.095,219.877,743.82,543.353,46.494,199.891,209.124,204.197,48.06,0.462,0
2026-07-27 20:01:52.840391,152,20.663,4.322,2.049,11.265,4.398,16.393,213.124,754.33,591.401,45.104,197.987,211.298,205.794,47.69,0.45,0
2026-07-27 20:02:31.958149,152,21.638,3.973,1.925,9.173,5.022,17.415,212.151,742.279,619.36,45.266,198.398,213.7,204.807,48.764,0.322,0
2026-07-27 20:03:08.999550,152,21.335,3.884,1.465,14.362,4.81,16.446,229.201,755.456,569.223,45.029,194.834,207.5,203.11,47.935,0.444,0
2026-07-27 20:03:45.777673,152,21.406,4.215,1.514,9.186,4.746,17.555,211.242,749.316,604.971,48.173,199.339,209.29,204.616,47.973,0.408,0
2026-07-27 20:04:23.948134,152,22.13,4.042,1.449,8.2,4.389,16.307,203.457,711.907,612.949,42.557,199.224,208.185,207.096,47.892,0.443,0
2026-07-27 20:05:02.153152,152,21.434,4.087,2.114,11.767,4.555,17.246,208.313,761.06,633.539,44.549,199.627,211.337,207.475,48.223,0.401,0
2026-07-27 20:05:40.574219,152,21.529,3.979,1.591,10.673,5.1,15.687,219.31,770.766,651.378,44.21,196.876,204.496,204.235,48.895,0.428,0
2026-07-27 20:06:15.995845,152,22.555,3.952,2.377,8.491,4.748,16.357,202.235,734.28,588.665,40.167,199.154,214.166,203.904,47.376,0.29,0
2026-07-27 20:06:56.480872,152,21.093,3.975,2.009,12.552,4.87,16.232,205.485,804.169,605.513,47.405,199.222,211.548,204.45,48.167,0.346,0
2026-07-27 20:07:34.665866,152,20.801,3.793,1.927,7.517,4.58,17.269,216.639,788.732,606.452,47.976,197.219,211.711,207.162,47.059,0.444,0
2026-07-27 20:08:14.019789,152,21.414,3.987,1.747,9.428,4.793,16.593,208.37,774.475,619.481,43.224,199.267,203.146,206.011,48.734,0.557,0
2026-07-27 20:08:54.789074,152,21.419,4.044,2.187,10.35,4.457,15.456,209.339,774.123,616.122,47.884,198.556,206.984,206.757,47.935,0.422,0
2026-07-27 20:09:28.408919,152,20.937,4.278,1.759,13.104,4.825,15.845,216.44,750.873,642.75,40.566,195.962,214.322,206.198,47.103,0.358,0
2026-07-27 20:10:07.846366,152,20.684,4.013,1.704,14.091,4.893,15.994,205.699,783.1,530.061,45.067,198.701,209.486,203.417,47.235,0.408,0
2026-07-27 20:10:45.472029,152,22.355,3.65,2.357,13.706,4.88,16.967,201.188,795.552,612.541,44.646,197.079,205.0,203.861,48.488,0.346,0
2026-07-27 20:11:25.795065,152,21.363,3.986,2.106,11.193,4.574,16.903,201.667,773.433,614.622,45.246,195.989,210.643,204.165,47.001,0.475,0
2026-07-27 20:12:01.968025,152,20.834,4.411,1.93,6.645,4.714,16.35,213.491,733.462,592.943,45.231,198.44,211.97,204.374,48.167,0.403,0
2026-07-27 20:12:42.100614,152,21.658,4.13,2.192,12.282,4.934,16.226,211.555,748.849,532.08,44.784,197.922,211.541,204.186,47.743,0.463,0
2026-07-27 20:13:17.695201,152,21.145,3.878,2.003,14.441,4.747,16.858,205.845,766.636,598.17,43.914,199.685,209.564,204.326,47.883,0.391,0
2026-07-27 20:13:56.612248,152,21.074,4.089,2.115,13.968,4.728,15.935,203.047,774.295,578.683,44.696,198.218,213.293,205.769,47.596,0.469,0
2026-07-27 20:14:35.260356,152,21.481,3.889,1.755,12.426,5.276,16.729,208.377,747.753,650.339,48.817,198.934,207.964,205.163,47.428,0.303,0
2026-07-27 20:15:12.905992,152,20.554,3.797,2.621,9.121,4.562,16.686,216.699,733.563,611.259,43.38,198.611,211.566,206.464,47.708,0.401,0
2026-07-27 20:15:48.552838,152,21.376,3.948,1.826,10.449,5.07,16.363,204.985,795.942,576.135,51.315,199.225,210.392,205.302,48.343,0.432,0
2026-07-27 20:16:25.712206,152,22.156,4.014,2.467,15.368,4.511,16.699,206.024,718.903,538.421,43.222,196.936,209.614,204.188,47.824,0.384,0
2026-07-27 20:17:05.816341,152,21.433,3.719,1.943,8.667,4.964,16.551,202.857,722.701,617.719,45.672,198.238,208.901,205.226,48.253,0.422,0
2026-07-27 20:17:47.208465,152,21.012,3.828,2.242,9.204,4.977,16.749,207.796,711.513,620.884,46.599,197.831,209.004,203.186,47.855,0.421,0
2026-07-27 20:18:29.663950,152,20.946,4.002,2.22,13.385,4.672,15.833,212.028,722.637,593.527,44.183,198.784,210.094,202.226,48.367,0.463,0
2026-07-27 20:19:08.865044,152,20.995,3.939,2.344,10.638,4.496,16.807,222.691,786.173,618.11,48.871,198.307,209.151,205.772,48.249,0.437,0
2026-07-27 20:19:47.438296,152,21.073,4.059,1.748,9.136,4.307,17.013,211.307,787.144,589.552,46.527,197.263,212.126,206.222,47.676,0.424,0
2026-07-27 20:20:26.461842,152,21.011,3.818,2.323,14.556,4.646,16.66,209.678,747.853,632.016,44.426,197.594,208.446,205.087,47.428,0.453,0
2026-07-27 20:21:08.858865,152,21.658,4.107,2.554,12.422,4.932,16.801,215.178,764.393,629.781,48.84,199.978,214.548,204.53,48.573,0.319,0
2026-07-27 20:21:48.045883,152,20.333,3.822,1.922,10.736,4.531,16.445,214.177,749.695,550.832,42.157,195.967,208.316,203.39,47.512,0.355,0
2026-07-27 20:22:26.244707,152,21.631,4.246,2.01,9.208,4.824,16.946,206.534,715.433,558.144,43.417,198.851,212.668,206.4,48.3,0.317,0
2026-07-27 20:23:03.617014,152,21.01,3.743,1.843,15.595,4.431,16.533,223.812,814.325,660.938,46.575,199.49,212.793,205.591,48.019,0.433,0
2026-07-27 20:23:41.252691,152,21.388,3.836,1.896,11.451,4.742,15.926,209.854,789.867,627.966,47.244,198.695,210.481,205.349,47.722,0.425,0
2026-07-27 20:24:20.133681,152,20.637,4.063,2.513,14.295,4.513,16.91,211.418,760.278,562.129,45.903,200.365,210.223,204.994,48.258,0.483,0
2026-07-27 20:24:56.420401,152,21.864,4.25,1.699,13.287,4.781,15.683,213.308,725.179,552.889,44.644,199.126,207.886,204.437,48.821,0.421,0
2026-07-27 20:25:32.992121,152,21.823,4.047,1.717,10.458,4.675,16.641,212.075,743.477,606.233,44.296,198.461,208.5,203.664,48.375,0.362,0
2026-07-27 20:26:10.846609,152,21.68,4.084,2.483,10.474,4.502,16.308,219.152,729.92,565.731,48.168,197.44,210.637,205.303,48.078,0.408,0
2026-07-27 20:26:47.816243,152,20.443,4.003,2.187,14.393,4.635,16.276,206.461,752.83,590.499,45.673,198.483,209.869,204.354,48.973,0.287,0
2026-07-27 20:27:27.176234,152,21.615,3.846,2.636,14.425,4.566,16.586,214.7,758.988,598.582,42.558,198.818,213.431,204.491,46.995,0.376,0
2026-07-27 20:28:06.712782,152,21.402,3.926,1.865,7.746,4.472,16.145,210.987,740.107,597.287,42.396,198.004,208.682,207.061,47.333,0.259,0
2026-07-27 20:28:45.311314,152,20.397,3.818,2.038,12.6,5.071,16.756,215.896,707.822,633.796,49.238,197.109,208.857,204.942,47.721,0.42,0
2026-07-27 20:29:24.428272,152,21.188,3.808,1.802,11.258,4.71,16.528,208.71,811.83,655.043,42.987,196.555,205.172,202.056,48.852,0.383,0
2026-07-27 20:30:02.696385,152,21.382,4.06,2.043,9.433,4.249,16.191,207.898,756.888,585.632,45.764,198.222,211.866,204.357,48.566,0.392,0
2026-07-27 20:30:32.696385,152,21.478,3.832,1.468,12.023,4.644,17.169,214.392,763.241,566.08,48.783,196.224,211.604,203.798,46.97,0.344,0
2026-07-27 20:31:08.699410,152,21.289,4.048,2.205,8.801,5.029,16.602,212.148,737.75,611.665,46.518,197.434,212.834,204.833,47.738,0.36,0
2026-07-27 20:31:48.312156,152,21.346,3.805,2.097,10.567,4.61,16.815,205.078,704.702,648.944,42.879,195.082,212.997,203.291,47.206,0.442,0
2026-07-27 20:32:24.399653,152,21.937,4.044,1.983,9.903,5.174,17.208,218.074,747.584,587.904,42.156,199.0,212.288,205.52,47.976,0.314,0
2026-07-27 20:33:04.350002,152,21.813,3.927,1.883,10.5,4.586,17.2,214.395,740.627,625.511,50.236,199.385,212.41,204.645,48.541,0.43,0
2026-07-27 20:33:44.428515,152,19.766,4.211,1.732,11.357,4.926,16.79,209.555,770.576,574.886,42.085,198.095,211.769,204.429,48.585,0.351,0
2026-07-27 20:34:21.823191,152,21.041,4.049,2.218,9.469,5.059,16.349,207.191,776.276,600.638,43.451,200.198,212.216,205.18,48.161,0.299,0
2026-07-27 20:34:58.476751,152,21.118,4.185,1.649,14.646,4.913,15.785,212.185,772.186,565.142,46.043,199.617,204.658,204.908,47.745,0.474,0
2026-07-27 20:35:36.498618,152,20.324,3.887,2.154,12.487,4.456,16.603,213.963,778.66,600.325,44.387,198.576,206.811,204.838,47.943,0.48,0
2026-07-27 20:36:14.398272,152,21.247,4.008,2.622,15.089,4.564,17.047,200.436,802.306,596.506,46.607,197.864,206.337,204.731,48.41,0.368,0
2026-07-27 20:36:53.827840,152,21.824,3.853,2.446,11.18,5.093,16.677,212.254,761.306,618.244,40.89,197.581,213.684,204.976,49.408,0.367,0
2026-07-27 20:37:26.490107,152,20.657,3.938,1.548,10.402,4.599,14.778,213.915,781.877,653.342,44.411,198.675,207.729,205.412,47.289,0.385,0
2026-07-27 20:38:02.816429,152,21.368,3.961,1.839,15.017,5.044,16.935,195.885,764.322,588.333,46.898,197.831,208.194,205.262,48.953,0.351,0
2026-07-27 20:38:38.508165,152,20.742,3.891,2.126,10.344,4.692,16.966,211.177,694.899,540.008,46.907,198.658,210.019,206.352,48.146,0.362,0
2026-07-27 20:39:10.766435,152,20.864,3.818,1.979,11.143,4.835,16.349,214.168,745.519,593.937,43.397,198.747,206.393,204.344,48.492,0.427,0
2026-07-27 20:39:47.638261,152,21.939,3.788,1.58,12.94,4.453,16.994,213.485,724.836,608.98,42.139,197.725,211.104,205.286,48.111,0.524,0
2026-07-27 20:40:22.219178,152,20.929,3.649,2.116,9.025,4.648,16.814,214.815,756.712,606.057,45.598,199.315,203.822,207.935,48.843,0.379,0
2026-07-27 20:40:59.335712,152,21.431,3.842,1.997,12.923,4.581,16.157,208.035,727.061,595.277,41.325,197.726,206.585,204.951,48.198,0.461,0
2026-07-27 20:41:36.223164,152,20.264,4.094,2.574,12.667,4.856,17.136,203.761,767.565,644.631,48.596,198.026,210.577,204.997,47.611,0.421,0
2026-07-27 20:42:15.256870,152,22.131,3.76,1.924,14.039,4.823,15.866,199.202,778.45,604.086,45.441,196.827,206.399,203.484,48.27,0.3,0
2026-07-27 20:42:52.686491,152,21.501,3.795,2.35,13.28,4.916,16.471,216.553,784.904,596.856,43.049,197.675,213.767,204.144,48.676,0.399,0
2026-07-27 20:43:26.829954,152,21.109,4.269,1.62,14.1,4.677,16.421,214.218,796.959,576.669,42.047,200.59,210.134,204.872,48.0,0.391,0
2026-07-27 20:44:05.620062,152,21.488,3.905,1.692,11.279,4.567,16.087,217.011,701.395,547.599,43.227,196.92,213.283,205.64,46.756,0.488,0
2026-07-27 20:44:49.137410,152,20.495,4.048,2.216,9.775,4.846,16.652,205.649,715.229,609.877,40.627,198.525,211.038,205.779,47.931,0.49,0
2026-07-27 20:45:29.588592,152,21.791,4.096,2.325,15.72,4.543,17.155,214.823,834.907,607.363,46.385,197.455,209.965,205.392,48.059,0.423,0
2026-07-27 20:46:09.137250,152,21.038,4.099,1.713,8.447,5.07,17.124,200.984,779.276,568.22,42.752,195.343,207.11,205.965,47.973,0.473,0
2026-07-27 20:46:46.691613,152,21.098,3.772,2.007,8.647,4.771,16.862,204.783,756.509,598.669,46.119,198.671,212.695,203.801,47.703,0.391,0
2026-07-27 20:47:23.572345,152,20.954,3.965,1.586,12.63,4.718,15.652,210.756,750.929,595.684,46.505,197.333,211.28,205.587,48.794,0.467,0
2026-07-27 20:48:00.294897,152,20.91,3.757,1.946,14.75,4.916,15.832,213.979,748.351,581.265,47.705,198.383,216.045,205.016,46.576,0.406,0
2026-07-27 20:48:38.843562,152,21.547,4.367,2.251,11.879,4.781,16.583,220.074,693.921,576.201,45.705,199.188,212.402,205.15,48.056,0.466,0
2026-07-27 20:49:14.253631,152,21.328,3.761,1.87,13.499,4.385,16.483,208.56,727.602,612.152,48.151,198.282,208.848,204.565,48.065,0.472,0
2026-07-27 20:49:52.756026,152,21.526,3.843,1.925,7.508,4.535,16.251,204.806,746.756,593.226,48.881,198.394,210.839,203.856,49.257,0.443,0
2026-07-27 20:50:29.242941,152,21.196,3.844,1.661,10.501,5.064,17.453,204.497,729.24,582.27,45.723,196.958,211.224,203.542,47.991,0.356,0
2026-07-27 20:51:03.333947,152,21.457,3.776,1.805,7.752,4.821,16.553,205.873,733.031,574.15,45.892,198.848,213.373,205.385,48.267,0.375,0
2026-07-27 20:51:39.788694,152,20.991,4.203,2.527,13.061,4.38,16.771,223.326,824.203,596.1,43.439,197.772,213.833,205.597,48.075,0.445,0
2026-07-27 20:52:20.641424,152,22.315,4.363,2.022,8.406,4.888,16.994,214.541,742.702,627.735,42.235,195.602,209.53,204.845,48.057,0.454,0
2026-07-27 20:52:58.956926,152,20.416,3.929,1.699,8.944,4.66,16.527,216.675,758.065,606.199,48.59,198.993,206.475,204.982,49.058,0.41,0
2026-07-27 20:53:28.956926,152,21.83,3.802,1.906,12.528,4.581,17.796,208.566,757.034,592.886,46.696,199.36,204.624,204.136,47.333,0.381,0
2026-07-27 20:54:05.421055,152,21.884,3.664,1.521,13.624,4.514,16.03,209.99,767.094,609.255,46.923,199.777,206.695,205.604,47.6,0.411,0
2026-07-27 20:54:45.480488,152,20.774,3.963,1.696,11.182,5.05,16.197,214.196,736.159,640.932,43.346,200.605,208.284,205.073,48.453,0.383,0
2026-07-27 20:55:22.800212,152,22.315,3.953,2.408,12.64,4.309,16.029,206.965,786.162,614.712,49.547,198.928,214.363,204.561,48.154,0.384,0
2026-07-27 20:56:01.994461,152,21.698,3.902,1.957,12.576,4.591,17.281,208.252,762.863,607.806,44.36,198.617,214.407,206.039,47.83,0.518,0
2026-07-27 20:56:39.093192,152,21.686,4.033,2.567,11.069,4.83,16.901,205.952,712.672,619.156,42.755,199.31,212.784,205.774,47.958,0.371,0
2026-07-27 20:57:17.512576,152,21.214,4.059,1.971,9.311,5.195,16.228,207.315,746.882,595.26,43.394,196.936,213.568,203.157,48.548,0.43,0
2026-07-27 20:57:55.593050,152,21.091,4.048,1.989,12.63,4.938,16.068,210.294,745.008,605.522,49.399,195.994,207.949,205.059,48.291,0.409,0
2026-07-27 20:58:32.120427,152,21.095,3.953,2.192,12.726,4.588,17.192,205.07,743.673,585.331,41.889,197.428,205.606,203.85,47.572,0.326,0
2026-07-27 20:59:11.423403,152,21.395,3.835,1.198,13.288,5.182,16.681,211.716,764.77,553.483,42.897,199.533,207.081,205.167,48.143,0.324,0
2026-07-27 20:59:52.915313,152,21.901,4.1,2.061,12.124,4.461,17.205,211.707,768.407,610.285,53.116,197.207,204.099,201.218,47.97,0.395,0
2026-07-27 21:00:31.792301,152,21.291,4.002,1.985,9.163,4.866,16.47,208.925,764.983,610.4,47.635,198.559,206.77,205.237,48.282,0.283,0
2026-07-27 21:01:10.029331,152,20.744,4.133,2.446,12.881,4.922,16.756,205.035,759.829,591.369,42.947,198.688,208.533,205.854,47.807,0.51,0
2026-07-27 21:01:46.106892,152,21.612,4.119,2.289,11.497,4.58,16.65,210.63,752.483,631.075,41.972,198.293,210.483,204.867,47.275,0.378,0
2026-07-27 21:02:26.246015,152,21.661,3.787,1.66,10.535,4.974,16.188,206.971,687.615,578.352,40.316,196.467,210.393,203.602,48.403,0.373,0
2026-07-27 21:03:03.080813,152,21.527,3.785,2.373,10.911,4.672,16.428,210.28,772.559,546.858,45.272,198.411,208.0,207.348,48.329,0.473,0
2026-07-27 21:03:42.359180,152,21.573,3.887,1.921,10.119,4.974,15.908,216.589,764.162,579.087,47.038,197.494,211.65,206.387,48.849,0.392,0
2026-07-27 21:04:22.095852,152,21.065,3.842,1.729,13.278,4.34,16.747,202.482,721.442,553.772,49.253,200.043,208.056,204.363,47.21,0.439,0
2026-07-27 21:05:02.347370,152,20.736,4.113,2.059,8.664,4.884,16.881,223.041,758.137,610.141,39.697,199.364,210.029,204.687,47.958,0.366,0
2026-07-27 21:05:42.641340,152,20.766,4.053,1.939,9.513,4.697,16.995,209.565,768.79,577.438,41.289,197.536,206.781,202.623,47.862,0.403,0
2026-07-27 21:06:22.852846,152,20.382,4.165,2.462,10.842,5.087,16.833,212.471,783.966,629.541,44.665,200.119,213.157,205.568,47.762,0.458,0
2026-07-27 21:06:57.988657,152,21.318,4.059,2.102,14.728,4.789,16.436,205.483,764.799,628.914,52.805,198.412,210.06,203.357,47.075,0.348,0
2026-07-27 21:07:34.029960,152,21.158,4.031,2.062,13.609,5.112,17.276,216.853,759.326,572.251,47.481,195.994,211.969,205.8,47.36,0.432,0
2026-07-27 21:08:08.900718,152,20.98,4.18,2.27,8.218,4.927,16.946,209.246,777.456,575.757,46.044,197.906,206.473,206.231,48.162,0.255,0
2026-07-27 21:08:43.617928,152,19.722,4.07,2.328,14.203,4.768,17.194,207.635,741.11,616.033,41.57,199.962,210.506,204.916,47.7,0.476,0
2026-07-27 21:09:25.095635,152,20.576,4.01,2.235,14.199,4.997,17.226,206.547,761.948,629.395,39.064,197.016,211.66,203.723,47.504,0.367,0
2026-07-27 21:10:00.847717,152,21.76,4.222,2.426,9.152,4.999,16.437,208.389,731.988,539.621,45.109,197.918,204.073,206.499,48.858,0.395,0
2026-07-27 21:10:36.279230,152,20.868,4.017,2.183,6.457,4.918,16.694,212.51,782.199,608.45,44.722,196.368,213.387,205.003,49.424,0.394,0
2026-07-27 21:11:14.151849,152,21.38,3.954,2.05,11.356,4.227,16.887,211.037,703.318,534.072,44.25,196.559,206.377,205.112,47.966,0.342,0
2026-07-27 21:11:50.451024,152,20.505,3.874,2.372,13.745,4.554,15.925,209.761,773.685,583.545,43.935,196.999,210.612,203.882,47.099,0.337,0
2026-07-27 21:12:33.608165,152,21.919,4.105,1.973,14.683,5.146,15.937,205.731,750.514,632.81,42.905,196.527,215.184,205.232,48.238,0.431,0
2026-07-27 21:13:10.984756,152,21.128,4.186,2.01,9.758,4.486,15.85,205.385,777.996,690.293,42.263,197.258,212.769,204.757,46.749,0.434,0
2026-07-27 21:13:49.999751,152,21.345,3.992,2.516,15.004,5.021,16.446,207.235,727.364,592.835,48.891,200.086,205.679,203.406,47.19,0.347,0
2026-07-27 21:14:26.220277,152,22.363,4.196,2.487,7.044,4.977,16.333,212.762,752.61,562.587,42.518,197.957,209.484,206.608,48.248,0.432,0
2026-07-27 21:15:00.430837,152,21.958,3.704,1.998,10.764,4.619,15.782,213.974,751.758,584.595,44.227,198.943,213.577,207.111,47.17,0.433,0
2026-07-27 21:15:36.769371,152,21.047,3.992,1.864,10.666,4.301,16.575,214.782,762.583,601.982,44.891,199.31,207.631,206.222,47.822,0.377,0
2026-07-27 21:16:13.132383,152,20.903,3.994,2.439,13.805,4.658,16.452,209.991,719.621,579.893,46.978,196.67,208.956,206.043,47.11,0.322,0
2026-07-27 21:16:49.479421,152,21.037,3.891,2.24,14.097,5.32,17.091,212.301,768.45,572.255,42.615,197.002,208.875,207.118,48.034,0.398,0
2026-07-27 21:17:23.831290,152,21.455,4.358,2.095,13.408,4.584,17.506,208.989,696.469,587.194,47.739,198.919,211.653,203.743,48.674,0.422,0
2026-07-27 21:18:02.141537,152,21.147,3.99,1.903,8.799,4.601,16.728,199.546,730.633,611.867,43.377,197.239,205.543,203.729,47.632,0.396,0
2026-07-27 21:18:39.373642,152,21.002,3.939,2.1,13.225,4.551,16.152,208.704,704.681,594.918,44.547,198.84,211.816,204.503,47.988,0.364,0
2026-07-27 21:19:13.858072,152,21.934,4.004,1.993,12.518,5.104,16.823,207.748,774.018,573.552,49.601,200.013,208.194,205.357,47.51,0.428,0
2026-07-27 21:19:52.100374,152,21.143,3.7,1.801,8.158,4.739,16.505,203.766,761.604,579.898,42.286,196.254,209.967,204.649,47.553,0.476,0
2026-07-27 21:20:31.838265,152,22.35,3.886,2.039,7.366,4.644,16.38,206.596,763.225,587.584,47.019,197.572,209.348,203.776,47.501,0.354,0
2026-07-27 21:21:12.569091,152,21.245,4.147,2.08,13.576,5.153,16.069,210.811,792.722,570.017,47.813,197.762,211.739,205.007,48.472,0.382,0
2026-07-27 21:21:45.050829,152,22.093,3.906,1.887,11.14,4.945,16.268,203.201,740.838,578.786,45.868,197.368,209.939,204.887,47.152,0.565,0
2026-07-27 21:22:21.384376,152,21.379,3.876,2.271,8.93,4.57,16.411,205.735,767.678,619.309,44.671,197.27,214.177,206.01,47.801,0.417,0
2026-07-27 21:22:56.259004,152,21.681,4.196,2.387,11.084,4.494,16.902,219.287,751.915,593.09,50.952,197.409,212.869,205.053,48.246,0.324,0
2026-07-27 21:23:32.771726,152,20.838,4.201,2.291,12.228,5.09,16.756,200.384,747.499,547.395,44.961,197.982,207.694,202.715,48.546,0.371,0
2026-07-27 21:24:13.937626,152,20.773,4.078,1.917,11.334,4.804,17.413,208.901,787.892,630.748,45.571,198.198,213.959,205.463,48.264,0.355,0
2026-07-27 21:24:50.279567,152,21.43,3.932,2.227,8.396,4.413,16.837,203.002,810.375,612.502,44.058,199.144,210.926,206.898,47.956,0.423,0
2026-07-27 21:25:27.196475,152,21.694,3.964,2.023,15.271,4.354,16.712,205.49,737.487,558.506,45.423,197.97,210.493,205.035,47.659,0.418,0
2026-07-27 21:26:03.306189,152,21.22,3.879,1.629,13.508,4.521,16.347,208.814,774.178,589.039,47.7,199.342,212.46,206.184,48.555,0.362,0
2026-07-27 21:26:45.013315,152,20.557,3.851,2.202,10.829,4.49,15.981,204.075,759.254,576.237,44.229,197.29,206.981,204.394,47.48,0.511,0
2026-07-27 21:27:17.769851,152,20.52,3.843,2.044,10.91,4.288,16.215,213.444,759.602,620.307,39.096,196.558,206.0,205.679,47.489,0.405,0
2026-07-27 21:27:54.501335,152,20.486,3.907,2.778,12.219,4.525,16.15,218.107,757.168,588.85,46.438,197.634,210.072,204.106,48.811,0.373,0
2026-07-27 21:28:30.527754,152,20.316,3.845,2.437,9.241,4.57,15.22,215.05,740.341,597.817,41.981,198.555,208.242,204.704,48.216,0.327,0
2026-07-27 21:29:04.603483,152,21.255,3.765,2.213,12.145,4.684,15.996,216.148,646.036,594.324,47.077,199.033,216.014,204.714,48.237,0.346,0
2026-07-27 21:29:45.116541,152,21.763,4.033,2.075,8.839,5.223,17.301,201.722,794.509,555.596,44.996,199.752,207.783,205.572,48.359,0.325,0
2026-07-27 21:30:19.005464,152,21.193,4.035,2.049,11.359,4.733,16.684,208.542,729.853,642.162,47.641,198.348,210.117,204.011,47.943,0.389,0
2026-07-27 21:30:55.957925,152,20.07,4.255,1.699,9.163,4.758,16.312,212.805,742.995,619.87,42.345,198.904,210.557,203.242,47.137,0.347,0
2026-07-27 21:31:33.778417,152,21.105,3.9,1.478,9.264,4.927,16.699,215.227,743.612,577.578,43.501,199.643,213.571,205.564,48.151,0.447,0
2026-07-27 21:32:10.066316,152,21.119,4.044,1.738,14.791,4.741,15.523,220.52,727.27,605.756,44.048,197.065,207.116,205.519,47.989,0.365,0
2026-07-27 21:32:44.112194,152,22.248,4.047,1.986,11.618,4.9,16.641,216.414,756.967,629.224,40.85,197.748,205.325,205.135,47.485,0.45,0
2026-07-27 21:33:21.728561,152,20.471,3.962,1.368,11.915,4.87,17.139,215.379,748.715,601.672,48.112,201.325,214.044,206.119,47.347,0.429,0
2026-07-27 21:33:57.991585,152,21.005,4.112,1.837,7.477,4.831,16.439,225.802,729.22,646.703,40.449,199.028,210.234,204.757,47.972,0.439,0
2026-07-27 21:34:37.835304,152,22.053,4.116,1.926,10.306,5.492,15.614,210.578,754.33,687.536,48.072,198.613,212.348,205.338,47.185,0.454,0
2026-07-27 21:35:17.012038,152,21.425,4.049,1.935,12.422,5.028,16.293,208.266,749.042,596.216,46.188,199.072,212.484,204.58,47.914,0.52,0
2026-07-27 21:35:59.444989,152,21.482,3.962,1.801,11.888,4.53,17.14,211.064,776.907,582.524,44.443,196.397,212.987,204.69,47.842,0.349,0
2026-07-27 21:36:37.695735,152,21.257,3.946,1.898,7.192,4.893,16.629,204.51,711.129,570.318,45.966,197.224,208.904,205.408,47.929,0.451,0
2026-07-27 21:37:17.039227,152,21.365,3.795,2.517,11.914,4.602,15.791,210.406,726.644,533.593,45.89,196.785,208.118,207.72,48.242,0.424,0
2026-07-27 21:37:54.220856,152,21.589,3.879,2.199,12.233,4.912,17.684,199.639,771.034,637.444,43.879,198.502,204.211,205.891,48.373,0.464,0
2026-07-27 21:38:36.123598,152,20.795,3.907,1.832,14.068,4.456,15.873,206.823,731.447,589.395,45.835,197.557,207.115,205.658,47.573,0.407,0
2026-07-27 21:39:14.147012,152,21.639,3.831,1.979,10.19,4.523,16.379,209.308,723.801,626.261,47.047,198.114,210.18,205.928,48.522,0.471,0
2026-07-27 21:39:51.913189,152,20.513,4.066,1.992,7.016,4.886,15.981,215.698,732.882,632.294,42.355,197.627,207.966,202.183,47.868,0.323,0
2026-07-27 21:40:31.145706,152,21.364,4.179,1.77,9.506,5.049,15.982,216.667,747.072,567.571,45.969,196.048,206.691,205.383,49.052,0.34,0
2026-07-27 21:41:07.675200,152,21.289,3.864,1.769,9.306,4.926,16.274,204.218,747.182,572.076,37.646,199.062,210.146,206.093,47.649,0.366,0
2026-07-27 21:41:44.536073,152,20.892,4.043,2.303,12.973,5.014,16.818,222.456,743.911,652.341,39.597,195.885,213.895,205.101,47.033,0.396,0
2026-07-27 21:42:23.766950,152,21.189,3.845,1.874,6.067,4.893,17.145,210.89,720.172,597.898,46.581,197.127,209.838,204.948,48.5,0.403,0
2026-07-27 21:43:03.436443,152,20.889,3.954,1.672,10.603,4.843,16.307,211.44,772.422,580.191,43.83,196.421,206.715,203.872,48.255,0.356,0
2026-07-27 21:43:42.797753,152,20.664,3.896,1.987,14.352,4.674,15.995,200.294,788.46,568.645,42.61,196.944,213.69,204.48,48.721,0.341,0
2026-07-27 21:44:20.614937,152,21.023,4.09,2.035,11.514,5.003,16.739,206.28,694.598,595.756,44.852,198.242,207.755,204.0,48.186,0.361,0
2026-07-27 21:44:59.231511,152,20.648,3.898,1.408,13.293,5.056,16.754,216.299,704.947,645.237,43.891,199.482,214.29,206.199,49.404,0.297,0
2026-07-27 21:45:39.421274,152,21.361,4.152,1.988,8.216,4.784,16.62,211.019,779.083,620.563,42.232,196.127,209.237,206.802,47.887,0.383,0
2026-07-27 21:46:14.927010,152,20.625,3.963,2.26,8.296,4.771,16.638,210.647,795.524,605.453,40.411,197.331,210.299,207.322,48.628,0.396,0
2026-07-27 21:46:52.930186,152,21.556,3.903,2.135,14.374,5.198,16.444,211.363,688.254,647.656,39.489,195.901,214.527,203.98,47.685,0.426,0
2026-07-27 21:47:24.292192,152,20.609,3.812,2.669,11.702,4.795,16.549,201.341,773.648,641.873,47.069,197.274,206.081,204.198,48.295,0.41,0
2026-07-27 21:48:03.979928,152,20.917,4.038,2.375,11.707,4.819,16.409,209.42,797.499,610.024,43.817,198.086,206.955,204.1,48.407,0.508,0
2026-07-27 21:48:40.195571,152,20.888,4.134,2.435,9.264,4.921,17.035,218.45,724.99,683.284,47.715,198.92,209.053,203.778,48.5,0.449,0
2026-07-27 21:49:16.471757,152,21.863,4.041,2.84,11.702,4.776,17.614,216.52,795.81,592.577,43.789,195.458,209.594,203.797,48.466,0.444,0
2026-07-27 21:49:54.193826,152,21.365,4.336,2.227,9.208,4.595,16.59,209.249,744.838,632.941,45.994,198.661,217.662,204.381,46.058,0.422,0
2026-07-27 21:50:33.605384,152,21.094,4.214,2.049,13.874,4.894,16.497,219.382,759.124,588.21,44.649,196.833,207.425,206.049,47.959,0.432,0
2026-07-27 21:51:17.058768,152,21.449,3.954,2.292,16.956,4.79,16.628,202.445,729.142,627.085,45.124,196.541,206.218,204.139,47.655,0.387,0
2026-07-27 21:51:51.517848,152,20.146,3.952,1.832,12.468,5.261,16.171,204.17,779.03,592.548,45.261,198.081,207.286,206.264,47.773,0.406,0
2026-07-27 21:52:27.580962,152,21.178,4.07,2.032,10.23,4.997,16.882,221.182,774.199,613.841,43.752,198.753,210.673,206.641,47.83,0.515,0
2026-07-27 21:53:06.102365,152,22.199,3.874,1.806,6.433,4.651,16.721,213.468,800.017,671.704,41.557,197.879,211.427,205.342,48.586,0.396,0
2026-07-27 21:53:42.445432,152,21.266,4.175,2.119,8.131,4.982,16.29,208.267,791.778,628.556,47.145,196.688,207.949,206.475,48.122,0.32,0
2026-07-27 21:54:22.351371,152,21.234,4.054,1.804,14.61,4.877,16.951,209.668,749.735,614.305,49.462,197.879,210.061,203.366,47.695,0.442,0
2026-07-27 21:54:59.968797,152,21.474,4.038,1.794,9.442,5.127,16.509,205.16,840.143,576.759,49.646,197.13,215.641,204.33,47.119,0.453,0
2026-07-27 21:55:39.987305,152,21.648,4.103,2.124,10.758,4.669,16.015,211.66,789.173,605.647,43.451,198.725,210.102,205.227,48.92,0.409,0
2026-07-27 21:56:17.420746,152,20.201,4.258,1.959,12.811,4.847,16.676,211.184,765.675,569.76,42.947,199.29,210.931,205.268,47.612,0.287,0
2026-07-27 21:56:56.663082,152,20.359,4.026,1.422,14.465,4.775,16.618,210.119,721.083,626.609,43.448,199.214,215.478,206.715,47.922,0.477,0
2026-07-27 21:57:32.480827,152,21.305,3.983,1.563,11.101,4.815,16.98,203.041,705.629,625.856,44.508,197.976,207.976,203.801,49.283,0.414,0
2026-07-27 21:58:14.898148,152,20.843,4.226,1.656,10.691,4.579,16.916,211.589,708.094,594.611,44.853,199.347,207.786,204.356,47.628,0.381,0
2026-07-27 21:58:49.022925,152,21.856,4.145,1.735,11.643,4.944,16.445,206.823,722.924,649.906,42.206,196.775,208.638,204.898,47.835,0.471,0
2026-07-27 21:59:25.409222,152,21.042,3.952,2.124,10.245,4.904,16.264,204.084,789.942,645.687,40.857,200.139,208.469,204.378,48.139,0.279,0
2026-07-27 22:00:00.170747,152,20.233,4.001,2.066,10.352,5.121,16.501,217.6,764.126,604.489,45.14,196.768,204.719,203.749,47.036,0.407,0
2026-07-27 22:00:39.995427,152,20.566,4.029,2.32,12.324,4.797,16.682,223.018,732.212,616.965,35.115,195.564,210.4,204.428,46.967,0.368,0
2026-07-27 22:01:19.225739,152,19.825,4.054,2.226,11.871,4.697,16.742,221.656,746.06,582.346,44.718,199.639,210.629,204.705,47.711,0.49,0
2026-07-27 22:01:54.448271,152,21.083,3.797,2.322,15.763,4.997,16.651,213.901,742.525,591.835,42.355,197.148,209.461,206.737,47.732,0.415,0
2026-07-27 22:02:34.721690,152,21.106,3.769,2.183,12.378,4.601,16.455,208.406,773.201,567.66,47.184,198.14,210.718,203.776,48.081,0.348,0
2026-07-27 22:03:11.129014,152,20.988,3.867,2.063,13.802,5.071,16.998,209.578,724.515,585.65,47.933,196.763,210.749,205.978,47.413,0.468,0
2026-07-27 22:03:50.012101,152,21.739,3.855,2.33,9.357,5.071,16.163,212.434,760.141,596.868,47.999,200.836,206.183,206.527,48.26,0.252,0
2026-07-27 22:04:29.430554,152,21.799,3.903,2.276,12.55,5.114,17.74,207.479,758.702,550.189,44.03,200.186,210.837,204.385,46.706,0.43,0
2026-07-27 22:05:06.872249,152,21.115,4.095,2.113,10.054,4.894,16.882,217.913,725.383,617.304,41.822,199.856,211.62,205.312,47.958,0.324,0
2026-07-27 22:05:46.946714,152,20.133,3.975,2.381,12.291,4.678,15.936,197.786,796.052,630.664,42.719,198.106,205.368,205.691,48.216,0.372,0
2026-07-27 22:06:24.618147,152,21.509,4.029,1.296,12.877,4.827,16.593,208.226,741.428,599.762,45.805,199.177,214.243,205.493,48.197,0.386,0
2026-07-27 22:07:03.390464,152,21.478,3.816,1.913,11.6,4.895,16.886,214.806,721.21,519.083,40.392,197.936,206.416,205.099,47.902,0.455,0
2026-07-27 22:07:40.765459,152,21.355,3.931,1.908,16.315,4.66,16.325,204.929,774.734,592.41,48.902,199.347,206.699,204.185,47.604,0.532,0
2026-07-27 22:08:14.505912,152,21.691,4.088,2.346,14.356,5.133,15.752,208.559,751.58,558.198,44.074,197.507,210.586,205.795,47.885,0.293,0
2026-07-27 22:08:52.224253,152,20.618,4.089,2.471,13.854,4.945,15.98,213.562,761.844,581.711,46.4,199.902,211.551,204.551,48.74,0.427,0
2026-07-27 22:09:28.232294,152,22.204,3.891,1.565,13.029,4.577,16.771,219.11,715.644,643.558,40.012,197.447,212.255,205.034,47.64,0.532,0
2026-07-27 22:10:09.406668,152,20.72,4.024,2.423,15.027,5.271,15.623,202.236,773.56,526.966,42.407,197.583,211.627,205.211,48.587,0.366,0
2026-07-27 22:10:44.296346,152,21.575,4.33,1.649,8.626,4.824,15.775,201.792,813.0,575.509,39.664,197.44,208.493,206.027,48.682,0.362,0
2026-07-27 22:11:25.089389,152,20.356,3.997,1.658,14.241,4.526,16.768,204.324,713.378,624.887,47.859,198.231,210.315,207.314,46.958,0.414,0
2026-07-27 22:12:02.681790,152,20.735,3.896,1.93,9.518,4.592,16.389,200.775,760.272,578.942,44.551,197.534,209.082,204.115,47.923,0.45,0
2026-07-27 22:12:41.607931,152,21.958,3.974,1.905,10.371,5.172,16.152,201.202,727.226,576.647,46.6,198.585,210.505,205.063,47.413,0.439,0
2026-07-27 22:13:16.461721,152,21.07,4.014,1.532,12.623,5.256,16.253,204.164,827.999,660.972,45.178,197.423,210.199,203.219,47.099,0.378,0
2026-07-27 22:13:53.757679,152,21.62,3.977,2.195,13.966,5.052,15.765,217.401,785.949,611.352,46.312,198.949,208.536,206.778,48.475,0.352,0
2026-07-27 22:14:30.242346,152,21.318,3.995,2.204,9.193,5.13,16.742,208.128,758.181,628.029,44.055,199.822,208.993,205.053,48.284,0.479,0
2026-07-27 22:15:13.037739,152,21.148,3.783,2.316,10.475,5.104,16.097,210.188,714.392,614.84,44.43,198.093,204.629,204.64,48.158,0.354,0
2026-07-27 22:15:49.466032,152,21.882,3.856,1.87,11.695,4.939,16.232,204.267,721.404,604.851,44.743,200.662,212.407,205.063,47.349,0.285,0
2026-07-27 22:16:30.095731,152,21.082,3.978,1.988,11.127,4.882,16.673,213.801,771.642,637.921,46.136,199.353,210.863,205.123,48.126,0.313,0
2026-07-27 22:17:10.757323,152,20.31,3.975,1.991,13.208,4.935,16.372,221.255,710.488,657.16,46.21,200.566,203.311,204.122,47.214,0.365,0
2026-07-27 22:17:51.354866,152,20.798,3.915,2.506,18.372,4.984,16.148,204.674,711.398,549.494,52.872,197.927,212.3,206.426,48.046,0.49,0
2026-07-27 22:18:28.000829,152,21.476,3.973,1.15,12.339,4.615,15.505,220.348,750.256,598.94,49.708,196.006,209.846,205.774,47.603,0.329,0
2026-07-27 22:19:10.115992,152,21.398,4.009,1.713,10.03,4.983,16.684,212.187,753.869,598.704,40.019,197.153,207.283,205.941,48.63,0.491,0
2026-07-27 22:19:52.703766,152,20.416,4.133,2.002,8.907,5.165,16.539,210.101,761.021,587.122,44.599,197.275,207.026,204.184,47.782,0.478,0
2026-07-27 22:20:31.540791,152,20.838,3.985,1.674,10.849,4.748,16.241,212.401,737.254,629.432,43.863,196.856,208.004,204.119,48.139,0.414,0
2026-07-27 22:21:08.479682,152,20.909,4.06,1.923,9.62,4.722,15.981,212.343,776.684,607.707,48.584,195.365,207.299,204.864,48.14,0.247,0
2026-07-27 22:21:44.517407,152,21.017,3.919,1.962,12.435,4.919,16.506,221.143,725.007,657.764,44.116,199.23,207.688,205.96,47.955,0.329,0
2026-07-27 22:22:23.593018,152,20.512,4.086,1.803,12.404,4.638,16.74,213.121,768.173,633.008,46.3,195.768,214.932,205.602,48.063,0.362,0
2026-07-27 22:23:01.740995,152,20.886,4.056,2.019,10.574,4.471,16.549,213.247,756.209,640.941,38.456,199.115,211.076,204.067,48.182,0.504,0
2026-07-27 22:23:40.157586,152,20.836,4.13,2.188,15.47,5.087,17.319,207.471,767.419,564.025,40.762,200.623,215.904,205.801,47.462,0.366,0
2026-07-27 22:24:15.084447,152,21.586,4.107,1.929,10.029,4.687,16.852,215.034,784.278,575.817,50.858,197.066,210.655,203.833,48.242,0.354,0
2026-07-27 22:24:53.159573,152,21.605,4.088,1.864,11.261,4.805,16.446,204.259,736.795,578.289,45.141,198.465,211.68,204.206,48.518,0.411,0
2026-07-27 22:25:33.767548,152,21.127,3.985,1.95,12.778,4.647,16.869,210.654,730.829,639.694,42.204,197.522,207.446,205.189,48.238,0.315,0
2026-07-27 22:26:13.626169,152,21.004,4.037,1.998,13.284,5.119,16.524,227.3,701.037,570.985,45.68,198.992,209.513,203.594,47.787,0.399,0
2026-07-27 22:26:50.681971,152,21.27,4.16,1.478,14.055,5.013,16.523,194.975,691.449,571.862,42.051,196.567,209.763,203.844,48.105,0.352,0
2026-07-27 22:27:28.433356,152,20.792,3.902,2.138,12.357,4.74,17.148,211.399,744.897,566.359,44.207,197.842,211.798,206.863,47.782,0.561,0
2026-07-27 22:28:03.085553,152,20.627,3.906,1.865,13.602,4.505,16.051,211.63,746.882,682.591,40.933,199.345,209.856,206.64,47.929,0.345,0
2026-07-27 22:28:39.568778,152,20.73,4.027,2.378,10.17,4.713,16.512,208.631,718.504,595.733,42.792,197.941,211.019,207.748,47.287,0.516,0
2026-07-27 22:29:16.793513,152,20.883,4.062,2.177,13.336,4.943,17.095,208.773,724.738,615.897,43.834,196.046,210.915,205.541,48.828,0.332,0
2026-07-27 22:29:56.237683,152,20.618,3.876,2.351,13.309,4.847,16.654,210.548,794.18,565.781,48.138,199.49,209.122,205.774,49.161,0.416,0
2026-07-27 22:30:32.627210,152,21.281,3.989,1.697,14.526,4.827,16.315,208.488,775.399,628.778,46.299,196.445,208.823,204.814,47.578,0.43,0
2026-07-27 22:31:08.265164,152,21.565,3.986,1.889,8.163,4.853,15.647,211.332,713.413,546.79,46.788,198.094,208.06,204.579,48.472,0.409,1
2026-07-27 22:31:47.992672,152,20.406,3.668,1.627,9.686,4.99,15.365,207.074,737.172,570.63,44.928,198.699,213.139,206.046,48.875,0.405,0
2026-07-27 22:32:25.029133,152,21.213,3.967,1.788,13.146,4.79,17.538,222.134,761.774,578.059,47.304,198.144,209.123,206.634,47.425,0.452,0
2026-07-27 22:33:01.116339,152,21.09,3.976,2.376,6.197,4.913,16.654,208.488,731.833,606.566,42.554,201.045,210.954,205.944,46.705,0.425,0
2026-07-27 22:33:40.968638,152,21.371,3.976,2.446,12.484,4.553,16.208,213.418,726.548,576.208,42.948,198.881,209.546,203.992,48.91,0.39,0
2026-07-27 22:34:20.014663,152,21.194,4.212,1.656,13.62,5.438,16.675,205.986,740.191,645.72,46.141,197.757,213.082,205.47,47.994,0.36,0
2026-07-27 22:34:57.541629,152,20.473,3.818,1.863,10.347,4.729,16.026,215.599,781.629,615.097,44.218,198.723,204.235,204.076,47.688,0.39,0
2026-07-27 22:35:34.740709,152,20.569,3.876,1.977,10.64,4.851,16.334,214.401,784.261,579.312,44.961,198.252,210.879,204.611,48.028,0.389,0
2026-07-27 22:36:13.606033,152,21.215,3.608,2.176,9.352,4.942,16.03,212.516,728.672,629.929,44.54,198.053,206.361,206.963,47.779,0.388,0
2026-07-27 22:36:52.834419,152,21.714,3.928,1.472,10.457,4.697,15.793,203.836,763.356,588.201,48.51,198.293,211.133,203.561,49.776,0.405,0
2026-07-27 22:37:31.310737,152,20.093,3.941,1.519,10.515,4.802,15.448,205.486,749.814,582.287,48.656,197.479,209.575,207.602,47.682,0.315,0
2026-07-27 22:38:09.585795,152,21.373,3.924,2.147,10.134,4.799,15.701,220.117,720.761,626.874,43.247,198.255,205.713,205.659,48.196,0.338,0
2026-07-27 22:38:46.202691,152,21.795,4.166,1.415,10.025,4.571,17.011,205.419,741.385,526.415,40.072,197.393,210.979,204.441,48.775,0.45,0
2026-07-27 22:39:22.956211,152,21.123,4.129,1.866,10.958,4.91,16.007,213.845,713.337,622.045,43.008,195.725,210.65,205.082,48.772,0.265,0
2026-07-27 22:40:00.564451,152,21.475,4.012,2.049,10.934,4.388,16.767,204.332,783.729,578.607,42.489,199.368,209.329,204.178,48.658,0.472,0
2026-07-27 22:40:36.373141,152,20.848,3.944,2.125,15.248,5.238,16.978,216.05,795.022,578.562,47.329,197.321,209.697,204.344,47.745,0.366,0
2026-07-27 22:41:11.915190,152,21.14,4.154,1.957,10.712,4.998,16.508,205.882,738.093,658.744,47.577,198.17,210.468,205.088,47.909,0.5,0
2026-07-27 22:41:49.710599,152,20.39,3.997,1.89,12.188,4.96,16.351,204.221,731.177,584.064,42.113,197.087,213.417,204.605,46.695,0.474,0
2026-07-27 22:42:29.966535,152,20.028,3.877,2.253,10.346,4.366,16.567,205.726,780.583,628.677,42.887,197.124,209.088,203.88,47.955,0.38,0
2026-07-27 22:43:03.240299,152,21.671,3.743,2.086,10.321,4.602,16.292,206.677,785.268,608.377,40.859,196.753,212.938,204.734,48.02,0.387,0
2026-07-27 22:43:40.347819,152,20.708,3.934,1.806,8.091,5.147,17.102,212.428,717.682,611.49,45.376,199.138,209.891,203.422,48.445,0.496,0
2026-07-27 22:44:18.969161,152,20.972,4.113,2.011,8.357,5.838,17.438,210.416,745.707,592.484,44.874,199.428,213.758,203.474,49.077,0.476,0
2026-07-27 22:44:59.414018,152,20.507,4.341,2.115,9.086,5.099,17.225,203.429,748.291,590.919,47.21,198.031,209.318,203.462,48.427,0.458,0
2026-07-27 22:45:41.517786,152,20.495,4.009,2.515,11.867,5.059,15.424,209.832,727.647,645.84,46.392,197.356,208.068,207.006,48.642,0.469,0
2026-07-27 22:46:18.929918,152,21.113,3.885,2.236,13.652,4.931,16.281,203.139,761.193,627.914,46.709,195.968,206.817,205.487,47.99,0.335,0
2026-07-27 22:47:01.427271,152,20.835,3.822,2.364,7.927,4.588,16.502,213.861,729.702,585.01,40.682,198.955,209.902,205.715,48.771,0.412,0
2026-07-27 22:47:40.465962,152,21.389,4.083,1.817,10.402,5.049,16.732,214.961,734.332,568.624,43.246,197.188,207.7,205.014,48.007,0.354,0
2026-07-27 22:48:20.322403,152,21.426,3.735,1.843,8.766,4.525,15.636,209.856,747.061,582.466,47.657,196.659,214.073,205.608,48.684,0.333,0
2026-07-27 22:48:55.893344,152,21.36,4.083,1.929,10.971,4.497,15.628,211.63,706.817,629.445,43.492,198.035,207.473,206.411,48.483,0.41,0
2026-07-27 22:49:34.927096,152,21.319,4.123,1.957,13.652,4.482,17.153,220.513,690.363,635.361,40.443,197.599,207.999,205.489,48.236,0.375,0
2026-07-27 22:50:14.980379,152,21.989,4.065,1.698,10.606,5.044,16.22,209.054,776.63,616.648,47.262,196.178,211.685,206.968,47.076,0.39,0
2026-07-27 22:50:51.408652,152,20.666,3.967,2.38,11.405,4.786,15.756,204.334,728.531,551.497,43.384,196.343,213.439,204.955,48.656,0.37,0
2026-07-27 22:51:23.467862,152,21.173,4.085,2.265,14.41,4.825,15.948,213.475,811.911,622.613,47.975,198.404,212.12,205.719,48.227,0.325,0
2026-07-27 22:52:01.807598,152,21.766,4.026,1.908,12.416,4.796,16.695,203.204,807.183,639.107,44.948,197.213,213.07,205.845,48.422,0.502,0
2026-07-27 22:52:39.317548,152,21.832,3.883,2.193,9.98,4.519,16.089,208.737,735.312,605.207,44.224,198.612,209.767,203.882,48.188,0.409,0
2026-07-27 22:53:20.382444,152,20.489,4.278,2.067,11.818,4.632,16.621,206.406,817.833,659.394,48.817,198.176,209.808,205.051,48.292,0.313,0
2026-07-27 22:53:57.155094,152,21.044,3.947,2.216,9.845,4.645,16.011,205.789,777.19,560.371,41.353,199.257,215.834,202.79,48.78,0.411,0
2026-07-27 22:54:33.547671,152,21.879,4.116,1.597,12.341,4.449,15.628,208.499,731.286,620.544,49.016,197.001,214.902,204.844,47.716,0.491,0
2026-07-27 22:55:08.876831,152,21.454,3.637,1.956,12.531,4.674,17.212,215.399,675.127,569.393,43.21,198.279,212.071,204.665,48.281,0.458,0
2026-07-27 22:55:45.440240,152,21.298,4.191,1.983,8.766,4.53,16.699,216.634,769.956,631.756,45.455,198.766,213.209,204.593,47.534,0.369,0
2026-07-27 22:56:29.520896,152,21.091,4.22,2.187,11.85,4.944,16.333,215.557,750.908,618.386,45.481,197.249,212.49,204.511,48.346,0.37,0
2026-07-27 22:57:03.903333,152,21.008,4.004,1.811,11.265,4.965,16.239,212.018,762.509,654.041,43.804,199.353,206.503,205.614,48.151,0.343,0
2026-07-27 22:57:38.858870,152,21.344,4.084,1.25,12.589,4.477,17.232,208.454,743.364,614.991,42.866,196.0,209.885,203.937,47.621,0.355,0
2026-07-27 22:58:16.735060,152,21.074,4.084,1.675,13.163,4.726,16.796,195.853,716.828,587.88,43.964,197.0,214.341,207.232,48.056,0.36,0
2026-07-27 22:58:59.237069,152,21.179,3.904,1.982,12.455,5.264,17.073,212.206,737.616,585.268,42.159,195.956,212.089,205.681,47.659,0.312,0
2026-07-27 22:59:38.927792,152,21.239,4.082,2.019,10.894,4.555,16.208,196.324,770.492,592.495,50.493,197.117,209.816,204.036,47.773,0.373,0
2026-07-27 23:00:20.467102,152,20.861,3.879,2.505,13.367,4.907,16.525,198.46,739.723,584.678,43.653,197.814,214.375,205.777,48.213,0.421,0
2026-07-27 23:00:57.589183,152,21.466,3.909,2.175,9.754,4.826,16.701,209.03,739.548,640.413,48.245,198.998,211.071,206.194,48.161,0.375,0
2026-07-27 23:01:32.419744,152,22.657,4.169,2.024,8.859,5.073,16.225,211.587,705.938,638.269,47.876,197.814,212.191,205.443,46.848,0.413,0
2026-07-27 23:02:09.395532,152,20.312,4.146,1.99,5.109,4.874,16.452,207.293,752.645,555.103,46.016,197.286,211.086,203.793,48.222,0.497,0
2026-07-27 23:02:47.111208,152,21.362,3.894,2.331,11.36,4.692,16.208,219.213,717.754,601.151,44.62,196.141,211.569,207.685,47.818,0.51,1
2026-07-27 23:03:25.136191,152,20.82,3.89,1.823,9.857,4.817,16.7,212.773,776.637,601.875,45.543,196.543,211.777,205.767,47.751,0.396,0
2026-07-27 23:04:02.648304,152,21.489,3.903,1.958,12.296,4.82,15.839,208.504,728.711,576.561,46.602,198.372,213.769,203.503,47.324,0.453,0
2026-07-27 23:04:41.995179,152,21.223,4.11,1.673,7.558,4.777,16.786,218.318,741.425,613.147,45.281,199.058,214.147,205.251,47.973,0.39,0
2026-07-27 23:05:18.372009,152,21.581,3.85,2.426,10.206,4.47,16.655,219.391,812.756,643.826,40.613,197.497,208.692,204.736,47.686,0.371,0
2026-07-27 23:05:54.258087,152,21.788,4.054,2.118,12.441,5.111,16.398,213.075,741.109,626.754,39.909,199.453,211.031,205.008,48.764,0.333,0
2026-07-27 23:06:29.511556,152,21.296,4.112,1.788,9.44,5.067,16.725,205.348,737.223,640.412,49.225,196.86,213.686,203.568,46.95,0.405,0
2026-07-27 23:07:07.979016,152,21.766,3.987,1.966,12.319,4.539,16.318,206.698,766.983,578.446,37.623,197.531,209.618,205.065,47.422,0.465,0
2026-07-27 23:07:46.220128,152,20.028,4.152,2.153,10.386,4.725,16.165,201.32,698.227,601.095,45.548,197.633,206.204,204.002,47.381,0.324,0
2026-07-27 23:08:26.708572,152,21.995,3.954,1.925,11.434,4.744,16.772,209.745,786.273,577.031,44.342,199.835,207.365,204.581,48.155,0.383,0
2026-07-27 23:09:08.235710,152,21.388,3.968,1.84,12.69,4.511,16.794,203.7,778.824,607.183,45.45,198.16,207.565,205.465,48.704,0.38,0
2026-07-27 23:09:43.482895,152,21.739,3.853,1.804,13.406,4.333,16.246,208.026,765.209,609.884,41.808,195.842,208.671,204.428,48.302,0.415,0
2026-07-27 23:10:21.536525,152,20.59,4.153,2.102,11.685,4.632,16.203,211.564,652.064,628.795,45.982,199.142,207.836,204.651,47.343,0.416,0
2026-07-27 23:10:59.068311,152,20.785,3.885,1.893,9.872,4.711,16.409,198.098,742.477,639.405,45.577,200.215,212.984,205.984,47.742,0.432,0
2026-07-27 23:11:33.564568,152,21.273,4.052,1.864,10.584,4.44,16.224,202.418,713.087,620.669,52.731,197.7,209.197,203.934,47.514,0.514,0
2026-07-27 23:12:10.360345,152,21.191,3.989,1.599,12.774,4.844,17.263,206.959,782.599,574.195,45.364,196.924,213.657,204.222,48.305,0.348,0
2026-07-27 23:12:51.932233,152,21.342,3.842,2.023,9.457,5.091,16.658,209.685,780.524,559.435,48.775,199.037,206.722,203.494,47.73,0.344,0
2026-07-27 23:13:28.489671,152,21.742,3.909,1.946,11.144,5.011,16.507,207.037,761.252,615.601,40.804,200.357,208.975,204.013,47.152,0.415,0
2026-07-27 23:14:04.667983,152,20.317,4.207,1.904,10.728,4.768,16.034,208.377,715.11,645.016,47.856,199.018,210.302,205.155,48.351,0.487,0
2026-07-27 23:14:42.549303,152,21.687,4.03,2.06,11.293,4.34,16.869,205.763,793.335,599.256,45.634,196.052,212.351,205.767,48.758,0.312,0
2026-07-27 23:15:22.627959,152,21.204,3.849,2.224,9.481,4.979,16.194,201.304,742.394,554.178,45.755,198.906,213.317,204.033,47.893,0.42,0
2026-07-27 23:15:59.933296,152,21.098,4.046,2.21,7.796,4.837,16.174,206.791,802.356,662.543,45.794,198.485,208.439,205.732,48.072,0.388,0
2026-07-27 23:16:38.224421,152,20.464,3.978,2.166,12.541,4.906,16.886,208.721,757.696,614.682,49.778,196.854,212.881,205.126,47.096,0.451,0
2026-07-27 23:17:11.015535,152,21.452,4.518,1.928,13.428,5.284,16.694,208.138,764.697,605.134,45.714,199.547,205.123,203.341,46.764,0.438,0
2026-07-27 23:17:50.320438,152,19.993,4.043,1.83,7.916,4.594,15.248,210.671,736.651,564.961,42.804,198.526,212.527,205.209,46.891,0.403,0
2026-07-27 23:18:28.824618,152,21.524,3.943,1.687,12.238,4.081,16.421,212.513,790.802,600.486,43.275,199.578,206.111,206.433,47.973,0.429,0
2026-07-27 23:19:08.841689,152,20.454,4.213,1.822,13.666,4.537,16.563,214.09,767.645,620.607,47.288,196.726,211.295,202.729,47.815,0.361,0
2026-07-27 23:19:42.583505,152,21.227,3.724,2.006,12.692,4.922,16.33,206.199,791.844,615.091,46.253,198.479,213.275,207.406,48.328,0.448,0
2026-07-27 23:20:19.893843,152,21.14,4.014,1.764,10.667,4.807,16.58,200.545,755.149,579.603,40.715,196.926,212.573,204.267,47.881,0.483,0
2026-07-27 23:21:00.092177,152,21.785,4.299,2.029,9.613,4.496,15.595,217.63,748.636,598.288,46.441,198.297,205.246,203.021,48.593,0.406,0
2026-07-27 23:21:36.822361,152,21.111,3.983,1.71,11.662,4.445,15.084,212.313,767.259,581.52,41.969,199.773,208.703,205.166,48.523,0.376,0
2026-07-27 23:22:14.938763,152,20.853,3.74,1.502,11.996,4.711,16.012,204.272,791.834,649.925,46.227,196.288,212.079,205.997,47.807,0.391,0
2026-07-27 23:22:52.004817,152,20.947,3.941,2.246,11.692,4.488,16.641,211.666,779.485,626.846,42.744,196.357,211.996,204.663,47.398,0.447,0
2026-07-27 23:23:29.126736,152,21.836,4.218,1.858,11.14,4.93,14.888,216.408,754.008,584.27,44.212,199.147,210.8,205.374,46.85,0.397,0
2026-07-27 23:24:09.787801,152,21.468,4.056,1.749,9.335,4.697,16.078,220.375,696.141,564.946,43.475,197.983,203.615,207.544,48.86,0.328,0
2026-07-27 23:24:44.542466,152,21.007,3.874,1.672,12.345,4.643,15.539,211.504,773.501,608.334,49.253,199.406,213.474,205.247,47.434,0.457,0
2026-07-27 23:25:22.427837,152,21.082,3.897,2.127,12.442,4.61,16.379,216.358,708.278,585.215,46.125,197.031,213.991,208.579,47.102,0.341,0
2026-07-27 23:26:01.001854,152,20.416,3.916,2.412,11.902,4.866,17.479,202.742,751.015,587.451,48.531,198.061,210.475,206.518,48.078,0.425,0
2026-07-27 23:26:41.140724,152,21.394,4.054,1.879,11.722,4.811,16.391,209.785,746.643,565.944,53.107,198.826,210.663,205.062,47.107,0.288,0
2026-07-27 23:27:18.862667,152,20.32,4.201,1.935,14.858,4.85,16.446,207.99,708.885,569.658,45.131,198.252,211.459,205.35,48.077,0.406,0
2026-07-27 23:27:59.071715,152,21.576,4.158,2.321,10.251,4.845,16.92,212.055,760.803,604.88,49.206,195.854,214.235,204.617,47.798,0.396,0
2026-07-27 23:28:36.947157,152,21.264,4.068,1.457,14.063,4.782,16.511,219.667,812.475,591.994,43.042,201.387,210.727,205.299,48.554,0.282,0
2026-07-27 23:29:15.219714,152,22.393,3.8,2.59,10.032,4.542,16.393,211.499,740.934,674.895,48.514,198.255,209.446,205.674,48.502,0.42,0
2026-07-27 23:29:53.405166,152,20.65,3.801,2.733,13.718,4.617,16.963,204.374,772.211,617.828,42.739,196.391,211.106,204.515,48.662,0.334,0
2026-07-27 23:30:32.899200,152,21.149,4.08,1.188,13.967,4.701,16.736,202.419,818.315,565.449,44.948,198.377,209.968,203.344,48.124,0.405,0
2026-07-27 23:31:12.134348,152,22.099,3.798,1.971,10.914,5.316,16.644,219.875,775.016,553.931,46.503,198.515,210.001,206.586,47.485,0.375,0
2026-07-27 23:31:47.596573,152,21.796,3.966,1.784,14.822,4.463,16.431,213.083,731.3,611.945,46.944,199.193,204.879,206.168,47.378,0.311,0
2026-07-27 23:32:26.091382,152,20.852,4.046,1.921,12.438,4.695,16.327,212.688,756.873,588.094,41.437,199.113,211.516,203.299,47.682,0.337,0
2026-07-27 23:33:05.324090,152,21.312,3.829,1.874,9.745,4.825,16.959,207.938,763.943,639.944,42.572,197.743,213.397,205.205,49.197,0.342,0
2026-07-27 23:33:46.656837,152,21.201,3.846,2.244,10.752,4.724,16.332,211.607,791.581,608.456,46.712,195.934,212.959,206.232,47.85,0.459,0
2026-07-27 23:34:22.357100,152,21.341,3.986,1.966,13.766,5.068,17.116,204.078,785.207,540.524,43.97,198.554,212.758,206.108,48.097,0.45,0
2026-07-27 23:35:01.584758,152,20.851,4.076,1.727,13.346,4.723,15.976,212.323,669.673,569.417,41.087,196.029,209.846,204.167,48.911,0.532,0
2026-07-27 23:35:38.791582,152,21.155,4.159,1.948,9.384,4.741,17.217,202.951,725.17,579.742,44.801,199.458,210.422,206.179,48.153,0.369,0
2026-07-27 23:36:17.229017,152,20.401,4.091,2.154,11.221,5.004,16.736,207.844,747.969,613.261,44.667,197.121,213.455,205.018,47.551,0.367,0
2026-07-27 23:36:52.781442,152,21.268,4.011,1.645,11.907,5.253,16.016,206.143,720.557,568.417,45.495,198.762,212.515,205.466,48.438,0.408,0
2026-07-27 23:37:30.750930,152,21.425,3.888,1.506,10.485,5.152,16.754,190.456,642.697,604.585,46.482,197.213,214.31,203.897,47.743,0.379,0
2026-07-27 23:38:09.478080,152,21.086,3.839,2.598,16.216,4.766,16.175,207.919,728.957,559.916,46.304,197.41,208.049,199.892,48.173,0.365,0
2026-07-27 23:38:45.266192,152,20.392,3.923,1.807,11.967,4.788,16.517,204.607,749.895,600.186,42.849,197.039,208.031,204.067,48.307,0.403,0
2026-07-27 23:39:26.569366,152,21.694,4.061,1.959,11.376,4.812,16.257,208.738,734.767,611.101,43.85,198.859,209.036,205.644,47.703,0.442,0
2026-07-27 23:40:01.048540,152,21.382,4.05,1.881,13.882,4.837,16.434,210.01,721.089,643.845,47.598,197.254,207.265,204.753,48.112,0.273,0
2026-07-27 23:40:40.274169,152,20.837,3.685,2.164,10.77,4.588,16.971,220.608,751.202,607.367,43.479,198.922,206.168,205.78,48.96,0.366,0
2026-07-27 23:41:12.737327,152,21.06,3.882,2.532,13.515,5.034,16.759,211.828,759.95,575.498,43.894,197.286,211.359,206.327,47.624,0.316,0
2026-07-27 23:41:50.155965,152,20.45,4.181,2.174,8.165,4.852,15.937,212.005,736.411,644.79,40.788,197.722,211.162,204.603,48.79,0.391,0
2026-07-27 23:42:29.249537,152,20.687,4.012,1.544,10.593,4.789,15.966,212.974,789.781,594.505,44.92,198.043,210.714,204.485,47.646,0.426,0
2026-07-27 23:43:08.874330,152,20.931,3.787,1.585,13.598,4.482,16.635,215.231,751.674,623.207,45.967,198.185,211.026,202.376,49.081,0.467,0
2026-07-27 23:43:46.634080,152,21.814,4.353,1.88,14.64,4.816,16.672,212.726,724.726,581.613,39.469,196.891,205.755,203.143,47.487,0.374,0
2026-07-27 23:44:24.083176,152,20.88,3.996,1.92,9.953,4.327,16.163,211.69,717.388,602.723,42.003,198.845,208.608,203.392,47.764,0.406,0
2026-07-27 23:45:03.376946,152,21.52,4.058,1.483,9.72,4.655,17.296,214.267,743.824,575.962,41.019,197.674,209.149,205.668,48.905,0.299,1
2026-07-27 23:45:43.544457,152,20.931,4.06,2.246,12.635,4.659,16.907,195.44,782.289,609.668,47.207,198.653,210.141,204.615,48.931,0.348,0
2026-07-27 23:46:24.689975,152,21.324,3.945,1.674,10.254,4.872,16.187,222.534,726.113,624.115,39.645,197.981,205.767,204.359,48.491,0.412,0
2026-07-27 23:46:59.746921,152,21.129,3.891,2.448,10.963,5.27,16.139,219.538,767.281,585.156,44.78,198.704,207.309,204.222,47.351,0.318,0
2026-07-27 23:47:37.289448,152,21.637,4.318,2.546,13.253,4.943,16.386,211.303,752.742,583.47,47.01,197.506,208.734,204.065,48.049,0.474,0
2026-07-27 23:48:10.288195,152,20.933,4.15,1.926,10.412,5.162,16.334,201.522,807.804,610.705,45.526,197.052,213.069,206.108,48.001,0.431,0
2026-07-27 23:48:45.170293,152,20.414,4.123,2.132,7.569,4.961,17.128,217.262,761.317,575.25,43.768,198.512,210.759,205.112,47.487,0.346,0
2026-07-27 23:49:21.564903,152,20.509,4.086,1.63,8.898,5.081,16.992,205.837,729.751,554.462,45.97,197.408,212.963,206.19,48.418,0.311,0
2026-07-27 23:50:01.537130,152,20.934,3.85,2.187,11.52,5.264,16.518,213.203,771.355,610.596,47.904,199.751,209.645,202.368,47.534,0.357,0
2026-07-27 23:50:38.440694,152,20.575,4.192,1.851,7.773,4.617,16.839,202.303,772.331,596.769,44.699,198.081,210.003,205.639,47.226,0.346,0
2026-07-27 23:51:15.781854,152,21.405,3.874,1.674,10.906,4.601,16.911,223.358,738.487,596.134,38.731,196.352,211.447,204.419,47.027,0.327,0
2026-07-27 23:51:54.465924,152,20.967,4.042,1.913,8.716,4.967,16.529,201.347,716.244,615.632,48.214,197.297,209.486,204.662,49.027,0.316,0
2026-07-27 23:52:30.937044,152,22.387,3.754,1.86,14.78,4.799,16.701,210.414,765.545,619.823,46.121,196.801,208.188,206.623,47.694,0.386,0
2026-07-27 23:53:04.389183,152,20.331,3.694,1.902,15.83,4.855,16.797,197.267,751.842,595.17,44.907,199.288,205.68,204.532,47.706,0.444,0
2026-07-27 23:53:40.688471,152,21.302,4.048,2.285,9.384,4.738,16.744,209.753,706.02,566.32,39.455,198.928,208.266,205.59,47.382,0.357,0
2026-07-27 23:54:18.413222,152,20.636,3.879,1.764,12.014,4.651,16.111,207.448,757.381,580.842,44.165,197.927,212.425,203.778,48.821,0.427,0
2026-07-27 23:54:57.481317,152,20.953,3.702,2.521,9.579,5.205,16.161,216.823,731.527,617.549,42.549,198.348,213.656,205.043,47.172,0.38,0
2026-07-27 23:55:35.010750,152,21.271,4.081,1.602,10.881,4.525,16.356,207.448,706.048,604.092,41.594,197.895,207.758,203.091,47.278,0.437,0
2026-07-27 23:56:14.040931,152,20.037,4.318,2.485,15.107,4.972,16.147,216.832,739.789,583.507,44.618,199.032,204.972,204.931,47.807,0.353,0
2026-07-27 23:56:54.149261,152,21.318,4.208,1.695,10.567,4.931,15.763,203.855,787.205,576.468,43.499,198.624,212.687,205.462,47.987,0.417,0
2026-07-27 23:57:34.704143,152,22.151,3.961,2.0,10.928,4.405,16.838,208.308,785.034,618.535,43.684,198.84,210.201,206.328,48.395,0.407,0
2026-07-27 23:58:13.097008,152,20.973,4.001,1.853,9.615,4.592,16.673,208.429,777.456,593.35,47.071,197.77,206.094,204.019,47.595,0.482,0
2026-07-27 23:58:48.504283,152,21.33,4.133,1.897,13.792,4.634,15.83,212.974,757.808,622.582,45.716,197.242,200.979,204.365,48.927,0.434,0
2026-07-27 23:59:23.665649,152,21.712,4.168,2.24,4.973,4.941,16.38,212.21,767.278,597.07,43.613,198.798,204.835,204.227,47.599,0.415,0
2026-07-27 23:59:59.039390,152,21.118,3.948,2.45,10.614,4.708,16.408,214.333,752.861,680.968,43.257,199.862,207.285,204.695,47.395,0.312,0
2026-07-28 00:00:34.588649,152,20.91,4.005,2.357,11.408,4.779,16.591,211.601,717.954,677.35,43.726,199.327,207.224,203.843,47.338,0.368,0
2026-07-28 00:01:12.815294,152,20.062,4.045,1.879,10.178,4.436,15.959,213.968,723.74,637.118,44.307,199.898,207.348,202.411,47.536,0.352,0
2026-07-28 00:01:55.118663,152,21.52,4.083,2.055,13.227,5.381,15.823,204.613,732.392,654.636,46.635,198.194,209.799,203.749,47.299,0.351,0
2026-07-28 00:02:33.601807,152,21.143,3.98,1.765,13.904,4.818,16.76,212.333,790.639,542.886,42.081,196.836,215.049,204.941,48.451,0.401,0
2026-07-28 00:03:11.410299,152,20.694,3.982,1.703,8.676,4.925,15.733,219.649,781.224,547.503,49.084,196.943,221.146,204.822,47.399,0.414,0
2026-07-28 00:03:51.603410,152,21.263,4.207,1.656,15.687,4.665,16.384,199.92,718.684,456.946,46.637,199.655,206.687,205.663,47.92,0.417,0
2026-07-28 00:04:27.714284,152,20.908,4.181,1.869,8.653,4.637,16.337,212.934,751.548,534.431,37.334,195.766,212.152,206.011,47.382,0.476,0
2026-07-28 00:05:08.090124,152,20.936,4.072,2.075,14.077,5.278,16.438,214.061,738.324,688.744,45.239,199.806,206.743,204.461,47.295,0.429,0
2026-07-28 00:05:48.296969,152,21.503,4.258,1.426,11.8,4.321,16.626,218.767,745.502,660.079,47.914,197.055,212.342,203.097,48.664,0.326,0
2026-07-28 00:06:26.431483,152,20.531,3.942,1.986,10.493,4.87,17.299,214.356,734.455,629.604,46.088,200.308,216.007,205.484,48.962,0.412,0
2026-07-28 00:07:09.205223,152,21.724,4.243,2.455,10.681,4.497,15.7,210.602,790.765,524.706,43.845,197.915,206.866,204.988,48.761,0.435,0
2026-07-28 00:07:49.747950,152,20.501,4.081,2.337,11.433,4.699,16.938,212.58,749.452,639.313,44.829,198.867,201.73,204.69,47.117,0.476,0
2026-07-28 00:08:27.851439,152,20.869,4.491,1.824,11.917,4.64,15.244,205.59,756.269,625.079,45.499,200.862,208.331,206.465,47.2,0.391,0
2026-07-28 00:09:05.523910,152,22.161,3.821,1.581,9.66,4.554,17.197,207.672,756.503,594.646,47.155,197.604,201.026,205.541,49.187,0.391,0
2026-07-28 00:09:42.539153,152,21.764,3.897,2.138,11.032,4.809,15.479,201.986,720.195,522.845,41.038,197.584,210.162,205.147,47.847,0.465,0
2026-07-28 00:10:20.241066,152,21.249,4.063,1.305,9.959,4.158,17.718,218.922,753.148,562.328,43.306,197.166,217.092,205.197,47.175,0.411,0
2026-07-28 00:10:58.008966,152,20.73,4.06,2.333,9.07,4.721,16.305,212.701,780.807,653.548,49.588,196.798,215.49,206.02,48.649,0.304,0
2026-07-28 00:11:35.280528,152,20.935,4.293,1.936,9.865,4.777,17.145,204.503,792.708,679.828,45.092,197.604,218.43,204.173,48.04,0.291,0
2026-07-28 00:12:12.792677,152,21.237,3.9,2.549,9.2,4.46,17.042,211.628,716.713,532.957,49.278,197.334,205.797,203.944,48.342,0.51,0
2026-07-28 00:12:48.073793,152,21.219,4.136,1.482,10.66,5.178,16.282,216.956,705.961,509.18,53.36,196.5,198.257,204.719,46.657,0.297,0
2026-07-28 00:13:24.778438,152,21.155,4.174,2.275,12.365,4.651,16.32,215.957,751.802,645.691,43.622,197.747,211.804,203.586,47.804,0.39,0
2026-07-28 00:13:59.136688,152,21.185,4.106,1.97,11.741,4.741,16.081,204.434,782.166,560.156,41.648,198.54,206.751,204.945,48.569,0.453,0
2026-07-28 00:14:38.081594,152,21.093,3.856,1.901,15.449,4.652,16.894,191.197,760.428,583.889,44.257,196.925,201.146,205.116,47.616,0.294,0
2026-07-28 00:15:16.264128,152,20.479,4.211,1.589,7.079,4.78,16.288,212.372,769.729,620.522,48.077,197.805,203.822,204.917,48.741,0.335,0
2026-07-28 00:15:53.984631,152,20.942,4.184,2.179,12.439,5.127,16.091,204.679,710.553,673.592,48.469,199.688,215.23,204.566,47.21,0.325,0
2026-07-28 00:16:34.005243,152,21.657,4.09,2.203,11.513,5.418,16.769,213.734,733.412,580.451,51.362,196.297,211.645,206.984,47.932,0.508,0
2026-07-28 00:17:10.036364,152,20.516,4.031,2.536,13.131,4.986,16.051,215.702,686.313,554.839,44.897,200.318,210.85,206.129,48.987,0.521,0
2026-07-28 00:17:46.415673,152,21.105,4.034,2.302,12.933,5.072,16.336,216.682,745.868,549.217,46.367,197.191,208.851,204.883,47.309,0.356,0
2026-07-28 00:18:21.038509,152,20.79,3.988,1.822,11.17,5.229,16.554,220.468,687.238,559.782,43.007,198.241,199.853,205.112,48.163,0.435,0
2026-07-28 00:19:01.370992,152,21.256,4.096,1.699,11.845,4.862,16.179,217.418,788.647,512.928,37.98,199.535,197.637,206.652,48.351,0.418,0
2026-07-28 00:19:40.751606,152,21.006,4.005,1.589,10.012,5.193,16.254,220.497,795.09,669.676,44.889,199.901,208.354,204.299,48.055,0.383,0
2026-07-28 00:20:21.783064,152,21.939,3.873,2.442,12.727,4.998,17.267,218.274,754.079,609.629,41.769,198.564,214.576,203.841,47.85,0.302,0
2026-07-28 00:21:03.391324,152,21.453,3.843,1.767,7.742,4.836,16.398,218.797,706.135,600.194,46.801,197.167,216.695,205.272,47.474,0.538,0
2026-07-28 00:21:40.423775,152,20.544,3.887,2.444,13.054,4.888,16.32,209.755,760.896,622.687,39.732,197.061,207.989,205.497,48.118,0.291,0
2026-07-28 00:22:16.802356,152,21.536,4.033,2.158,11.454,4.345,16.412,202.264,803.915,667.562,42.93,197.31,205.696,205.586,47.938,0.413,0
2026-07-28 00:22:50.708694,152,20.813,3.996,2.099,10.526,4.873,16.727,224.894,763.796,556.001,45.75,200.267,202.812,205.993,47.138,0.361,0
2026-07-28 00:23:26.205283,152,20.912,4.032,1.908,11.035,4.414,15.983,210.378,784.365,535.953,46.043,197.54,197.543,204.121,48.66,0.46,0
2026-07-28 00:24:03.464498,152,21.357,4.075,2.198,11.182,4.394,16.714,217.372,735.93,590.867,44.867,198.388,207.583,203.31,47.454,0.451,0
2026-07-28 00:24:36.765538,152,20.954,3.906,1.995,14.095,4.848,16.628,206.698,724.735,496.468,50.229,196.747,202.072,204.299,47.154,0.341,0
2026-07-28 00:25:12.309222,152,21.646,4.22,1.889,17.967,4.521,15.606,215.784,747.945,619.897,49.394,196.612,214.022,205.698,47.643,0.353,0
2026-07-28 00:25:50.120359,152,20.813,3.96,2.209,13.94,4.798,17.397,195.33,694.126,669.879,43.084,198.032,208.201,203.894,47.464,0.307,0
2026-07-28 00:26:30.157396,152,20.891,3.935,1.957,10.369,4.835,17.23,207.537,815.659,640.616,49.506,197.61,217.697,202.679,47.845,0.412,0
2026-07-28 00:27:06.522455,152,20.872,4.072,1.76,12.76,4.846,16.1,209.41,754.05,590.251,49.934,197.698,212.351,205.173,47.255,0.443,0
2026-07-28 00:27:44.814248,152,20.917,3.725,2.18,12.847,4.574,15.939,212.776,775.136,531.149,44.653,196.225,204.658,204.319,48.269,0.374,0
2026-07-28 00:28:27.063617,152,21.75,3.881,1.981,9.65,5.025,16.614,216.432,736.616,594.612,45.127,197.912,211.649,202.927,48.829,0.385,0
2026-07-28 00:29:00.945838,152,21.514,4.147,2.147,8.978,4.778,15.787,203.435,705.25,655.495,44.858,199.859,205.586,205.089,48.064,0.514,0
2026-07-28 00:29:41.421627,152,22.055,3.739,1.864,11.373,4.91,17.182,213.96,791.349,520.642,43.194,196.976,207.482,204.536,47.133,0.456,0
2026-07-28 00:30:20.289789,152,22.334,4.168,1.637,13.115,4.501,16.266,217.36,717.401,559.311,43.472,199.077,214.343,207.011,47.452,0.481,0
2026-07-28 00:31:01.177480,152,20.685,4.227,2.521,8.276,4.755,17.311,224.075,760.116,596.879,48.694,193.843,218.456,205.107,48.133,0.265,0
2026-07-28 00:31:41.381995,152,21.235,3.945,2.464,10.058,5.074,16.088,214.24,762.849,668.563,46.225,197.037,211.201,205.703,46.82,0.433,0
2026-07-28 00:32:17.869893,152,20.612,4.044,2.265,12.645,5.043,16.444,207.243,752.145,651.559,43.448,195.708,220.088,204.979,47.26,0.415,0
2026-07-28 00:32:55.874001,152,20.811,4.168,1.884,11.583,4.601,17.134,202.369,727.247,473.878,42.407,199.483,208.232,204.283,47.011,0.325,0
2026-07-28 00:33:30.543962,152,20.885,3.93,1.91,14.333,4.664,16.338,220.975,745.661,475.654,42.877,199.055,209.537,204.415,48.069,0.337,0
2026-07-28 00:34:07.351667,152,20.671,4.13,2.415,8.677,4.553,16.636,214.424,722.449,599.342,44.541,196.759,206.674,206.297,49.297,0.387,1
2026-07-28 00:34:45.418353,152,20.674,3.899,1.894,16.204,4.636,17.046,209.868,773.466,616.967,47.557,198.347,210.143,205.897,47.243,0.319,1
2026-07-28 00:35:24.110531,152,21.128,3.928,1.81,8.424,4.45,16.222,200.281,766.575,590.504,42.592,199.442,209.978,203.214,48.49,0.352,1
2026-07-28 00:36:03.910445,152,20.592,3.88,2.562,7.442,4.765,15.869,204.413,749.379,665.15,47.525,199.629,222.185,203.502,47.662,0.372,1
2026-07-28 00:36:45.519518,152,21.621,4.051,1.986,11.382,4.958,15.771,213.788,733.518,639.645,45.551,197.513,210.64,203.568,47.208,0.434,1
2026-07-28 00:37:22.526475,152,20.741,4.174,2.531,9.231,4.604,16.792,212.123,811.112,648.739,45.4,195.349,205.622,206.272,48.938,0.358,1
2026-07-28 00:38:03.136547,152,22.605,3.972,1.58,11.422,4.777,16.694,198.322,712.24,526.63,47.872,196.922,213.008,202.922,49.296,0.373,1
2026-07-28 00:38:41.745997,152,20.974,3.809,2.155,11.353,4.745,17.031,213.796,705.206,620.085,47.361,198.919,209.618,205.944,48.247,0.461,1
2026-07-28 00:39:16.765086,152,21.236,3.838,2.621,11.108,5.064,16.363,200.589,747.622,543.78,41.067,200.519,197.105,205.478,48.218,0.294,1
2026-07-28 00:39:54.422166,152,20.552,4.059,2.009,9.815,4.647,15.785,218.124,742.517,468.546,41.965,197.935,207.142,205.176,48.037,0.414,1
2026-07-28 00:40:32.686372,152,22.053,4.277,1.921,12.365,4.656,15.324,211.251,781.83,586.414,44.357,197.272,204.225,204.432,47.911,0.423,1
2026-07-28 00:41:08.778702,152,21.76,4.059,1.65,10.865,4.588,17.934,207.219,768.737,626.494,45.997,200.879,211.854,206.426,48.204,0.425,1
2026-07-28 00:41:44.406212,152,21.348,3.942,2.325,13.707,4.516,16.763,215.941,750.856,657.553,48.821,198.487,221.119,205.136,48.406,0.37,1
2026-07-28 00:42:19.957132,152,20.527,4.115,1.769,11.139,4.932,16.568,212.121,764.51,590.84,45.182,196.527,209.968,203.267,48.998,0.336,1
2026-07-28 00:42:56.717840,152,21.305,3.964,1.972,9.571,4.766,16.639,217.95,763.983,593.417,49.77,197.857,198.481,203.546,47.686,0.491,1
2026-07-28 00:43:32.746484,152,20.639,3.943,1.63,8.125,4.814,15.784,210.483,811.003,593.754,43.021,199.2,205.304,203.026,48.076,0.349,1
2026-07-28 00:44:13.551814,152,21.931,3.856,2.467,11.156,5.119,16.103,210.833,757.348,589.693,43.495,197.916,205.313,206.44,47.947,0.333,1
2026-07-28 00:44:45.963279,152,21.605,4.211,2.346,8.962,5.133,17.372,208.288,730.249,634.04,44.144,198.953,204.664,206.709,48.614,0.401,1
2026-07-28 00:45:24.216977,152,21.248,3.619,1.991,8.8,4.388,16.829,211.578,755.757,688.818,42.712,196.074,208.809,206.304,49.44,0.356,1
2026-07-28 00:46:03.421534,152,19.982,4.12,1.654,12.555,4.962,16.118,220.188,674.058,617.971,48.246,196.279,212.639,204.828,48.635,0.463,0
2026-07-28 00:46:39.226293,152,20.708,3.93,2.461,7.945,4.856,15.887,206.983,749.053,615.781,37.244,197.118,215.123,203.288,48.479,0.384,0
2026-07-28 00:47:16.697530,152,21.544,3.938,1.89,14.324,4.685,16.242,213.888,781.696,608.159,43.59,197.661,217.613,203.735,48.545,0.471,0
2026-07-28 00:47:53.917537,152,21.806,4.254,1.668,11.819,4.882,16.342,204.717,767.463,629.662,48.215,198.401,204.694,203.813,48.76,0.427,0
2026-07-28 00:48:31.741115,152,21.755,3.893,1.471,11.412,4.368,17.525,197.6,758.658,650.064,44.126,198.764,201.508,204.945,49.449,0.377,0
2026-07-28 00:49:11.252605,152,20.404,3.898,1.806,9.43,5.166,16.406,211.245,768.828,528.204,48.004,200.959,205.835,206.665,46.989,0.467,0
2026-07-28 00:49:50.559914,152,21.351,3.98,1.564,13.029,4.929,15.905,212.222,781.994,565.345,51.154,197.114,211.349,206.66,48.36,0.361,0
2026-07-28 00:50:27.191965,152,21.708,4.062,1.813,11.494,4.584,16.471,209.34,791.332,632.26,45.225,197.623,211.646,204.414,46.451,0.381,0
2026-07-28 00:51:01.761814,152,20.371,3.934,2.223,10.128,4.654,16.632,201.024,762.976,649.449,48.273,197.147,200.887,202.316,48.571,0.432,0
2026-07-28 00:51:40.138171,152,21.196,3.764,1.887,11.9,4.374,15.86,211.826,740.833,672.721,51.774,199.295,209.444,203.6,48.331,0.414,0
2026-07-28 00:52:16.640955,152,21.337,3.87,2.107,8.134,4.722,16.701,211.598,682.908,663.677,46.126,199.361,220.315,206.426,47.672,0.36,0
2026-07-28 00:52:53.437673,152,21.05,4.192,1.783,8.229,4.679,17.104,204.667,778.367,662.447,44.865,197.463,203.957,205.278,46.398,0.308,0
2026-07-28 00:53:31.947130,152,20.274,4.011,2.02,9.26,4.469,16.569,201.879,764.941,528.768,47.527,200.479,207.832,204.573,47.991,0.399,0
2026-07-28 00:54:08.955167,152,21.037,4.068,2.576,12.199,4.994,16.101,208.486,754.427,524.283,48.316,197.149,215.378,204.49,48.134,0.356,0
2026-07-28 00:54:47.654479,152,21.036,3.961,1.895,11.493,5.119,16.236,213.918,730.047,585.35,44.891,199.236,210.284,204.099,47.962,0.402,0
2026-07-28 00:55:31.383792,152,21.126,3.901,2.115,13.598,4.793,15.671,212.5,777.989,597.236,43.645,199.745,205.485,203.555,47.627,0.375,0
2026-07-28 00:56:10.947517,152,20.918,4.252,1.53,9.66,4.724,16.433,204.715,742.54,575.228,49.809,196.366,219.998,207.486,47.462,0.357,0
2026-07-28 00:56:52.013884,152,20.978,3.972,2.456,12.649,4.909,16.655,210.822,749.002,554.549,44.242,198.693,214.612,207.062,47.969,0.384,0
2026-07-28 00:57:31.178720,152,21.18,3.933,1.857,11.272,4.795,16.052,215.323,748.376,519.449,48.342,194.73,213.823,204.014,47.519,0.396,0
2026-07-28 00:58:09.354549,152,21.421,4.164,2.315,9.614,4.529,17.47,202.964,763.046,557.621,45.736,198.989,211.314,202.895,48.486,0.442,0
2026-07-28 00:58:48.553976,152,21.048,3.892,1.963,12.271,4.637,16.896,210.379,716.69,559.702,50.116,196.678,213.831,205.203,47.953,0.425,0
2026-07-28 00:59:27.642239,152,20.995,3.911,2.183,11.368,4.726,15.604,218.038,766.314,565.182,42.623,198.681,202.407,204.823,46.965,0.526,0
2026-07-28 01:00:07.609435,152,21.246,4.002,2.201,10.242,4.862,15.614,202.35,729.094,547.444,42.617,198.906,204.314,205.754,48.106,0.408,0
2026-07-28 01:00:45.744791,152,20.24,4.0,1.864,11.584,4.802,16.008,216.933,730.112,621.209,47.393,199.344,212.786,206.026,48.249,0.36,0
2026-07-28 01:01:20.761831,152,21.439,4.039,2.328,11.241,4.853,17.287,219.715,775.672,666.426,41.835,199.068,208.013,203.596,48.971,0.39,0
2026-07-28 01:01:55.414468,152,21.2,4.314,1.772,11.193,4.419,16.945,208.667,721.144,620.486,45.327,198.067,228.328,206.536,48.557,0.434,0
2026-07-28 01:02:34.466081,152,21.22,4.05,2.233,10.675,4.966,17.312,207.942,775.62,616.804,49.336,197.543,208.497,204.576,47.461,0.46,0
2026-07-28 01:03:09.898357,152,21.68,3.643,1.883,8.89,4.801,16.505,216.199,752.94,584.927,40.002,197.911,206.081,205.729,48.855,0.48,0
2026-07-28 01:03:49.463409,152,20.224,4.049,2.105,11.65,5.438,16.395,208.883,702.2,543.408,46.126,196.661,206.115,204.686,47.168,0.339,0
2026-07-28 01:04:30.515541,152,20.213,4.006,1.861,9.895,4.703,15.876,195.881,789.57,558.475,48.393,197.746,211.241,206.107,48.017,0.477,0
2026-07-28 01:05:08.012436,152,21.337,4.007,2.015,9.459,4.881,16.675,209.407,758.997,610.701,44.927,197.651,214.112,202.165,48.452,0.397,0
2026-07-28 01:05:48.774306,152,21.196,4.037,1.678,11.019,5.507,16.402,212.822,761.43,599.086,42.404,197.054,205.708,205.886,48.875,0.344,0
2026-07-28 01:06:27.364685,152,21.285,3.996,2.074,12.968,4.849,16.383,214.441,779.21,622.359,44.265,195.911,210.502,204.002,49.133,0.388,0
2026-07-28 01:07:05.423782,152,20.969,3.992,2.013,11.871,4.783,17.309,204.716,793.477,537.807,42.652,196.468,206.396,205.088,48.765,0.473,0
2026-07-28 01:07:43.589871,152,21.532,4.092,1.838,10.438,4.553,16.437,208.381,755.83,610.676,45.194,194.22,205.589,206.494,47.918,0.427,0
2026-07-28 01:08:19.695533,152,21.666,3.919,1.983,10.357,5.182,17.165,215.861,767.901,611.394,44.225,197.631,208.794,204.036,48.348,0.327,0
2026-07-28 01:08:55.509846,152,21.442,3.858,2.04,12.772,4.51,15.706,209.64,760.764,624.718,43.563,198.433,209.662,203.848,48.135,0.328,0
2026-07-28 01:09:29.761432,152,21.07,4.454,1.815,6.707,4.907,17.844,200.828,740.057,631.526,46.305,194.781,215.989,204.554,47.574,0.326,0
2026-07-28 01:10:06.089972,152,20.146,3.893,1.961,13.095,4.682,16.313,217.426,704.08,626.259,49.422,198.284,205.092,204.478,47.931,0.356,0
2026-07-28 01:10:48.967790,152,21.585,4.015,1.698,7.752,4.753,16.854,208.715,756.233,572.457,45.918,197.853,210.973,203.74,49.079,0.405,0
2026-07-28 01:11:23.562917,152,21.811,3.776,2.704,8.669,4.444,16.933,216.547,789.989,608.283,48.762,196.588,207.895,205.128,48.388,0.332,0
2026-07-28 01:11:58.880412,152,21.522,4.017,2.318,10.471,5.136,16.251,201.627,766.917,614.906,49.421,197.483,210.646,205.19,49.236,0.374,0
2026-07-28 01:12:35.043667,152,20.76,3.86,2.082,15.84,4.731,16.91,209.274,719.045,585.754,43.357,199.261,208.396,205.556,47.351,0.484,0
2026-07-28 01:13:11.313933,152,21.537,3.934,2.352,14.855,4.496,16.936,213.058,781.828,604.943,45.77,196.831,213.003,204.017,47.771,0.497,0
2026-07-28 01:13:49.927991,152,21.63,4.157,1.406,12.913,5.113,16.143,209.477,741.025,562.451,43.81,198.095,212.985,203.867,48.249,0.493,0
2026-07-28 01:14:26.533062,152,21.979,4.071,1.233,12.213,4.674,16.149,202.902,689.331,581.172,40.85,198.416,209.672,204.858,48.445,0.292,0
2026-07-28 01:15:04.080446,152,20.762,4.085,1.88,7.775,4.884,16.523,195.679,779.519,611.154,45.996,197.013,214.173,204.706,47.93,0.5,0
2026-07-28 01:15:40.143584,152,21.087,3.734,1.586,11.814,5.01,16.442,219.14,722.584,645.226,42.054,199.21,212.204,204.729,48.48,0.406,0
2026-07-28 01:16:17.060077,152,21.574,4.276,1.929,10.402,4.919,17.197,211.488,801.641,634.543,46.356,198.485,214.038,204.151,48.476,0.405,0
2026-07-28 01:16:54.924019,152,21.229,3.821,2.062,9.867,4.251,16.851,217.001,783.285,619.826,40.644,197.698,209.875,205.396,47.167,0.462,0
2026-07-28 01:17:32.617233,152,20.641,4.229,2.276,11.81,4.974,16.465,215.572,743.394,602.391,45.479,200.836,212.76,203.869,48.452,0.442,0
2026-07-28 01:18:15.133375,152,21.407,4.153,1.659,10.558,4.775,16.803,213.581,763.321,597.743,40.602,199.215,207.772,204.853,48.644,0.288,0
2026-07-28 01:18:53.069109,152,21.489,4.087,2.12,13.239,4.718,15.477,208.072,820.294,556.572,46.887,195.977,207.478,204.632,48.178,0.363,0
2026-07-28 01:19:30.590898,152,21.244,3.872,2.004,7.628,4.773,16.192,212.939,779.0,574.935,43.899,197.533,216.321,204.96,46.896,0.378,0
2026-07-28 01:20:02.897819,152,21.31,4.023,2.104,11.65,4.397,16.644,218.595,756.908,575.914,43.629,200.96,206.851,206.422,47.834,0.32,0
2026-07-28 01:20:41.444849,152,21.071,3.929,1.844,9.742,4.848,17.058,210.498,833.785,617.243,48.154,196.821,208.735,203.423,48.263,0.46,0
2026-07-28 01:21:14.941654,152,21.939,4.004,2.415,10.681,4.459,16.6,221.41,753.41,628.348,44.1,198.08,204.496,202.13,47.481,0.486,0
2026-07-28 01:21:54.199519,152,20.75,3.963,1.969,12.109,4.729,17.229,201.003,766.873,622.097,45.31,199.477,207.547,204.287,48.551,0.399,0
2026-07-28 01:22:32.524231,152,20.906,3.694,2.532,9.265,4.839,16.934,200.359,722.85,635.48,44.444,198.783,207.117,203.618,48.438,0.418,0
2026-07-28 01:23:12.343436,152,21.205,4.168,1.763,11.828,5.069,16.256,215.928,701.433,602.168,46.421,198.956,208.056,201.385,48.081,0.399,0
2026-07-28 01:23:48.896938,152,21.639,3.988,2.223,11.075,4.595,16.43,205.088,741.654,570.512,47.92,198.885,210.87,207.096,48.01,0.406,0
2026-07-28 01:24:26.958452,152,20.451,3.927,1.982,10.179,5.163,16.704,222.26,751.114,598.502,47.34,198.03,211.569,205.672,48.116,0.467,0
2026-07-28 01:25:06.499199,152,20.545,3.916,1.902,10.559,5.037,16.276,218.024,759.549,578.255,43.693,197.049,207.08,205.801,47.998,0.294,0
2026-07-28 01:25:42.379829,152,20.181,4.054,2.19,11.191,4.693,17.266,219.525,708.827,619.736,48.385,198.522,207.71,204.657,47.229,0.429,0
2026-07-28 01:26:21.770708,152,21.216,3.866,1.91,9.964,4.523,15.946,215.307,769.16,589.227,42.434,197.517,213.142,205.505,47.742,0.401,0
2026-07-28 01:27:01.057212,152,20.641,3.662,1.201,11.514,4.439,16.658,204.47,725.919,597.044,42.921,197.422,214.945,204.493,48.043,0.357,0
2026-07-28 01:27:38.749714,152,21.008,4.061,1.081,10.944,4.868,16.868,200.044,767.653,620.809,44.642,199.779,213.642,205.977,48.851,0.37,0
2026-07-28 01:28:20.348771,152,21.531,4.078,2.382,10.277,4.616,16.343,218.972,777.113,577.767,47.931,197.543,205.226,205.227,48.415,0.51,0
2026-07-28 01:28:59.524232,152,20.879,3.97,2.369,14.68,5.1,16.231,201.003,738.53,628.919,41.724,200.047,213.449,204.956,48.883,0.32,0
2026-07-28 01:29:33.707164,152,21.316,3.828,2.566,12.33,4.63,16.462,219.509,722.049,559.572,47.496,198.308,215.376,205.047,47.157,0.39,0
2026-07-28 01:30:13.961372,152,21.05,4.013,1.995,10.735,4.575,16.906,214.018,794.766,609.197,44.847,197.809,205.082,206.759,47.786,0.498,0
2026-07-28 01:30:50.460884,152,21.536,3.78,1.612,11.792,4.858,16.25,209.542,775.314,597.273,43.786,195.819,213.14,205.201,49.244,0.324,0
2026-07-28 01:31:30.279597,152,21.438,3.846,1.874,9.446,4.628,15.966,212.652,754.407,624.82,48.074,200.544,210.653,203.764,47.554,0.373,0
2026-07-28 01:32:08.953400,152,20.854,3.887,2.003,10.626,4.802,17.075,212.792,792.584,558.769,42.753,197.993,209.051,205.403,47.542,0.403,0
2026-07-28 01:32:40.930228,152,21.116,4.127,1.698,10.86,5.046,16.7,208.786,752.415,554.076,51.4,195.275,210.308,205.587,47.837,0.425,0
2026-07-28 01:33:20.309320,152,21.722,3.946,2.495,9.006,4.829,17.004,218.554,732.005,622.501,44.505,199.185,211.285,204.826,49.211,0.395,0
2026-07-28 01:33:57.803944,152,21.397,3.933,2.672,12.275,4.83,16.88,218.348,720.951,588.272,45.42,197.94,213.357,204.937,47.597,0.346,0
2026-07-28 01:34:34.756405,152,20.502,4.293,2.143,10.489,4.851,17.59,210.934,746.874,597.276,49.32,196.882,213.207,203.721,48.334,0.427,0
2026-07-28 01:35:11.793793,152,21.528,4.053,1.997,10.789,4.377,17.057,206.4,772.38,580.208,45.493,199.117,205.63,205.116,48.235,0.394,0
2026-07-28 01:35:51.592437,152,20.658,4.051,1.612,10.363,4.898,16.138,217.836,790.303,627.384,48.329,194.942,208.119,203.543,46.843,0.438,0
2026-07-28 01:36:27.491940,152,21.906,3.945,2.464,17.418,4.84,16.735,197.865,750.682,608.976,39.531,197.143,210.271,204.699,47.991,0.455,0
2026-07-28 01:37:08.030220,152,21.712,3.911,2.023,10.175,5.023,16.221,212.663,785.181,607.22,43.761,197.641,214.559,204.197,47.668,0.311,0
2026-07-28 01:37:42.565418,152,21.345,3.672,1.913,7.363,4.951,16.273,214.437,743.786,564.911,46.111,199.023,202.09,206.179,48.407,0.462,0
2026-07-28 01:38:21.239601,152,21.279,4.145,2.144,8.3,4.75,15.794,205.03,727.334,615.045,48.028,200.688,208.229,206.86,49.043,0.385,0
2026-07-28 01:39:01.000765,152,21.095,4.067,1.824,13.019,5.058,16.357,215.843,712.117,570.234,47.155,197.706,205.569,203.627,47.793,0.45,0
2026-07-28 01:39:40.705973,152,21.539,3.973,2.044,14.173,4.727,16.773,209.842,735.319,580.243,46.893,198.552,206.029,204.994,47.793,0.43,0
2026-07-28 01:40:19.125671,152,21.015,3.979,1.567,10.136,4.862,16.467,206.726,713.209,559.04,47.971,201.298,212.859,204.628,49.511,0.511,0
2026-07-28 01:40:56.654176,152,21.318,4.11,2.326,14.058,4.722,15.95,215.779,808.276,595.304,46.33,198.006,208.458,205.557,47.573,0.4,0
2026-07-28 01:41:33.400211,152,21.636,3.767,1.969,12.983,4.915,15.738,203.486,762.74,631.934,38.999,198.562,203.232,205.115,47.194,0.376,0
2026-07-28 01:42:08.613092,152,20.919,3.912,2.348,11.121,4.706,17.556,215.215,747.227,606.801,49.038,196.515,209.541,204.535,48.827,0.369,0
2026-07-28 01:42:45.049764,152,20.892,3.83,1.94,10.979,5.212,16.663,198.106,799.938,586.745,42.655,200.351,215.904,205.113,47.97,0.338,0
2026-07-28 01:43:20.857821,152,20.603,4.266,1.959,11.862,5.304,16.088,211.714,712.234,603.274,45.878,197.144,204.761,204.742,48.17,0.448,0
2026-07-28 01:43:56.292100,152,20.668,4.131,1.636,13.255,5.018,16.731,210.263,746.023,603.108,45.507,198.322,211.546,206.907,49.339,0.334,0
2026-07-28 01:44:38.404560,152,20.286,3.67,2.228,12.295,5.185,17.595,206.762,807.991,601.982,45.133,198.288,214.546,204.048,47.158,0.448,0
2026-07-28 01:45:12.484265,152,21.565,3.773,1.737,10.146,4.415,16.81,212.338,745.823,605.32,41.903,198.102,209.857,205.309,47.883,0.387,0
2026-07-28 01:45:53.050427,152,22.104,3.98,1.854,11.152,4.445,15.106,209.523,820.958,568.8,39.572,197.479,215.591,205.612,47.258,0.294,0
2026-07-28 01:46:28.231203,152,21.913,3.929,2.0,15.463,4.72,17.826,216.328,772.783,603.196,42.193,198.29,208.087,205.526,48.201,0.489,0
2026-07-28 01:47:03.900755,152,20.387,3.801,2.036,12.002,4.81,15.575,213.361,787.872,547.343,47.313,200.109,214.193,204.643,47.668,0.197,0
2026-07-28 01:47:39.533030,152,21.562,4.292,1.488,13.239,4.75,16.397,212.716,788.712,617.269,40.949,200.737,213.509,206.642,47.296,0.395,0
2026-07-28 01:48:15.001146,152,21.911,4.047,1.931,12.58,4.389,15.933,211.751,750.046,566.918,42.535,197.79,209.906,202.493,48.439,0.414,0
2026-07-28 01:48:55.105255,152,20.972,4.071,2.239,12.047,5.088,16.13,207.167,735.842,635.328,46.171,197.461,205.687,203.687,48.006,0.262,0
2026-07-28 01:49:34.446731,152,21.251,3.896,1.886,11.717,5.339,16.642,208.189,746.652,526.643,42.123,197.029,207.095,205.796,47.249,0.426,0
2026-07-28 01:50:11.916405,152,20.196,4.108,1.933,13.295,5.12,15.464,211.489,721.379,650.233,43.479,201.223,203.202,203.944,47.286,0.36,0
2026-07-28 01:50:56.089180,152,21.333,3.943,2.049,12.937,5.071,16.455,208.96,748.087,550.823,45.229,198.155,211.723,203.874,48.125,0.385,0
2026-07-28 01:51:34.051043,152,20.668,3.957,1.962,12.028,4.857,17.074,216.669,749.872,564.002,45.791,199.338,211.375,204.439,46.998,0.481,0
2026-07-28 01:52:12.187560,152,21.3,4.092,1.691,10.112,4.589,16.078,210.561,798.988,608.972,42.068,198.836,210.23,204.057,48.136,0.409,0
2026-07-28 01:52:48.624306,152,20.419,3.756,1.989,12.271,4.818,15.805,212.256,767.205,618.561,45.395,200.65,209.644,205.765,48.804,0.379,0
2026-07-28 01:53:24.789514,152,21.471,4.24,2.298,11.366,5.326,16.43,201.584,818.516,591.498,46.117,197.703,213.937,206.085,48.4,0.39,0
2026-07-28 01:54:01.574015,152,21.712,4.027,1.685,10.883,4.712,16.331,215.659,687.373,626.778,41.435,196.672,210.864,205.106,47.626,0.507,0
2026-07-28 01:54:41.515958,152,20.808,4.192,1.888,16.858,4.686,16.202,206.513,714.706,576.103,45.602,200.231,208.392,206.266,48.165,0.424,0
2026-07-28 01:55:20.818117,152,20.632,3.839,1.586,8.422,5.077,15.906,203.744,739.695,588.009,42.994,199.084,210.427,203.336,47.249,0.347,0
2026-07-28 01:56:01.760689,152,20.122,3.862,2.282,13.417,5.093,16.76,219.877,793.282,590.938,45.347,198.548,215.938,205.091,48.082,0.371,0
2026-07-28 01:56:38.125754,152,21.067,3.826,1.972,9.775,4.588,16.798,214.186,746.822,583.848,47.025,199.842,211.804,206.618,47.804,0.329,0
2026-07-28 01:57:17.469834,152,20.909,4.038,1.745,11.762,4.735,15.967,215.863,707.433,541.975,44.506,198.616,208.869,206.172,47.376,0.373,0
2026-07-28 01:57:56.166393,152,20.424,4.01,2.028,16.637,4.675,16.036,212.727,742.891,599.26,47.558,199.884,209.871,206.724,48.374,0.496,0
2026-07-28 01:58:35.156374,152,21.427,3.93,1.639,9.575,4.817,16.568,209.441,715.27,596.55,47.214,198.296,211.344,204.292,46.814,0.39,0
2026-07-28 01:59:11.186965,152,20.975,3.848,1.69,10.052,5.076,16.018,208.322,709.585,632.345,47.542,199.082,208.779,206.101,47.289,0.32,0
2026-07-28 01:59:46.818654,152,20.662,3.81,1.562,11.465,4.599,16.589,214.675,807.966,561.422,46.129,198.632,208.522,204.488,47.361,0.426,0
2026-07-28 02:00:26.047889,152,20.923,3.993,1.68,9.806,5.072,17.234,216.795,739.803,580.818,48.082,197.61,209.967,205.714,47.697,0.376,0
2026-07-28 02:01:06.037967,152,21.736,3.93,2.407,13.268,4.825,16.47,209.591,755.021,636.105,46.078,197.754,214.405,206.573,48.78,0.434,0
2026-07-28 02:01:42.628229,152,21.501,3.897,1.78,10.431,5.382,15.893,222.435,747.304,608.799,40.332,197.529,212.294,204.047,48.453,0.385,0
2026-07-28 02:02:22.016829,152,21.135,4.232,2.14,12.808,4.88,16.696,208.816,742.707,616.481,42.782,198.319,208.812,202.773,48.063,0.487,0
2026-07-28 02:03:02.751403,152,21.51,3.988,1.749,8.842,4.776,16.411,201.636,725.621,613.603,44.408,197.453,212.52,207.217,48.035,0.345,0
2026-07-28 02:03:39.926504,152,20.62,4.191,2.228,7.886,4.944,16.425,199.671,740.992,613.736,44.756,198.523,210.025,205.586,47.993,0.33,0
2026-07-28 02:04:14.646011,152,21.216,3.92,1.692,11.042,4.716,16.738,199.873,759.78,654.631,46.002,198.482,210.999,204.872,48.823,0.456,0
2026-07-28 02:04:49.650569,152,21.274,4.037,2.012,8.363,4.351,16.846,207.517,791.14,602.746,42.741,198.246,210.736,204.806,46.911,0.28,0
2026-07-28 02:05:26.108097,152,20.965,3.992,2.016,14.537,4.74,16.518,208.608,777.476,569.66,50.624,198.267,203.88,202.485,48.463,0.39,0
2026-07-28 02:06:03.091186,152,21.418,3.745,2.698,8.44,4.736,16.47,214.096,714.647,619.164,44.713,197.321,201.162,205.25,47.695,0.448,0
2026-07-28 02:06:41.008789,152,20.81,4.214,2.189,9.425,4.402,17.532,209.828,778.667,583.003,44.978,197.662,210.657,204.363,48.302,0.268,0
2026-07-28 02:07:18.972723,152,21.455,3.98,1.822,12.327,4.782,17.1,215.06,763.788,596.702,43.122,195.995,207.527,205.063,48.305,0.404,0
2026-07-28 02:07:56.351740,152,21.476,4.112,2.206,10.327,4.283,16.917,210.269,731.883,611.105,42.191,197.856,205.246,205.036,48.44,0.31,0
2026-07-28 02:08:35.900396,152,19.741,3.887,2.641,8.463,4.713,16.566,210.081,755.281,575.359,44.646,196.817,207.616,200.947,48.95,0.289,0
2026-07-28 02:09:12.165832,152,21.795,3.975,1.511,15.58,4.861,15.997,206.535,766.596,584.691,45.077,198.12,212.681,205.588,47.177,0.336,0
2026-07-28 02:09:53.049290,152,19.676,3.87,1.747,9.497,4.824,17.064,218.536,751.365,614.275,44.757,197.143,211.038,205.227,48.603,0.389,0
2026-07-28 02:10:33.192640,152,20.892,4.185,1.929,11.107,4.697,16.572,200.811,763.927,583.541,49.634,195.539,212.238,205.388,47.962,0.358,0
2026-07-28 02:11:13.168960,152,21.713,4.047,1.875,11.082,4.779,16.211,211.808,724.974,629.202,44.646,200.703,211.314,204.78,47.723,0.466,0
2026-07-28 02:11:49.665288,152,21.041,4.055,1.9,12.921,4.604,16.378,208.91,807.792,570.415,44.759,197.722,207.335,205.059,49.22,0.405,0
2026-07-28 02:12:27.399843,152,20.467,4.204,1.609,12.425,4.803,16.017,214.691,694.051,570.314,47.283,199.736,212.252,205.207,48.421,0.371,0
2026-07-28 02:13:07.047926,152,20.653,4.173,2.421,9.846,4.815,17.029,209.875,766.758,657.182,44.521,197.368,211.699,205.329,47.75,0.321,0
2026-07-28 02:13:44.592122,152,21.713,4.115,1.573,10.848,4.575,16.842,210.052,760.636,554.093,46.51,200.038,209.659,205.571,48.574,0.413,0
2026-07-28 02:14:20.998060,152,20.239,3.787,1.94,11.046,4.867,16.591,208.4,768.645,599.199,41.419,196.618,210.171,205.339,47.972,0.524,0
2026-07-28 02:14:57.312541,152,21.764,3.896,2.314,12.998,4.865,16.479,218.36,729.457,655.545,41.441,198.211,212.298,207.22,47.74,0.358,0
2026-07-28 02:15:33.738068,152,21.172,3.849,1.991,9.163,4.758,16.16,210.014,783.907,599.142,45.342,196.689,207.827,204.129,47.636,0.365,0
2026-07-28 02:16:09.091133,152,20.604,4.109,1.706,15.536,5.405,15.435,221.818,746.869,640.403,44.351,201.121,213.155,204.55,48.183,0.336,0
2026-07-28 02:16:53.635539,152,20.908,4.026,1.595,9.982,4.765,15.794,211.633,715.6,619.574,42.735,197.701,211.639,207.032,47.632,0.471,0
2026-07-28 02:17:27.184252,152,20.691,3.791,1.931,11.483,4.73,16.129,210.131,718.25,599.784,45.341,198.994,210.007,204.814,48.093,0.456,0
2026-07-28 02:18:02.948049,152,21.633,3.972,1.773,9.18,4.694,16.054,209.128,753.616,596.081,45.585,198.541,214.441,206.118,48.532,0.373,0
2026-07-28 02:18:42.306982,152,21.566,3.776,2.062,8.904,4.557,16.645,213.385,703.701,536.42,43.012,197.969,206.246,205.163,48.066,0.364,0
2026-07-28 02:19:18.753388,152,20.34,3.992,1.58,9.751,4.971,16.906,206.47,802.215,590.427,43.547,198.621,208.665,204.727,49.186,0.343,0
2026-07-28 02:19:55.951485,152,20.998,3.752,2.244,9.559,4.628,16.436,210.874,780.419,606.967,45.607,199.631,208.021,206.183,48.008,0.383,0
2026-07-28 02:20:34.852516,152,20.768,4.079,2.035,10.671,4.658,17.204,210.049,802.978,606.95,42.141,198.802,211.038,205.622,48.809,0.461,0
2026-07-28 02:21:15.206283,152,21.847,4.057,2.057,9.542,4.665,16.109,211.951,799.921,673.976,43.309,198.195,213.429,203.159,48.586,0.402,0
2026-07-28 02:21:52.582887,152,20.525,4.286,2.432,12.891,4.554,16.432,212.1,739.795,608.429,46.495,198.623,207.149,205.208,48.915,0.477,0
2026-07-28 02:22:32.685111,152,22.002,4.127,1.869,9.934,4.362,16.475,212.412,724.789,618.904,44.933,200.298,219.586,203.806,49.183,0.357,0
2026-07-28 02:23:06.814993,152,21.183,3.937,1.782,9.712,4.684,17.046,210.569,672.345,634.949,43.664,197.5,208.078,206.525,46.943,0.261,0
2026-07-28 02:23:43.433366,152,20.619,4.123,1.836,10.714,5.018,16.553,219.414,738.219,616.215,42.471,195.775,211.046,207.104,48.159,0.556,0
2026-07-28 02:24:22.561553,152,20.861,3.79,1.942,13.486,4.849,16.567,212.535,801.204,597.419,42.163,196.684,210.008,207.249,47.933,0.413,0
2026-07-28 02:25:05.060428,152,20.799,3.856,1.973,11.93,5.19,15.673,225.636,725.992,597.564,44.631,196.773,210.134,205.429,48.067,0.447,0
2026-07-28 02:25:40.859334,152,20.563,4.05,1.751,11.301,4.988,16.05,210.299,743.912,589.48,50.672,196.942,207.702,204.446,47.762,0.353,0
2026-07-28 02:26:16.256846,152,21.247,3.676,1.393,8.634,4.931,17.048,215.753,733.917,613.326,46.584,196.984,213.096,205.386,47.674,0.318,0
2026-07-28 02:26:55.035243,152,20.586,3.994,1.832,9.215,5.271,15.462,205.644,760.875,594.89,41.268,197.972,207.524,203.872,47.34,0.409,0
2026-07-28 02:27:33.156495,152,20.11,3.847,2.108,8.943,4.776,17.171,218.405,787.296,618.748,46.98,198.297,204.87,207.815,48.058,0.28,0
2026-07-28 02:28:09.518468,152,21.01,4.015,2.041,14.114,4.816,16.75,205.774,705.363,569.727,42.875,198.284,206.746,206.433,48.56,0.384,0
2026-07-28 02:28:44.744419,152,20.299,3.838,2.36,12.561,4.797,16.126,212.735,710.914,604.405,44.986,197.124,214.191,205.365,47.704,0.461,0
2026-07-28 02:29:21.572744,152,20.824,4.064,2.587,9.777,5.186,16.084,208.413,793.112,646.562,43.351,199.193,213.626,206.196,47.803,0.427,1
2026-07-28 02:30:00.761165,152,20.745,4.003,2.228,10.371,4.801,17.448,212.712,771.259,593.261,50.664,198.641,204.179,204.41,47.581,0.415,0
2026-07-28 02:30:38.001467,152,20.764,4.21,2.415,9.849,4.638,17.206,208.591,742.478,655.29,41.824,199.898,212.36,203.67,47.403,0.505,0
2026-07-28 02:31:18.671717,152,22.2,4.001,2.23,9.728,4.947,16.44,205.264,799.505,604.91,45.878,199.016,204.252,202.344,47.858,0.423,0
2026-07-28 02:31:56.361586,152,21.228,3.885,2.513,12.421,4.596,16.567,208.37,710.414,598.305,43.081,197.581,209.921,205.1,48.206,0.286,0
2026-07-28 02:32:35.733017,152,21.323,3.963,2.555,10.925,4.933,16.177,219.249,777.005,603.499,47.069,199.567,206.498,204.75,48.754,0.391,0
2026-07-28 02:33:14.367938,152,20.312,3.798,2.285,15.662,4.903,16.567,212.804,748.021,590.657,45.822,198.328,212.583,205.623,47.285,0.516,0
2026-07-28 02:33:51.447576,152,20.873,4.061,2.212,14.001,4.753,16.163,202.267,767.59,540.583,48.513,198.958,211.609,205.016,47.982,0.381,0
2026-07-28 02:34:31.347085,152,21.308,4.088,1.938,14.119,4.941,16.461,216.572,680.773,626.405,47.011,198.865,212.841,205.569,48.707,0.512,0
2026-07-28 02:35:06.571674,152,20.688,4.37,1.988,12.843,4.428,17.405,204.651,742.44,665.781,43.058,197.851,209.144,205.973,47.293,0.461,0
2026-07-28 02:35:43.309534,152,21.654,3.907,1.899,10.655,4.841,16.452,214.46,771.367,614.413,53.165,198.124,209.445,203.248,48.76,0.375,0
2026-07-28 02:36:20.365861,152,20.599,3.96,2.186,12.696,4.684,15.976,213.319,748.163,616.24,46.555,197.842,205.652,206.043,47.737,0.335,0
2026-07-28 02:36:59.235770,152,21.057,3.914,1.784,10.802,5.516,15.817,213.698,786.404,594.522,43.458,196.976,207.012,204.512,48.427,0.42,0
2026-07-28 02:37:38.674057,152,20.907,4.032,1.943,14.761,4.839,16.564,221.119,785.432,634.734,45.576,195.426,212.751,205.621,47.869,0.476,0
2026-07-28 02:38:14.815447,152,21.282,4.057,1.293,12.309,4.651,16.12,205.028,722.202,598.822,46.766,197.167,211.065,206.227,48.275,0.305,0
2026-07-28 02:38:50.635549,152,20.88,3.992,2.517,12.025,4.455,16.623,213.665,773.896,608.017,46.66,198.239,210.303,206.235,48.965,0.407,0
2026-07-28 02:39:28.814698,152,21.065,4.163,1.934,11.754,5.126,15.69,217.558,721.213,553.044,46.389,199.303,213.66,205.155,47.927,0.278,0
2026-07-28 02:40:03.308859,152,21.082,3.907,2.137,14.981,4.712,16.845,206.14,751.566,584.12,47.706,198.955,206.23,205.214,48.598,0.38,0
2026-07-28 02:40:43.606725,152,20.833,4.148,2.437,8.632,4.602,15.97,205.525,769.028,611.021,47.431,197.664,212.088,206.07,48.165,0.301,0
2026-07-28 02:41:21.096389,152,21.443,4.081,2.09,15.177,4.884,16.523,208.277,725.777,627.216,42.627,197.184,206.58,203.199,47.528,0.434,0
2026-07-28 02:41:56.429837,152,21.319,3.998,2.433,11.128,4.962,16.331,211.948,772.821,628.048,50.903,197.784,214.286,203.858,47.913,0.359,0
2026-07-28 02:42:31.718175,152,21.156,3.953,1.627,8.688,4.958,17.359,201.537,735.345,552.625,50.513,196.83,211.579,204.665,47.875,0.469,0
2026-07-28 02:43:10.432121,152,20.985,4.364,2.719,9.996,4.805,16.586,213.308,733.16,555.667,47.243,195.462,212.797,203.401,47.153,0.368,0
2026-07-28 02:43:49.084371,152,21.598,3.877,2.326,8.198,4.84,17.473,201.55,770.493,617.524,45.108,196.146,207.965,204.674,48.275,0.362,0
2026-07-28 02:44:25.332340,152,21.082,4.045,2.063,12.807,4.858,16.78,217.76,725.757,577.596,45.156,199.65,216.328,204.608,48.395,0.303,0
2026-07-28 02:45:03.072710,152,21.047,3.887,2.428,9.423,4.884,17.213,213.083,724.282,626.838,44.093,200.229,215.796,205.105,48.487,0.423,0
2026-07-28 02:45:38.498120,152,21.252,4.268,1.649,11.837,4.906,16.396,221.479,780.194,551.095,44.456,198.905,211.248,204.932,48.858,0.43,0
2026-07-28 02:46:15.908934,152,22.048,4.133,1.913,13.768,5.074,16.673,214.013,753.148,597.048,38.877,197.93,213.408,206.283,48.572,0.456,0
2026-07-28 02:46:57.273170,152,20.53,3.898,2.433,10.156,4.814,17.109,208.171,707.831,598.973,49.285,196.328,209.125,205.688,47.638,0.439,0
2026-07-28 02:47:40.130849,152,21.585,4.077,1.44,10.964,4.596,16.952,205.208,774.814,614.414,48.297,197.807,206.321,204.915,47.766,0.424,0
2026-07-28 02:48:17.648036,152,20.253,4.039,2.168,8.893,4.764,16.765,211.433,738.209,569.065,40.305,198.734,212.308,204.6,48.503,0.436,0
2026-07-28 02:48:56.632636,152,21.309,3.923,2.16,10.723,4.988,16.336,209.818,709.313,540.997,47.492,198.996,207.334,204.943,48.234,0.442,0
2026-07-28 02:49:35.527161,152,21.988,4.114,2.591,16.648,4.353,16.421,217.117,677.288,605.138,44.978,198.827,213.8,204.964,47.989,0.454,0
2026-07-28 02:50:09.603201,152,21.444,4.058,1.525,13.056,4.355,17.069,204.428,776.199,615.793,44.443,199.451,213.039,208.023,47.475,0.308,0
2026-07-28 02:50:44.981530,152,21.285,4.032,2.483,10.971,5.03,17.173,222.125,725.062,630.224,46.38,200.332,210.682,203.251,47.682,0.372,0
2026-07-28 02:51:17.701868,152,20.92,3.994,1.832,10.277,5.18,16.204,217.649,713.929,589.243,40.12,197.514,210.52,203.888,48.35,0.303,0
2026-07-28 02:51:56.725755,152,21.216,4.065,1.866,11.415,4.484,16.128,208.779,768.543,623.27,44.969,201.366,212.869,203.712,46.829,0.42,0
2026-07-28 02:52:39.161231,152,21.074,4.034,1.633,11.76,4.825,16.048,220.787,773.368,614.573,45.223,195.576,210.796,205.323,46.596,0.498,0
2026-07-28 02:53:19.591338,152,20.807,4.009,1.674,10.662,4.7,16.915,205.301,727.174,639.672,45.225,197.066,208.827,205.276,48.416,0.454,0
2026-07-28 02:53:57.692797,152,21.055,3.904,2.121,12.56,4.735,16.035,211.234,776.467,598.338,41.171,198.24,205.608,204.312,47.68,0.364,0
2026-07-28 02:54:35.472815,152,21.299,4.254,1.666,9.593,4.876,16.909,202.341,809.592,548.103,46.251,198.659,212.781,206.075,48.281,0.43,0
2026-07-28 02:55:12.669414,152,20.816,3.842,2.222,9.583,4.477,16.773,221.079,789.053,597.97,47.967,197.782,211.063,205.444,48.946,0.421,0
2026-07-28 02:55:53.085457,152,20.797,4.064,1.801,12.24,4.523,16.227,200.116,784.541,602.654,46.141,197.405,217.991,206.126,47.392,0.414,0
2026-07-28 02:56:31.577156,152,20.52,3.952,1.636,9.163,4.725,17.282,201.357,759.11,615.546,44.358,200.643,209.722,206.444,46.998,0.322,0
2026-07-28 02:57:09.719565,152,21.395,4.264,1.842,12.958,4.764,15.769,206.192,737.132,554.02,52.529,197.348,210.876,202.443,47.834,0.479,0
2026-07-28 02:57:45.204091,152,21.473,3.864,2.101,11.471,4.519,17.33,217.934,748.379,590.639,42.411,196.777,210.944,205.823,47.589,0.329,0
2026-07-28 02:58:24.574545,152,21.316,3.89,1.917,7.844,4.997,16.659,215.729,762.782,626.043,47.166,200.029,211.887,203.452,47.985,0.378,0
2026-07-28 02:59:02.232581,152,21.683,3.855,2.01,11.719,4.696,15.463,210.732,713.532,596.877,45.681,199.019,207.196,205.299,48.323,0.458,0
2026-07-28 02:59:41.137670,152,21.244,4.049,2.209,8.13,4.695,17.296,216.114,727.688,590.828,50.634,199.314,209.776,204.913,48.196,0.378,0
2026-07-28 03:00:21.415564,152,21.396,3.794,2.325,12.887,4.871,16.986,209.308,708.595,657.19,46.083,198.235,212.4,204.964,48.028,0.405,0
2026-07-28 03:00:55.688039,152,21.352,3.928,1.907,11.003,4.768,16.286,212.535,756.82,567.9,46.683,196.349,209.035,203.554,48.635,0.407,0
2026-07-28 03:01:33.014050,152,21.154,3.677,1.687,15.202,5.009,16.018,219.91,752.409,636.995,46.416,198.102,212.292,206.237,48.402,0.404,0
2026-07-28 03:02:10.009445,152,20.935,4.036,2.023,13.643,4.567,15.715,208.52,731.071,630.637,42.037,196.184,210.28,203.451,47.891,0.407,0
2026-07-28 03:02:46.803891,152,22.307,3.925,2.141,9.379,4.451,17.708,205.402,773.794,593.245,42.567,198.291,211.165,205.901,48.381,0.413,0
2026-07-28 03:03:22.257383,152,20.974,3.777,1.562,7.459,4.723,16.038,212.822,719.707,599.013,44.228,198.784,213.338,203.282,47.073,0.404,0
2026-07-28 03:03:58.598634,152,20.867,4.163,1.733,9.99,4.815,15.868,214.442,729.995,598.906,47.681,199.291,209.341,204.979,48.638,0.346,0
2026-07-28 03:04:34.094167,152,21.417,3.804,1.784,9.057,4.49,16.634,210.663,772.635,605.458,45.653,197.889,205.79,207.165,48.013,0.307,0
2026-07-28 03:05:13.974969,152,21.326,4.12,1.938,15.151,4.453,15.681,216.02,776.936,582.164,44.421,198.898,209.228,207.834,47.28,0.46,0
2026-07-28 03:05:52.835476,152,20.498,3.895,1.772,11.479,4.846,16.009,208.792,726.924,587.156,48.842,196.915,207.606,203.058,47.75,0.463,0
2026-07-28 03:06:31.537895,152,21.761,4.24,2.212,13.367,4.611,16.997,210.765,756.729,589.343,39.449,199.16,203.835,204.155,48.623,0.42,0
2026-07-28 03:07:05.144388,152,21.153,4.112,1.518,10.93,4.437,16.732,212.247,727.415,590.301,41.372,198.809,209.691,204.373,47.539,0.42,0
2026-07-28 03:07:47.587751,152,20.645,3.849,1.526,11.141,5.041,16.307,211.724,744.277,590.677,38.01,197.04,210.577,207.706,48.246,0.345,0
2026-07-28 03:08:24.656307,152,21.794,3.862,1.9,11.435,4.642,16.509,219.68,754.171,532.775,48.383,198.636,212.96,204.918,48.527,0.254,0
2026-07-28 03:09:06.634066,152,21.513,4.091,1.947,13.713,5.087,16.279,212.217,766.251,602.929,44.729,199.308,206.696,206.29,48.015,0.385,0
2026-07-28 03:09:46.342087,152,20.568,3.961,1.564,12.123,4.807,16.469,208.177,759.209,584.176,47.706,198.094,210.257,205.36,47.481,0.286,0
2026-07-28 03:10:23.813893,152,22.089,3.975,1.818,9.385,4.874,16.119,213.168,757.922,543.996,44.694,197.013,213.271,203.561,47.962,0.411,0
2026-07-28 03:11:06.472399,152,21.529,4.191,1.88,14.745,4.747,16.21,216.053,718.724,589.498,47.865,198.213,208.334,202.768,47.154,0.478,0
2026-07-28 03:11:45.766026,152,21.195,3.888,1.882,10.914,4.136,16.195,214.645,761.26,588.571,44.645,198.663,211.555,204.264,47.707,0.363,0
2026-07-28 03:12:23.245403,152,21.995,4.014,2.046,10.589,4.516,16.137,214.313,765.981,638.257,46.148,197.004,214.633,207.78,47.336,0.366,0
2026-07-28 03:13:00.353693,152,21.28,4.143,1.802,5.841,4.769,17.022,201.012,769.979,583.823,45.738,196.791,204.599,205.309,47.972,0.34,0
2026-07-28 03:13:40.706548,152,21.186,4.121,2.443,12.769,4.891,16.885,195.045,729.134,620.034,45.946,198.626,210.791,206.265,47.238,0.403,0
2026-07-28 03:14:17.483305,152,20.87,3.976,2.146,11.702,4.353,16.034,217.652,776.552,641.484,49.717,198.988,213.372,203.298,48.05,0.398,0
2026-07-28 03:14:54.620176,152,21.491,3.957,1.758,11.7,4.787,15.903,212.633,711.8,581.158,40.452,200.58,208.983,204.61,48.68,0.339,0
2026-07-28 03:15:31.259132,152,21.438,3.739,2.028,10.694,4.519,16.421,209.871,737.506,598.575,44.809,198.799,214.022,205.935,48.717,0.455,0
2026-07-28 03:16:07.536264,152,21.207,3.842,2.037,10.35,4.859,17.578,214.166,742.01,651.861,45.554,196.549,211.839,203.691,47.253,0.562,0
2026-07-28 03:16:43.952880,152,20.805,4.048,2.364,10.761,4.795,15.986,221.564,713.39,606.869,45.135,200.448,215.131,204.923,47.6,0.471,0
2026-07-28 03:17:25.994082,152,21.265,3.979,1.82,12.426,4.986,16.419,218.481,741.569,611.212,43.886,199.266,211.689,203.944,48.512,0.393,0
2026-07-28 03:18:06.291356,152,21.165,4.011,2.23,12.778,5.067,16.544,215.773,756.423,587.782,43.503,195.594,215.372,205.992,48.422,0.393,0
2026-07-28 03:18:44.827905,152,20.533,4.156,2.013,11.038,4.915,16.446,204.68,697.053,620.612,49.284,196.764,210.87,205.478,47.631,0.369,0
2026-07-28 03:19:21.579610,152,20.464,3.822,2.447,13.398,5.015,16.271,205.459,738.554,598.811,44.802,197.41,206.033,205.82,47.708,0.368,0
2026-07-28 03:19:58.322480,152,21.483,3.965,2.387,11.342,4.712,17.078,195.682,699.296,545.037,51.826,199.006,208.17,206.045,48.049,0.457,0
2026-07-28 03:20:35.486580,152,19.899,4.028,2.059,10.492,5.506,16.727,213.801,809.205,589.343,46.479,195.145,212.953,204.727,46.9,0.46,0
2026-07-28 03:21:17.565396,152,21.303,3.894,1.921,11.897,4.495,16.923,216.652,756.162,564.505,44.189,197.857,212.896,206.204,48.315,0.33,0
2026-07-28 03:21:56.228683,152,20.961,4.215,2.152,8.781,4.668,16.795,217.141,753.649,603.367,46.548,198.937,209.099,204.292,48.65,0.422,0
2026-07-28 03:22:35.933071,152,21.854,4.136,1.946,11.965,5.025,16.947,214.053,756.73,572.495,45.305,194.599,215.232,205.751,47.767,0.467,0
2026-07-28 03:23:14.388695,152,20.953,4.044,2.504,8.416,4.988,17.292,209.076,767.531,614.344,48.758,198.896,208.973,202.635,47.148,0.379,0
2026-07-28 03:23:50.369445,152,21.53,4.269,2.024,9.445,4.922,17.166,206.614,778.366,601.343,41.73,199.04,211.34,204.104,48.848,0.387,0
2026-07-28 03:24:28.603288,152,21.002,3.775,1.878,7.463,4.969,17.662,205.048,704.657,562.56,39.957,196.984,211.259,207.779,48.132,0.442,0
2026-07-28 03:25:04.150389,152,21.257,3.999,1.862,11.15,4.279,17.109,209.019,787.995,585.224,46.011,196.616,206.142,205.733,48.425,0.443,0
2026-07-28 03:25:44.875753,152,21.568,4.055,1.636,14.719,5.197,16.165,204.133,786.129,618.617,47.34,196.965,209.68,205.734,47.207,0.426,0
2026-07-28 03:26:21.168894,152,20.969,3.863,2.167,11.266,4.749,16.924,220.536,748.076,634.44,45.801,194.793,216.903,204.011,47.21,0.415,0
2026-07-28 03:26:57.864982,152,21.698,4.045,1.754,12.787,5.111,16.855,202.186,746.557,572.927,46.883,197.609,207.325,203.687,48.248,0.423,0
2026-07-28 03:27:37.719029,152,20.703,3.834,2.329,16.205,4.292,17.46,208.818,660.02,567.077,46.471,198.264,211.813,204.683,48.617,0.383,0
2026-07-28 03:28:14.126866,152,21.347,4.104,1.612,12.308,4.864,16.016,198.383,713.924,658.53,40.855,196.537,206.652,204.919,47.322,0.333,0
2026-07-28 03:28:51.627420,152,21.661,4.159,2.038,9.97,4.659,16.779,211.779,765.047,599.707,45.787,199.166,207.295,207.297,47.939,0.307,0
2026-07-28 03:29:23.613484,152,21.53,4.041,2.345,10.245,4.943,16.159,209.986,784.818,602.744,48.687,198.123,205.899,206.223,47.048,0.436,0
2026-07-28 03:30:00.877959,152,22.158,3.722,1.354,11.501,4.879,16.756,207.859,771.136,577.818,45.481,198.312,212.729,205.131,47.579,0.406,0
2026-07-28 03:30:40.232944,152,20.818,3.855,2.605,10.234,4.892,16.393,204.403,747.804,606.457,41.332,197.518,207.473,205.079,47.846,0.427,0
2026-07-28 03:31:16.804749,152,20.51,4.085,1.872,10.384,4.535,16.74,210.015,805.85,651.453,44.065,198.892,213.676,205.91,48.293,0.35,0
2026-07-28 03:31:56.079907,152,20.703,4.003,2.042,13.471,4.786,15.795,206.733,779.15,607.631,46.559,199.549,208.459,203.417,46.737,0.406,0
2026-07-28 03:32:34.043067,152,21.53,3.596,2.171,13.552,4.755,16.897,209.179,738.579,631.949,50.028,197.511,210.371,202.694,48.792,0.405,0
2026-07-28 03:33:14.523330,152,21.449,4.186,2.218,8.206,4.924,16.603,221.745,813.281,600.87,39.522,198.913,211.193,205.892,47.898,0.477,0
2026-07-28 03:33:50.847574,152,21.251,4.02,2.082,9.864,5.047,16.576,211.033,718.211,569.226,46.011,198.926,205.311,205.086,48.777,0.451,0
2026-07-28 03:34:28.296840,152,20.639,3.877,2.299,10.572,4.838,17.475,213.197,707.317,579.503,42.39,198.501,210.591,203.425,48.419,0.356,0
2026-07-28 03:35:02.946026,152,21.583,4.149,2.156,12.698,4.481,16.309,207.213,737.788,566.466,46.422,200.012,211.015,202.486,48.511,0.43,0
2026-07-28 03:35:40.736094,152,20.588,3.898,2.528,13.786,4.827,16.671,205.293,727.999,606.534,46.646,197.128,213.306,206.073,49.212,0.355,0
2026-07-28 03:36:17.774950,152,21.779,3.897,2.157,16.904,5.453,16.55,209.862,739.417,636.717,44.347,197.494,207.217,204.374,47.531,0.243,0
2026-07-28 03:36:57.964018,152,22.629,4.054,2.589,10.569,5.212,16.599,225.024,773.145,604.83,46.768,197.068,207.631,205.48,48.081,0.504,0
2026-07-28 03:37:34.539622,152,21.383,4.267,2.27,10.669,4.056,17.611,208.275,749.015,590.767,48.192,198.87,211.913,204.683,47.406,0.378,0
2026-07-28 03:38:11.573520,152,21.492,4.244,1.458,12.677,4.816,16.532,212.169,749.759,576.311,44.539,197.673,214.096,204.959,47.939,0.462,0
2026-07-28 03:38:48.034109,152,20.954,4.054,2.783,10.136,5.033,16.216,205.03,751.706,610.663,41.256,197.165,208.282,204.289,48.432,0.36,0
2026-07-28 03:39:26.096044,152,20.295,4.069,1.828,11.218,4.754,17.435,193.468,682.943,562.856,48.992,199.996,206.418,204.908,48.676,0.352,0
2026-07-28 03:40:08.629858,152,20.899,4.119,2.449,10.67,4.685,16.346,205.261,706.057,565.977,47.32,200.171,209.081,205.692,47.771,0.367,0
2026-07-28 03:40:38.655065,152,20.654,3.811,2.008,6.257,4.733,15.697,224.284,738.826,627.005,46.579,197.606,207.061,204.669,47.277,0.415,0
2026-07-28 03:41:16.546030,152,20.476,4.097,2.318,11.746,4.938,16.13,213.572,725.555,591.668,43.065,196.359,211.154,204.601,48.044,0.411,0
2026-07-28 03:41:57.223639,152,22.061,3.89,1.793,11.135,4.513,15.877,219.846,743.278,591.076,47.759,200.236,206.868,205.729,47.489,0.43,0
2026-07-28 03:42:34.050468,152,21.336,4.048,2.188,14.042,5.097,15.6,207.914,790.72,594.928,50.719,198.565,212.821,205.809,47.653,0.37,0
2026-07-28 03:43:13.252020,152,21.39,3.966,1.924,11.511,4.786,16.318,195.859,747.841,621.776,44.66,198.505,210.617,203.635,48.403,0.402,0
2026-07-28 03:43:53.936437,152,21.045,4.075,2.474,8.991,4.566,16.465,203.348,711.657,604.965,45.265,198.126,212.912,204.965,48.291,0.349,0
2026-07-28 03:44:31.306759,152,21.114,4.018,2.132,10.984,5.081,17.09,212.382,727.0,577.708,42.017,197.04,202.972,204.371,48.501,0.488,0
2026-07-28 03:45:07.818898,152,21.682,3.539,2.281,7.318,4.414,16.815,211.426,799.607,578.787,42.985,197.504,204.901,205.016,47.798,0.321,0
2026-07-28 03:45:47.951640,152,21.184,4.027,1.351,9.078,4.661,16.792,209.937,794.442,594.147,41.991,198.813,213.749,206.721,48.605,0.351,0
2026-07-28 03:46:27.081087,152,21.465,4.096,1.974,12.771,4.657,16.053,206.819,767.28,609.067,45.366,197.463,207.913,205.431,48.009,0.375,0
2026-07-28 03:47:04.938885,152,21.102,4.067,2.123,11.005,5.336,16.942,215.638,704.688,598.935,44.046,198.52,205.747,207.597,47.83,0.543,0
2026-07-28 03:47:44.332529,152,21.029,3.985,2.067,13.345,4.629,17.196,206.992,758.897,596.265,46.044,198.016,209.412,205.264,47.341,0.446,0
2026-07-28 03:48:24.522086,152,20.497,4.246,2.288,7.566,4.261,16.697,211.847,761.127,601.389,42.503,196.732,210.703,204.8,46.746,0.349,0
2026-07-28 03:49:02.401200,152,20.211,4.047,1.89,11.015,4.655,16.711,211.172,750.741,598.913,44.531,199.945,209.542,204.976,47.062,0.449,0
2026-07-28 03:49:41.097644,152,21.069,4.066,2.015,10.549,4.914,15.868,207.789,733.47,576.589,42.33,198.713,211.357,205.171,48.129,0.431,0
2026-07-28 03:50:20.288870,152,21.228,4.157,2.354,13.412,4.996,17.027,204.712,739.484,633.212,45.525,198.397,210.964,205.387,47.455,0.416,0
2026-07-28 03:50:57.235812,152,20.557,4.054,1.316,12.846,5.369,17.39,207.436,731.448,585.531,40.429,198.666,210.812,203.81,47.013,0.442,0
2026-07-28 03:51:37.944388,152,21.183,3.865,2.177,12.785,5.152,16.661,221.242,716.793,603.877,45.424,195.849,213.91,204.72,47.748,0.403,0
2026-07-28 03:52:13.593921,152,21.227,3.634,1.9,14.583,4.847,16.203,216.675,789.614,538.19,44.22,197.408,209.959,204.131,48.168,0.41,0
2026-07-28 03:52:51.294671,152,20.122,3.928,1.726,10.764,4.577,16.419,216.122,775.587,593.545,45.507,196.167,209.874,206.236,48.249,0.307,0
2026-07-28 03:53:31.044582,152,20.742,4.114,2.101,14.17,5.206,16.29,205.281,741.737,567.012,40.374,198.15,212.328,202.689,47.983,0.487,0
2026-07-28 03:54:06.635923,152,21.404,3.947,2.368,9.412,4.708,16.32,201.374,760.213,570.629,46.833,198.391,211.603,205.188,47.963,0.373,0
2026-07-28 03:54:46.622554,152,21.394,4.12,2.312,9.338,4.635,16.824,216.579,761.301,672.666,44.164,198.17,207.382,203.178,47.677,0.326,0
2026-07-28 03:55:25.056424,152,20.623,4.022,1.959,13.005,4.696,16.64,215.429,817.944,607.486,45.608,199.414,209.733,205.519,48.38,0.37,0
2026-07-28 03:56:06.077831,152,21.279,4.193,2.263,8.491,4.487,17.002,210.823,775.304,636.781,39.764,196.203,211.271,204.521,47.894,0.372,0
2026-07-28 03:56:45.474981,152,21.711,3.956,2.26,12.646,4.684,16.685,207.777,774.208,625.659,41.52,197.041,208.298,202.82,47.954,0.352,0
2026-07-28 03:57:23.103853,152,21.589,4.07,1.974,11.703,4.742,16.068,201.216,751.101,629.497,43.908,198.497,208.436,206.131,48.623,0.447,0
2026-07-28 03:58:01.631912,152,21.152,4.076,1.792,13.644,4.983,16.25,215.204,737.402,594.028,48.851,198.317,205.965,201.98,48.475,0.458,0
2026-07-28 03:58:40.241864,152,20.966,4.225,1.809,11.381,4.703,16.219,217.117,790.099,648.192,46.476,196.421,201.64,204.962,47.889,0.282,0
2026-07-28 03:59:22.854940,152,20.885,3.744,2.251,11.612,4.483,16.407,205.925,768.916,625.401,45.364,199.436,208.915,205.829,47.804,0.369,0
2026-07-28 04:00:01.048034,152,21.434,3.931,1.987,12.519,4.399,17.397,205.424,725.943,601.24,42.412,199.852,210.369,206.652,47.799,0.373,0
2026-07-28 04:00:38.733408,152,21.298,4.127,1.686,10.175,4.852,17.477,217.446,763.162,607.899,41.902,198.511,206.823,203.068,46.787,0.39,0
2026-07-28 04:01:16.287738,152,21.515,4.232,1.495,10.088,4.818,16.918,206.149,774.284,595.898,45.775,196.189,213.996,204.381,48.658,0.502,0
2026-07-28 04:01:54.718330,152,21.266,4.036,2.25,12.449,4.661,16.559,220.674,689.221,601.567,46.962,198.192,206.965,206.3,47.589,0.351,0
2026-07-28 04:02:30.132098,152,21.609,3.956,1.836,11.441,4.683,15.819,209.346,723.251,598.692,45.585,198.408,212.646,206.381,48.513,0.494,0
2026-07-28 04:03:07.259395,152,21.247,4.114,2.099,10.685,4.897,16.61,207.681,760.52,611.446,49.787,197.674,211.214,206.537,48.025,0.391,0
2026-07-28 04:03:42.951727,152,21.592,4.13,2.372,11.334,5.148,16.105,210.271,694.191,652.199,43.089,199.617,216.311,208.074,48.835,0.494,0
2026-07-28 04:04:18.941988,152,21.635,3.946,1.607,14.689,4.605,17.315,207.68,698.782,563.844,45.502,197.861,211.566,204.39,48.318,0.381,0
2026-07-28 04:04:58.775337,152,20.798,4.05,1.986,10.614,4.822,15.697,216.757,742.157,634.271,40.259,200.525,205.806,205.447,48.547,0.374,0
2026-07-28 04:05:36.835235,152,20.296,4.177,1.949,10.556,5.04,16.692,215.315,764.255,588.953,45.591,198.94,213.058,204.585,47.645,0.399,0
2026-07-28 04:06:13.143802,152,21.972,4.284,2.114,8.085,4.606,16.063,216.529,765.596,638.09,49.114,198.331,214.923,202.63,47.229,0.478,0
2026-07-28 04:06:50.801161,152,21.328,4.111,2.372,11.415,4.796,16.495,211.107,795.89,589.997,42.084,199.105,204.861,204.892,48.089,0.409,0
2026-07-28 04:07:28.240161,152,20.343,4.007,1.601,12.814,4.791,16.833,207.262,752.386,612.383,47.358,199.837,211.853,202.607,46.85,0.413,0
2026-07-28 04:08:06.360299,152,20.843,3.992,2.171,13.172,4.472,17.011,209.946,739.193,595.235,49.035,199.079,212.495,204.375,47.719,0.438,0
2026-07-28 04:08:40.924101,152,21.586,4.084,2.309,11.716,4.842,16.47,207.446,712.087,548.082,43.069,197.909,209.383,203.238,47.286,0.347,0
2026-07-28 04:09:16.436026,152,21.06,3.983,1.944,13.412,4.808,16.881,218.8,738.846,652.169,46.307,197.208,202.976,205.527,47.496,0.42,0
2026-07-28 04:09:51.149495,152,20.944,4.028,1.959,12.962,4.939,16.169,216.014,770.518,571.717,49.423,196.653,209.142,204.066,48.357,0.362,0
2026-07-28 04:10:27.098421,152,21.9,3.841,2.126,13.726,4.503,16.623,209.451,771.829,602.516,45.645,195.071,208.315,202.858,48.318,0.488,0
2026-07-28 04:11:03.450615,152,20.676,4.195,2.103,13.469,4.802,17.001,204.441,757.674,568.427,47.203,198.209,214.436,206.039,47.903,0.425,0
2026-07-28 04:11:39.091849,152,20.801,3.829,2.175,14.64,5.145,16.666,219.245,765.866,559.89,40.033,197.535,209.743,204.275,48.192,0.442,0
2026-07-28 04:12:18.834718,152,21.306,3.935,2.168,11.161,5.319,16.235,210.82,787.015,593.852,46.672,197.599,208.804,204.481,47.676,0.278,0
2026-07-28 04:13:01.029801,152,21.395,4.015,1.705,8.846,5.12,16.36,209.219,752.183,582.195,46.448,199.235,208.299,203.827,49.456,0.442,0
2026-07-28 04:13:40.912127,152,21.448,4.299,2.297,12.827,4.506,17.008,219.298,789.652,564.936,41.287,197.866,210.945,206.379,48.181,0.389,0
2026-07-28 04:14:17.623017,152,21.656,3.937,2.35,13.061,4.913,15.954,206.94,728.927,598.937,42.3,200.274,210.165,205.325,47.646,0.314,0
2026-07-28 04:14:56.102244,152,21.299,3.9,2.056,14.64,4.679,16.028,208.086,747.875,555.543,46.691,197.312,207.709,204.264,48.525,0.406,0
2026-07-28 04:15:33.950823,152,21.445,3.917,1.552,14.063,4.871,16.801,208.615,736.056,603.764,44.152,196.835,210.766,202.703,48.744,0.309,0
2026-07-28 04:16:10.562713,152,21.07,4.249,1.966,15.391,4.607,16.28,202.101,772.988,596.18,48.113,196.491,208.384,208.013,47.535,0.437,0
2026-07-28 04:16:51.583068,152,21.231,3.578,2.058,12.74,4.372,15.773,211.894,720.58,525.588,45.87,198.867,202.482,207.375,47.149,0.486,0
2026-07-28 04:17:34.159513,152,21.254,3.85,1.657,11.958,4.714,17.175,205.426,740.669,584.307,45.158,199.382,211.937,206.732,47.268,0.293,0
2026-07-28 04:18:08.807892,152,21.308,4.41,1.892,8.73,4.981,15.95,206.576,696.069,614.052,44.523,197.287,211.662,204.156,47.598,0.398,0
2026-07-28 04:18:50.091702,152,21.586,4.089,1.577,12.116,4.872,16.4,205.773,767.237,568.094,45.82,196.723,210.579,204.399,47.967,0.39,0
2026-07-28 04:19:26.744264,152,21.478,3.834,2.182,10.395,4.901,16.19,206.478,786.157,615.354,47.248,199.836,208.717,205.481,47.023,0.281,0
2026-07-28 04:20:04.146179,152,21.222,3.994,2.05,11.923,4.854,16.351,204.967,776.411,612.98,46.495,196.26,209.791,203.927,47.749,0.455,0
2026-07-28 04:20:42.790684,152,20.795,4.01,1.506,11.609,4.901,16.058,211.483,773.566,569.468,43.816,199.212,212.376,203.813,47.875,0.438,0
2026-07-28 04:21:24.319343,152,21.234,4.127,2.105,12.443,4.932,16.857,209.066,774.343,599.632,48.47,197.315,208.168,206.75,48.195,0.522,0
2026-07-28 04:22:02.960592,152,21.186,4.276,1.983,11.305,4.731,16.555,210.288,770.291,624.75,46.842,198.477,212.493,204.934,48.367,0.43,0
2026-07-28 04:22:41.900995,152,21.297,4.058,2.155,13.37,4.821,16.992,224.123,767.817,573.707,46.079,199.292,205.723,203.656,48.241,0.347,0
2026-07-28 04:23:21.846671,152,22.303,3.919,1.883,6.054,5.236,16.195,209.067,769.688,593.826,45.257,198.572,210.488,206.143,49.075,0.431,0
2026-07-28 04:24:02.152073,152,20.938,4.118,1.76,11.88,4.836,17.567,213.63,730.985,634.507,46.4,197.646,210.075,204.311,48.656,0.477,1
2026-07-28 04:24:41.317459,152,21.411,3.895,1.769,13.905,4.811,15.548,214.312,744.194,574.271,39.871,199.675,212.908,202.625,48.133,0.372,0
2026-07-28 04:25:21.636999,152,21.734,3.845,1.839,15.24,4.826,15.707,209.623,752.037,613.775,45.676,198.347,207.335,203.638,47.418,0.451,0
2026-07-28 04:25:58.273808,152,21.249,3.736,2.006,12.964,4.746,17.377,211.643,740.265,567.624,49.593,202.419,207.652,204.38,47.595,0.259,0
2026-07-28 04:26:32.319191,152,22.369,3.765,2.044,14.87,4.691,16.737,210.124,704.577,595.171,45.616,195.954,205.956,205.264,47.143,0.489,0
2026-07-28 04:27:14.480187,152,21.011,3.866,1.943,11.838,4.852,16.671,211.215,714.185,613.402,45.234,195.936,208.356,205.206,48.092,0.448,0
2026-07-28 04:27:50.114265,152,21.362,3.823,1.873,11.506,4.674,16.716,206.481,756.669,527.864,43.332,199.193,210.741,206.473,48.199,0.247,0
2026-07-28 04:28:26.897097,152,20.801,4.047,1.895,12.559,4.764,16.786,207.035,776.268,583.97,46.38,197.962,204.786,204.716,48.536,0.423,0
2026-07-28 04:29:04.141214,152,21.024,3.82,2.752,11.494,4.602,16.65,210.102,750.271,612.88,44.454,198.951,208.716,204.441,48.16,0.281,0
2026-07-28 04:29:40.992348,152,21.324,3.528,1.769,9.935,4.827,16.017,198.169,830.18,606.775,48.666,196.682,211.771,206.494,48.632,0.363,0
2026-07-28 04:30:17.336732,152,21.623,3.843,1.833,10.47,4.946,16.909,218.976,723.327,584.329,42.582,198.065,209.702,206.174,48.645,0.441,0
2026-07-28 04:30:56.393705,152,21.36,3.929,2.988,9.276,4.747,16.83,222.965,762.903,566.863,43.734,198.549,210.218,204.744,47.383,0.392,0
2026-07-28 04:31:35.474947,152,21.83,3.909,2.126,12.557,4.298,17.214,211.022,787.445,618.854,43.318,197.348,205.632,205.35,47.689,0.475,0
2026-07-28 04:32:14.888403,152,21.153,4.228,1.586,11.523,4.948,17.382,213.993,780.905,590.328,50.137,198.278,209.71,204.43,47.993,0.404,0
2026-07-28 04:32:54.158819,152,21.034,3.908,2.253,10.779,4.83,16.665,216.486,768.997,616.36,44.469,196.366,210.083,203.605,47.576,0.398,0
2026-07-28 04:33:31.208784,152,22.552,4.132,1.727,10.367,4.552,15.886,202.052,781.037,611.407,43.465,198.474,209.525,207.637,47.854,0.466,0
2026-07-28 04:34:08.255001,152,21.397,3.997,2.273,12.51,4.993,17.386,215.57,751.606,586.577,39.146,199.735,210.443,204.35,48.181,0.38,0
2026-07-28 04:34:48.806762,152,20.84,3.994,1.937,13.061,4.45,15.991,207.441,798.224,632.177,42.448,196.515,209.104,205.354,47.926,0.398,0
2026-07-28 04:35:25.618004,152,20.853,3.875,1.868,9.239,5.061,16.669,223.744,787.212,582.172,46.478,196.442,208.677,203.182,48.0,0.406,0
2026-07-28 04:36:02.383951,152,20.729,3.991,2.483,8.925,4.786,16.372,208.87,725.285,635.714,46.467,199.428,206.985,205.884,47.434,0.396,0
2026-07-28 04:36:42.503206,152,21.668,3.885,2.17,13.409,4.233,16.285,215.449,759.325,639.639,43.177,196.421,212.826,203.553,48.304,0.47,0
2026-07-28 04:37:20.460834,152,21.018,4.026,2.292,8.75,4.845,16.882,208.93,705.128,631.503,43.332,199.009,206.443,207.014,48.26,0.36,0
2026-07-28 04:37:57.309283,152,21.264,3.965,2.13,12.595,4.698,16.622,223.18,794.132,594.583,50.208,198.066,210.458,207.157,47.542,0.35,0
2026-07-28 04:38:34.179277,152,21.168,3.858,1.867,14.734,4.661,16.757,206.926,756.503,676.412,52.55,197.499,215.258,205.679,47.224,0.336,0
2026-07-28 04:39:14.741777,152,21.566,4.149,2.183,14.738,4.616,16.092,216.991,789.114,604.555,48.219,199.76,213.194,205.138,48.738,0.271,0
2026-07-28 04:39:54.077911,152,20.777,4.064,2.363,12.976,4.768,16.413,213.76,746.829,607.232,49.366,199.114,211.477,204.775,49.049,0.489,0
2026-07-28 04:40:32.617212,152,20.662,3.933,2.04,12.918,4.679,16.115,212.426,696.168,599.338,49.96,198.336,210.724,204.943,48.141,0.346,0
2026-07-28 04:41:07.957959,152,21.312,4.022,2.54,16.004,4.336,16.4,211.374,826.484,566.107,51.201,195.417,209.629,205.491,47.783,0.386,0
2026-07-28 04:41:46.506956,152,21.5,3.987,2.255,6.831,5.118,16.441,205.998,753.802,638.852,44.155,198.855,207.386,205.108,48.628,0.493,0
2026-07-28 04:42:24.021783,152,21.366,3.87,2.064,10.571,4.739,17.422,194.484,720.994,582.828,42.541,196.715,209.264,206.178,48.282,0.391,0
2026-07-28 04:42:59.941407,152,20.795,4.011,2.075,13.197,4.617,16.37,216.446,783.227,627.588,50.134,197.734,211.667,203.898,47.874,0.431,0
2026-07-28 04:43:36.569772,152,21.539,3.907,2.041,10.825,4.518,15.437,207.067,809.04,634.787,42.3,198.009,211.13,206.834,48.581,0.315,0
2026-07-28 04:44:16.157010,152,20.828,3.858,1.625,13.98,4.993,17.198,217.018,744.129,618.1,42.12,200.277,212.287,204.493,47.514,0.484,0
2026-07-28 04:44:56.989734,152,20.939,3.757,1.973,11.421,4.475,16.725,212.11,747.122,579.241,42.184,197.696,213.537,204.105,47.586,0.393,0
2026-07-28 04:45:32.578842,152,20.728,3.946,2.066,11.763,4.833,16.434,217.202,756.903,589.768,44.632,196.293,209.54,205.435,48.218,0.339,0
2026-07-28 04:46:08.455550,152,21.851,4.085,1.875,10.951,4.654,16.281,214.811,717.782,519.688,39.444,199.764,210.556,205.512,48.069,0.339,0
2026-07-28 04:46:48.038178,152,21.517,3.896,2.101,10.455,4.669,16.027,195.212,729.971,596.506,40.987,198.871,204.493,202.916,48.382,0.501,0
2026-07-28 04:47:25.105218,152,21.502,4.378,2.006,10.406,4.524,17.469,213.689,801.676,624.081,43.257,198.916,216.543,204.423,48.716,0.365,0
2026-07-28 04:48:04.365492,152,21.824,4.133,2.232,12.042,4.645,16.526,207.938,746.166,592.875,41.651,199.786,208.8,202.394,47.069,0.34,0
2026-07-28 04:48:41.401866,152,22.606,4.196,2.199,9.951,4.802,15.631,216.99,725.711,582.298,47.975,200.068,211.89,204.189,48.023,0.374,0
2026-07-28 04:49:20.717414,152,20.345,4.119,2.05,13.406,4.859,16.664,213.547,736.891,591.068,45.019,196.93,208.798,204.241,49.141,0.403,0
2026-07-28 04:49:55.585306,152,20.831,4.278,1.59,12.806,4.604,17.103,213.618,781.112,636.461,46.616,196.331,208.731,205.357,47.642,0.409,0
2026-07-28 04:50:34.837778,152,20.892,3.882,2.537,13.699,4.777,16.578,208.367,692.699,598.369,46.309,199.011,209.313,204.055,47.571,0.427,0
2026-07-28 04:51:08.051517,152,20.775,3.616,1.957,9.242,5.022,16.049,204.524,757.385,655.737,44.421,197.685,206.389,204.339,46.655,0.414,0
2026-07-28 04:51:48.161259,152,20.661,3.933,1.976,8.101,4.384,16.004,207.403,821.404,582.878,47.767,197.794,202.807,206.565,48.061,0.439,0
2026-07-28 04:52:26.083695,152,21.05,4.084,1.897,11.492,4.798,16.041,199.201,808.901,606.517,46.266,196.654,213.363,207.477,48.348,0.384,0
2026-07-28 04:53:05.089705,152,20.592,4.023,1.853,17.298,4.562,17.261,206.458,766.623,586.998,44.108,198.701,211.583,203.895,48.347,0.524,0
2026-07-28 04:53:43.630340,152,21.368,4.041,2.463,14.032,4.537,16.464,201.215,788.177,662.235,40.285,198.483,207.344,206.223,47.378,0.371,0
2026-07-28 04:54:17.741010,152,21.226,4.198,2.416,10.391,4.865,15.661,201.374,787.898,605.391,46.458,197.813,211.311,205.465,47.995,0.481,0
2026-07-28 04:54:58.857376,152,21.441,4.057,2.133,12.349,4.664,16.692,210.699,746.35,663.842,41.468,196.334,212.389,202.913,48.133,0.364,0
2026-07-28 04:55:37.620004,152,21.454,4.12,1.968,12.955,4.496,16.571,213.204,776.819,587.396,46.065,199.451,207.99,204.051,48.031,0.314,0
2026-07-28 04:56:17.344434,152,21.502,3.859,2.186,8.763,5.131,16.276,209.809,801.869,645.827,45.221,198.307,211.194,201.367,47.343,0.3,0
2026-07-28 04:56:53.522220,152,21.013,3.836,2.022,14.239,5.03,15.99,207.007,713.351,603.54,41.191,199.341,212.92,205.388,48.046,0.418,0
2026-07-28 04:57:32.071188,152,22.261,4.242,1.943,11.165,4.317,15.968,204.316,766.723,625.1,45.724,195.476,205.829,203.708,47.511,0.47,0
2026-07-28 04:58:07.084620,152,21.317,4.015,2.101,11.319,4.431,17.043,208.097,760.483,563.409,45.536,198.068,211.547,205.161,46.877,0.331,0
2026-07-28 04:58:45.424857,152,20.269,3.907,1.868,11.548,4.948,16.624,205.067,752.992,610.452,45.546,197.14,211.057,208.085,48.409,0.347,0
2026-07-28 04:59:21.282649,152,20.699,3.907,2.076,13.789,4.729,16.739,209.623,750.424,567.926,45.412,198.043,215.453,206.912,48.084,0.423,0
2026-07-28 05:00:10.699145,152,20.33,3.903,2.061,9.99,5.175,16.622,200.871,756.718,607.713,43.173,199.132,211.615,204.08,48.355,0.4,0
2026-07-28 05:00:50.078908,152,21.209,3.894,2.181,8.086,4.954,16.664,214.208,759.152,554.448,46.657,198.444,208.808,203.789,47.679,0.365,0
2026-07-28 05:01:31.113268,152,21.139,3.808,1.814,12.146,4.875,16.266,206.598,782.44,597.178,43.075,198.022,209.144,206.552,48.376,0.323,0
2026-07-28 05:02:08.544210,152,20.966,3.775,2.213,7.413,4.545,16.397,212.258,763.819,632.868,41.991,198.015,215.868,203.794,48.613,0.419,0
2026-07-28 05:02:47.453940,152,22.205,3.971,1.728,10.898,4.923,17.082,215.323,744.842,616.427,46.889,196.128,208.971,206.189,49.052,0.439,0
2026-07-28 05:03:27.518122,152,21.474,3.911,1.828,13.874,4.481,17.207,211.967,725.642,562.981,47.622,196.912,211.7,208.283,48.488,0.43,0
2026-07-28 05:04:03.072235,152,21.563,4.166,1.841,12.658,5.126,15.889,214.795,736.299,543.048,46.697,199.346,209.309,205.811,48.231,0.402,0
2026-07-28 05:04:39.538751,152,20.734,4.044,1.678,13.585,4.906,16.396,197.6,757.574,614.908,44.42,197.393,213.136,206.421,47.172,0.337,0
2026-07-28 05:05:19.756059,152,20.7,4.04,2.305,12.741,4.594,16.92,207.043,729.524,647.436,39.569,199.369,213.279,206.282,47.936,0.419,0
2026-07-28 05:05:57.258901,152,21.218,3.889,1.709,16.321,5.001,17.441,216.618,777.43,571.082,49.149,198.992,209.934,204.331,47.146,0.414,0
2026-07-28 05:06:33.554232,152,21.287,3.982,1.79,10.324,5.36,17.391,213.055,762.472,662.922,39.526,199.055,208.82,205.348,47.509,0.321,0
2026-07-28 05:07:10.115613,152,20.272,4.054,2.377,12.296,4.746,16.102,221.091,783.162,599.805,46.641,198.399,208.751,203.852,49.173,0.382,0
2026-07-28 05:07:45.328373,152,21.11,4.107,1.829,10.624,4.938,17.138,220.226,731.474,541.239,50.909,197.477,204.991,206.548,47.386,0.422,0
2026-07-28 05:08:18.861067,152,21.207,3.986,1.944,13.414,4.692,16.529,211.798,725.899,553.174,45.419,197.819,210.292,203.698,46.594,0.395,0
2026-07-28 05:08:52.993889,152,21.092,4.162,1.696,11.377,4.821,17.022,208.488,782.946,623.098,45.815,198.768,210.233,205.841,48.488,0.282,0
2026-07-28 05:09:31.098093,152,20.793,4.001,2.25,14.938,4.423,16.894,204.249,753.769,603.887,46.062,195.449,207.633,206.358,47.596,0.362,0
2026-07-28 05:10:10.629378,152,20.93,4.119,2.254,10.438,4.8,15.868,207.145,744.127,644.467,45.555,199.493,204.679,204.41,48.461,0.358,0
2026-07-28 05:10:54.372550,152,21.112,3.927,2.222,14.314,4.811,16.775,207.551,770.261,564.056,51.582,197.4,210.598,204.135,47.298,0.434,0
2026-07-28 05:11:32.278191,152,21.245,3.728,2.161,12.686,5.25,17.003,206.441,769.182,603.555,42.639,197.896,210.965,204.796,47.744,0.556,0
2026-07-28 05:12:07.359882,152,21.502,4.04,2.022,11.435,4.351,16.49,204.49,713.583,600.203,42.288,197.907,211.144,203.929,48.718,0.408,0
2026-07-28 05:12:45.294988,152,21.74,4.109,1.843,12.585,4.73,16.377,212.409,790.155,595.71,44.083,197.952,207.129,205.188,47.207,0.328,0
2026-07-28 05:13:24.897670,152,21.053,4.086,1.756,12.023,5.122,15.714,220.18,738.098,588.522,49.874,196.424,211.151,203.9,47.898,0.39,1
2026-07-28 05:14:05.246482,152,20.972,4.063,2.387,12.212,4.74,16.842,215.6,799.301,589.119,43.385,198.182,209.482,203.987,48.175,0.401,0
2026-07-28 05:14:45.373993,152,21.419,3.948,2.229,11.086,4.757,16.604,208.065,711.327,605.239,46.205,198.713,212.507,205.656,47.568,0.445,0
2026-07-28 05:15:24.679920,152,21.505,3.879,1.792,10.097,4.592,16.039,216.084,759.205,609.077,47.999,195.547,207.173,205.741,48.145,0.475,0
2026-07-28 05:16:02.897190,152,20.983,4.083,2.012,10.83,4.567,16.337,212.08,744.617,607.577,47.181,196.439,213.336,204.648,48.009,0.483,0
2026-07-28 05:16:42.577120,152,21.595,4.064,1.91,8.134,4.344,16.577,209.756,692.718,636.18,47.851,199.075,214.379,203.024,48.321,0.432,0
2026-07-28 05:17:17.875728,152,21.69,3.916,1.662,13.184,4.643,16.221,209.381,769.088,563.962,48.97,198.852,210.337,206.405,49.105,0.4,0
2026-07-28 05:17:51.297101,152,21.846,4.166,2.053,9.03,4.553,16.501,208.8,694.206,545.649,45.863,198.358,211.171,204.462,49.605,0.489,0
2026-07-28 05:18:34.069717,152,22.089,3.868,1.875,11.065,4.83,15.625,213.906,741.542,630.509,43.72,197.181,212.273,207.475,48.278,0.379,0
2026-07-28 05:19:11.962511,152,20.767,3.912,1.714,12.796,4.603,17.175,210.838,782.024,571.694,45.412,198.859,207.025,204.841,47.934,0.403,0
2026-07-28 05:19:51.179799,152,21.207,4.245,1.556,13.179,4.68,16.508,205.629,734.629,588.616,44.051,196.557,208.59,205.163,48.265,0.385,0
2026-07-28 05:20:22.791819,152,21.206,4.13,1.531,7.951,4.687,15.95,205.339,723.792,581.637,52.06,197.835,210.534,204.482,47.861,0.272,0
2026-07-28 05:21:04.314189,152,21.151,3.946,1.889,11.316,4.788,15.27,211.835,773.21,580.995,43.509,196.432,215.878,205.292,47.048,0.476,0
2026-07-28 05:21:44.949563,152,20.875,4.043,1.974,12.419,4.668,17.015,212.572,742.764,556.252,46.353,197.806,206.531,209.172,47.972,0.441,0
2026-07-28 05:22:19.379982,152,20.457,4.023,1.737,11.604,4.535,16.779,208.121,738.253,582.914,40.798,196.764,214.749,204.581,48.649,0.258,0
2026-07-28 05:22:56.656523,152,21.246,3.588,2.195,14.188,4.821,16.605,203.208,786.975,619.48,45.372,198.907,209.44,206.532,47.121,0.46,0
2026-07-28 05:23:35.263522,152,20.816,3.864,1.98,9.856,5.067,16.932,217.506,716.149,599.882,44.196,198.52,209.9,205.109,47.409,0.382,0
2026-07-28 05:24:10.382096,152,21.243,3.992,2.173,7.402,4.832,16.93,216.232,736.671,615.135,46.892,197.315,213.532,206.409,47.651,0.459,0
2026-07-28 05:24:49.496462,152,20.803,3.947,1.945,13.121,4.648,16.597,198.076,775.127,585.118,46.965,199.308,215.862,202.682,48.223,0.405,0
2026-07-28 05:25:29.880489,152,20.65,4.037,1.764,10.426,4.769,16.373,218.037,714.274,627.085,48.968,196.852,211.226,207.334,49.426,0.319,0
2026-07-28 05:26:08.619672,152,21.317,4.169,2.034,7.983,4.287,16.291,208.746,801.485,584.749,48.745,197.958,213.378,205.409,47.514,0.402,0
2026-07-28 05:26:43.048679,152,21.275,3.952,1.621,11.183,4.765,16.71,211.14,743.711,536.743,44.814,197.262,207.331,204.679,48.055,0.346,0
2026-07-28 05:27:18.684946,152,21.49,3.841,2.162,13.961,4.7,17.199,216.829,775.361,609.499,42.356,198.891,208.465,206.084,48.003,0.327,0
2026-07-28 05:27:56.402688,152,22.293,4.049,1.719,8.973,4.567,16.449,219.915,775.301,623.022,42.684,198.772,206.078,205.173,47.819,0.452,0
2026-07-28 05:28:33.833666,152,21.339,3.951,2.275,16.172,4.612,17.238,216.017,745.584,583.223,45.848,199.562,208.505,203.623,47.971,0.423,0
2026-07-28 05:29:11.310958,152,21.443,3.977,1.898,9.824,4.697,16.687,211.446,736.109,635.976,45.442,198.1,211.639,202.092,47.721,0.49,0
2026-07-28 05:29:48.707552,152,20.661,3.956,2.319,11.674,5.048,16.69,201.746,748.754,574.479,45.722,194.448,210.615,207.191,49.646,0.376,0
2026-07-28 05:30:22.594404,152,20.557,4.336,1.663,9.062,5.073,17.703,197.843,770.668,620.122,43.502,197.483,215.009,204.733,48.45,0.342,0
2026-07-28 05:31:02.431296,152,21.991,3.664,1.797,11.583,4.568,17.326,215.269,721.394,652.343,49.024,199.878,215.959,204.264,47.726,0.438,0
2026-07-28 05:31:41.861439,152,20.738,3.942,2.114,11.233,4.67,17.339,218.052,715.106,601.102,40.876,197.61,209.604,204.358,48.71,0.35,0
2026-07-28 05:32:21.052451,152,20.678,3.999,2.351,8.521,4.677,16.101,205.112,793.042,593.206,43.347,195.699,208.029,206.757,48.154,0.381,0
2026-07-28 05:33:00.032202,152,21.18,3.883,2.5,17.152,5.002,17.596,208.381,728.689,596.83,41.984,198.539,213.364,204.412,48.035,0.432,0
2026-07-28 05:33:37.384430,152,21.155,4.135,2.012,10.509,4.836,16.459,206.656,760.268,648.849,44.415,198.629,213.666,205.773,47.891,0.392,0
2026-07-28 05:34:14.000308,152,20.749,4.122,2.551,10.511,4.823,16.386,206.497,744.136,612.083,48.49,197.127,211.28,204.598,47.85,0.371,0
2026-07-28 05:34:49.680150,152,21.048,3.993,1.913,13.438,4.934,15.42,216.45,745.422,664.326,44.194,197.704,212.046,203.494,47.268,0.316,0
2026-07-28 05:35:31.198021,152,21.815,3.959,2.33,15.129,4.651,16.663,211.31,791.481,608.378,45.284,196.983,211.593,206.082,46.996,0.456,0
2026-07-28 05:36:09.151262,152,20.797,3.983,1.717,13.753,5.141,15.958,208.625,747.53,580.386,46.86,198.627,207.133,206.324,48.222,0.378,0
2026-07-28 05:36:43.365140,152,20.503,3.984,2.126,9.098,4.8,16.704,225.945,739.652,582.495,44.061,198.068,206.466,204.185,47.885,0.437,0
2026-07-28 05:37:21.298533,152,21.671,3.988,1.297,11.928,4.586,15.919,201.393,742.178,601.848,46.071,196.601,209.852,204.955,48.526,0.429,0
2026-07-28 05:37:54.546421,152,21.446,3.972,1.664,7.737,4.743,17.399,213.287,735.4,538.76,45.702,197.989,209.417,205.116,47.466,0.465,0
2026-07-28 05:38:33.111883,152,20.89,4.038,2.14,13.303,5.108,16.776,203.706,730.567,585.75,41.834,197.12,210.803,205.534,47.341,0.386,0
2026-07-28 05:39:11.437876,152,20.409,4.113,1.606,8.23,4.694,17.64,209.055,735.516,586.416,43.7,199.753,209.619,207.366,48.466,0.379,0
2026-07-28 05:39:48.202298,152,20.828,3.815,2.128,9.894,5.037,15.988,210.892,798.233,607.194,45.993,199.072,205.061,204.611,47.823,0.334,0
2026-07-28 05:40:24.060261,152,21.173,3.842,2.272,11.494,4.644,17.275,215.068,770.633,658.255,48.59,197.853,203.875,204.604,48.513,0.367,0
2026-07-28 05:41:03.342593,152,21.783,3.738,1.85,12.39,4.609,15.599,208.433,739.989,601.644,48.588,198.097,212.139,204.79,48.02,0.42,0
2026-07-28 05:41:41.153315,152,20.682,4.13,1.709,10.978,4.965,16.604,207.798,778.468,542.32,50.867,199.217,208.078,203.869,49.127,0.351,0
2026-07-28 05:42:14.726246,152,21.158,4.038,1.858,14.538,4.582,16.184,208.325,703.971,572.583,46.359,197.792,209.327,202.933,48.453,0.419,0
2026-07-28 05:42:55.471114,152,21.538,4.076,1.71,12.946,5.006,16.276,203.52,789.895,607.869,43.843,198.91,208.382,205.161,48.246,0.488,0
2026-07-28 05:43:31.328302,152,20.009,3.786,1.97,12.789,4.888,16.242,213.794,787.56,602.79,44.821,199.773,207.352,205.633,48.48,0.373,0
2026-07-28 05:44:06.322853,152,21.717,4.268,2.031,9.041,4.582,16.043,211.688,814.854,648.734,44.681,197.411,207.274,205.003,47.836,0.321,0
2026-07-28 05:44:47.420630,152,20.609,3.909,1.908,14.899,4.782,15.87,212.611,779.335,628.802,43.858,199.975,212.958,204.925,47.014,0.375,0
2026-07-28 05:45:27.836479,152,21.366,4.025,2.502,9.894,4.663,16.279,209.583,762.68,627.903,46.072,199.626,209.306,203.922,48.217,0.315,0
2026-07-28 05:46:04.877719,152,21.323,4.128,1.784,14.975,4.887,16.558,208.843,787.443,593.486,46.203,198.298,211.841,205.303,49.165,0.48,0
2026-07-28 05:46:40.022051,152,21.742,3.852,2.417,15.544,5.272,17.082,217.054,731.852,632.974,41.713,197.467,212.23,205.204,46.626,0.405,0
2026-07-28 05:47:15.947887,152,21.475,3.918,1.688,12.525,4.707,16.648,216.131,738.533,573.122,48.047,198.283,210.918,205.57,48.281,0.356,0
2026-07-28 05:47:52.950389,152,20.011,4.027,2.022,13.564,4.933,17.083,218.489,748.137,629.049,39.857,197.707,212.326,205.388,47.079,0.366,0
2026-07-28 05:48:33.723325,152,20.808,4.429,2.355,5.334,4.806,15.761,212.236,789.698,591.527,44.377,197.049,210.041,205.473,47.986,0.329,0
2026-07-28 05:49:14.675909,152,21.269,4.045,2.339,11.11,4.806,16.284,218.116,725.18,556.56,48.218,198.639,213.955,206.583,48.048,0.461,0
2026-07-28 05:49:53.054342,152,21.103,4.241,1.874,13.704,4.759,16.856,207.504,722.1,617.797,46.701,196.772,212.388,205.687,48.448,0.51,0
2026-07-28 05:50:32.536612,152,21.439,4.181,2.167,13.349,4.586,16.672,208.795,756.86,641.926,44.0,197.594,212.774,205.577,48.126,0.31,0
2026-07-28 05:51:10.059260,152,21.595,4.055,2.126,9.061,4.884,16.069,217.171,770.808,587.802,50.513,197.61,207.278,202.909,48.824,0.463,0
2026-07-28 05:51:46.069221,152,21.504,3.852,1.838,10.913,4.728,16.967,215.061,729.611,646.883,43.768,196.362,210.763,206.264,48.7,0.385,0
2026-07-28 05:52:20.647857,152,21.093,4.159,2.185,6.427,4.574,16.234,208.257,769.442,550.322,39.395,198.79,204.678,204.643,47.882,0.476,0
2026-07-28 05:52:59.384109,152,20.277,3.775,2.559,12.326,5.054,16.111,203.722,789.684,564.096,46.268,197.726,214.063,205.095,48.657,0.29,0
2026-07-28 05:53:39.436961,152,20.972,4.24,2.142,7.733,4.825,16.743,208.776,784.813,595.598,40.02,199.559,208.192,203.473,47.812,0.414,0
2026-07-28 05:54:16.272678,152,21.408,4.03,2.17,13.761,4.743,16.503,205.891,760.245,588.877,42.672,197.706,208.594,207.508,47.709,0.376,0
2026-07-28 05:54:56.980229,152,20.655,3.602,2.202,13.865,5.135,16.239,220.347,747.373,579.986,46.744,197.512,206.035,202.031,47.277,0.44,0
2026-07-28 05:55:34.102574,152,21.516,3.949,1.562,10.551,4.341,16.222,214.56,800.333,604.01,43.71,196.914,209.895,206.786,48.787,0.404,0
2026-07-28 05:56:12.293520,152,21.654,4.098,2.138,12.543,5.118,15.965,205.404,750.447,584.142,46.626,198.047,209.222,205.51,47.82,0.401,0
2026-07-28 05:56:49.789478,152,21.263,3.964,1.695,11.066,4.58,16.302,203.73,777.27,589.231,41.757,198.054,215.286,202.714,46.547,0.394,0
2026-07-28 05:57:30.608614,152,19.668,4.107,1.823,11.984,4.853,17.05,205.33,806.79,608.353,47.404,198.89,212.492,207.444,48.325,0.494,0
2026-07-28 05:58:09.731902,152,20.561,3.872,2.649,9.205,4.653,16.622,206.647,774.223,579.974,40.265,198.08,208.508,205.617,47.74,0.39,0
2026-07-28 05:58:47.598823,152,22.143,3.804,1.924,12.745,4.569,16.979,209.0,721.084,596.819,48.692,200.513,205.168,202.17,47.821,0.452,0
2026-07-28 05:59:25.773478,152,20.927,3.989,1.778,8.218,5.128,16.758,216.687,714.068,580.634,43.669,198.547,203.377,204.493,47.86,0.438,0
2026-07-28 06:00:01.062795,152,20.208,4.005,2.346,7.84,5.264,16.194,204.201,741.369,563.831,49.287,196.816,207.024,205.641,47.798,0.453,0
2026-07-28 06:00:33.970545,152,21.818,3.948,1.716,11.256,4.745,15.675,223.737,770.575,622.911,42.647,196.714,206.139,207.056,49.637,0.339,0
2026-07-28 06:01:10.758755,152,21.207,4.184,1.866,11.078,4.884,16.037,204.34,762.899,651.234,50.389,198.642,211.011,204.509,48.998,0.442,0
2026-07-28 06:01:48.316408,152,21.752,3.872,2.375,12.045,4.814,16.164,201.546,814.005,631.937,42.319,196.778,209.58,201.824,48.42,0.42,1
2026-07-28 06:02:27.527699,152,21.338,4.047,2.013,10.201,5.233,16.126,220.13,762.617,609.951,39.977,198.714,210.05,206.751,48.145,0.329,0
2026-07-28 06:03:05.155806,152,21.429,4.01,1.532,15.271,4.272,16.991,217.928,740.504,580.754,45.121,199.075,207.248,205.598,48.677,0.387,0
2026-07-28 06:03:42.086003,152,21.382,3.766,2.163,11.821,4.894,16.985,208.906,717.133,591.392,48.455,199.104,210.441,202.321,48.146,0.538,0
2026-07-28 06:04:13.365557,152,21.549,3.802,1.881,11.966,4.618,17.606,212.288,784.233,631.711,47.214,196.957,205.881,205.411,48.49,0.376,0
2026-07-28 06:04:52.567543,152,22.339,4.002,2.462,11.894,4.211,16.118,212.439,749.824,531.555,48.256,199.106,209.744,205.538,48.335,0.378,0
2026-07-28 06:05:31.048671,152,21.686,4.297,1.818,13.506,4.71,17.299,210.82,706.322,589.102,47.269,198.387,212.408,204.61,48.077,0.427,0
2026-07-28 06:06:10.904227,152,20.41,4.087,2.315,12.652,5.262,17.296,202.221,750.646,622.023,42.703,197.271,208.94,204.007,48.564,0.368,0
2026-07-28 06:06:48.966386,152,21.423,3.741,2.533,12.384,4.636,16.384,195.108,721.124,565.852,47.146,197.809,211.287,204.268,47.748,0.408,0
2026-07-28 06:07:29.581232,152,21.771,3.533,1.745,12.972,4.998,16.737,204.932,737.657,612.702,45.26,198.566,204.267,204.61,48.035,0.373,0
2026-07-28 06:08:06.326017,152,21.801,4.11,1.942,7.851,5.1,17.12,220.897,750.18,611.31,43.013,197.193,204.034,205.426,47.412,0.424,0
2026-07-28 06:08:44.233545,152,20.987,3.986,2.117,7.926,4.797,16.471,221.132,723.75,556.37,45.502,198.362,210.949,205.946,47.482,0.396,0
2026-07-28 06:09:22.781903,152,21.782,4.171,1.743,11.348,4.83,16.432,208.429,735.859,602.609,44.842,199.735,213.036,202.423,46.483,0.517,0
2026-07-28 06:10:02.286444,152,21.664,3.868,2.081,11.105,4.371,16.186,204.252,728.421,581.477,48.965,199.157,209.309,205.307,48.274,0.403,0
2026-07-28 06:10:41.235862,152,22.486,4.053,1.933,12.66,4.621,15.32,211.669,729.199,612.483,43.558,198.098,216.221,205.586,48.439,0.387,0
2026-07-28 06:11:20.324765,152,20.825,4.127,1.926,11.54,5.027,16.535,212.634,720.767,620.094,43.427,198.281,205.814,205.203,48.651,0.462,0
2026-07-28 06:11:58.937636,152,20.946,3.933,2.015,12.664,4.815,16.145,213.604,736.0,611.968,43.044,197.354,208.028,204.514,47.339,0.317,0
2026-07-28 06:12:36.498272,152,21.047,3.936,2.021,9.009,4.892,15.962,194.838,724.054,602.178,50.311,197.388,210.406,206.704,48.264,0.502,0
2026-07-28 06:13:16.553152,152,20.955,4.004,2.049,11.479,4.833,16.711,228.947,767.011,608.666,43.2,196.155,211.347,206.613,48.0,0.341,0
2026-07-28 06:13:50.735722,152,20.755,4.081,1.82,8.818,5.348,15.774,216.795,755.823,564.718,48.631,198.301,208.307,204.561,48.443,0.472,0
2026-07-28 06:14:27.301248,152,19.819,3.998,1.833,12.274,4.692,16.903,208.813,784.647,599.077,42.112,198.819,206.928,204.9,47.609,0.487,0
2026-07-28 06:15:08.930648,152,20.983,4.146,1.964,7.743,5.201,16.742,205.689,804.714,576.106,46.419,197.915,211.799,205.926,47.798,0.368,0
2026-07-28 06:15:45.397152,152,21.385,3.931,1.987,12.197,4.833,16.3,215.924,769.642,630.946,45.735,196.947,210.386,206.539,47.068,0.374,0
2026-07-28 06:16:23.218964,152,20.953,3.801,1.868,8.562,5.224,16.468,212.972,763.038,620.497,48.453,198.079,209.001,204.021,47.57,0.393,0
2026-07-28 06:17:04.383154,152,22.168,4.297,2.097,10.733,4.494,15.905,210.553,771.47,620.412,48.047,199.61,211.447,203.745,48.002,0.437,0
2026-07-28 06:17:42.095652,152,21.207,3.909,1.456,13.29,4.846,16.875,212.75,763.531,651.405,45.229,199.078,209.605,205.329,48.104,0.34,0
2026-07-28 06:18:18.194400,152,21.846,3.915,1.781,11.955,4.702,16.594,209.324,751.456,590.101,43.496,197.965,209.595,203.652,46.988,0.393,0
2026-07-28 06:18:58.926662,152,21.331,3.99,1.916,8.209,4.835,16.631,212.411,749.15,583.53,49.55,200.457,209.488,202.666,47.693,0.381,0
2026-07-28 06:19:36.266965,152,21.613,4.01,1.743,10.155,5.106,16.751,214.358,720.372,589.392,43.217,201.238,207.619,204.016,48.096,0.331,0
2026-07-28 06:20:13.762983,152,21.34,3.942,2.489,8.497,4.895,16.179,212.06,774.329,551.933,38.65,197.424,207.324,205.501,48.845,0.337,0
2026-07-28 06:20:47.247752,152,21.884,3.997,2.006,8.11,5.105,15.74,211.746,749.092,554.293,39.796,197.705,208.475,206.864,47.493,0.408,0
2026-07-28 06:21:24.957415,152,21.228,3.994,2.053,11.735,4.632,16.979,218.357,792.036,618.633,40.478,198.832,210.093,204.149,48.294,0.407,0
2026-07-28 06:22:04.514588,152,21.448,4.026,1.855,12.621,4.594,16.844,200.417,776.539,558.146,46.668,196.904,204.573,204.851,47.663,0.354,0
2026-07-28 06:22:41.532244,152,21.383,3.646,1.995,12.381,4.804,16.232,205.213,731.847,567.753,51.201,199.019,212.74,205.187,47.733,0.405,0
2026-07-28 06:23:16.610766,152,21.056,4.282,1.635,12.705,4.79,16.705,210.159,786.154,596.948,39.288,198.122,210.053,204.222,47.473,0.361,1
2026-07-28 06:23:53.515315,152,21.402,3.978,1.949,11.476,4.754,17.129,205.621,675.738,587.633,42.809,198.446,206.911,204.127,47.373,0.478,0
2026-07-28 06:24:30.112642,152,22.317,4.087,1.719,10.953,4.56,17.069,207.624,805.977,626.57,45.249,197.309,214.688,205.402,47.715,0.394,0
2026-07-28 06:25:07.534353,152,21.065,3.793,1.917,9.354,5.1,16.218,217.726,711.185,601.814,49.327,197.055,210.121,203.563,48.629,0.466,0
2026-07-28 06:25:44.354223,152,21.41,3.929,1.232,10.62,4.709,15.756,209.106,764.358,576.046,42.794,195.617,206.128,204.079,47.547,0.298,0
2026-07-28 06:26:26.149469,152,21.829,3.899,1.662,8.857,5.157,15.841,199.025,762.395,629.149,46.654,199.782,214.558,204.757,47.454,0.419,0
2026-07-28 06:27:04.838832,152,21.77,4.22,2.439,9.81,4.803,16.344,207.46,782.588,621.864,44.3,199.13,213.929,205.387,48.125,0.436,0
2026-07-28 06:27:38.871144,152,21.206,3.912,2.249,11.678,4.962,17.231,210.349,740.468,557.67,52.3,198.808,207.365,203.182,48.003,0.392,0
2026-07-28 06:28:17.034151,152,20.008,4.114,2.396,11.264,4.939,16.136,210.238,687.78,607.568,45.405,198.418,209.063,204.843,47.959,0.368,0
2026-07-28 06:28:54.943056,152,21.458,3.902,2.416,17.629,4.594,16.202,213.336,740.509,578.548,45.996,195.235,208.673,203.451,48.152,0.391,0
2026-07-28 06:29:35.666459,152,20.09,3.932,2.202,8.808,4.892,16.192,212.846,743.644,577.757,45.236,197.099,204.521,204.179,47.394,0.445,0
2026-07-28 06:30:13.310751,152,21.935,3.963,1.864,11.25,5.282,16.234,209.167,690.573,656.085,43.839,197.693,210.942,205.946,47.461,0.327,0
2026-07-28 06:30:50.889543,152,21.285,4.193,1.689,8.653,4.863,16.494,202.842,751.316,603.728,47.66,196.702,212.451,204.911,48.592,0.442,0
2026-07-28 06:31:33.137178,152,21.7,3.717,2.344,10.724,5.025,15.86,207.353,718.8,593.474,41.755,195.968,211.905,207.003,47.912,0.419,0
2026-07-28 06:32:08.700274,152,20.749,3.803,2.019,10.806,4.973,17.042,206.263,768.823,602.549,39.395,196.827,210.095,204.913,48.358,0.384,0
2026-07-28 06:32:48.518994,152,20.424,3.708,2.748,13.19,4.877,16.428,208.289,742.864,626.227,44.579,198.059,212.732,206.162,48.734,0.387,0
2026-07-28 06:33:26.664664,152,21.33,3.837,1.89,10.601,4.847,17.74,214.147,806.872,578.952,47.284,198.059,206.707,205.954,48.507,0.404,0
2026-07-28 06:34:03.522709,152,21.183,3.878,2.592,11.117,4.937,15.913,212.425,742.571,584.075,43.374,199.089,215.273,204.984,47.178,0.5,0
2026-07-28 06:34:40.045008,152,20.954,3.758,1.953,10.639,4.991,17.295,214.944,762.481,619.7,45.522,200.476,207.761,203.421,47.93,0.421,0
2026-07-28 06:35:21.142050,152,21.242,3.89,2.401,8.698,4.462,17.196,207.696,743.821,554.508,41.582,198.823,208.083,204.874,48.624,0.343,0
2026-07-28 06:36:00.202948,152,22.584,3.698,2.509,10.196,4.862,16.294,219.05,702.925,629.723,47.975,197.789,208.332,204.361,48.314,0.374,0
2026-07-28 06:36:39.573491,152,21.617,3.847,1.693,10.736,4.754,16.302,214.037,744.063,551.845,46.825,200.16,208.12,204.314,48.11,0.331,0
2026-07-28 06:37:19.602174,152,21.725,4.18,1.855,11.648,4.702,16.039,210.673,771.849,592.627,45.055,196.102,209.441,205.187,47.016,0.287,0
2026-07-28 06:37:58.381715,152,21.622,4.061,1.69,12.618,5.124,16.045,213.62,767.458,552.035,45.472,195.505,209.329,203.261,47.63,0.33,0
2026-07-28 06:38:33.962660,152,21.94,4.028,1.631,11.031,4.617,16.5,205.945,741.495,568.312,41.098,196.936,210.376,203.951,48.042,0.407,0
2026-07-28 06:39:08.379146,152,21.105,3.85,2.2,10.996,4.451,16.51,197.347,707.754,638.93,41.223,198.975,207.626,203.786,47.144,0.476,0
2026-07-28 06:39:49.889533,152,20.173,3.77,1.941,8.058,4.999,15.699,206.36,768.689,631.334,44.658,198.202,210.483,204.695,48.476,0.46,0
2026-07-28 06:40:28.363806,152,21.106,3.829,2.016,12.579,4.445,17.647,214.485,762.165,634.54,46.438,196.646,206.838,204.078,47.929,0.331,0
2026-07-28 06:41:06.544527,152,21.606,3.994,2.167,10.108,4.318,16.37,210.481,774.459,556.53,46.58,197.127,212.124,204.157,46.812,0.352,0
2026-07-28 06:41:48.658967,152,20.715,4.13,1.443,12.994,5.027,16.533,209.179,742.051,568.468,43.984,196.51,212.088,205.163,47.66,0.344,0
2026-07-28 06:42:24.232229,152,21.112,4.135,2.386,14.133,4.84,16.187,204.913,701.153,610.196,47.087,196.51,209.983,204.465,47.828,0.245,0
2026-07-28 06:42:56.478681,152,20.854,4.095,1.895,11.124,4.918,16.366,198.265,765.479,621.46,48.978,199.861,208.116,205.006,47.922,0.39,0
2026-07-28 06:43:30.348332,152,21.951,3.889,2.16,9.453,4.689,16.321,218.549,749.735,576.015,44.752,197.828,210.902,203.661,48.852,0.448,0
2026-07-28 06:44:07.137892,152,21.575,4.004,2.186,11.467,4.454,16.499,208.753,790.359,582.632,45.867,200.123,207.426,204.006,48.347,0.385,0
2026-07-28 06:44:45.405048,152,21.526,3.952,2.411,12.197,4.504,16.493,207.423,750.833,566.06,44.418,196.932,210.1,207.449,47.181,0.324,0
2026-07-28 06:45:26.577995,152,21.511,3.97,1.969,10.869,4.732,16.902,205.97,748.681,649.747,44.646,198.589,209.56,204.163,47.106,0.349,0
2026-07-28 06:46:06.500529,152,21.181,4.306,1.363,10.372,4.482,16.614,217.527,762.1,585.751,45.475,198.272,217.627,202.472,47.84,0.38,0
2026-07-28 06:46:38.659699,152,21.299,3.736,2.017,12.627,4.877,16.852,215.288,732.689,600.939,49.769,199.056,206.442,205.411,48.076,0.446,0
2026-07-28 06:47:23.045278,152,20.607,3.965,2.06,12.495,4.684,16.495,204.197,731.291,602.509,47.563,198.305,202.265,204.15,48.595,0.389,0
2026-07-28 06:48:00.109260,152,20.107,4.182,1.69,10.807,4.846,16.616,216.987,747.161,633.169,47.311,199.182,208.151,205.293,49.038,0.438,0
2026-07-28 06:48:40.908653,152,21.275,3.78,2.044,8.192,4.839,16.379,209.13,723.308,571.426,43.73,198.665,205.025,204.893,49.071,0.395,0
2026-07-28 06:49:20.153560,152,21.362,3.903,1.892,12.413,4.897,17.002,206.337,743.356,635.048,42.485,196.69,207.893,205.66,47.735,0.414,0
2026-07-28 06:49:58.165750,152,21.805,3.921,1.597,9.965,4.925,16.661,208.238,806.247,561.638,46.091,198.879,206.237,204.88,48.561,0.344,0
2026-07-28 06:50:35.625273,152,21.986,3.967,2.201,11.929,4.714,16.421,205.3,780.236,634.972,48.482,197.876,207.377,204.728,48.255,0.359,1
2026-07-28 06:51:11.089076,152,21.985,3.761,1.831,11.802,4.846,16.406,202.075,758.933,548.541,49.826,197.068,206.912,206.378,47.346,0.325,0
2026-07-28 06:51:46.152745,152,20.701,4.089,1.878,7.722,4.859,16.445,214.657,794.999,596.863,38.133,198.833,212.793,202.338,46.867,0.436,0
2026-07-28 06:52:23.773723,152,21.024,4.1,1.861,11.662,4.193,16.515,208.676,726.078,648.763,51.85,199.106,209.859,203.409,48.086,0.383,0
2026-07-28 06:52:58.608642,152,21.44,4.076,2.371,12.529,4.962,16.472,213.703,822.223,620.918,46.168,197.42,213.119,204.01,47.103,0.184,0
2026-07-28 06:53:40.365885,152,22.466,3.869,1.988,12.774,4.837,16.221,211.723,736.645,612.637,47.545,197.579,210.117,202.969,47.489,0.429,0
2026-07-28 06:54:18.586931,152,21.94,4.013,2.024,11.735,4.941,16.882,213.291,808.11,568.548,40.128,196.335,212.693,204.425,47.589,0.458,0
2026-07-28 06:55:01.358322,152,21.76,3.865,1.868,7.546,4.478,16.914,197.724,807.983,577.956,44.337,195.834,209.124,204.306,48.131,0.351,0
2026-07-28 06:55:38.365120,152,21.006,3.95,2.139,14.054,4.721,17.392,204.799,699.156,640.332,47.304,197.709,214.624,206.17,48.768,0.429,0
2026-07-28 06:56:15.018736,152,20.758,4.323,2.405,12.322,4.527,16.198,213.416,792.546,614.17,41.711,198.95,211.366,204.894,48.008,0.387,0
2026-07-28 06:56:54.365918,152,21.594,4.014,2.194,9.093,4.986,16.833,202.351,741.767,626.707,36.913,197.312,207.739,204.744,47.677,0.273,0
2026-07-28 06:57:31.774758,152,20.65,3.822,2.206,9.924,4.449,15.545,212.238,733.529,602.214,45.939,199.713,211.796,204.544,46.759,0.517,0
2026-07-28 06:58:11.993389,152,21.081,4.027,2.182,11.962,4.568,16.915,201.656,765.215,591.548,44.861,197.754,210.079,203.738,48.275,0.388,0
2026-07-28 06:58:53.272525,152,21.143,3.797,1.586,12.86,4.934,15.772,210.099,720.77,623.0,49.036,197.759,209.413,206.069,48.017,0.412,0
2026-07-28 06:59:33.778588,152,21.996,3.82,1.737,10.524,4.643,16.008,219.66,764.558,607.781,44.552,197.653,210.278,206.452,47.67,0.363,0
2026-07-28 07:00:14.889463,152,21.023,3.844,1.939,13.151,4.568,16.666,214.648,722.717,594.901,44.757,199.178,212.179,203.545,48.7,0.382,0
2026-07-28 07:00:54.753560,152,19.98,3.933,1.782,7.914,5.027,16.189,198.896,755.135,557.58,46.953,196.849,203.859,206.944,47.286,0.41,0
2026-07-28 07:01:31.501725,152,21.452,4.141,1.681,9.415,5.037,16.121,215.09,788.726,628.617,47.894,197.845,208.982,204.195,47.589,0.337,0
2026-07-28 07:02:12.100644,152,20.85,4.087,1.438,7.371,4.981,16.258,220.933,761.209,613.201,43.016,197.343,211.98,204.097,47.853,0.502,0
2026-07-28 07:02:51.691173,152,21.221,4.078,1.596,9.705,5.012,16.865,226.782,739.566,581.812,47.645,197.326,210.72,205.567,47.663,0.45,0
2026-07-28 07:03:28.282754,152,21.157,3.835,1.923,14.516,4.742,16.034,212.85,765.701,635.378,43.539,198.042,206.733,205.674,48.33,0.431,0
2026-07-28 07:04:05.163473,152,21.063,3.919,1.979,15.616,4.749,16.473,201.813,709.212,607.314,45.046,197.864,203.133,204.914,48.278,0.391,0
2026-07-28 07:04:42.954144,152,21.595,4.041,1.762,11.969,4.638,16.311,212.608,725.673,607.902,46.878,199.262,214.933,204.584,48.631,0.354,0
2026-07-28 07:05:23.488318,152,20.434,3.906,2.024,10.223,4.842,16.91,219.576,737.522,626.517,47.366,197.987,209.457,206.407,48.301,0.462,0
2026-07-28 07:06:01.754916,152,20.941,3.958,1.87,11.057,4.668,16.924,208.877,772.819,620.061,45.891,198.666,214.391,204.252,47.931,0.437,0
2026-07-28 07:06:39.742036,152,21.542,4.066,2.327,12.447,4.692,15.582,216.259,761.768,608.81,41.974,198.207,212.305,204.917,47.796,0.376,0
2026-07-28 07:07:17.379171,152,20.893,3.948,1.952,8.374,4.95,17.023,204.962,765.52,594.342,39.763,199.685,207.699,207.033,48.273,0.335,0
2026-07-28 07:07:54.573539,152,20.396,4.034,2.209,10.355,5.096,16.195,212.234,749.206,659.51,44.474,197.637,202.746,203.396,47.886,0.305,0
2026-07-28 07:08:29.919802,152,21.534,4.239,2.061,14.37,4.9,16.618,195.063,727.145,577.986,47.72,197.641,208.66,204.45,48.028,0.402,0
2026-07-28 07:09:09.732915,152,21.762,3.974,1.579,9.409,5.249,16.031,204.298,793.155,622.379,46.259,198.894,209.892,206.23,48.306,0.385,0
2026-07-28 07:09:45.413219,152,21.178,4.177,1.973,10.002,4.624,16.686,209.963,729.764,597.484,45.678,197.621,211.307,205.634,48.083,0.471,0
2026-07-28 07:10:23.567404,152,20.22,4.084,1.629,11.526,4.341,17.776,207.82,762.152,613.641,44.98,198.598,206.778,206.073,48.185,0.46,0
2026-07-28 07:11:00.635221,152,21.553,3.78,1.968,12.066,4.979,16.564,202.196,746.749,637.003,45.865,200.805,210.516,203.413,47.525,0.402,0
2026-07-28 07:11:40.382472,152,20.37,3.835,1.776,10.25,4.607,16.27,207.002,766.327,590.653,42.217,196.825,210.515,205.385,48.81,0.395,0
2026-07-28 07:12:17.602701,152,21.354,3.875,2.115,11.654,4.732,16.384,211.978,732.441,618.055,47.185,199.838,212.859,204.658,47.336,0.331,0
2026-07-28 07:12:53.308468,152,20.756,3.872,1.597,12.716,4.358,15.765,209.483,780.528,607.967,47.37,197.409,209.11,207.727,48.264,0.464,0
2026-07-28 07:13:33.564092,152,20.62,3.986,2.004,15.423,4.575,17.224,210.366,789.97,580.761,44.005,199.605,211.284,205.971,47.708,0.397,0
2026-07-28 07:14:09.680833,152,20.979,4.092,2.172,11.248,4.424,16.656,214.392,778.748,637.743,46.224,198.823,210.836,204.973,48.649,0.436,0
2026-07-28 07:14:48.033504,152,21.108,4.188,2.272,11.417,4.691,15.976,207.941,754.571,621.336,40.194,198.72,212.539,205.343,48.53,0.471,0
2026-07-28 07:15:28.937769,152,20.878,4.046,1.771,14.555,4.701,15.992,218.155,737.381,586.964,45.504,197.819,207.622,205.065,47.999,0.366,0
2026-07-28 07:16:05.273058,152,21.494,3.933,2.005,10.402,4.822,16.508,204.064,831.841,633.108,44.627,197.699,201.095,205.839,48.933,0.35,0
2026-07-28 07:16:43.037044,152,20.977,3.688,2.055,8.851,5.11,16.966,221.568,721.243,575.057,48.526,197.134,209.313,203.972,47.888,0.548,0
2026-07-28 07:17:20.053951,152,21.69,4.011,2.464,12.0,4.969,15.925,216.678,775.556,599.132,44.444,198.008,209.33,206.638,48.529,0.436,0
2026-07-28 07:17:58.353656,152,21.341,4.004,1.556,13.652,4.394,17.057,207.864,759.651,587.123,47.432,197.779,206.643,203.41,47.564,0.383,0
2026-07-28 07:18:36.197554,152,20.851,4.027,1.727,12.222,4.952,16.454,208.264,748.186,622.539,43.905,198.229,205.627,205.246,48.243,0.474,0
2026-07-28 07:19:16.296065,152,20.767,4.316,2.841,11.306,4.828,16.035,211.24,755.37,585.609,38.599,196.307,208.333,204.011,47.441,0.382,0
2026-07-28 07:19:52.880824,152,20.376,4.186,1.918,8.603,4.776,16.266,213.592,735.204,622.754,44.368,198.027,209.667,205.051,48.012,0.42,0
2026-07-28 07:20:33.785966,152,21.345,4.118,1.433,11.383,4.794,17.374,216.567,762.385,617.834,45.551,199.515,210.277,206.186,47.969,0.366,0
2026-07-28 07:21:15.444604,152,21.023,3.856,1.825,13.966,4.851,15.806,201.956,759.188,588.743,45.422,199.133,203.373,202.945,48.527,0.399,0
2026-07-28 07:21:54.029526,152,20.014,3.923,1.169,9.032,4.627,16.134,212.625,827.652,654.892,45.465,198.028,204.915,204.797,47.598,0.384,0
2026-07-28 07:22:30.227996,152,20.932,3.986,2.072,11.011,4.754,16.976,197.301,781.054,577.643,43.582,201.075,213.276,203.272,49.844,0.355,0
2026-07-28 07:23:08.134267,152,20.749,3.884,2.243,10.725,5.096,16.608,208.936,764.961,557.73,44.094,197.307,209.45,204.665,47.171,0.415,0
2026-07-28 07:23:45.849543,152,21.988,4.075,1.727,10.105,4.624,16.104,218.723,766.691,625.683,41.846,197.896,209.993,203.269,48.14,0.362,0
2026-07-28 07:24:27.890539,152,20.349,4.054,1.859,11.996,4.543,16.982,201.494,803.347,535.518,39.41,196.259,206.134,205.194,48.173,0.435,0
2026-07-28 07:25:05.655312,152,20.479,3.837,2.277,12.387,4.785,17.006,200.405,721.858,644.755,44.702,197.516,209.987,204.489,48.323,0.382,0
2026-07-28 07:25:46.808090,152,21.755,4.18,1.475,12.366,4.517,16.666,211.325,744.701,603.053,42.913,200.145,208.911,205.897,47.691,0.297,0
2026-07-28 07:26:25.062200,152,21.878,4.015,1.604,9.546,4.369,16.194,218.325,694.693,557.19,48.024,197.561,208.206,206.474,48.145,0.437,0
2026-07-28 07:27:03.166696,152,20.828,3.741,1.932,8.208,4.714,16.271,211.952,766.204,571.546,38.89,196.167,205.761,205.013,47.661,0.438,0
2026-07-28 07:27:40.358669,152,20.884,3.992,1.774,12.025,5.162,16.642,198.572,774.597,550.977,45.815,199.046,207.481,206.072,49.124,0.535,0
2026-07-28 07:28:17.763379,152,21.508,4.042,1.912,10.488,4.79,15.844,199.901,721.128,611.486,50.94,198.467,215.719,206.659,47.619,0.401,0
2026-07-28 07:28:57.791930,152,20.036,4.146,1.621,15.177,4.845,17.164,210.586,791.617,560.193,44.488,198.997,208.987,203.893,47.911,0.411,0
2026-07-28 07:29:34.126156,152,20.269,3.949,2.064,15.269,4.267,17.35,202.925,729.152,615.063,44.992,197.644,212.29,206.722,47.602,0.429,0
2026-07-28 07:30:14.314358,152,21.06,4.124,1.955,15.481,4.91,16.382,210.82,740.068,590.855,46.194,196.791,209.43,204.956,47.52,0.461,0
2026-07-28 07:30:55.599549,152,21.975,4.028,2.165,9.62,4.823,16.678,211.176,753.467,585.739,46.413,197.78,209.095,203.826,47.159,0.457,0
2026-07-28 07:31:32.250189,152,20.982,3.803,2.06,12.639,4.634,17.093,207.061,796.232,615.28,43.856,198.666,208.156,205.358,48.403,0.419,0
2026-07-28 07:32:13.004365,152,21.25,3.788,2.062,13.242,4.845,17.478,220.889,725.112,618.705,42.177,197.913,213.902,204.913,47.596,0.398,0
2026-07-28 07:32:53.394347,152,21.767,4.168,1.566,13.017,4.843,17.278,213.543,758.446,634.374,46.828,198.466,211.082,203.312,47.522,0.451,0
2026-07-28 07:33:33.376149,152,22.253,4.179,2.148,10.791,4.535,15.632,217.27,772.47,580.987,39.657,197.356,207.71,203.679,47.422,0.396,0
2026-07-28 07:34:09.925926,152,20.912,4.048,1.901,14.058,4.883,16.342,215.523,766.486,599.106,47.33,198.51,208.857,206.965,48.183,0.323,0
2026-07-28 07:34:47.653677,152,21.192,4.224,1.95,11.501,5.099,16.75,209.1,767.557,580.94,43.903,197.996,213.12,205.334,48.013,0.31,0
2026-07-28 07:35:25.378322,152,22.111,4.158,2.314,11.756,4.743,16.253,208.833,772.084,604.89,45.009,197.153,201.768,206.778,48.016,0.382,0
2026-07-28 07:36:08.145067,152,20.439,4.103,1.784,8.424,4.583,17.391,208.214,733.913,576.651,43.528,198.168,210.9,204.5,47.543,0.407,0
2026-07-28 07:36:46.122123,152,21.714,3.863,2.405,12.79,4.756,17.315,214.087,798.946,587.277,49.006,197.536,211.559,204.038,48.261,0.548,0
2026-07-28 07:37:23.704224,152,20.691,4.26,2.433,10.979,5.014,16.092,206.098,746.777,587.43,45.697,198.741,207.826,202.98,47.603,0.393,0
2026-07-28 07:37:59.086931,152,21.251,4.08,2.226,12.43,4.493,16.419,220.35,742.928,608.801,44.099,199.048,210.448,206.162,48.042,0.403,0
2026-07-28 07:38:34.871101,152,21.079,3.942,1.706,11.97,4.945,16.125,205.525,789.081,600.089,44.02,198.602,211.457,205.493,47.916,0.376,0
2026-07-28 07:39:11.311243,152,20.721,3.9,1.344,11.862,4.63,16.402,211.287,731.714,615.189,44.585,196.038,206.43,204.511,46.987,0.437,0
2026-07-28 07:39:50.135092,152,20.708,4.039,2.324,11.409,4.861,16.387,208.626,759.288,596.79,51.711,196.842,212.442,204.049,49.217,0.417,0
2026-07-28 07:40:24.888236,152,21.338,3.749,2.033,13.073,4.659,16.977,207.295,729.038,582.607,41.312,197.236,210.862,206.352,48.345,0.362,0
2026-07-28 07:41:01.370033,152,21.698,4.105,1.776,11.102,4.658,16.056,223.034,823.058,605.738,48.032,197.044,209.556,204.787,48.108,0.339,0
2026-07-28 07:41:35.126982,152,21.135,3.857,2.352,8.59,5.181,15.192,207.366,816.951,572.484,46.591,197.349,210.304,204.8,48.203,0.376,0
2026-07-28 07:42:16.323324,152,21.235,4.056,1.742,12.638,4.448,15.698,208.172,746.803,617.075,49.311,199.11,212.051,204.279,49.231,0.349,0
2026-07-28 07:42:54.565934,152,21.486,3.922,1.873,9.882,4.921,15.986,206.015,765.076,591.436,46.761,198.838,216.717,204.511,48.682,0.386,0
2026-07-28 07:43:33.273673,152,20.714,3.96,2.157,8.851,5.233,16.172,210.246,750.151,606.136,45.009,197.491,211.769,205.66,48.209,0.408,0
2026-07-28 07:44:08.788503,152,21.57,3.886,1.666,9.456,4.971,16.594,209.392,739.891,606.601,47.856,198.71,212.351,203.3,47.575,0.37,0
2026-07-28 07:44:49.436252,152,21.61,3.976,1.967,12.067,4.467,15.96,203.284,753.469,648.046,45.643,198.395,210.561,205.097,47.67,0.487,0
2026-07-28 07:45:30.863231,152,22.502,4.283,2.327,11.307,4.48,15.894,207.454,748.823,611.448,47.114,197.961,215.515,206.147,46.918,0.47,0
2026-07-28 07:46:09.015815,152,21.012,4.208,2.063,7.235,4.612,16.035,213.658,705.901,602.197,48.999,199.378,205.749,204.898,47.779,0.386,0
2026-07-28 07:46:45.923420,152,20.971,4.053,2.374,10.733,4.839,15.942,216.162,757.628,579.229,45.259,197.206,204.962,206.265,48.397,0.342,0
2026-07-28 07:47:25.182539,152,21.584,3.996,2.34,13.838,4.856,16.223,210.144,748.774,624.072,43.812,198.063,210.444,206.609,48.38,0.398,0
2026-07-28 07:48:04.857877,152,21.61,4.127,2.002,10.597,4.482,16.201,210.354,759.054,591.894,43.197,196.739,211.914,206.084,48.37,0.392,0
2026-07-28 07:48:44.842240,152,20.932,4.169,1.299,11.169,4.582,16.845,207.834,747.752,554.236,46.262,196.796,202.534,204.355,47.691,0.396,0
2026-07-28 07:49:24.355911,152,20.998,3.876,1.668,13.586,4.597,16.005,206.985,739.55,594.147,42.541,196.367,209.99,204.957,48.331,0.376,0
2026-07-28 07:50:04.553814,152,21.471,3.988,2.229,13.091,4.755,16.321,204.483,775.372,605.745,44.021,196.817,209.477,205.415,48.495,0.337,0
2026-07-28 07:50:40.974604,152,20.786,3.727,1.535,13.544,5.296,16.227,200.66,765.461,575.445,42.291,198.1,212.158,204.436,46.664,0.402,0
2026-07-28 07:51:21.053753,152,20.995,4.168,1.902,5.955,4.567,16.904,205.785,790.485,596.455,46.423,197.637,211.243,204.396,48.183,0.379,0
2026-07-28 07:51:58.019086,152,21.245,4.31,2.102,14.967,4.556,16.423,215.424,764.347,597.856,42.894,197.676,204.756,204.324,49.249,0.384,0
2026-07-28 07:52:30.296447,152,21.698,4.012,2.441,12.773,4.517,17.025,207.453,744.269,598.323,41.397,197.641,206.868,208.052,47.825,0.406,0
2026-07-28 07:53:07.240843,152,20.898,3.681,1.827,16.423,4.959,15.924,207.924,767.886,637.039,41.89,200.127,207.66,204.675,46.487,0.396,0
2026-07-28 07:53:43.977944,152,20.279,4.091,1.807,9.935,4.79,16.475,207.807,692.562,560.653,43.401,196.635,212.143,206.282,47.512,0.404,0
2026-07-28 07:54:22.527508,152,20.242,3.864,1.984,7.973,4.576,16.212,217.468,811.007,661.014,43.655,196.507,211.086,203.957,46.911,0.376,0
2026-07-28 07:55:02.438128,152,20.57,3.9,2.105,11.514,4.709,15.887,204.43,757.957,599.015,45.704,196.985,208.2,207.042,47.619,0.422,0
2026-07-28 07:55:40.877739,152,20.543,4.094,1.954,10.949,4.602,16.466,211.662,813.349,617.406,44.547,197.914,210.419,204.546,47.266,0.357,0
2026-07-28 07:56:23.457434,152,21.123,4.038,2.315,12.807,4.874,17.366,209.589,724.789,603.835,46.037,198.618,206.932,205.064,48.559,0.335,0
2026-07-28 07:57:00.260357,152,20.606,3.927,1.76,13.65,5.471,16.074,210.408,717.588,548.219,46.262,198.742,215.944,202.801,48.467,0.347,1
2026-07-28 07:57:33.728373,152,20.849,3.903,2.036,11.325,4.938,16.436,211.466,760.609,568.303,47.073,199.134,211.666,206.34,48.206,0.359,0
2026-07-28 07:58:12.362199,152,20.813,4.019,2.134,11.019,4.777,15.844,210.343,760.514,584.272,39.658,197.87,212.28,206.6,48.736,0.323,0
2026-07-28 07:58:49.119936,152,20.98,3.939,1.88,12.545,4.634,15.77,214.758,759.809,629.812,41.844,197.524,213.993,203.575,47.661,0.298,0
2026-07-28 07:59:24.644575,152,21.861,3.834,2.252,10.987,4.464,16.106,209.824,755.389,558.47,46.554,199.96,212.947,206.41,48.044,0.43,0
2026-07-28 08:00:01.966199,152,21.531,3.95,2.045,10.82,4.983,16.275,220.466,731.785,574.328,45.592,194.659,210.091,203.395,49.317,0.476,0
2026-07-28 08:00:38.180020,152,21.208,4.051,2.237,13.574,4.97,16.297,210.267,706.925,604.946,47.735,198.075,209.464,205.758,48.351,0.433,0
2026-07-28 08:01:14.618702,152,20.969,3.973,2.058,14.02,4.683,16.387,199.779,758.211,614.186,40.677,198.516,213.736,204.654,48.35,0.371,0
2026-07-28 08:01:56.090010,152,20.983,3.788,2.113,13.668,5.103,15.676,213.83,712.805,613.282,43.67,200.248,210.077,206.604,47.539,0.297,0
2026-07-28 08:02:34.373470,152,21.364,4.148,1.81,11.164,4.805,16.187,212.353,710.067,570.48,44.17,196.007,207.828,205.299,47.75,0.412,0
2026-07-28 08:03:11.768447,152,21.492,3.589,1.811,7.22,4.994,16.751,210.195,738.962,552.06,45.466,197.496,215.703,206.118,47.398,0.304,0
2026-07-28 08:03:53.411007,152,20.746,3.933,2.367,11.204,4.874,15.821,208.443,762.489,616.172,45.1,196.371,207.286,206.485,49.009,0.395,0
2026-07-28 08:04:30.737321,152,21.218,3.907,2.191,9.984,4.756,16.322,197.312,807.645,642.994,46.313,195.842,204.969,204.651,47.065,0.352,0
2026-07-28 08:05:05.932628,152,20.184,4.022,1.693,11.241,4.561,16.646,198.319,778.399,589.641,44.679,197.755,212.879,204.965,48.548,0.263,0
2026-07-28 08:05:40.908306,152,21.306,4.084,2.054,10.158,4.764,16.109,219.885,791.563,565.659,48.843,199.0,207.879,203.667,48.349,0.489,0
2026-07-28 08:06:18.725915,152,21.581,4.169,1.288,11.459,5.011,16.671,206.487,768.956,587.104,49.735,199.447,211.262,204.64,47.038,0.325,0
2026-07-28 08:06:52.981582,152,21.06,3.893,1.828,9.421,4.673,15.739,215.794,760.639,611.822,41.87,197.362,215.27,207.312,48.685,0.379,0
2026-07-28 08:07:28.308380,152,22.108,4.088,2.288,8.939,4.91,16.944,200.382,822.668,593.006,45.126,198.8,206.013,205.907,47.845,0.392,0
2026-07-28 08:08:05.439115,152,20.759,4.029,1.962,13.945,4.529,16.683,203.719,711.637,642.216,47.234,197.763,209.881,203.746,47.207,0.372,0
2026-07-28 08:08:46.019935,152,21.309,3.743,2.035,9.561,4.995,16.528,214.072,738.016,627.749,46.639,198.668,214.302,206.958,48.219,0.428,0
2026-07-28 08:09:26.965268,152,21.182,4.285,1.095,11.501,4.878,17.062,209.385,740.28,605.53,43.858,199.385,211.977,205.467,47.507,0.356,0
2026-07-28 08:10:06.469264,152,21.15,3.784,1.882,13.409,4.499,16.335,213.226,775.913,541.37,45.714,197.767,209.479,205.997,47.877,0.423,0
2026-07-28 08:10:44.460427,152,21.143,4.063,2.101,13.329,4.744,16.191,209.918,721.615,579.232,40.566,199.292,216.929,205.589,47.697,0.419,0
2026-07-28 08:11:21.159903,152,21.254,4.058,2.14,13.09,5.033,17.186,208.754,772.139,583.559,44.946,196.544,209.724,205.504,47.473,0.317,0
2026-07-28 08:12:00.045360,152,21.624,4.041,2.289,12.106,4.485,17.42,205.92,766.81,577.602,40.911,198.788,211.151,202.603,47.287,0.414,0
2026-07-28 08:12:42.108242,152,21.889,3.926,1.937,12.948,4.532,16.153,202.836,773.587,605.725,46.422,199.24,214.783,206.328,48.478,0.337,0
2026-07-28 08:13:20.430673,152,21.199,4.124,1.95,14.246,4.783,16.443,218.416,773.061,606.343,41.875,199.116,212.845,202.295,48.195,0.33,0
2026-07-28 08:13:57.377312,152,21.608,3.766,1.6,12.35,5.333,17.023,219.404,794.611,549.778,45.456,196.578,213.833,206.219,48.156,0.417,0
2026-07-28 08:14:35.017835,152,20.849,3.99,1.939,7.826,4.632,16.461,203.768,748.573,624.138,45.894,197.753,207.391,205.119,47.781,0.375,0
2026-07-28 08:15:12.409777,152,21.583,3.915,1.622,10.443,4.924,16.797,203.376,765.375,600.484,45.212,198.363,213.562,206.003,48.031,0.422,0
2026-07-28 08:15:51.660948,152,20.819,3.898,1.446,12.893,4.865,16.89,207.913,728.64,610.729,43.231,198.532,210.492,205.19,47.558,0.423,0
2026-07-28 08:16:27.919773,152,21.745,4.064,1.674,10.246,4.653,16.219,212.043,722.021,622.345,44.411,198.139,207.837,206.253,47.548,0.314,0
2026-07-28 08:17:06.845869,152,22.305,4.162,2.453,14.74,4.84,16.71,208.909,801.18,576.991,48.307,199.715,210.644,205.019,49.026,0.444,0
2026-07-28 08:17:46.141277,152,21.139,3.949,1.919,11.374,4.688,16.497,212.997,726.449,637.767,43.811,196.445,210.552,205.337,48.531,0.417,0
2026-07-28 08:18:24.925703,152,20.104,4.117,2.066,11.67,4.711,15.892,209.705,768.598,595.746,45.06,197.712,215.417,205.486,47.663,0.365,0
2026-07-28 08:19:00.449069,152,20.926,4.007,1.846,13.749,4.385,16.005,209.312,765.4,645.376,43.441,195.975,211.106,207.254,47.102,0.392,0
2026-07-28 08:19:38.108270,152,21.816,3.866,1.463,11.134,4.794,16.174,224.478,784.074,573.182,47.857,198.745,207.736,205.72,46.979,0.446,0
