timestamp,machine_erp_ref,cycle_time_s,dosing_time_s,injection_time_s,cooling_time_s,cushion_mm,switchover_position_mm,switchover_pressure_bar,peak_pressure_bar,clamp_force_kn,mold_temperature_c,barrel_temp_zone1_c,barrel_temp_zone2_c,barrel_temp_zone3_c,oil_temperature_c,energy_kwh,scrap_flag
2026-07-27 14:00:00.000000,870,37.484,6.768,3.416,18.915,5.794,20.185,203.939,946.056,2266.081,64.429,211.582,237.851,224.878,50.267,1.542,0
2026-07-27 14:00:59.560051,870,38.906,6.878,2.991,19.795,5.478,21.04,213.222,919.764,2238.215,55.186,211.214,241.195,225.455,51.615,1.477,0
2026-07-27 14:01:59.152081,870,38.203,6.305,3.365,17.451,5.437,19.601,209.449,860.446,2299.739,54.921,210.272,233.56,225.875,50.769,1.457,0
2026-07-27 14:02:54.604231,870,37.835,7.232,3.41,18.148,5.622,18.929,203.747,914.728,2260.707,62.835,211.697,234.519,223.058,50.031,1.465,0
2026-07-27 14:03:54.692434,870,37.705,6.563,3.249,16.198,5.788,19.226,201.292,919.896,2256.224,56.406,210.459,235.679,225.007,49.431,1.252,0
2026-07-27 14:04:56.961467,870,38.834,6.876,3.745,20.897,5.342,19.92,213.352,912.079,2224.554,56.632,209.957,242.622,224.225,50.196,1.448,0
2026-07-27 14:05:59.458799,870,37.849,6.907,4.696,18.023,5.887,19.064,199.827,908.814,2231.722,59.362,209.926,239.283,226.693,50.928,1.475,0
2026-07-27 14:06:52.693291,870,38.676,6.486,3.809,18.35,5.715,19.048,205.961,907.175,2187.348,57.337,210.624,231.511,225.011,51.457,1.462,0
2026-07-27 14:07:56.492539,870,38.43,6.742,3.299,17.85,5.716,19.399,204.162,909.532,2157.108,67.535,210.37,229.191,224.852,49.301,1.292,0
2026-07-27 14:08:57.976447,870,37.847,7.012,2.932,17.921,5.38,20.068,214.408,898.228,2192.087,66.712,208.501,240.141,226.791,51.059,1.494,0
2026-07-27 14:09:52.894371,870,38.964,6.55,4.672,16.742,5.676,19.82,204.129,910.881,2152.409,66.542,212.499,235.821,223.633,49.832,1.379,0
2026-07-27 14:10:52.545081,870,38.0,7.089,3.709,18.043,6.02,20.319,219.257,934.816,2171.245,58.823,209.999,240.778,225.182,49.831,1.539,0
2026-07-27 14:11:50.158590,870,37.755,6.212,3.378,12.267,5.906,18.71,206.684,858.868,2267.91,66.983,210.626,241.108,224.445,49.914,1.325,0
2026-07-27 14:12:51.377844,870,38.787,6.794,3.784,21.439,5.717,19.224,197.309,910.934,2138.027,59.481,211.841,233.233,227.413,50.563,1.63,0
2026-07-27 14:13:44.454336,870,38.455,6.919,3.545,17.848,5.4,18.983,211.163,918.363,2195.304,62.962,208.668,234.795,223.966,49.888,1.43,0
2026-07-27 14:14:49.058121,870,37.77,6.688,3.787,17.083,5.496,18.985,213.995,920.839,2103.026,63.285,211.031,238.066,225.12,50.639,1.243,0
2026-07-27 14:15:47.536398,870,38.472,6.977,3.472,20.984,5.603,19.406,206.33,885.378,2184.073,57.405,209.047,231.839,224.944,50.358,1.456,0
2026-07-27 14:16:48.909107,870,38.617,6.665,2.94,22.826,5.509,19.747,210.224,929.811,2295.146,63.294,210.128,235.513,224.98,50.278,1.542,0
2026-07-27 14:17:46.125662,870,38.375,6.814,3.282,15.305,5.876,19.151,217.456,919.121,2205.503,58.987,211.557,234.309,226.668,50.184,1.269,0
2026-07-27 14:18:44.335348,870,37.715,6.988,2.744,21.583,5.079,19.884,208.99,902.267,2125.987,62.314,211.253,233.241,225.827,49.98,1.435,0
2026-07-27 14:19:42.433049,870,38.18,6.515,3.703,15.516,5.372,18.692,195.689,896.07,2190.926,56.986,209.405,237.799,225.136,49.65,1.185,0
2026-07-27 14:20:43.802733,870,37.424,6.902,3.678,18.793,5.656,20.046,199.282,930.391,2182.788,62.122,208.261,234.756,225.924,51.206,1.624,0
2026-07-27 14:21:48.081751,870,37.805,6.676,3.802,22.024,5.299,19.135,204.994,873.704,2168.207,62.709,207.363,231.862,225.127,49.709,1.457,0
2026-07-27 14:22:51.751854,870,37.827,6.942,3.914,16.118,5.292,20.185,203.588,929.326,2230.425,62.982,211.957,238.806,223.375,50.682,1.589,0
2026-07-27 14:23:55.203800,870,38.456,6.602,2.123,16.42,5.823,20.185,200.161,929.653,2173.925,68.46,207.43,239.687,225.393,51.166,1.513,1
2026-07-27 14:24:57.998105,870,38.52,7.014,3.254,21.582,5.46,18.817,212.479,867.859,2212.811,65.633,209.932,238.942,228.458,50.157,1.209,0
2026-07-27 14:25:57.966074,870,37.259,6.048,3.273,12.059,5.263,19.434,203.004,921.282,2147.576,57.252,209.004,232.827,225.993,50.269,1.324,0
2026-07-27 14:27:03.857250,870,38.247,6.568,3.135,21.925,5.429,19.278,217.709,886.371,2254.275,56.723,207.89,236.734,223.893,49.227,1.337,0
2026-07-27 14:28:02.239615,870,37.976,7.239,3.407,15.32,5.401,19.204,203.333,972.58,2319.758,64.595,209.056,235.648,222.871,49.044,1.384,0
2026-07-27 14:29:00.229282,870,38.21,6.92,2.841,19.295,6.095,19.816,209.212,882.847,2172.175,66.029,209.555,235.47,223.999,48.912,1.466,0
2026-07-27 14:30:03.304272,870,38.859,6.577,4.001,15.259,5.242,19.603,214.924,964.433,2198.482,51.285,210.962,237.207,223.975,50.15,1.335,0
2026-07-27 14:31:01.264782,870,37.782,6.557,2.481,18.277,5.781,19.16,209.81,912.028,2220.073,61.701,210.336,237.632,225.231,49.423,1.466,0
2026-07-27 14:31:58.053920,870,37.856,6.684,2.688,16.959,5.947,19.184,207.77,928.883,2206.045,52.521,209.062,241.354,226.954,49.597,1.519,0
2026-07-27 14:33:01.454415,870,38.398,6.763,2.816,17.334,5.551,20.147,211.123,929.194,2240.878,62.068,208.325,237.122,224.09,50.178,1.331,0
2026-07-27 14:34:06.130636,870,38.055,6.745,3.68,16.373,5.209,18.575,211.788,872.673,2263.014,63.86,211.383,236.638,224.578,50.297,1.369,0
2026-07-27 14:35:04.156852,870,37.171,7.061,3.023,19.189,5.988,19.255,207.686,903.227,2103.866,60.343,209.488,236.776,226.031,49.648,1.625,0
2026-07-27 14:36:03.091875,870,38.965,7.259,3.937,17.35,5.612,20.035,208.117,907.227,2226.278,59.932,209.155,241.827,224.798,50.288,1.529,0
2026-07-27 14:37:05.037164,870,38.156,6.766,2.777,19.919,5.652,19.068,211.53,871.793,2217.344,59.017,211.336,229.683,226.038,49.246,1.391,0
2026-07-27 14:38:04.308340,870,38.545,6.865,3.344,19.115,5.295,19.53,204.243,913.023,2308.708,62.537,209.339,239.451,224.602,49.028,1.581,0
2026-07-27 14:39:07.203352,870,37.777,6.724,3.543,18.344,5.601,19.514,200.157,920.954,2208.832,62.4,209.894,237.371,224.734,49.828,1.391,0
2026-07-27 14:40:06.719093,870,37.255,6.582,3.583,19.635,5.328,19.413,216.776,881.299,2142.787,64.056,210.831,235.335,225.056,51.145,1.491,0
2026-07-27 14:41:10.413324,870,37.965,6.953,2.837,18.686,4.935,19.425,205.11,960.827,2301.622,61.778,210.578,236.553,225.099,49.375,1.267,0
2026-07-27 14:42:18.715513,870,38.144,6.815,3.425,13.775,5.182,18.594,199.818,893.819,2290.113,55.387,209.004,240.843,223.244,50.768,1.53,0
2026-07-27 14:43:21.174212,870,38.669,7.071,2.336,19.382,5.057,19.178,208.093,877.752,2279.381,52.706,208.932,237.24,224.999,49.797,1.444,0
2026-07-27 14:44:17.512268,870,37.77,6.642,4.694,17.234,5.654,19.306,195.045,950.801,2299.196,56.497,210.56,237.437,225.599,50.496,1.462,0
2026-07-27 14:45:21.230292,870,38.566,6.792,3.914,16.094,5.403,20.582,208.626,886.447,2143.991,59.337,209.077,235.082,224.397,51.229,1.392,0
2026-07-27 14:46:18.991677,870,37.287,6.477,3.857,15.576,6.03,18.984,203.634,897.081,2139.483,66.221,210.295,238.67,225.621,48.997,1.64,0
2026-07-27 14:47:17.925543,870,37.822,6.798,3.252,16.442,5.772,17.848,193.353,947.061,2238.454,63.372,208.784,238.806,225.956,49.717,1.561,0
2026-07-27 14:48:13.215104,870,38.144,6.867,3.327,19.886,5.683,20.469,205.442,898.255,2196.845,67.524,210.851,227.189,225.365,50.265,1.364,0
2026-07-27 14:49:16.186372,870,37.414,6.658,3.711,13.661,6.115,19.778,199.418,951.485,2119.461,62.763,211.716,236.499,224.509,50.695,1.378,0
2026-07-27 14:50:15.284068,870,38.88,6.819,3.268,19.867,5.163,19.505,206.367,919.52,2193.226,64.793,210.57,245.323,223.545,50.009,1.48,0
2026-07-27 14:51:15.796305,870,37.893,6.864,3.675,15.178,6.244,19.299,203.166,900.296,2271.069,52.597,210.623,241.896,225.791,50.465,1.303,0
2026-07-27 14:52:17.679244,870,37.615,6.401,4.124,18.444,5.322,18.672,199.63,931.221,2041.73,54.165,208.399,239.709,225.982,50.101,1.44,0
2026-07-27 14:53:13.423808,870,37.454,6.515,2.86,22.908,5.978,20.385,207.955,899.253,2248.786,65.708,207.753,235.423,227.363,50.587,1.432,0
2026-07-27 14:54:11.077002,870,37.351,6.771,3.888,19.345,5.167,19.331,196.119,954.071,2082.459,60.763,209.344,240.067,223.175,50.184,1.473,0
2026-07-27 14:55:13.615944,870,38.415,6.679,2.936,17.188,5.669,19.044,199.905,918.83,2193.588,59.55,208.73,236.461,226.754,48.971,1.378,0
2026-07-27 14:56:16.215797,870,37.581,7.027,2.926,14.368,6.016,20.797,205.48,939.594,2190.904,52.632,210.133,228.514,226.465,50.484,1.489,0
2026-07-27 14:57:16.384796,870,38.21,6.892,3.378,19.134,5.773,19.479,204.743,875.926,2160.675,62.686,211.44,234.832,225.347,51.059,1.413,0
2026-07-27 14:58:17.255708,870,37.787,6.836,3.622,16.542,5.627,19.946,202.037,896.222,2205.279,59.311,207.015,229.361,226.414,50.054,1.489,1
2026-07-27 14:59:12.118382,870,38.525,6.941,2.557,16.732,6.186,20.725,199.742,877.208,2314.144,51.704,210.515,235.092,225.197,50.429,1.45,0
2026-07-27 15:00:10.768202,870,38.218,6.95,4.013,23.645,5.24,19.584,199.592,961.57,2176.073,62.734,210.063,244.447,225.287,51.514,1.439,0
2026-07-27 15:01:14.262857,870,38.402,6.652,2.856,18.26,5.621,19.426,208.659,909.03,2212.888,59.424,210.509,232.634,223.781,49.919,1.45,0
2026-07-27 15:02:15.540165,870,39.408,6.925,2.132,16.158,5.237,19.154,205.936,889.443,2204.589,59.078,211.779,238.802,224.605,50.197,1.263,0
2026-07-27 15:03:21.164010,870,37.775,7.181,3.107,17.786,5.564,19.443,210.748,902.709,2204.359,63.033,209.397,229.662,225.682,50.372,1.356,0
2026-07-27 15:04:23.418796,870,38.101,6.969,2.808,16.301,5.318,20.146,196.479,895.83,2176.091,57.139,210.389,236.103,224.921,48.93,1.397,0
2026-07-27 15:05:24.626933,870,38.118,6.726,3.403,17.761,5.559,19.253,208.745,971.774,2123.083,54.927,209.612,228.769,224.112,49.632,1.474,0
2026-07-27 15:06:32.377737,870,38.237,6.373,3.498,17.137,5.366,19.97,204.859,933.73,2171.953,57.485,211.868,229.816,224.709,50.519,1.438,0
2026-07-27 15:07:31.369327,870,37.787,6.492,2.716,19.05,5.388,19.278,203.17,881.663,2329.959,63.506,209.748,237.904,225.031,48.895,1.547,0
2026-07-27 15:08:34.605948,870,38.387,6.833,3.284,17.498,5.528,19.852,205.758,904.319,2268.879,55.77,210.492,234.461,226.502,49.949,1.809,0
2026-07-27 15:09:29.921142,870,39.19,6.604,3.911,21.968,5.771,20.154,206.299,924.243,2165.308,60.551,209.464,234.718,226.343,50.796,1.424,0
2026-07-27 15:10:30.639106,870,37.976,6.526,4.446,21.063,5.451,19.327,205.175,930.517,2315.371,64.204,210.061,235.064,224.768,49.701,1.499,0
2026-07-27 15:11:26.493601,870,38.016,6.975,3.244,16.445,5.461,20.595,197.88,919.359,2081.624,60.244,210.602,226.543,224.516,49.086,1.509,0
2026-07-27 15:12:23.279406,870,37.487,7.054,3.54,17.119,5.391,20.232,200.89,887.801,2207.395,57.739,209.802,233.294,225.958,49.58,1.822,0
2026-07-27 15:13:22.460955,870,37.126,6.565,2.953,16.33,5.526,19.404,206.793,936.63,2081.603,62.427,208.979,234.986,224.167,50.044,1.453,0
2026-07-27 15:14:24.195554,870,37.481,7.137,3.277,18.728,4.895,19.134,205.526,919.501,2306.983,59.884,208.961,236.578,225.831,50.904,1.251,0
2026-07-27 15:15:24.570397,870,37.298,6.67,3.975,20.393,5.43,18.094,200.113,932.892,2136.365,58.947,212.181,224.468,226.595,50.031,1.441,0
2026-07-27 15:16:28.907955,870,37.354,6.841,3.176,17.962,5.74,20.063,210.263,854.318,2264.018,57.401,209.707,239.167,226.919,49.04,1.168,0
2026-07-27 15:17:21.513167,870,37.655,6.417,2.996,21.732,5.114,19.896,205.222,925.638,2267.633,60.28,212.027,230.812,224.021,49.486,1.366,1
2026-07-27 15:18:25.773368,870,37.468,6.988,3.322,20.177,5.678,19.378,207.289,955.824,2272.593,63.182,210.533,237.224,225.271,49.721,1.405,0
2026-07-27 15:19:22.529991,870,37.531,6.448,2.985,20.145,6.022,18.136,213.58,917.351,2192.654,57.98,210.938,235.317,225.077,50.629,1.395,0
2026-07-27 15:20:18.757482,870,37.461,6.461,3.027,21.809,5.643,18.501,206.893,911.701,2038.724,59.293,209.396,238.869,223.144,49.828,1.72,0
2026-07-27 15:21:22.370992,870,37.457,6.838,3.492,19.038,5.557,18.601,202.516,893.9,2211.991,63.595,211.315,241.252,225.651,49.438,1.703,0
2026-07-27 15:22:23.269197,870,39.288,6.447,2.945,19.559,5.917,19.72,194.391,856.44,2175.77,59.743,210.943,235.356,224.979,50.072,1.509,0
2026-07-27 15:23:22.706978,870,37.552,6.763,2.133,19.354,5.646,19.32,197.808,917.655,2186.26,59.505,212.1,236.113,224.772,50.38,1.683,0
2026-07-27 15:24:28.231427,870,37.695,6.496,3.097,18.296,5.955,19.875,196.946,901.618,2150.925,54.662,209.132,225.698,225.053,49.533,1.51,0
2026-07-27 15:25:31.269204,870,38.22,7.01,3.07,16.833,5.448,18.786,195.623,956.563,2130.403,60.238,210.464,231.954,224.663,50.505,1.643,0
2026-07-27 15:26:34.166510,870,37.291,6.977,3.405,20.852,6.086,19.415,204.54,882.269,2112.8,62.049,212.041,231.171,224.353,50.965,1.336,0
2026-07-27 15:27:29.487589,870,37.107,6.612,3.648,17.067,5.59,19.676,191.1,920.64,2219.284,58.744,209.133,234.765,225.99,49.583,1.462,0
2026-07-27 15:28:29.038277,870,37.376,6.947,3.417,18.188,5.811,20.38,203.933,929.798,2178.716,60.769,209.107,234.775,224.963,50.636,1.523,0
2026-07-27 15:29:31.382392,870,37.918,6.629,3.015,21.245,5.645,19.378,204.749,928.329,2136.931,58.222,210.746,234.583,226.404,49.938,1.666,0
2026-07-27 15:30:27.355231,870,38.06,6.976,3.505,23.042,5.932,19.657,206.384,892.913,2135.315,53.987,209.861,236.284,225.827,49.858,1.602,0
2026-07-27 15:31:28.268038,870,38.352,6.825,3.731,22.843,6.129,18.625,208.16,907.002,2150.106,51.953,210.322,243.667,225.89,50.055,1.363,0
2026-07-27 15:32:25.561751,870,38.235,7.075,3.037,20.139,5.526,18.879,206.96,929.372,2074.451,63.766,209.038,238.206,223.321,50.618,1.527,0
2026-07-27 15:33:27.317055,870,38.906,6.655,3.265,19.102,5.35,19.588,208.617,911.963,2187.411,67.578,210.116,237.574,225.016,49.345,1.405,0
2026-07-27 15:34:29.718551,870,38.033,6.777,4.304,20.855,5.029,20.187,199.896,927.697,2175.434,65.395,211.151,235.18,226.015,49.691,1.506,0
2026-07-27 15:35:31.717049,870,38.019,6.889,3.728,17.04,5.618,19.073,201.456,870.028,2100.662,56.944,210.015,235.243,226.572,50.23,1.519,0
2026-07-27 15:36:31.716984,870,37.497,7.139,4.08,18.578,5.607,19.051,222.671,909.228,2214.356,63.546,211.437,236.828,225.062,50.258,1.531,0
2026-07-27 15:37:29.946479,870,37.999,6.815,3.501,22.715,6.041,18.442,210.451,938.026,2166.616,57.75,207.899,235.137,223.692,51.315,1.528,0
2026-07-27 15:38:33.029513,870,37.583,6.582,3.072,18.888,5.729,18.33,211.169,912.76,2233.91,56.886,210.621,242.077,226.667,50.728,1.44,0
2026-07-27 15:39:31.780437,870,37.336,6.414,3.747,18.677,5.012,18.028,195.525,855.852,2288.969,65.192,210.492,231.781,224.116,50.491,1.443,0
2026-07-27 15:40:36.855234,870,39.0,6.734,3.184,18.394,5.435,19.977,212.093,923.086,2166.643,57.067,209.98,237.892,222.987,51.887,1.557,0
2026-07-27 15:41:42.584378,870,37.309,6.794,2.746,22.091,5.499,19.278,193.6,912.28,2294.919,58.945,212.181,232.224,225.073,48.669,1.201,0
2026-07-27 15:42:40.386936,870,39.007,6.331,2.969,19.187,5.582,19.642,194.579,892.728,2184.61,58.861,210.201,236.714,224.941,50.096,1.364,0
2026-07-27 15:43:44.663841,870,38.641,6.804,3.586,16.561,5.77,19.193,209.924,947.04,2251.989,57.352,209.421,237.16,226.48,49.774,1.34,0
2026-07-27 15:44:48.126286,870,37.954,6.971,3.348,17.531,5.446,19.867,214.365,943.684,2242.511,66.08,210.464,236.74,226.305,48.737,1.58,0
2026-07-27 15:45:45.059063,870,37.248,6.491,3.223,18.918,5.853,19.854,197.576,901.832,2120.632,65.61,208.156,234.269,224.418,50.489,1.462,0
2026-07-27 15:46:42.359399,870,37.909,6.649,3.197,15.758,6.033,19.4,197.847,925.549,2209.308,53.849,209.493,230.191,223.793,49.286,1.506,0
2026-07-27 15:47:39.822744,870,37.457,6.294,3.359,18.309,5.331,18.695,201.692,917.72,2218.901,61.805,209.019,233.637,224.636,49.098,1.401,0
2026-07-27 15:48:37.433164,870,38.887,6.682,4.016,17.18,6.352,20.326,189.909,897.29,2255.793,59.42,207.52,236.925,225.252,50.438,1.516,0
2026-07-27 15:49:41.417589,870,38.348,6.65,2.479,15.222,5.842,18.699,206.132,955.514,2201.31,57.145,209.178,226.311,225.811,49.554,1.268,0
2026-07-27 15:50:48.060089,870,38.561,6.984,3.522,19.209,5.476,19.058,208.168,902.21,2201.294,58.508,210.659,236.511,224.564,50.822,1.601,0
2026-07-27 15:51:39.837421,870,37.849,6.764,3.958,20.301,5.379,19.443,200.604,913.615,2125.498,60.809,210.016,233.995,225.845,49.733,1.255,0
2026-07-27 15:52:42.630627,870,37.962,6.902,3.507,21.203,5.856,18.858,190.976,908.056,2218.306,60.379,211.467,230.009,224.306,50.223,1.597,0
2026-07-27 15:53:46.365741,870,38.326,6.976,3.634,18.474,6.026,19.927,200.36,926.894,2118.29,62.405,209.427,235.671,227.013,51.176,1.149,0
2026-07-27 15:54:50.364121,870,37.796,7.287,3.939,17.519,5.658,19.45,212.913,967.763,2195.582,62.712,208.949,241.298,225.415,51.06,1.343,0
2026-07-27 15:55:56.032021,870,38.832,6.827,2.966,18.001,5.988,19.812,209.724,950.347,2215.062,54.168,210.304,239.612,223.538,49.858,1.352,0
2026-07-27 15:56:53.149896,870,37.689,6.584,3.472,22.569,6.125,18.729,204.656,978.969,2306.267,59.475,211.019,231.632,224.252,49.504,1.61,0
2026-07-27 15:57:53.791748,870,38.751,6.593,2.802,16.328,6.033,20.141,204.279,944.934,2067.758,59.106,210.329,243.635,224.112,50.117,1.584,0
2026-07-27 15:58:57.194114,870,37.502,6.88,3.781,18.344,6.029,19.557,202.859,935.622,2270.899,63.427,209.843,237.353,224.645,50.164,1.337,0
2026-07-27 15:59:59.691788,870,37.701,6.916,4.198,16.777,5.565,19.949,209.993,842.938,2289.289,50.876,210.847,238.337,223.668,49.658,1.692,0
2026-07-27 16:01:01.313963,870,37.845,6.861,3.721,20.783,5.487,19.883,209.451,931.83,2195.532,67.087,209.689,235.354,224.609,50.97,1.375,0
2026-07-27 16:02:01.685717,870,37.778,6.644,2.906,17.235,5.485,19.123,196.692,903.775,2242.888,59.957,210.937,233.792,224.494,49.274,1.553,0
2026-07-27 16:03:01.595845,870,37.58,7.114,4.668,14.6,5.477,20.259,203.27,888.734,2171.014,61.37,209.048,228.559,225.381,49.886,1.387,0
2026-07-27 16:04:00.692176,870,36.864,6.781,3.934,17.402,5.431,19.213,202.194,905.844,2109.085,52.509,209.744,241.348,224.51,49.87,1.598,0
2026-07-27 16:05:01.693804,870,38.074,6.6,3.005,18.95,5.187,19.54,211.772,908.119,2292.526,58.717,209.708,236.606,226.086,49.454,1.405,0
2026-07-27 16:06:08.385488,870,37.594,7.091,3.485,20.592,6.224,20.08,211.483,883.478,2206.689,55.626,211.893,234.23,224.594,49.513,1.439,0
2026-07-27 16:07:11.323553,870,37.761,7.206,3.17,21.072,5.397,18.058,200.152,909.03,2235.4,64.056,210.613,239.626,223.629,49.482,1.278,0
2026-07-27 16:08:11.258430,870,38.347,7.156,3.417,16.363,5.528,19.802,208.072,984.736,2057.613,58.031,207.196,236.007,222.235,50.406,1.382,0
2026-07-27 16:09:13.978485,870,37.589,6.518,3.829,17.461,5.581,19.971,208.969,875.846,2208.486,59.428,212.099,230.035,225.296,50.278,1.487,0
2026-07-27 16:10:10.804490,870,37.959,7.199,3.206,18.25,5.569,19.142,204.372,929.641,2112.964,57.211,211.059,235.044,224.448,49.269,1.189,0
2026-07-27 16:11:06.917994,870,37.585,6.686,2.828,18.221,5.518,19.752,205.219,929.826,2320.414,56.009,211.768,233.104,223.243,48.64,1.414,0
2026-07-27 16:12:08.021633,870,38.916,6.647,2.737,14.642,5.72,20.648,213.088,931.393,2230.056,62.899,211.319,233.308,225.057,50.13,1.52,0
2026-07-27 16:13:14.865573,870,38.457,6.872,3.389,18.181,5.713,19.297,201.913,920.12,2245.668,56.088,208.951,241.18,224.126,50.487,1.614,0
2026-07-27 16:14:26.963179,870,37.977,6.731,3.81,16.639,5.725,19.717,212.261,934.282,2098.864,60.739,209.179,237.168,226.349,50.295,1.497,0
2026-07-27 16:15:28.837599,870,38.026,6.667,2.566,20.064,5.447,18.718,211.536,878.283,2261.418,57.88,208.756,238.158,224.088,49.088,1.427,0
2026-07-27 16:16:26.963903,870,37.057,6.699,3.361,22.454,5.434,19.918,206.418,905.311,2209.58,61.619,210.169,239.947,226.943,51.05,1.583,0
2026-07-27 16:17:26.032829,870,37.636,6.828,3.404,19.87,6.021,19.858,200.063,913.35,2270.783,63.439,207.857,237.926,224.912,49.889,1.386,0
2026-07-27 16:18:27.158794,870,38.828,6.706,3.051,17.507,5.781,20.156,208.041,979.118,2252.965,60.404,210.427,237.899,225.328,50.148,1.435,0
2026-07-27 16:19:27.118777,870,37.672,6.963,2.755,18.174,5.801,18.505,206.704,907.569,2311.829,63.764,210.15,237.571,225.767,49.783,1.458,0
2026-07-27 16:20:24.546757,870,37.915,6.76,3.493,22.352,5.634,19.84,194.956,891.093,2187.229,63.633,209.106,235.732,225.666,50.065,1.338,0
2026-07-27 16:21:19.437635,870,37.066,6.61,3.564,14.503,5.497,20.24,208.56,942.971,2263.026,61.373,212.235,235.775,225.218,49.446,1.45,0
2026-07-27 16:22:26.739024,870,38.261,6.531,3.368,18.982,6.032,19.829,200.984,950.158,2202.031,60.809,210.993,232.233,223.476,49.183,1.409,0
2026-07-27 16:23:35.061930,870,37.921,6.892,3.397,20.247,5.834,19.515,207.944,920.982,2120.255,56.764,206.299,233.795,228.262,51.249,1.384,0
2026-07-27 16:24:37.681636,870,37.389,6.825,3.226,21.44,6.066,18.312,213.162,866.711,2226.773,57.186,210.862,236.482,223.65,49.42,1.394,0
2026-07-27 16:25:40.989345,870,37.246,6.891,3.307,13.867,5.418,18.937,193.92,920.961,2124.913,61.064,209.592,236.03,223.576,50.899,1.635,0
2026-07-27 16:26:42.030427,870,39.118,6.817,4.321,16.43,5.691,19.0,198.535,900.563,2221.27,56.864,209.806,232.439,225.463,49.721,1.493,0
2026-07-27 16:27:46.020948,870,37.719,6.895,3.514,17.419,5.681,20.205,197.655,925.05,2148.908,58.052,211.154,234.464,226.182,51.773,1.396,0
2026-07-27 16:28:42.134669,870,37.613,6.645,3.794,17.909,5.666,18.499,199.023,897.5,2179.622,62.656,210.01,233.711,223.697,50.767,1.444,0
2026-07-27 16:29:45.321645,870,38.397,6.758,2.961,17.155,5.943,20.882,205.735,917.286,2124.697,63.79,209.611,239.912,226.711,50.11,1.369,0
2026-07-27 16:30:46.641665,870,36.855,7.156,2.962,17.715,5.161,19.179,202.354,900.895,2322.097,48.695,208.622,234.867,223.627,49.596,1.517,0
2026-07-27 16:31:45.922515,870,38.826,6.859,3.462,18.024,4.836,19.694,195.626,861.204,2147.134,59.615,210.108,233.313,226.07,49.7,1.516,0
2026-07-27 16:32:42.992941,870,37.714,7.039,3.049,18.223,5.936,19.731,195.057,951.475,2188.959,63.179,209.433,230.808,225.42,50.775,1.502,0
2026-07-27 16:33:41.301353,870,37.825,6.51,2.912,18.003,5.613,18.995,190.155,888.666,2181.662,58.348,210.667,230.544,227.757,49.449,1.407,0
2026-07-27 16:34:42.153982,870,37.515,6.687,2.992,19.744,5.92,19.284,208.562,922.735,2200.279,62.472,210.469,229.186,225.666,51.437,1.734,0
2026-07-27 16:35:42.502678,870,37.991,6.625,3.136,21.304,5.578,18.4,200.587,968.381,2131.239,62.094,212.692,237.289,225.589,49.685,1.399,0
2026-07-27 16:36:36.039157,870,37.588,6.534,4.504,22.421,5.284,20.131,197.158,895.916,2194.111,59.64,209.048,230.472,225.413,51.38,1.345,0
2026-07-27 16:37:35.442802,870,37.882,6.787,4.365,18.069,5.591,19.92,200.344,935.419,2212.016,57.929,209.147,230.893,226.425,49.954,1.427,0
2026-07-27 16:38:36.504140,870,37.399,6.695,4.003,21.303,5.537,19.102,204.691,889.619,2213.766,55.464,210.667,226.243,224.167,50.136,1.486,0
2026-07-27 16:39:38.444249,870,38.038,6.756,3.986,18.985,5.484,20.03,201.272,935.112,2296.57,53.826,209.051,232.433,224.787,50.587,1.32,0
2026-07-27 16:40:37.021003,870,37.74,6.817,3.813,15.826,6.114,19.494,210.0,904.117,2245.073,60.592,208.891,228.187,225.538,50.244,1.386,0
2026-07-27 16:41:43.544269,870,38.045,6.71,2.684,16.582,5.776,18.323,206.785,859.192,2333.364,53.763,208.585,228.601,226.823,49.609,1.469,0
2026-07-27 16:42:46.059631,870,37.777,6.899,3.802,20.846,5.397,20.173,202.956,939.528,2201.911,62.654,211.958,237.927,225.596,49.447,1.39,0
2026-07-27 16:43:53.294073,870,38.858,7.001,2.57,20.463,5.491,19.627,197.822,913.228,2195.154,63.687,209.419,234.965,223.541,49.7,1.456,0
2026-07-27 16:44:58.324670,870,37.871,6.396,4.175,21.414,5.943,20.02,211.222,930.06,2131.96,63.482,209.974,232.736,226.066,49.123,1.361,0
2026-07-27 16:46:01.790837,870,38.341,6.699,3.657,19.08,5.513,19.568,208.931,922.221,2164.637,57.679,208.869,238.65,225.672,49.61,1.505,0
2026-07-27 16:47:01.627474,870,37.92,6.979,3.001,15.569,5.728,19.295,192.522,896.523,2214.055,64.311,210.808,233.79,225.44,50.145,1.364,0
2026-07-27 16:48:05.255399,870,38.419,6.646,3.604,22.875,5.927,19.401,209.962,949.347,2188.51,49.23,210.467,229.891,225.57,48.968,1.558,0
2026-07-27 16:49:08.528502,870,37.648,7.143,2.893,18.625,6.241,18.774,208.046,929.162,2299.837,57.545,210.524,238.019,224.608,49.283,1.282,0
2026-07-27 16:50:12.417507,870,37.776,7.154,3.315,17.46,5.433,19.789,207.576,899.518,2197.522,52.144,209.333,237.735,225.705,49.912,1.541,0
2026-07-27 16:51:08.207237,870,37.982,6.577,3.363,15.689,5.893,19.644,209.065,917.764,2131.556,61.128,210.254,231.54,223.462,49.089,1.257,0
2026-07-27 16:52:16.357195,870,36.819,6.708,3.235,16.561,5.632,19.437,206.444,965.374,2120.832,57.144,210.13,232.639,226.441,48.521,1.572,0
2026-07-27 16:53:20.174801,870,38.161,6.879,4.297,20.017,5.674,19.063,213.814,911.965,2335.387,55.858,210.051,232.932,227.639,49.151,1.57,0
2026-07-27 16:54:25.759437,870,37.554,7.149,3.713,18.246,5.683,18.725,203.504,912.739,2230.822,53.187,211.16,241.452,227.07,49.287,1.451,0
2026-07-27 16:55:28.534140,870,37.76,6.903,3.691,13.971,5.76,20.014,186.677,961.256,2140.359,60.855,209.781,232.847,224.643,51.426,1.4,0
2026-07-27 16:56:31.686482,870,38.447,6.865,3.156,16.902,6.21,18.466,207.751,990.733,2326.753,59.317,210.694,233.378,225.985,50.345,1.452,0
2026-07-27 16:57:35.573142,870,37.969,6.853,3.274,16.332,5.671,19.995,210.698,892.314,2178.544,56.796,209.095,231.921,226.277,49.954,1.335,0
2026-07-27 16:58:41.212202,870,37.694,6.901,3.903,16.82,5.941,18.257,204.888,916.428,2084.853,61.928,210.613,231.726,225.924,49.827,1.534,0
2026-07-27 16:59:46.379670,870,38.104,6.807,3.14,18.838,5.495,19.156,201.207,916.562,2132.845,57.248,208.939,236.847,224.395,49.336,1.605,0
2026-07-27 17:00:52.080352,870,37.639,6.805,3.141,14.349,5.687,19.841,210.958,948.803,2186.465,62.108,214.379,240.386,224.635,49.749,1.388,0
2026-07-27 17:01:53.331588,870,37.964,6.761,3.465,18.652,5.017,20.045,206.383,969.824,2179.746,54.096,210.906,231.595,224.061,50.137,1.422,0
2026-07-27 17:02:50.203725,870,37.458,6.79,3.538,24.228,4.882,19.301,192.923,912.692,2219.815,66.353,208.837,225.118,224.295,50.55,1.262,0
2026-07-27 17:03:47.203380,870,38.5,6.755,3.248,16.687,6.333,19.923,202.794,865.373,2342.888,66.955,210.021,235.328,227.488,49.452,1.55,0
2026-07-27 17:04:45.243026,870,37.321,7.109,3.213,21.599,5.933,18.774,197.353,918.474,2175.478,57.508,209.929,224.297,225.174,49.955,1.386,0
2026-07-27 17:05:49.426676,870,38.217,6.956,2.737,17.191,5.383,19.005,205.276,917.054,2200.519,65.368,210.169,233.828,224.03,50.589,1.481,0
2026-07-27 17:06:45.662424,870,36.907,6.803,3.773,15.339,5.756,19.761,199.325,949.486,2152.312,57.573,209.035,234.851,225.874,49.691,1.458,0
2026-07-27 17:07:53.675142,870,37.944,7.228,3.058,12.674,5.857,19.255,214.577,881.085,2206.226,61.59,207.511,229.079,227.28,49.348,1.401,0
2026-07-27 17:09:01.610122,870,38.195,6.397,3.377,21.058,5.805,19.086,193.07,904.413,2379.049,51.651,211.9,235.65,225.715,50.377,1.496,0
2026-07-27 17:09:56.841149,870,37.449,6.72,2.152,19.214,4.886,19.347,218.099,953.69,2102.344,57.132,209.934,234.249,225.232,50.402,1.573,0
2026-07-27 17:10:58.402455,870,38.23,6.809,3.753,12.165,5.244,19.271,218.968,932.398,2052.288,63.006,210.961,227.642,222.054,49.621,1.359,0
2026-07-27 17:11:56.456816,870,37.983,6.784,3.937,18.547,5.507,19.35,200.665,924.043,2120.708,67.062,208.572,231.29,224.222,49.182,1.514,0
2026-07-27 17:12:54.932374,870,37.767,6.926,3.762,14.753,5.348,20.409,200.758,933.019,2111.263,59.421,210.97,234.677,225.578,48.966,1.368,0
2026-07-27 17:13:53.293093,870,38.065,6.939,3.78,23.786,5.48,20.184,209.026,915.853,2214.125,54.77,209.968,238.531,227.177,49.839,1.705,0
2026-07-27 17:14:48.508750,870,38.703,6.879,3.272,18.433,5.259,20.041,212.577,884.829,2279.971,61.228,209.903,232.471,225.032,49.643,1.28,0
2026-07-27 17:15:51.771501,870,38.128,6.554,4.327,17.523,5.849,19.508,199.504,918.94,2213.657,54.332,208.477,233.386,226.198,50.719,1.549,0
2026-07-27 17:16:52.712422,870,37.355,7.011,3.285,17.492,5.655,19.681,201.904,922.81,2244.042,56.03,209.981,230.727,225.636,49.836,1.334,0
2026-07-27 17:17:55.730319,870,37.48,6.678,4.14,19.335,5.382,18.912,214.308,978.318,2207.188,58.075,211.029,235.651,224.93,51.49,1.405,0
2026-07-27 17:18:59.293733,870,37.506,6.799,3.155,17.528,5.512,20.642,208.954,911.071,2174.713,61.642,209.945,234.333,224.161,50.474,1.522,0
2026-07-27 17:20:00.791853,870,37.74,6.898,4.319,15.798,5.637,19.048,203.956,935.718,2216.605,56.051,212.25,236.854,225.241,49.554,1.305,0
2026-07-27 17:20:54.675715,870,38.212,6.29,3.432,19.728,6.052,20.347,203.515,930.57,2103.487,58.089,210.631,232.223,227.696,50.069,1.606,0
2026-07-27 17:21:59.836174,870,38.336,6.739,2.95,16.269,5.444,19.399,215.532,951.913,2363.384,60.558,212.174,231.279,222.48,51.022,1.412,0
2026-07-27 17:23:03.413667,870,38.243,6.351,2.336,20.66,5.71,20.281,203.311,919.034,2186.551,62.507,209.139,233.34,224.806,50.753,1.342,0
2026-07-27 17:24:04.745503,870,36.24,6.762,3.156,21.524,5.342,19.21,199.887,893.807,2166.36,54.37,208.604,234.111,224.764,49.706,1.302,0
2026-07-27 17:25:07.823121,870,38.19,6.357,3.88,17.608,5.175,19.909,206.557,1021.248,2140.884,57.923,209.382,236.026,224.62,49.063,1.532,0
2026-07-27 17:26:08.591472,870,37.772,7.052,3.006,14.406,6.165,20.349,209.066,873.059,2198.114,60.329,209.088,237.03,226.183,49.956,1.503,0
2026-07-27 17:27:15.811748,870,38.324,6.678,2.622,17.747,5.366,20.337,198.954,898.904,2228.47,60.781,209.41,236.44,225.851,51.893,1.601,0
2026-07-27 17:28:15.944271,870,38.608,6.645,3.307,18.388,5.206,19.644,206.099,912.904,2208.822,61.153,210.3,233.211,225.021,50.148,1.512,0
2026-07-27 17:29:15.245179,870,37.149,7.272,4.236,15.069,5.681,19.503,204.684,973.945,2202.693,60.863,210.429,238.943,225.053,50.829,1.298,0
2026-07-27 17:30:16.194202,870,37.88,6.753,4.23,13.517,5.327,19.82,207.585,903.111,2157.501,58.885,209.296,235.767,225.697,49.772,1.416,0
2026-07-27 17:31:16.260450,870,38.415,6.978,1.763,13.606,5.713,20.184,212.139,887.664,2206.449,63.794,210.26,241.036,226.283,50.001,1.657,0
2026-07-27 17:32:19.902171,870,38.189,6.544,3.693,21.261,5.243,19.988,206.704,930.492,2334.367,62.671,208.757,237.3,226.868,50.261,1.451,0
2026-07-27 17:33:23.507603,870,38.594,6.567,3.639,20.415,6.009,19.706,210.079,957.584,2171.397,64.714,209.759,227.097,225.16,49.496,1.516,0
2026-07-27 17:34:30.018229,870,38.623,6.762,2.68,15.246,5.47,20.258,200.644,879.725,2280.042,57.404,209.322,228.959,223.285,50.423,1.476,0
2026-07-27 17:35:27.788041,870,37.838,6.65,3.383,21.003,5.534,18.724,205.661,935.83,2174.201,55.153,209.128,241.039,226.199,49.584,1.421,0
2026-07-27 17:36:29.479530,870,37.56,6.66,4.309,18.947,5.915,19.852,198.852,930.028,2196.441,58.887,210.954,237.313,225.015,50.77,1.408,0
2026-07-27 17:37:28.984097,870,37.539,6.757,3.584,19.355,5.86,19.09,198.146,892.944,2272.156,60.179,209.534,235.179,226.064,50.754,1.462,0
2026-07-27 17:38:30.540258,870,38.486,6.624,4.041,9.307,5.714,20.586,209.679,882.872,2028.988,61.091,210.43,243.256,228.162,51.026,1.574,0
2026-07-27 17:39:28.275797,870,38.357,6.437,2.745,16.657,6.135,20.044,204.48,926.252,2248.877,52.42,209.089,226.193,225.097,49.796,1.418,0
2026-07-27 17:40:34.213528,870,38.149,6.877,3.847,21.066,5.723,18.634,208.4,893.439,2139.521,56.235,210.108,231.254,224.969,50.818,1.554,0
2026-07-27 17:41:32.666661,870,37.98,6.77,3.357,13.024,5.104,18.713,203.535,912.177,2197.023,56.811,210.555,235.934,223.838,49.629,1.418,0
2026-07-27 17:42:31.268086,870,38.267,6.665,3.227,22.411,5.605,18.674,199.471,957.709,2217.738,61.006,211.264,233.834,227.12,50.783,1.332,0
2026-07-27 17:43:36.322233,870,38.061,7.162,2.989,20.114,5.578,19.812,218.62,926.298,2289.339,54.683,209.439,238.76,222.245,50.315,1.403,0
2026-07-27 17:44:42.691713,870,37.772,6.945,3.1,17.87,5.213,19.997,199.393,909.653,2210.924,61.954,208.643,243.023,225.226,50.089,1.354,0
2026-07-27 17:45:47.084992,870,38.664,6.689,3.413,15.988,5.802,18.35,202.955,982.94,2223.058,54.719,209.933,238.235,226.181,50.818,1.349,0
2026-07-27 17:46:49.966873,870,37.344,6.729,3.123,20.331,5.184,19.146,218.026,932.1,2125.246,56.742,208.157,227.035,224.948,49.396,1.419,0
2026-07-27 17:47:50.159385,870,38.461,6.284,3.841,19.166,5.524,19.225,203.738,900.886,2123.171,55.387,210.839,241.687,223.617,50.069,1.554,0
2026-07-27 17:48:47.038270,870,37.37,6.578,2.346,17.634,5.323,19.688,203.203,936.841,2215.275,60.509,209.803,234.798,223.532,50.568,1.399,0
2026-07-27 17:49:54.948084,870,38.162,6.853,3.877,19.778,5.861,19.309,203.166,950.779,2240.412,62.567,208.429,232.322,224.798,48.876,1.33,0
2026-07-27 17:50:58.788150,870,38.621,7.122,2.538,15.787,5.105,19.637,193.954,938.561,2279.347,67.647,209.383,227.708,225.862,49.592,1.394,0
2026-07-27 17:52:07.739193,870,38.428,6.63,2.964,16.981,5.696,18.833,200.011,948.678,2228.605,61.033,211.012,235.127,225.384,49.727,1.436,0
2026-07-27 17:53:06.885454,870,38.053,6.71,3.85,17.587,5.985,18.65,209.561,955.214,2154.128,58.896,208.73,228.461,224.18,49.191,1.414,0
2026-07-27 17:54:15.206950,870,37.02,6.792,3.868,16.965,5.276,19.031,200.958,914.738,2206.533,57.763,210.751,231.841,226.442,49.791,1.365,0
2026-07-27 17:55:15.137513,870,37.425,6.841,3.605,18.634,5.661,19.457,192.144,959.988,2163.45,60.55,211.924,229.227,226.347,51.196,1.404,0
2026-07-27 17:56:17.189511,870,38.22,6.543,3.882,18.021,5.108,19.551,196.607,966.202,2134.78,68.75,211.263,233.519,224.168,50.502,1.287,0
2026-07-27 17:57:17.293356,870,37.833,6.517,3.544,19.893,5.325,18.48,208.041,925.877,2149.441,56.552,210.472,233.468,223.853,49.629,1.297,0
2026-07-27 17:58:23.760443,870,37.684,7.352,3.308,19.323,5.304,18.986,204.021,987.025,2100.886,66.62,209.954,230.212,226.261,50.581,1.303,0
2026-07-27 17:59:22.042895,870,36.486,6.441,3.217,21.052,6.227,19.727,218.052,907.336,2129.238,62.671,209.042,233.923,224.792,50.811,1.621,0
2026-07-27 18:00:22.631356,870,37.802,7.081,3.343,14.545,5.33,20.334,196.463,909.67,2092.019,57.064,211.113,237.03,225.418,49.329,1.559,0
2026-07-27 18:01:31.646459,870,38.011,6.881,3.434,21.041,5.383,18.912,205.027,880.951,2253.81,60.009,210.765,234.387,226.219,50.204,1.415,0
2026-07-27 18:02:31.787218,870,37.669,6.776,3.266,17.149,5.655,20.029,201.639,922.484,2105.679,52.981,212.019,244.672,223.181,50.08,1.563,0
2026-07-27 18:03:36.924236,870,37.982,6.853,2.982,16.563,5.4,18.776,203.549,904.24,2149.117,61.794,210.392,232.979,225.281,49.952,1.364,0
2026-07-27 18:04:41.517949,870,37.754,7.173,2.626,16.527,5.915,20.47,195.721,905.018,2157.696,55.301,210.17,234.337,225.259,50.09,1.169,0
2026-07-27 18:05:41.348428,870,38.349,6.814,2.934,16.215,5.619,18.589,199.653,937.37,2235.872,60.16,211.385,239.514,224.164,50.459,1.576,0
2026-07-27 18:06:43.861378,870,37.895,6.907,3.906,16.799,5.542,18.365,211.779,900.686,2217.1,59.397,211.343,231.268,223.826,49.65,1.389,0
2026-07-27 18:07:47.369862,870,37.846,7.166,3.282,19.226,5.499,19.384,203.421,906.692,2214.364,61.285,207.65,237.518,224.392,50.114,1.367,0
2026-07-27 18:08:45.539386,870,37.911,7.012,3.136,21.951,5.274,18.629,211.789,959.355,2080.984,58.017,211.518,230.699,222.903,48.576,1.423,0
2026-07-27 18:09:42.649349,870,37.684,6.422,3.869,19.334,5.961,19.577,202.762,885.59,2211.435,61.384,210.969,232.198,223.404,49.668,1.63,0
2026-07-27 18:10:39.215427,870,38.53,6.426,3.355,16.434,5.788,18.936,207.774,952.883,2167.143,58.302,209.511,236.054,226.381,48.683,1.434,0
2026-07-27 18:11:40.718651,870,37.63,6.848,3.612,15.143,6.149,19.908,201.916,984.026,2129.323,58.605,210.267,231.79,224.024,49.764,1.712,0
2026-07-27 18:12:48.770033,870,38.363,6.619,3.209,17.438,5.899,19.38,203.666,966.116,2177.138,61.65,211.171,232.998,223.469,49.164,1.429,0
2026-07-27 18:13:47.523758,870,37.522,6.837,3.246,18.045,5.449,18.973,199.014,898.767,2150.7,54.144,211.511,226.901,224.936,49.994,1.27,0
2026-07-27 18:14:47.925651,870,38.878,6.874,2.84,16.562,5.432,19.682,205.629,870.41,2046.608,60.631,210.83,241.503,224.243,49.417,1.642,0
2026-07-27 18:15:52.342684,870,39.31,7.181,3.389,17.943,6.093,18.958,215.56,908.92,2231.965,56.875,210.43,237.711,224.295,49.494,1.335,1
2026-07-27 18:16:57.604968,870,38.22,6.72,3.018,17.735,5.55,19.444,205.938,904.711,2090.167,57.361,210.788,236.389,226.438,50.074,1.456,0
2026-07-27 18:17:57.284046,870,38.289,6.754,2.943,21.795,5.608,19.117,214.577,863.325,2309.048,54.058,210.815,232.487,227.597,49.733,1.311,0
2026-07-27 18:18:57.764225,870,37.951,6.545,3.471,14.585,5.531,19.933,208.85,891.57,2067.354,53.678,212.89,227.429,225.866,50.118,1.404,0
2026-07-27 18:19:56.425576,870,38.033,6.774,3.44,18.572,5.593,18.742,205.686,911.212,2254.104,57.961,211.678,236.465,223.296,49.209,1.375,0
2026-07-27 18:20:55.871562,870,37.55,6.548,3.012,17.966,5.681,18.526,198.551,940.118,2189.418,59.473,210.785,236.384,224.623,49.693,1.474,0
2026-07-27 18:21:54.582720,870,37.436,6.908,3.252,19.437,5.995,19.85,202.127,928.094,2320.563,60.915,208.995,227.227,226.029,50.46,1.498,0
2026-07-27 18:22:56.924977,870,38.243,6.705,3.334,19.506,6.426,18.67,210.223,917.004,2088.901,59.449,210.91,229.012,224.698,50.138,1.457,0
2026-07-27 18:23:54.414482,870,37.519,6.725,3.98,21.574,5.558,19.577,197.063,938.51,2280.336,61.505,209.712,234.649,224.587,49.887,1.427,0
2026-07-27 18:24:54.052066,870,38.315,6.968,2.614,18.293,5.548,20.129,203.068,923.304,2267.629,57.963,209.774,236.125,225.1,49.197,1.434,0
2026-07-27 18:25:52.262601,870,38.455,6.793,4.014,17.401,5.609,19.923,209.033,915.038,2191.664,58.2,208.94,234.318,226.791,49.176,1.488,0
2026-07-27 18:26:52.244257,870,38.672,6.973,3.894,19.291,5.795,19.354,206.152,863.058,2279.506,65.946,210.2,223.948,223.201,49.568,1.564,0
2026-07-27 18:27:56.109630,870,37.508,6.646,3.408,13.68,5.525,20.097,222.431,896.756,2131.049,62.639,210.201,235.528,225.147,49.318,1.606,0
2026-07-27 18:28:55.567027,870,37.383,6.966,3.622,18.507,5.137,19.484,208.54,925.502,2230.629,57.308,211.88,234.321,222.65,49.495,1.518,0
2026-07-27 18:29:56.290123,870,38.343,6.556,3.658,19.157,5.143,18.812,205.118,873.5,2152.423,58.604,209.685,229.131,226.339,49.591,1.402,0
2026-07-27 18:30:59.236881,870,38.368,6.987,2.702,18.653,6.083,20.667,201.756,953.005,2193.575,56.026,210.458,234.941,225.226,49.704,1.386,0
2026-07-27 18:32:06.451626,870,38.341,6.645,3.525,17.332,5.431,19.092,201.684,923.004,2252.053,64.831,211.142,232.288,224.351,50.111,1.292,0
2026-07-27 18:33:04.818873,870,38.402,6.547,3.197,19.168,5.301,19.659,202.235,977.3,2179.025,59.858,210.694,226.358,225.881,49.297,1.57,0
2026-07-27 18:34:08.174659,870,37.487,6.831,2.463,18.951,6.309,19.529,207.269,925.34,2157.168,54.552,210.116,235.008,224.318,49.469,1.705,0
2026-07-27 18:35:07.032619,870,37.974,7.152,3.003,19.873,5.781,18.68,221.637,932.916,2174.805,59.158,211.731,238.631,223.528,49.056,1.211,0
2026-07-27 18:36:10.326432,870,37.849,6.8,3.946,19.622,5.459,20.043,203.743,887.642,2180.098,54.418,206.554,239.608,227.201,49.99,1.53,0
2026-07-27 18:37:07.999929,870,38.41,6.804,3.301,19.03,5.236,19.291,205.294,964.108,2194.822,58.221,211.964,238.155,224.797,50.654,1.534,0
2026-07-27 18:38:08.597730,870,38.282,6.498,3.854,18.692,6.005,20.029,203.438,936.358,2236.922,59.37,207.51,233.672,225.167,50.184,1.429,0
2026-07-27 18:39:06.733678,870,38.279,7.369,3.531,17.426,5.187,18.88,202.925,920.336,2209.178,57.963,211.457,232.144,226.319,48.934,1.533,0
2026-07-27 18:40:15.303937,870,38.131,6.526,2.725,19.66,5.174,19.012,195.613,938.695,2252.981,60.546,210.948,230.023,226.885,48.663,1.371,0
2026-07-27 18:41:15.255734,870,38.049,6.858,3.789,23.142,5.723,19.726,200.515,918.662,2201.382,60.723,210.348,225.949,225.085,51.682,1.542,0
2026-07-27 18:42:15.214512,870,37.807,6.864,3.817,20.864,5.243,20.147,201.495,893.682,2065.705,61.55,211.675,235.312,227.513,50.491,1.419,0
2026-07-27 18:43:10.154119,870,38.092,6.766,3.148,17.435,5.253,19.868,214.551,902.295,2190.492,62.153,210.065,235.431,225.913,50.026,1.469,0
2026-07-27 18:44:12.327571,870,38.292,6.917,2.658,15.964,5.732,18.427,197.288,928.179,2254.43,63.996,210.505,233.11,227.124,50.599,1.547,0
2026-07-27 18:45:10.059950,870,38.533,6.974,3.314,19.296,5.705,20.029,205.453,970.738,2336.574,61.25,209.123,239.711,224.303,49.883,1.705,0
2026-07-27 18:46:08.746946,870,38.652,6.384,3.093,20.711,5.118,19.194,208.979,904.408,2042.052,55.942,210.095,239.054,224.368,49.982,1.605,0
2026-07-27 18:47:01.581550,870,38.306,7.165,3.342,17.793,5.781,18.717,206.224,941.304,2183.568,65.187,211.715,237.109,225.306,49.406,1.244,0
2026-07-27 18:48:01.860695,870,38.673,6.625,4.021,18.038,5.074,20.147,198.36,890.262,2250.078,68.223,210.777,231.975,224.056,49.825,1.387,0
2026-07-27 18:48:57.956402,870,38.366,6.702,3.932,17.52,5.653,19.151,204.212,936.513,2174.736,55.982,211.035,242.079,226.785,50.092,1.381,0
2026-07-27 18:49:57.619594,870,37.154,6.623,3.81,23.554,5.219,20.093,188.519,934.398,2098.595,56.457,210.098,240.356,224.372,49.827,1.324,0
2026-07-27 18:50:56.351179,870,38.454,6.546,3.672,18.892,5.733,19.638,211.182,897.587,2179.618,64.016,210.009,229.363,224.272,49.867,1.34,0
2026-07-27 18:51:55.614538,870,37.436,7.078,3.322,20.298,5.614,19.577,207.639,937.175,2211.539,63.789,209.152,235.906,223.018,48.812,1.643,0
2026-07-27 18:52:53.345885,870,38.788,6.731,4.008,15.968,5.427,20.11,198.342,880.094,2232.51,57.936,210.253,237.241,224.185,50.614,1.464,0
2026-07-27 18:53:52.911386,870,36.894,6.986,2.956,17.776,5.373,18.936,211.223,919.547,2049.263,53.915,208.485,230.618,222.219,50.378,1.55,0
2026-07-27 18:54:47.484183,870,36.866,6.995,3.065,23.598,5.616,20.166,203.677,911.66,2245.435,52.859,209.291,238.014,224.459,48.875,1.595,0
2026-07-27 18:55:43.370713,870,38.932,7.128,3.647,18.351,5.41,18.53,207.001,958.676,2248.093,57.151,208.999,239.667,222.476,49.536,1.522,0
2026-07-27 18:56:39.622430,870,39.041,6.515,4.482,20.207,5.353,19.615,205.132,911.29,2201.335,64.908,211.329,232.024,223.831,48.891,1.306,0
2026-07-27 18:57:48.217577,870,38.643,6.669,3.32,15.603,5.517,20.465,202.533,957.705,2142.608,60.32,211.094,233.671,224.123,50.908,1.428,0
2026-07-27 18:58:54.003271,870,38.777,6.899,3.957,18.535,5.817,20.057,200.832,957.06,2308.673,58.065,211.296,237.174,224.753,51.006,1.397,0
2026-07-27 18:59:58.730240,870,37.304,7.022,2.86,13.669,5.175,19.511,212.537,981.152,2175.323,65.794,210.267,241.612,225.545,50.114,1.344,0
2026-07-27 19:01:03.395789,870,38.578,6.59,3.532,17.268,5.404,20.435,204.235,845.19,2210.93,61.216,211.246,237.203,225.038,49.971,1.599,0
2026-07-27 19:02:02.133213,870,37.522,6.556,3.723,18.433,5.958,19.07,201.312,928.695,2219.842,58.016,210.859,232.743,225.54,50.505,1.494,0
2026-07-27 19:02:59.646689,870,38.619,6.942,3.821,20.916,5.458,19.699,203.216,961.026,2251.072,54.801,208.891,233.231,226.01,50.573,1.196,0
2026-07-27 19:04:06.003159,870,37.761,6.811,3.273,18.089,6.323,19.371,206.912,932.265,2200.287,56.192,207.493,236.324,225.584,51.052,1.344,0
2026-07-27 19:05:11.111874,870,37.946,6.644,3.096,18.294,5.956,19.552,206.046,920.7,2207.644,65.83,209.39,235.291,224.94,50.882,1.425,0
2026-07-27 19:06:14.708420,870,38.558,6.478,2.847,16.232,5.422,19.998,210.429,933.848,2195.861,59.031,210.667,234.944,226.63,50.385,1.307,0
2026-07-27 19:07:14.644779,870,37.98,6.57,3.324,18.114,5.321,19.601,207.459,898.837,2105.08,53.411,212.171,229.83,225.125,49.99,1.607,0
2026-07-27 19:08:20.678075,870,38.277,6.929,4.243,20.273,5.805,19.016,206.029,968.585,2092.983,58.35,210.928,235.828,223.602,49.659,1.424,0
2026-07-27 19:09:21.873550,870,37.624,7.041,3.257,12.219,6.249,17.978,207.363,917.352,2252.648,61.118,208.877,237.02,225.3,50.555,1.108,0
2026-07-27 19:10:19.556123,870,37.601,7.029,4.648,20.542,5.307,20.231,209.022,910.061,2201.801,59.802,210.326,232.602,225.502,49.605,1.83,0
2026-07-27 19:11:22.235726,870,37.853,6.586,3.416,17.599,6.079,19.962,196.325,850.67,2204.051,65.334,210.9,237.097,224.35,50.135,1.41,0
2026-07-27 19:12:30.273712,870,37.407,7.041,3.826,18.064,5.904,19.832,202.817,943.102,2269.112,63.655,211.04,238.937,226.513,49.553,1.57,0
2026-07-27 19:13:28.520543,870,38.372,7.081,4.498,17.445,5.318,19.741,196.753,880.894,2187.549,55.843,209.899,238.04,225.175,48.975,1.449,0
2026-07-27 19:14:29.250917,870,38.181,6.882,3.476,16.957,6.05,19.406,200.149,963.532,2262.508,57.331,208.89,240.432,223.93,50.178,1.385,0
2026-07-27 19:15:28.020154,870,37.262,6.828,4.354,15.557,5.603,18.796,203.895,951.911,2134.618,60.433,211.28,230.448,223.406,50.638,1.41,0
2026-07-27 19:16:26.219155,870,38.804,6.932,3.444,16.321,5.768,19.657,203.62,913.76,2333.918,61.622,208.502,237.146,223.374,49.296,1.569,0
2026-07-27 19:17:30.282057,870,38.816,6.456,3.311,15.815,5.592,19.499,202.44,860.234,2362.012,56.557,210.739,241.537,227.585,49.463,1.493,0
2026-07-27 19:18:27.877036,870,37.974,6.408,3.473,19.943,5.081,20.266,202.179,897.561,2271.291,62.757,209.056,240.524,225.09,50.267,1.289,0
2026-07-27 19:19:27.251817,870,37.716,6.781,2.656,22.022,5.351,19.435,197.537,924.512,2287.746,57.974,206.939,226.229,225.61,49.725,1.584,0
2026-07-27 19:20:27.827332,870,38.692,6.768,2.974,17.507,5.761,19.99,199.41,922.446,2201.814,62.177,209.947,233.014,224.256,50.124,1.428,0
2026-07-27 19:21:38.788180,870,37.513,6.149,2.881,17.121,5.946,19.382,192.96,898.87,2278.456,59.805,209.878,235.874,225.949,50.211,1.424,0
2026-07-27 19:22:33.405062,870,38.883,6.846,3.407,18.155,5.463,19.687,200.953,967.504,2175.901,59.811,209.095,226.025,224.846,51.11,1.491,0
2026-07-27 19:23:34.366206,870,37.998,7.012,3.702,15.752,5.432,18.823,203.566,892.297,2293.306,60.771,211.478,236.381,224.779,50.78,1.755,0
2026-07-27 19:24:29.192966,870,38.741,7.096,3.126,19.346,5.994,18.51,203.586,859.806,2095.959,60.906,207.984,228.174,224.821,50.767,1.449,0
2026-07-27 19:25:31.408262,870,38.42,6.871,4.654,18.164,6.228,19.323,209.617,942.793,2129.466,60.368,210.642,233.305,223.5,50.734,1.446,0
2026-07-27 19:26:31.171563,870,39.484,6.684,2.617,13.307,5.85,19.978,210.422,941.426,2296.409,59.72,210.796,232.396,225.837,50.291,1.41,0
2026-07-27 19:27:33.453449,870,38.434,7.065,2.803,19.825,5.549,19.596,202.85,912.013,2160.665,63.26,210.302,232.574,227.084,50.657,1.451,0
2026-07-27 19:28:35.813373,870,39.075,7.061,3.769,15.264,5.799,19.263,202.201,912.855,2208.362,68.604,209.79,233.663,225.394,50.63,1.511,0
2026-07-27 19:29:37.241759,870,37.742,6.84,3.222,17.92,5.75,19.073,214.323,913.969,2073.211,63.782,208.793,226.636,224.853,48.617,1.52,0
2026-07-27 19:30:37.442939,870,37.481,6.955,2.393,17.526,5.8,18.49,204.464,908.634,2225.258,57.956,209.806,236.831,223.999,50.345,1.455,0
2026-07-27 19:31:39.619798,870,37.886,6.959,3.634,20.131,5.911,19.81,202.555,944.343,2133.861,63.615,210.882,235.841,224.687,51.06,1.521,0
2026-07-27 19:32:41.788321,870,38.072,7.264,3.574,17.248,5.773,19.123,206.326,924.659,2135.944,62.197,208.676,236.611,224.089,50.278,1.424,0
2026-07-27 19:33:53.509171,870,38.062,6.071,3.511,21.773,6.191,18.046,210.729,897.042,2155.939,63.714,207.386,239.425,223.009,49.46,1.367,0
2026-07-27 19:34:57.679281,870,38.011,6.987,3.379,21.133,5.694,19.434,208.446,947.584,2151.316,61.827,209.365,238.949,224.642,50.633,1.55,0
2026-07-27 19:36:03.581877,870,38.193,6.757,3.393,18.294,5.391,19.931,207.455,958.165,2195.363,60.904,209.399,234.943,224.827,49.193,1.448,0
2026-07-27 19:36:58.995917,870,38.445,6.813,4.239,23.396,5.901,20.991,204.487,922.937,2186.7,51.043,207.719,236.458,225.312,50.112,1.4,0
2026-07-27 19:38:02.176947,870,37.301,6.975,3.92,17.485,5.63,20.281,202.454,919.414,2106.145,57.835,209.194,239.172,226.415,50.384,1.311,0
2026-07-27 19:39:01.829534,870,37.925,6.803,3.775,16.618,5.756,19.72,219.587,950.638,2247.97,63.213,212.051,230.705,225.433,51.458,1.483,0
2026-07-27 19:40:06.738800,870,37.771,6.858,3.951,22.836,5.855,19.405,190.894,972.867,2150.525,64.713,211.268,236.527,224.087,50.808,1.449,0
2026-07-27 19:41:11.497417,870,38.129,6.757,3.368,20.416,5.924,19.757,202.758,907.429,2205.84,54.914,210.732,230.641,225.639,50.059,1.264,0
2026-07-27 19:42:14.102263,870,37.964,6.917,3.567,20.638,5.096,19.324,205.873,921.42,2289.711,55.579,210.348,230.048,224.014,50.339,1.221,0
2026-07-27 19:43:09.669968,870,38.751,6.891,1.816,20.315,5.766,18.996,201.949,923.88,2144.752,63.068,207.181,232.268,224.723,48.976,1.53,0
2026-07-27 19:44:11.969417,870,38.264,6.591,4.673,20.383,5.42,18.823,198.922,914.815,2262.907,58.445,211.424,234.692,225.044,49.911,1.419,0
2026-07-27 19:45:15.376383,870,38.593,6.906,3.425,19.074,5.59,18.195,200.623,924.298,2150.006,61.138,208.289,236.632,225.524,49.192,1.538,0
2026-07-27 19:46:13.228624,870,37.871,6.964,3.993,16.568,4.932,19.613,201.241,1014.201,2249.643,61.54,209.109,231.309,224.786,51.548,1.516,0
2026-07-27 19:47:19.522849,870,38.495,6.859,3.859,14.899,5.843,19.635,209.172,909.806,2111.544,63.795,209.532,240.195,222.925,49.654,1.273,0
2026-07-27 19:48:22.878463,870,37.715,7.065,3.804,17.354,5.85,20.252,204.219,953.578,2222.306,65.665,210.155,235.686,224.587,49.422,1.113,0
2026-07-27 19:49:22.255811,870,37.471,6.776,3.248,19.093,5.916,18.06,202.551,895.951,2091.423,56.261,208.709,233.767,223.983,49.86,1.464,0
2026-07-27 19:50:23.772778,870,38.743,6.586,4.063,21.158,5.672,20.129,206.813,907.962,2167.018,57.178,208.828,233.22,224.104,50.761,1.367,0
2026-07-27 19:51:32.432144,870,37.971,6.829,3.818,17.442,5.306,19.656,194.358,827.222,2143.358,64.26,211.135,233.132,224.056,49.878,1.502,0
2026-07-27 19:52:38.753514,870,37.984,6.791,2.831,14.283,5.099,20.244,202.057,919.314,2223.715,59.676,212.34,230.54,224.764,49.722,1.624,0
2026-07-27 19:53:43.623508,870,37.569,6.485,3.494,21.849,5.902,20.414,199.706,880.063,2205.817,61.432,209.694,230.379,225.489,49.981,1.398,0
2026-07-27 19:54:47.606599,870,37.478,6.954,3.461,21.456,5.85,18.403,202.77,927.195,2214.761,55.173,210.916,233.705,225.819,50.367,1.286,0
2026-07-27 19:55:50.069816,870,38.893,7.239,3.187,17.587,5.617,19.791,197.496,909.473,2235.061,59.129,209.764,233.907,224.288,49.269,1.356,0
2026-07-27 19:56:55.199926,870,38.569,6.79,2.847,19.293,5.576,19.644,209.755,871.66,2186.561,63.463,211.105,237.614,223.068,50.617,1.494,0
2026-07-27 19:58:01.205153,870,37.519,6.664,2.928,17.501,5.902,19.95,199.236,916.521,2310.761,61.361,210.637,243.404,223.991,50.528,1.671,0
2026-07-27 19:59:02.754920,870,37.595,6.338,3.729,15.765,5.238,20.467,196.38,910.724,2120.736,59.806,210.679,236.403,226.455,50.754,1.33,0
2026-07-27 19:59:59.268988,870,38.116,6.886,3.211,18.161,5.482,19.402,202.011,981.953,2182.497,52.412,208.909,230.733,225.764,49.61,1.417,0
2026-07-27 20:00:58.616615,870,37.776,7.009,3.661,14.691,6.013,19.115,202.232,926.925,2208.765,54.294,209.4,233.256,226.157,49.978,1.363,0
2026-07-27 20:01:53.059466,870,37.577,6.727,3.333,18.955,5.148,19.274,206.537,880.858,2237.524,63.856,210.028,242.637,225.082,50.56,1.401,0
2026-07-27 20:02:49.824231,870,37.591,6.769,3.347,19.333,5.844,18.512,212.896,930.539,2222.131,61.832,209.616,243.362,224.555,50.904,1.583,0
2026-07-27 20:03:47.906009,870,37.892,6.418,2.944,16.459,5.312,20.818,204.864,933.507,2193.882,61.379,210.7,235.414,223.437,51.044,1.309,0
2026-07-27 20:04:43.931668,870,37.228,6.858,3.102,20.608,5.436,20.493,207.947,907.245,2205.287,64.098,207.937,241.619,226.047,49.522,1.535,0
2026-07-27 20:05:45.202352,870,37.562,6.548,3.364,15.066,5.548,19.357,200.743,912.703,2209.953,61.669,211.91,239.322,225.313,49.982,1.43,0
2026-07-27 20:06:51.363700,870,38.599,6.926,2.581,15.747,5.695,19.631,196.867,940.819,2224.642,56.545,211.816,236.709,224.412,49.827,1.352,0
2026-07-27 20:08:01.294308,870,37.405,6.829,3.52,20.294,5.622,18.871,207.745,888.986,2201.292,61.11,210.607,236.074,222.807,50.787,1.621,0
2026-07-27 20:09:00.339304,870,37.953,6.753,3.363,19.47,5.751,19.103,214.51,974.283,2198.866,61.364,209.678,239.521,226.463,49.925,1.363,0
2026-07-27 20:09:56.521102,870,38.15,7.057,2.634,17.196,5.809,20.026,202.144,952.639,2169.936,60.555,209.627,239.129,226.367,50.6,1.571,0
2026-07-27 20:10:59.670187,870,38.565,6.55,3.349,18.752,5.337,19.729,203.047,933.217,2230.02,61.719,209.478,230.15,224.477,49.617,1.361,0
2026-07-27 20:12:06.282301,870,37.286,7.198,2.028,17.228,5.518,19.71,209.933,883.599,2256.266,59.367,210.49,231.85,224.859,48.882,1.573,0
2026-07-27 20:13:09.215593,870,37.531,6.903,3.17,17.12,5.522,19.424,208.795,957.77,2090.505,58.667,209.394,235.544,224.442,49.814,1.427,0
2026-07-27 20:14:13.719363,870,37.964,6.796,3.444,19.124,5.902,19.934,202.017,884.584,2271.332,59.6,209.453,233.591,224.743,49.675,1.555,0
2026-07-27 20:15:16.829714,870,38.535,6.678,3.859,17.912,5.5,18.33,212.005,926.335,2206.864,63.636,208.025,230.154,222.276,49.453,1.345,0
2026-07-27 20:16:21.298959,870,38.352,7.006,4.723,17.446,5.214,19.686,199.488,913.643,2197.641,66.787,210.095,228.125,225.431,49.435,1.27,0
2026-07-27 20:17:21.556059,870,38.887,6.698,3.496,17.559,5.463,20.622,205.501,940.179,2264.716,60.107,209.624,232.93,224.38,49.001,1.602,0
2026-07-27 20:18:21.898403,870,37.65,7.067,3.55,24.251,5.912,20.001,197.944,911.469,2276.027,63.061,212.064,231.866,224.597,49.556,1.403,0
2026-07-27 20:19:17.745868,870,37.588,7.102,2.603,20.148,5.714,18.602,204.792,886.272,2163.747,62.136,210.063,238.558,224.132,49.447,1.33,0
2026-07-27 20:20:10.795597,870,37.629,6.616,3.311,17.186,5.744,19.698,207.701,901.247,2278.999,68.237,207.121,239.093,224.657,50.649,1.717,0
2026-07-27 20:21:13.113930,870,37.62,6.909,3.17,16.058,5.269,19.245,201.802,909.102,2211.999,66.982,210.501,234.324,225.526,49.575,1.319,0
2026-07-27 20:22:17.342579,870,37.504,6.475,2.551,18.249,6.018,20.403,203.767,952.902,2127.093,60.404,210.309,237.57,225.51,50.117,1.232,0
2026-07-27 20:23:16.194629,870,38.228,7.039,4.268,14.363,5.762,19.533,205.692,921.003,2151.766,58.441,209.171,233.178,224.964,50.188,1.474,0
2026-07-27 20:24:18.513947,870,37.053,6.888,3.623,21.637,5.723,20.798,206.463,886.219,2255.295,51.854,212.435,242.728,225.065,49.506,1.47,0
2026-07-27 20:25:24.845644,870,38.666,6.765,3.673,16.873,5.497,20.807,201.208,943.454,2203.306,60.791,210.351,236.91,224.816,51.583,1.57,0
2026-07-27 20:26:24.577386,870,37.914,6.377,4.238,18.251,6.046,19.786,214.78,937.077,2084.587,61.103,209.006,238.681,226.419,50.414,1.593,0
2026-07-27 20:27:22.280752,870,38.22,6.934,2.696,20.746,5.165,19.607,205.075,896.662,2298.952,60.659,211.646,235.66,224.988,50.191,1.419,0
2026-07-27 20:28:26.967905,870,37.248,6.799,2.763,22.184,5.129,20.313,207.612,893.731,2270.736,61.057,210.209,238.797,225.104,50.246,1.505,0
2026-07-27 20:29:34.883310,870,37.56,6.56,4.103,16.935,5.417,19.082,197.048,911.732,2249.633,62.408,209.845,240.078,227.154,49.905,1.476,0
2026-07-27 20:30:37.515306,870,37.665,6.861,2.91,20.108,5.501,19.735,206.67,902.852,2183.0,59.806,209.247,229.653,224.98,49.504,1.308,0
2026-07-27 20:31:38.893375,870,37.716,7.116,3.746,23.313,5.601,19.344,198.111,944.806,2262.404,55.948,209.687,237.376,224.027,49.693,1.481,0
2026-07-27 20:32:35.226426,870,37.7,7.139,3.548,14.704,5.708,19.183,210.835,921.964,2100.64,62.077,208.206,235.705,226.168,49.566,1.629,0
2026-07-27 20:33:31.119964,870,37.992,6.746,4.407,16.691,5.91,20.042,206.284,889.678,2106.831,59.98,209.625,229.952,222.756,49.599,1.561,0
2026-07-27 20:34:36.495930,870,37.687,6.541,4.152,19.214,5.615,19.552,201.023,922.412,2191.384,58.027,208.816,234.521,224.191,50.124,1.389,0
2026-07-27 20:35:36.467380,870,38.364,7.023,4.174,16.412,5.462,20.766,204.264,921.981,2193.241,68.134,211.364,231.762,224.751,48.653,1.493,0
2026-07-27 20:36:36.245460,870,38.438,6.496,2.566,17.174,5.53,19.134,209.447,890.99,2206.006,60.762,210.051,238.57,222.007,50.045,1.553,0
2026-07-27 20:37:34.676635,870,38.967,6.59,3.743,19.888,5.834,18.889,204.262,906.43,2040.763,57.875,211.802,232.12,225.442,49.822,1.315,0
2026-07-27 20:38:37.156312,870,38.126,6.962,3.93,21.833,5.442,19.482,202.127,929.657,2206.586,61.984,211.677,238.845,225.538,50.206,1.469,0
2026-07-27 20:39:41.201971,870,37.892,7.069,3.396,21.515,5.573,19.818,207.756,958.363,2050.799,69.006,208.876,232.928,223.468,51.579,1.287,0
2026-07-27 20:40:39.744502,870,38.059,6.949,3.098,16.618,5.446,19.395,204.897,941.269,2230.082,62.328,210.14,231.111,224.792,49.038,1.241,0
2026-07-27 20:41:40.802829,870,38.235,6.753,3.338,18.061,5.774,19.892,212.847,897.176,2051.315,58.195,210.04,230.88,228.142,49.135,1.36,0
2026-07-27 20:42:43.210631,870,37.611,6.948,3.837,15.89,5.786,18.984,214.113,962.989,2279.175,70.073,210.181,240.918,225.026,49.92,1.209,0
2026-07-27 20:43:42.527626,870,38.466,7.057,2.774,22.436,5.897,19.977,196.252,906.191,2229.971,62.305,211.364,236.198,227.002,51.385,1.424,0
2026-07-27 20:44:41.468842,870,38.396,6.915,4.29,19.525,5.567,18.914,203.024,937.148,2232.682,61.972,209.904,233.883,224.643,48.86,1.438,0
2026-07-27 20:45:40.239168,870,37.079,6.342,2.47,18.211,5.59,18.598,219.653,956.298,2203.279,57.16,210.135,240.139,226.272,49.931,1.374,0
2026-07-27 20:46:38.704915,870,39.043,6.67,3.062,18.505,5.273,18.441,208.297,934.652,2255.044,59.932,210.06,243.112,224.632,49.517,1.561,0
2026-07-27 20:47:39.558492,870,38.165,7.013,2.794,18.107,5.122,20.373,209.978,903.807,2277.105,63.456,210.04,232.455,224.763,49.938,1.504,0
2026-07-27 20:48:41.697773,870,37.505,6.656,3.414,17.219,5.489,19.868,206.776,929.136,2094.594,63.181,208.848,240.451,223.866,49.115,1.474,0
2026-07-27 20:49:43.905483,870,37.472,7.009,3.15,17.848,5.533,19.857,206.698,929.667,2072.134,51.497,209.321,234.173,226.921,49.773,1.458,0
2026-07-27 20:50:42.108857,870,38.129,6.897,4.056,17.163,5.55,19.301,190.895,887.499,2264.589,58.754,207.268,235.838,224.539,50.326,1.294,0
2026-07-27 20:51:55.020150,870,37.553,6.88,3.292,19.709,5.907,19.984,208.405,909.855,2158.943,61.154,210.468,232.691,224.598,49.597,1.47,0
2026-07-27 20:53:00.374304,870,37.501,7.072,3.558,15.703,5.22,19.034,214.361,941.488,2182.109,54.474,210.197,236.568,225.41,50.495,1.33,0
2026-07-27 20:54:01.134672,870,37.783,6.751,3.34,19.159,5.126,18.998,198.158,906.423,2238.86,53.465,210.291,237.964,222.85,51.32,1.271,0
2026-07-27 20:55:03.407857,870,38.279,6.966,3.245,14.258,5.087,19.584,200.269,897.798,2295.656,64.066,211.771,238.078,224.991,50.488,1.394,0
2026-07-27 20:56:06.148951,870,37.815,6.768,3.501,20.064,5.479,19.753,204.312,862.222,2244.529,60.005,210.773,231.701,225.123,50.789,1.221,0
2026-07-27 20:57:09.280355,870,37.542,6.889,2.746,15.961,6.075,19.024,194.978,870.808,2282.035,58.681,211.435,241.028,224.055,50.547,1.255,0
2026-07-27 20:58:07.760070,870,38.856,7.011,2.924,17.141,5.965,20.123,202.519,984.727,2225.618,58.983,211.294,243.544,226.315,49.757,1.515,0
2026-07-27 20:59:12.195029,870,38.275,6.617,2.847,17.775,5.915,18.857,197.783,892.374,2146.303,62.318,212.048,237.975,225.55,48.604,1.445,0
2026-07-27 21:00:19.509223,870,37.531,6.854,3.557,17.453,5.435,19.516,207.754,899.291,2259.31,62.027,211.55,239.596,224.25,49.388,1.305,0
2026-07-27 21:01:22.914840,870,38.122,6.571,3.473,24.53,5.248,19.887,206.08,953.709,2064.446,63.359,208.994,228.936,223.327,50.694,1.522,0
2026-07-27 21:02:24.289159,870,38.079,6.72,3.511,16.486,5.739,18.381,202.957,890.599,2287.99,61.532,210.775,231.893,225.835,49.165,1.466,0
2026-07-27 21:03:27.553239,870,38.0,6.702,3.419,18.071,6.114,19.379,202.198,905.842,2166.383,62.808,210.844,241.274,223.67,49.911,1.265,0
2026-07-27 21:04:27.267206,870,38.026,6.653,3.607,15.493,5.546,19.887,205.47,947.983,2257.221,63.913,210.533,240.089,224.354,50.02,1.371,0
2026-07-27 21:05:33.682581,870,37.914,7.006,3.189,22.921,5.35,19.675,211.286,922.828,2178.937,65.537,212.437,236.091,226.07,49.269,1.508,0
2026-07-27 21:06:33.406409,870,38.256,6.805,3.331,18.082,5.454,19.71,201.575,879.198,2098.225,61.135,210.328,233.57,225.22,51.1,1.53,0
2026-07-27 21:07:30.958189,870,37.989,7.371,3.594,15.471,5.485,18.926,205.259,902.551,2233.369,60.071,210.708,235.523,224.737,50.368,1.522,0
2026-07-27 21:08:31.916944,870,38.116,6.816,3.031,22.163,6.133,19.228,213.292,948.484,2232.899,65.514,209.95,237.243,222.872,51.078,1.429,0
2026-07-27 21:09:29.193272,870,38.249,6.679,3.647,20.02,5.573,20.048,200.044,910.294,2146.554,56.478,209.806,239.449,222.945,50.867,1.554,0
2026-07-27 21:10:30.840667,870,37.977,6.982,3.981,18.425,5.945,20.478,211.22,919.428,2254.992,57.43,209.611,234.372,223.458,50.598,1.441,0
2026-07-27 21:11:30.385937,870,38.409,6.913,3.503,18.461,5.802,18.8,203.356,918.927,2218.951,62.688,208.941,228.969,224.164,48.739,1.587,0
2026-07-27 21:12:32.817082,870,38.737,7.024,4.127,18.606,5.777,19.332,215.95,956.211,2167.552,63.489,210.539,236.347,224.518,49.245,1.641,0
2026-07-27 21:13:26.021719,870,37.863,6.707,3.349,21.096,5.964,18.482,189.151,894.319,2231.105,57.181,212.065,229.543,224.393,50.017,1.464,0
2026-07-27 21:14:25.399558,870,37.712,6.726,3.953,21.53,5.988,19.558,200.566,872.577,2204.062,61.955,209.814,241.615,226.403,49.871,1.652,0
2026-07-27 21:15:28.158914,870,37.261,6.861,2.999,12.416,5.527,19.659,206.317,945.69,2171.773,59.349,210.4,237.989,225.245,49.655,1.456,0
2026-07-27 21:16:30.851822,870,38.392,6.773,3.562,17.001,5.267,19.46,206.32,878.199,2217.167,58.783,209.015,240.68,223.79,49.959,1.333,0
2026-07-27 21:17:35.488500,870,37.924,7.06,3.687,18.595,5.533,19.942,209.817,878.551,2178.83,60.517,207.881,238.749,224.899,51.872,1.689,0
2026-07-27 21:18:32.369159,870,37.377,6.553,3.899,16.66,5.478,18.301,204.117,948.274,2158.921,63.429,210.019,237.731,224.575,49.951,1.494,0
2026-07-27 21:19:34.334140,870,37.714,7.001,3.661,16.397,6.013,19.426,212.789,906.789,2110.159,64.515,209.232,231.068,224.901,49.826,1.462,0
2026-07-27 21:20:29.647810,870,38.253,7.248,4.186,19.697,5.734,19.884,209.683,922.739,2223.714,65.133,208.832,233.201,224.427,50.002,1.607,0
2026-07-27 21:21:28.768204,870,38.441,6.998,3.782,22.196,5.107,20.619,199.04,856.34,2155.954,61.558,207.99,232.049,223.669,50.337,1.619,0
2026-07-27 21:22:26.194472,870,38.312,7.014,3.447,18.523,5.366,19.592,212.046,938.272,2232.376,58.199,208.17,233.389,226.073,50.332,1.43,0
2026-07-27 21:23:25.311689,870,37.981,6.818,3.462,17.677,5.446,19.797,207.134,889.133,2203.986,59.449,210.19,235.1,227.933,50.082,1.42,0
2026-07-27 21:24:27.045776,870,38.407,6.557,3.094,15.511,5.847,18.529,209.076,951.265,2208.69,59.577,212.272,232.131,226.235,49.542,1.226,0
2026-07-27 21:25:28.810851,870,38.067,6.338,3.278,22.075,5.444,18.775,213.382,918.324,2266.36,55.293,209.35,230.249,225.196,49.486,1.566,0
2026-07-27 21:26:33.844503,870,38.123,6.908,3.329,19.416,5.925,20.495,194.396,943.028,2197.881,55.84,210.644,227.95,225.56,49.92,1.519,0
2026-07-27 21:27:33.649173,870,37.574,6.781,3.522,19.099,5.257,19.667,195.058,932.46,2160.717,50.667,208.865,230.748,224.454,49.679,1.466,0
2026-07-27 21:28:30.515024,870,38.603,6.53,3.333,19.062,5.017,19.508,208.177,915.232,2209.718,58.186,209.158,237.077,226.139,49.248,1.315,0
2026-07-27 21:29:31.401730,870,38.384,7.178,2.718,20.894,5.655,19.323,190.317,901.046,2238.793,56.396,208.208,235.27,223.699,49.074,1.687,0
2026-07-27 21:30:39.565620,870,37.805,6.702,4.021,17.662,5.055,19.668,204.004,896.781,2246.79,60.961,209.595,237.308,224.549,50.46,1.572,0
2026-07-27 21:31:33.312907,870,38.618,6.83,2.334,20.06,5.526,18.647,206.095,953.844,2173.144,58.417,207.272,233.803,225.003,49.132,1.485,0
2026-07-27 21:32:37.729653,870,37.316,6.842,2.973,17.754,5.659,20.205,202.631,867.283,2372.788,65.884,208.784,233.606,226.119,50.185,1.327,0
2026-07-27 21:33:46.804531,870,37.576,6.968,4.042,16.867,5.917,19.61,212.1,879.431,2126.002,62.528,209.493,236.787,224.626,51.276,1.596,0
2026-07-27 21:34:44.681857,870,37.341,6.913,3.005,16.354,5.832,18.482,206.161,910.727,2179.634,47.339,209.347,236.024,224.815,48.686,1.444,0
2026-07-27 21:35:43.972378,870,37.789,6.591,3.906,16.051,5.245,19.652,219.584,854.26,2196.965,55.868,210.502,236.154,223.454,49.955,1.291,0
2026-07-27 21:36:47.688912,870,37.61,6.48,3.528,14.485,5.287,19.003,198.17,908.535,2252.084,58.653,210.836,234.708,221.77,49.532,1.449,0
2026-07-27 21:37:45.916793,870,38.531,6.785,3.672,22.353,5.22,20.338,209.522,919.683,2241.722,58.04,209.81,236.678,224.972,49.854,1.394,0
2026-07-27 21:38:54.948090,870,38.081,6.723,3.2,21.149,5.424,19.062,209.223,946.399,2322.729,58.343,211.292,229.415,225.875,49.125,1.423,0
2026-07-27 21:39:50.477758,870,37.859,6.969,3.271,17.779,6.0,19.412,203.95,961.906,2266.122,53.617,207.84,236.296,226.133,49.441,1.53,0
2026-07-27 21:40:52.701300,870,38.245,6.644,3.735,18.457,6.483,19.503,207.867,872.181,2201.348,61.331,210.873,232.854,225.081,50.684,1.747,0
2026-07-27 21:41:55.736884,870,38.443,6.862,3.442,18.728,5.678,19.935,204.76,924.15,2281.157,58.315,209.813,235.542,225.083,50.728,1.372,0
2026-07-27 21:42:55.244821,870,38.725,7.013,3.171,19.982,5.556,20.51,196.541,946.475,2197.198,55.878,208.103,232.097,222.588,50.083,1.417,0
2026-07-27 21:43:58.827263,870,37.966,6.493,3.389,20.885,5.504,19.583,206.151,930.835,2123.659,55.601,210.965,228.796,224.793,49.228,1.545,0
2026-07-27 21:45:02.333242,870,38.007,6.89,3.257,19.955,5.379,19.896,215.221,935.254,2316.924,59.258,210.348,230.925,225.386,49.814,1.547,0
2026-07-27 21:46:02.727674,870,37.45,6.836,2.769,15.919,5.015,19.034,214.944,905.983,2200.779,68.996,209.354,237.677,225.885,51.307,1.55,0
2026-07-27 21:46:59.910787,870,38.116,6.684,3.448,17.685,5.99,19.406,199.222,907.448,2132.91,58.174,211.251,233.571,225.858,49.655,1.632,0
2026-07-27 21:47:59.202212,870,38.154,6.443,3.752,17.473,5.741,19.693,205.559,897.142,2333.62,63.08,210.046,235.06,226.221,51.794,1.297,0
2026-07-27 21:49:03.989516,870,37.704,6.29,3.397,10.122,5.51,19.407,213.668,932.269,2241.116,64.215,211.022,235.903,224.498,50.218,1.49,0
2026-07-27 21:50:08.021116,870,38.037,6.725,3.333,18.82,5.734,20.014,197.643,957.127,2244.9,57.71,210.429,230.574,223.212,49.936,1.378,0
2026-07-27 21:51:09.379676,870,37.883,6.845,3.565,12.393,5.712,19.093,205.924,935.431,2097.996,60.633,208.671,227.745,225.602,49.939,1.325,0
2026-07-27 21:52:10.969202,870,38.211,6.893,2.892,22.234,5.915,19.432,199.65,889.656,2300.742,55.358,208.014,234.898,224.581,49.657,1.541,0
2026-07-27 21:53:12.660598,870,37.892,6.68,2.417,14.958,5.702,18.94,211.01,892.222,2101.391,50.623,208.682,233.209,224.515,49.764,1.374,0
2026-07-27 21:54:14.816534,870,38.124,7.062,3.876,18.298,5.559,20.001,206.602,883.703,2321.486,60.186,210.352,237.245,225.796,50.71,1.394,0
2026-07-27 21:55:15.403787,870,37.714,7.037,3.704,21.595,5.623,19.701,200.343,884.562,2154.995,59.91,209.341,233.622,225.746,51.111,1.481,0
2026-07-27 21:56:13.524978,870,38.433,6.705,2.401,16.18,5.365,20.166,202.413,923.876,2114.119,57.101,210.417,223.468,224.999,49.328,1.322,0
2026-07-27 21:57:22.276184,870,38.276,6.753,3.319,19.127,5.301,19.214,211.465,885.354,2306.887,64.727,209.319,238.071,224.284,50.152,1.687,0
2026-07-27 21:58:26.884713,870,38.601,6.769,3.396,15.977,5.845,21.11,203.86,898.634,2065.601,61.488,207.9,237.576,226.474,48.6,1.524,0
2026-07-27 21:59:29.487157,870,38.069,6.829,3.182,17.886,6.174,19.689,199.692,946.601,2236.226,51.807,210.518,231.967,225.271,49.273,1.414,0
2026-07-27 22:00:29.619695,870,37.973,6.899,2.963,16.751,5.329,19.894,209.089,908.742,2153.189,57.688,211.083,234.545,223.354,50.239,1.431,0
2026-07-27 22:01:29.844979,870,37.23,7.16,3.372,19.953,5.12,20.074,206.688,911.98,2309.078,60.45,209.797,232.274,224.642,50.106,1.567,0
2026-07-27 22:02:30.752043,870,38.479,6.572,3.016,19.204,5.152,19.503,204.691,916.261,2167.454,62.353,209.684,234.583,223.73,50.575,1.332,0
2026-07-27 22:03:38.033994,870,38.047,6.715,3.375,19.614,5.436,19.52,202.653,932.133,2217.3,61.473,211.136,237.213,224.741,50.075,1.284,0
2026-07-27 22:04:35.871616,870,37.872,6.846,2.713,18.616,5.384,19.445,206.75,908.56,2075.415,61.152,210.689,234.807,224.73,49.907,1.486,0
2026-07-27 22:05:37.469585,870,38.452,6.607,3.659,16.842,5.867,19.992,209.694,857.721,2212.291,63.086,211.514,236.804,222.891,48.577,1.545,0
2026-07-27 22:06:36.229143,870,38.421,6.691,4.203,19.809,5.949,19.276,199.853,917.232,2302.665,53.784,211.158,229.747,222.298,50.054,1.462,0
2026-07-27 22:07:32.991298,870,37.792,7.215,3.421,19.199,6.115,19.662,200.745,901.089,2344.225,59.22,209.221,229.47,225.069,50.02,1.325,0
2026-07-27 22:08:39.470005,870,38.187,7.046,3.759,15.462,6.012,20.005,206.921,972.26,2304.227,56.61,209.546,238.688,222.34,49.054,1.735,0
2026-07-27 22:09:39.460927,870,38.028,6.896,3.282,20.458,5.777,19.89,204.564,880.864,2327.153,66.35,210.031,235.239,225.071,49.897,1.338,0
2026-07-27 22:10:36.365322,870,38.629,6.771,4.177,20.193,5.28,18.062,204.948,937.345,2214.678,61.716,209.721,234.606,227.474,50.117,1.406,0
2026-07-27 22:11:37.885786,870,37.448,6.606,3.065,20.799,5.683,19.541,200.551,911.88,2195.405,61.774,209.418,241.885,226.69,50.643,1.48,0
2026-07-27 22:12:39.222528,870,38.73,6.975,2.606,19.526,5.396,19.025,208.791,990.913,2166.564,62.477,210.593,240.964,224.859,51.278,1.398,0
2026-07-27 22:13:36.299584,870,38.58,6.993,2.679,16.303,4.935,19.366,199.835,936.362,2121.419,59.306,210.221,236.137,225.795,48.961,1.551,0
2026-07-27 22:14:42.298894,870,37.788,6.639,2.957,18.56,5.591,20.093,211.705,969.309,2240.66,56.261,209.378,232.504,225.524,49.009,1.59,0
2026-07-27 22:15:48.699962,870,37.716,6.926,3.484,15.232,5.443,20.921,212.483,839.803,2237.484,59.906,208.695,235.121,226.057,49.033,1.408,0
2026-07-27 22:16:49.277631,870,38.22,6.466,3.247,20.003,5.241,18.967,213.515,915.317,2219.948,61.795,210.226,231.833,224.063,50.191,1.147,0
2026-07-27 22:17:54.353173,870,37.27,6.999,4.4,21.525,5.448,19.08,217.427,898.376,2258.214,68.166,209.257,235.306,226.89,49.119,1.456,0
2026-07-27 22:18:52.823033,870,38.13,6.56,3.525,23.439,6.177,19.597,202.504,942.58,2121.046,65.268,209.343,236.224,226.518,49.964,1.586,0
2026-07-27 22:19:51.357792,870,38.098,7.01,3.453,17.519,5.904,19.636,212.585,930.654,2188.592,56.471,209.004,240.592,224.756,50.311,1.515,0
2026-07-27 22:20:58.700833,870,38.286,6.998,3.47,14.162,6.159,18.923,201.305,938.255,2269.347,62.511,209.537,234.222,223.653,49.005,1.524,0
2026-07-27 22:22:00.911141,870,37.641,7.195,4.052,16.595,5.641,19.945,196.541,919.437,2104.687,63.392,209.307,235.568,223.324,50.072,1.377,0
2026-07-27 22:23:03.567481,870,39.335,6.98,2.555,16.621,5.104,18.984,197.943,948.432,2152.123,55.139,211.289,235.279,226.594,50.263,1.589,0
2026-07-27 22:24:00.617256,870,38.104,7.22,3.715,17.006,5.061,18.585,200.102,920.713,2261.833,58.299,209.692,238.619,227.019,48.877,1.46,0
2026-07-27 22:24:56.688731,870,38.652,6.613,2.936,22.661,5.206,18.848,195.275,901.788,2137.145,58.822,208.269,227.721,225.574,49.53,1.507,0
2026-07-27 22:26:02.184132,870,38.237,6.552,3.562,19.001,6.283,19.982,217.095,922.404,2195.855,54.847,210.103,240.323,225.083,49.211,1.574,0
2026-07-27 22:26:54.015930,870,38.474,6.839,3.231,21.888,5.657,19.382,203.729,956.476,2102.926,58.334,211.439,237.368,226.884,49.95,1.503,0
2026-07-27 22:27:57.795380,870,37.367,6.486,3.448,20.712,5.689,18.205,212.371,935.168,2146.634,59.218,209.899,231.253,224.436,49.268,1.528,0
2026-07-27 22:29:06.662385,870,38.973,7.374,3.649,20.471,5.599,19.774,212.774,930.898,2377.861,63.21,209.776,231.115,224.963,52.226,1.396,0
2026-07-27 22:30:07.619691,870,38.292,7.097,3.847,19.782,5.73,19.567,200.488,936.518,2139.979,58.687,208.04,229.754,224.933,50.326,1.386,0
2026-07-27 22:31:11.096039,870,38.255,6.639,3.649,17.364,5.253,20.2,205.673,926.988,2234.977,57.418,209.782,237.844,224.624,49.8,1.427,0
2026-07-27 22:32:12.470629,870,38.329,6.57,3.471,19.811,5.487,19.578,196.67,906.589,2227.572,58.003,209.178,239.229,225.514,50.075,1.561,0
2026-07-27 22:33:20.125748,870,38.261,6.799,3.647,23.612,5.03,19.64,207.417,923.26,2159.214,65.091,207.835,236.478,225.091,49.729,1.2,0
2026-07-27 22:34:28.265654,870,38.107,6.794,3.376,18.744,5.709,19.309,208.432,852.517,2235.265,62.932,208.75,239.018,224.314,49.702,1.389,0
2026-07-27 22:35:24.835877,870,37.88,6.457,3.678,19.385,5.754,19.2,215.09,846.911,2033.51,54.335,211.455,237.902,223.72,49.641,1.293,0
2026-07-27 22:36:28.421976,870,37.412,6.826,3.986,16.365,5.37,18.912,204.336,941.099,2331.174,60.395,211.12,229.546,226.59,49.811,1.497,0
2026-07-27 22:37:25.543532,870,38.938,6.853,4.308,17.794,4.984,18.803,210.062,886.878,2156.396,56.989,211.509,230.091,226.219,50.189,1.29,0
2026-07-27 22:38:29.010860,870,37.458,7.242,3.989,17.48,5.498,19.721,201.218,884.419,2119.09,53.746,210.049,235.853,227.609,49.243,1.317,0
2026-07-27 22:39:30.816141,870,38.563,6.887,4.123,22.618,5.877,18.899,214.577,925.528,2136.23,59.265,207.502,228.951,225.29,48.982,1.355,0
2026-07-27 22:40:33.546480,870,38.264,7.036,2.972,18.128,5.204,19.358,209.067,915.393,2102.109,66.209,210.347,230.867,225.894,50.557,1.46,0
2026-07-27 22:41:41.031265,870,37.646,6.937,3.865,19.081,5.305,20.479,196.633,926.321,2186.19,61.793,212.832,240.738,224.721,51.047,1.52,0
2026-07-27 22:42:37.381320,870,38.401,6.918,3.518,22.415,5.574,19.983,198.428,888.215,2232.977,58.319,208.533,238.092,225.872,49.865,1.378,0
2026-07-27 22:43:42.731652,870,37.784,6.653,2.994,20.271,5.621,19.717,205.562,932.358,2155.636,63.679,207.967,223.74,226.663,50.027,1.431,0
2026-07-27 22:44:38.155920,870,39.034,6.572,3.084,18.909,5.761,19.745,206.357,904.513,2174.514,62.609,208.755,230.332,223.809,49.932,1.612,0
2026-07-27 22:45:40.786844,870,37.976,6.877,3.95,19.204,6.039,19.121,202.078,955.962,2301.186,58.478,210.73,233.103,224.833,49.879,1.397,0
2026-07-27 22:46:43.464871,870,38.476,6.713,3.89,18.866,5.342,19.001,206.218,904.975,2172.039,64.852,207.421,229.64,225.554,50.688,1.514,0
2026-07-27 22:47:51.237835,870,37.748,6.593,2.844,21.16,5.254,19.999,192.055,932.737,2243.294,55.534,210.621,238.009,223.941,49.631,1.68,0
2026-07-27 22:48:50.842331,870,37.515,6.845,3.339,17.529,5.45,19.957,199.532,896.066,2067.67,65.382,209.474,228.248,223.517,50.612,1.484,0
2026-07-27 22:49:47.871616,870,37.977,6.567,2.751,18.0,5.27,18.429,199.867,977.31,2233.352,62.297,209.891,234.936,224.219,49.641,1.528,0
2026-07-27 22:50:57.176225,870,38.85,7.132,3.21,17.363,5.331,19.484,211.64,915.026,2193.572,60.65,210.549,234.434,224.816,49.77,1.607,0
2026-07-27 22:51:59.944853,870,37.171,6.683,3.058,21.218,5.556,19.055,199.922,927.501,2197.433,58.574,209.541,240.699,223.783,49.603,1.795,1
2026-07-27 22:52:56.538552,870,37.685,6.213,3.386,21.474,5.397,19.19,193.397,945.122,2086.685,52.034,209.835,231.387,225.285,49.052,1.616,0
2026-07-27 22:54:00.942227,870,37.979,7.026,3.792,18.72,5.927,18.897,209.633,910.891,2220.808,56.607,210.051,227.875,227.21,50.184,1.73,0
2026-07-27 22:55:02.166732,870,37.524,7.163,3.003,19.169,5.223,20.061,210.606,988.774,2214.084,59.927,211.227,234.714,226.156,50.358,1.322,0
2026-07-27 22:56:00.442701,870,37.396,6.764,2.895,22.435,5.563,18.723,195.753,947.874,2241.876,57.264,209.863,230.294,226.112,49.259,1.601,0
2026-07-27 22:57:03.387316,870,38.505,6.793,3.404,20.079,5.14,18.4,204.225,878.588,2295.822,56.382,208.041,237.584,222.972,50.161,1.516,0
2026-07-27 22:58:09.862230,870,37.64,6.709,3.396,16.705,5.685,19.175,196.027,931.556,2098.891,61.205,210.329,231.226,224.629,49.778,1.608,0
2026-07-27 22:59:09.809156,870,37.596,7.219,2.78,16.94,5.68,20.656,203.224,939.592,2208.478,54.735,210.694,237.328,226.716,49.858,1.599,0
2026-07-27 23:00:08.762227,870,37.69,6.77,3.676,19.227,6.186,20.139,202.757,940.418,2151.199,59.723,212.898,235.922,224.421,49.742,1.492,0
2026-07-27 23:01:07.358944,870,37.903,6.537,2.95,21.983,5.902,20.395,213.353,888.087,2327.2,55.657,210.199,235.917,224.615,50.092,1.403,0
2026-07-27 23:02:06.414993,870,38.26,6.657,4.081,19.864,5.107,20.174,211.939,912.141,2186.094,55.381,211.077,225.901,226.162,49.919,1.329,0
2026-07-27 23:03:03.461953,870,37.388,6.987,3.776,17.274,5.757,19.346,201.555,948.44,2284.703,65.019,210.089,238.552,225.503,49.971,1.475,0
2026-07-27 23:04:06.273723,870,37.888,7.053,4.026,21.454,5.542,19.458,207.526,903.018,2146.898,55.434,210.222,235.691,223.976,50.355,1.309,0
2026-07-27 23:05:10.337125,870,37.679,6.987,3.287,17.375,5.765,19.327,202.177,891.403,2181.033,51.229,211.525,237.449,223.242,50.345,1.473,0
2026-07-27 23:06:12.407241,870,37.333,6.717,4.169,18.506,5.367,18.714,208.148,892.204,2080.563,67.342,212.433,232.772,224.528,49.311,1.592,0
2026-07-27 23:07:13.985626,870,37.739,6.878,3.657,24.433,5.851,18.839,205.044,898.745,2255.625,57.429,210.653,233.401,225.816,50.605,1.404,0
2026-07-27 23:08:18.942876,870,38.459,6.511,3.872,17.416,5.586,19.921,202.348,861.661,2078.902,55.938,211.556,232.917,227.434,50.714,1.304,0
2026-07-27 23:09:16.483970,870,38.162,6.735,3.934,18.886,5.426,19.075,211.524,891.093,2199.948,63.137,206.89,234.133,223.595,49.618,1.597,0
2026-07-27 23:10:18.596683,870,38.37,6.619,3.8,19.402,5.279,19.544,204.158,930.266,2258.302,57.315,208.657,230.736,223.327,48.766,1.314,0
2026-07-27 23:11:22.090883,870,36.786,7.324,2.822,15.686,5.208,18.862,215.8,952.279,2216.318,58.295,209.255,233.005,226.882,49.188,1.401,0
2026-07-27 23:12:22.760392,870,37.639,6.677,3.244,21.008,5.339,19.284,201.725,907.226,2052.044,59.326,210.458,235.295,224.309,50.259,1.391,0
2026-07-27 23:13:25.834454,870,38.242,6.968,3.512,18.688,5.473,19.821,208.896,922.643,2176.308,61.686,208.701,231.584,226.336,49.7,1.463,0
2026-07-27 23:14:32.769351,870,37.792,7.092,3.018,19.474,5.868,18.5,199.284,917.113,2286.648,61.708,209.457,235.274,224.254,50.289,1.458,0
2026-07-27 23:15:31.653470,870,38.021,7.005,3.631,18.508,5.976,19.482,208.821,911.311,2238.653,65.558,210.129,246.669,227.5,51.242,1.494,0
2026-07-27 23:16:34.215266,870,38.027,6.667,3.006,15.843,5.258,19.856,214.984,884.613,2182.721,65.035,211.216,234.863,224.442,49.285,1.434,0
2026-07-27 23:17:34.584162,870,37.2,7.278,3.715,20.492,5.453,19.482,209.448,879.777,2127.723,60.279,210.171,239.325,225.702,49.88,1.356,0
2026-07-27 23:18:42.561428,870,37.768,6.685,3.976,21.698,5.317,18.924,215.372,955.041,2230.307,65.42,210.787,244.325,224.015,50.932,1.514,0
2026-07-27 23:19:39.142142,870,37.511,6.747,4.454,15.953,5.169,19.525,198.937,915.862,2169.389,64.268,209.742,240.961,225.838,49.64,1.24,0
2026-07-27 23:20:37.218343,870,38.154,7.2,3.316,18.824,5.64,18.682,208.923,938.478,2135.075,57.817,209.285,240.607,223.794,48.941,1.673,0
2026-07-27 23:21:41.540000,870,37.789,6.921,3.543,21.139,5.924,19.394,204.034,919.917,2183.162,63.786,211.79,237.106,223.027,50.026,1.488,0
2026-07-27 23:22:43.702409,870,37.346,6.82,3.275,17.952,5.845,18.928,198.241,957.875,2247.598,70.955,210.21,232.383,224.931,51.11,1.533,0
2026-07-27 23:23:42.568166,870,37.945,6.821,3.802,18.378,5.636,19.068,204.636,880.021,2154.136,58.084,208.583,239.236,224.653,50.555,1.788,0
2026-07-27 23:24:39.788668,870,38.772,6.403,3.398,19.438,5.668,20.623,212.619,911.301,2198.145,60.296,209.758,232.194,225.512,49.22,1.463,0
2026-07-27 23:25:40.806728,870,37.095,6.392,3.232,17.918,5.439,20.196,204.642,905.594,2179.453,50.135,211.203,244.419,224.099,49.444,1.406,0
2026-07-27 23:26:44.318727,870,38.526,6.925,4.418,19.465,5.616,19.775,208.704,895.247,2115.743,61.551,208.407,238.043,227.524,48.702,1.479,0
2026-07-27 23:27:40.567452,870,37.63,6.74,3.847,17.143,5.295,19.729,199.904,850.109,2178.265,62.781,208.853,227.905,225.394,50.319,1.572,0
2026-07-27 23:28:44.168607,870,37.982,6.615,2.747,19.226,6.1,19.761,210.311,919.829,2204.649,61.054,208.759,235.338,223.119,50.543,1.445,0
2026-07-27 23:29:45.363512,870,37.13,6.908,3.186,17.923,6.068,19.484,205.276,933.882,2209.088,61.834,210.392,237.417,224.235,50.088,1.36,0
2026-07-27 23:30:52.254100,870,38.13,6.54,3.536,19.004,5.4,19.364,204.648,962.656,2276.527,63.765,209.325,232.059,225.115,49.583,1.415,0
2026-07-27 23:31:56.353112,870,38.167,6.805,3.577,19.783,5.786,19.142,206.655,906.894,2215.355,56.914,208.437,236.9,224.617,50.112,1.448,0
2026-07-27 23:32:55.739844,870,38.94,6.653,2.56,16.885,5.691,19.539,218.439,883.876,2127.986,56.351,208.512,232.062,225.556,48.956,1.44,0
2026-07-27 23:34:03.743173,870,38.234,6.981,3.304,17.173,5.754,18.775,213.555,886.66,2243.349,62.77,211.295,237.392,224.677,49.729,1.364,0
2026-07-27 23:35:07.587291,870,37.017,6.735,4.198,18.666,5.419,19.578,199.268,896.263,2157.436,62.261,209.968,230.796,223.057,50.384,1.443,0
2026-07-27 23:36:17.803669,870,38.061,7.022,3.853,15.664,5.143,20.228,207.028,923.053,2136.023,58.033,210.44,237.962,223.117,50.436,1.351,0
2026-07-27 23:37:14.925954,870,38.134,6.708,3.807,17.289,5.952,19.873,202.856,888.811,2316.599,61.271,209.731,234.408,225.722,50.213,1.588,0
2026-07-27 23:38:17.493755,870,37.252,6.587,2.359,16.09,5.934,19.584,205.254,918.628,2222.573,59.138,208.3,233.148,223.715,48.732,1.532,0
2026-07-27 23:39:16.830049,870,36.841,6.808,2.457,18.375,5.523,18.552,202.336,885.173,2185.833,63.782,210.88,227.9,225.226,49.114,1.793,0
2026-07-27 23:40:15.479884,870,37.011,7.026,3.333,20.116,5.042,19.204,206.487,913.088,2162.768,62.696,209.298,234.847,224.008,49.587,1.397,0
2026-07-27 23:41:16.384502,870,38.125,6.571,2.964,20.83,5.242,20.914,214.127,978.827,2262.826,61.543,210.538,231.557,224.209,50.712,1.34,0
2026-07-27 23:42:16.333261,870,37.855,6.564,3.163,21.83,5.771,19.613,197.084,926.029,2302.439,57.663,209.464,232.22,223.311,49.737,1.464,0
2026-07-27 23:43:18.856011,870,38.51,6.612,3.114,18.968,5.582,18.952,203.008,888.569,2273.227,55.827,209.068,229.571,225.871,49.854,1.514,0
2026-07-27 23:44:21.840279,870,38.706,7.168,3.465,15.769,5.387,19.56,203.701,1002.416,2264.295,62.809,210.476,235.798,224.423,50.237,1.333,0
2026-07-27 23:45:23.278070,870,38.391,6.646,3.16,15.68,5.529,19.687,200.44,950.574,2229.981,70.671,209.427,236.273,227.404,49.933,1.537,0
2026-07-27 23:46:26.418922,870,38.425,7.062,4.16,19.538,5.437,19.5,202.203,939.093,2093.878,60.634,212.257,236.96,222.44,49.97,1.336,0
2026-07-27 23:47:31.388574,870,38.618,6.756,2.171,17.676,6.076,19.638,198.023,911.157,2170.497,55.391,211.399,231.828,223.434,49.355,1.49,0
2026-07-27 23:48:27.233068,870,38.205,6.68,3.637,16.475,5.016,19.033,210.524,942.499,2240.238,67.023,208.387,234.015,225.552,49.5,1.435,0
2026-07-27 23:49:24.064116,870,38.235,6.957,3.289,20.765,5.814,20.554,196.322,939.586,2167.799,66.081,210.104,233.883,223.754,50.094,1.681,0
2026-07-27 23:50:22.091413,870,36.915,6.787,3.571,22.315,5.514,19.374,218.198,889.799,2146.408,65.725,209.698,237.276,225.882,51.064,1.41,0
2026-07-27 23:51:19.729387,870,37.675,7.041,3.589,19.64,5.733,19.477,203.716,951.001,2183.81,58.829,209.144,232.478,224.526,49.384,1.486,0
2026-07-27 23:52:22.795547,870,37.403,6.641,3.004,20.708,5.578,19.285,199.578,944.624,2117.061,58.529,208.911,230.406,224.359,49.766,1.261,0
2026-07-27 23:53:29.112850,870,38.665,6.852,3.34,17.396,5.794,20.432,198.665,917.42,2071.94,58.007,209.456,235.021,224.967,50.185,1.385,0
2026-07-27 23:54:25.555004,870,37.455,6.553,3.676,17.539,5.817,19.299,208.57,901.537,2187.701,58.109,211.751,230.63,224.119,51.115,1.451,0
2026-07-27 23:55:20.554728,870,37.441,6.459,3.075,11.276,5.194,19.017,203.161,959.529,2235.216,60.747,210.532,231.542,225.822,50.599,1.547,0
2026-07-27 23:56:21.365858,870,37.801,6.676,3.708,21.144,5.66,19.93,217.368,906.512,2208.205,59.255,210.102,240.735,222.18,49.087,1.426,0
2026-07-27 23:57:22.716680,870,38.798,6.747,3.866,20.271,5.363,18.923,202.662,919.745,2335.037,60.29,208.383,230.598,222.457,49.683,1.564,0
2026-07-27 23:58:17.071148,870,38.925,6.713,2.686,18.572,5.055,18.653,211.169,885.74,2262.031,61.534,205.664,234.432,225.501,49.61,1.321,0
2026-07-27 23:59:27.603454,870,37.918,6.509,2.93,21.67,5.898,19.318,203.486,885.915,2230.973,58.773,208.726,235.184,226.686,49.176,1.473,0
2026-07-28 00:00:27.176902,870,38.212,6.73,2.208,19.618,6.14,19.379,200.151,973.601,2264.744,54.61,211.687,232.511,224.498,49.954,1.423,0
2026-07-28 00:01:32.770640,870,37.96,6.726,4.06,18.725,5.546,20.313,209.6,962.453,2052.141,55.807,209.477,236.597,226.206,51.052,1.476,0
2026-07-28 00:02:33.814511,870,38.303,7.133,3.029,21.326,5.265,18.764,213.712,954.027,2077.409,59.734,209.305,231.802,226.661,50.091,1.446,0
2026-07-28 00:03:34.735306,870,36.927,6.91,4.333,17.455,5.903,19.373,198.28,928.355,2227.003,60.582,210.869,234.812,226.475,50.145,1.564,0
2026-07-28 00:04:36.113083,870,38.635,6.4,3.24,17.447,5.299,19.197,196.115,877.06,2295.736,53.956,210.037,233.094,222.342,49.223,1.34,0
2026-07-28 00:05:40.560057,870,37.985,6.652,4.425,17.521,5.086,18.77,203.275,930.986,2079.57,59.133,209.097,239.93,225.553,50.668,1.315,0
2026-07-28 00:06:42.595358,870,37.698,6.926,3.316,15.793,5.24,18.972,186.646,932.77,2083.393,61.9,210.542,238.708,223.456,50.242,1.373,0
2026-07-28 00:07:45.318631,870,37.669,6.688,2.794,22.925,6.239,19.802,205.649,917.846,2251.51,63.366,210.643,232.41,224.966,50.217,1.394,0
2026-07-28 00:08:44.697337,870,38.204,6.627,3.417,16.277,5.968,20.522,198.34,939.112,2200.651,61.741,212.737,235.881,224.568,50.608,1.396,0
2026-07-28 00:09:48.264684,870,38.777,6.546,3.157,17.916,5.859,19.92,201.892,976.113,2212.175,63.684,211.569,232.161,224.761,49.57,1.664,0
2026-07-28 00:10:46.621345,870,38.733,6.811,3.251,19.339,5.471,20.343,204.903,902.398,2165.235,62.486,209.579,231.713,226.276,48.99,1.402,0
2026-07-28 00:11:50.728357,870,37.609,7.194,3.928,19.836,5.186,17.757,214.902,927.51,2136.741,53.31,209.987,237.687,223.32,50.162,1.716,0
2026-07-28 00:12:59.799096,870,38.38,6.597,3.775,20.021,5.43,19.361,206.537,888.361,2164.679,59.115,208.423,237.881,227.047,49.838,1.418,0
2026-07-28 00:14:01.202665,870,37.555,7.056,3.53,14.91,5.656,19.444,217.417,935.973,2188.864,62.574,209.751,231.601,225.262,49.716,1.534,0
2026-07-28 00:15:03.548061,870,37.618,6.894,3.235,15.42,6.083,20.137,211.082,912.12,2099.045,56.018,210.58,237.386,224.053,51.081,1.468,0
2026-07-28 00:15:59.947885,870,37.929,6.674,3.235,19.49,5.552,20.898,207.351,922.961,2098.723,62.701,209.957,229.297,223.858,50.767,1.359,0
2026-07-28 00:17:06.873045,870,38.236,6.908,3.706,22.27,5.629,19.763,217.812,895.197,2170.182,53.297,208.596,238.515,226.524,50.162,1.392,0
2026-07-28 00:18:05.363148,870,38.276,6.461,4.261,22.157,5.266,19.35,207.897,898.645,2321.408,65.463,209.225,237.824,222.544,49.294,1.56,0
2026-07-28 00:19:11.350675,870,38.113,6.946,3.949,21.296,5.232,19.123,206.831,842.641,2120.94,60.549,209.146,233.5,225.644,52.645,1.219,0
2026-07-28 00:20:08.988945,870,37.205,6.76,2.698,18.092,5.091,19.376,209.179,919.239,2211.62,55.272,210.72,233.996,225.522,50.335,1.434,0
2026-07-28 00:21:14.633236,870,38.319,6.783,3.871,17.489,4.801,18.686,219.948,908.383,2183.694,56.119,210.672,235.183,226.824,49.972,1.279,0
2026-07-28 00:22:14.115251,870,39.162,6.808,3.143,15.721,5.693,18.628,207.217,923.545,2123.605,61.148,210.1,232.997,224.302,49.562,1.56,0
2026-07-28 00:23:19.057840,870,38.331,7.004,3.336,19.836,6.371,19.663,204.823,918.11,2174.806,58.473,210.576,239.979,227.282,49.834,1.249,0
2026-07-28 00:24:20.427857,870,38.644,6.617,3.889,20.622,6.006,19.341,194.29,938.357,2200.044,67.206,209.634,240.495,227.142,49.351,1.255,0
2026-07-28 00:25:17.479585,870,38.362,6.304,3.448,19.15,5.759,19.17,207.349,969.661,2219.322,58.623,208.952,235.074,225.5,49.159,1.432,0
2026-07-28 00:26:23.386068,870,38.471,6.268,3.854,21.173,5.871,20.248,199.054,892.476,2167.819,60.877,209.702,236.835,225.55,49.851,1.395,0
2026-07-28 00:27:25.795067,870,37.233,6.717,3.28,20.209,5.637,21.453,194.685,940.036,2263.678,66.361,210.108,235.04,226.069,50.695,1.504,0
2026-07-28 00:28:22.156397,870,37.553,7.293,2.574,19.617,5.775,19.191,203.612,888.558,2162.767,61.694,210.297,236.13,224.639,49.944,1.406,0
2026-07-28 00:29:26.107881,870,38.657,6.714,3.099,18.506,5.853,18.928,214.148,905.644,2123.214,58.187,209.288,233.892,226.955,48.104,1.207,0
2026-07-28 00:30:28.620913,870,38.477,7.118,2.501,14.566,5.615,20.235,211.016,914.647,2334.786,58.086,207.931,230.499,226.474,51.122,1.065,0
2026-07-28 00:31:28.724990,870,37.837,6.642,3.609,18.557,5.022,18.83,209.552,941.465,2203.357,64.307,210.224,243.936,224.251,49.002,1.409,0
2026-07-28 00:32:29.054598,870,38.114,6.966,3.178,15.347,5.901,18.933,211.892,880.366,2134.934,66.411,207.76,244.252,225.835,49.355,1.734,0
2026-07-28 00:33:33.211271,870,38.529,6.663,3.236,18.509,5.371,19.842,194.438,877.824,2294.805,57.185,209.536,241.064,222.966,50.674,1.259,0
2026-07-28 00:34:31.667494,870,38.178,6.498,3.262,12.193,5.363,19.908,200.726,918.687,2085.299,57.436,208.056,241.505,223.136,50.424,1.717,0
2026-07-28 00:35:30.744578,870,38.55,6.804,3.843,17.941,5.514,19.473,206.693,824.628,2219.934,57.825,211.296,232.744,223.912,50.926,1.405,0
2026-07-28 00:36:32.101129,870,37.82,6.847,3.636,19.897,5.613,19.457,198.246,947.842,2078.609,61.084,210.909,225.156,223.34,50.544,1.373,0
2026-07-28 00:37:28.931740,870,38.609,6.849,1.817,14.746,5.871,20.599,207.26,937.769,2044.478,67.316,211.002,233.08,226.151,50.63,1.482,0
2026-07-28 00:38:30.701978,870,38.182,7.039,2.222,19.801,5.998,19.372,202.359,916.077,2155.92,63.59,208.497,230.544,225.768,49.472,1.496,0
2026-07-28 00:39:27.435953,870,37.482,6.92,3.916,16.465,5.716,20.238,214.37,939.066,2100.255,60.711,208.215,236.209,225.306,49.586,1.402,0
2026-07-28 00:40:30.544915,870,39.075,7.085,3.538,19.262,5.856,19.72,195.154,860.251,2334.174,61.005,212.52,231.577,224.561,50.199,1.352,0
2026-07-28 00:41:28.789034,870,39.138,7.083,3.297,18.061,5.613,20.463,193.686,936.779,2158.969,62.245,210.111,237.709,226.216,49.718,1.441,0
2026-07-28 00:42:28.683409,870,37.715,6.792,3.415,18.035,5.299,18.952,211.253,936.427,2169.687,53.38,207.699,240.427,227.002,50.123,1.38,0
2026-07-28 00:43:34.424914,870,37.795,6.402,3.468,21.452,6.044,19.41,206.024,862.913,2193.66,61.303,209.47,227.174,225.036,50.887,1.464,0
2026-07-28 00:44:34.841934,870,38.398,6.702,3.42,20.191,5.24,19.051,212.134,920.73,2201.989,69.736,208.904,230.535,225.687,50.54,1.359,0
2026-07-28 00:45:31.078142,870,37.929,6.909,3.759,14.016,5.226,18.818,199.339,905.896,2204.898,57.346,210.844,229.837,224.813,50.937,1.59,0
2026-07-28 00:46:33.811505,870,37.989,6.827,2.864,16.48,5.577,20.401,217.265,858.136,2257.078,50.591,208.623,224.504,224.124,49.885,1.325,0
2026-07-28 00:47:32.515137,870,38.761,7.181,3.234,17.254,5.554,19.51,209.847,910.098,2267.843,66.589,209.37,237.761,224.085,49.89,1.258,0
2026-07-28 00:48:35.176117,870,37.337,7.092,3.364,21.746,5.639,18.918,203.73,932.628,2188.894,57.98,210.774,230.378,223.937,50.657,1.528,0
2026-07-28 00:49:36.869143,870,37.681,6.94,3.485,17.48,6.117,19.388,204.996,851.553,2218.537,60.621,210.251,236.31,225.705,48.316,1.596,0
2026-07-28 00:50:39.968342,870,38.003,6.859,3.305,15.872,5.523,18.404,203.122,935.865,2283.106,63.267,209.422,230.058,226.269,50.827,1.434,0
2026-07-28 00:51:43.928557,870,38.076,6.734,3.312,17.677,5.301,19.414,200.076,953.249,2185.011,63.608,208.675,231.168,223.353,49.802,1.368,0
2026-07-28 00:52:41.629544,870,38.792,6.965,3.657,17.195,5.728,19.918,203.276,879.467,2171.132,66.481,210.279,234.039,223.093,49.686,1.349,0
2026-07-28 00:53:42.755518,870,38.544,6.791,3.915,17.119,6.126,20.444,206.281,873.039,2160.913,62.374,207.709,234.508,224.661,49.369,1.351,0
2026-07-28 00:54:49.812451,870,37.637,6.554,3.517,18.607,5.882,17.749,204.03,948.936,2139.741,61.686,210.37,233.825,225.535,50.167,1.529,0
2026-07-28 00:55:48.647946,870,38.224,7.055,2.768,20.271,5.639,19.142,195.061,904.908,2224.174,64.293,210.002,235.085,225.638,50.533,1.612,0
2026-07-28 00:56:47.988404,870,37.675,6.374,3.177,19.865,5.566,19.816,210.492,952.236,2296.83,54.229,209.57,237.902,225.866,50.154,1.463,0
2026-07-28 00:57:46.229100,870,38.782,6.646,2.579,22.22,5.878,19.763,189.647,918.292,2172.352,66.782,208.756,237.093,223.652,49.002,1.349,0
2026-07-28 00:58:48.718344,870,37.797,6.71,3.697,19.61,5.213,19.123,193.793,877.487,2244.019,46.37,210.388,234.257,223.345,50.944,1.346,0
2026-07-28 00:59:48.723863,870,37.462,6.592,3.279,19.872,5.465,19.57,207.983,880.758,2272.559,60.353,210.258,234.035,225.345,48.732,1.372,0
2026-07-28 01:00:45.674349,870,38.606,6.597,3.9,19.024,5.311,19.259,203.322,979.6,2298.738,61.065,208.923,235.386,223.401,50.344,1.447,0
2026-07-28 01:01:48.073144,870,37.003,6.838,3.558,17.038,6.109,19.527,209.465,865.218,2257.054,62.619,207.081,235.133,225.056,49.446,1.392,0
2026-07-28 01:02:48.129646,870,37.701,6.694,3.628,17.234,6.253,20.341,203.702,905.898,2224.13,49.264,210.029,232.337,225.943,49.48,1.389,0
2026-07-28 01:03:48.549559,870,36.588,6.908,2.751,15.969,6.03,20.029,213.809,891.855,2167.234,54.748,211.332,239.986,222.566,48.695,1.32,0
2026-07-28 01:04:50.590688,870,38.294,6.819,2.925,14.277,5.529,18.841,199.329,857.291,2149.029,62.678,209.587,235.489,225.178,48.971,1.285,0
2026-07-28 01:05:54.305763,870,37.486,6.815,3.268,19.831,5.117,18.945,207.831,934.267,2213.562,65.974,209.556,235.323,223.227,51.02,1.546,0
2026-07-28 01:06:58.239517,870,38.716,6.934,3.153,19.139,5.651,19.895,213.453,890.221,2233.115,58.291,210.249,230.175,225.816,49.989,1.418,0
2026-07-28 01:07:56.342307,870,38.621,6.587,3.247,15.645,5.408,18.642,207.525,935.435,2082.992,58.051,208.966,230.632,226.234,49.924,1.446,0
2026-07-28 01:09:00.208822,870,37.699,6.359,2.894,19.247,5.595,19.697,210.484,914.709,2250.857,58.423,209.653,229.919,224.377,50.011,1.628,0
2026-07-28 01:10:06.761348,870,39.209,6.959,3.671,19.179,5.64,19.936,207.112,936.45,2121.012,64.373,211.189,235.208,224.765,50.585,1.161,0
2026-07-28 01:11:04.444333,870,37.497,6.758,3.304,20.15,6.023,19.191,209.948,848.254,2259.114,66.303,210.225,235.619,224.086,50.014,1.368,0
2026-07-28 01:12:05.789229,870,37.4,6.906,3.897,17.577,5.638,19.438,198.169,907.858,2187.403,59.966,212.012,232.579,224.533,50.143,1.349,0
2026-07-28 01:13:01.799181,870,37.712,6.209,2.678,16.811,5.71,20.05,206.709,945.613,2230.996,61.274,210.196,231.192,226.246,50.131,1.486,0
2026-07-28 01:14:00.370227,870,38.081,6.669,4.128,16.945,6.019,21.027,203.65,901.913,2260.719,57.914,210.709,234.786,225.382,49.913,1.232,0
2026-07-28 01:15:04.802444,870,38.397,6.759,3.335,20.41,5.7,19.887,203.084,908.545,2233.761,59.907,209.357,239.416,226.517,49.679,1.658,0
2026-07-28 01:16:03.686023,870,38.868,6.831,2.975,20.605,5.438,19.592,193.305,881.949,2160.967,61.738,209.671,233.097,222.578,50.481,1.25,0
2026-07-28 01:17:09.384958,870,38.08,7.026,3.268,16.456,5.261,18.732,209.75,912.398,2303.884,63.69,210.198,235.545,225.864,49.535,1.481,0
2026-07-28 01:18:06.939067,870,37.818,6.66,2.974,18.547,5.732,18.223,209.651,884.072,2185.496,56.899,211.448,234.37,225.256,50.788,1.338,0
2026-07-28 01:19:05.002302,870,37.97,6.337,3.263,17.596,5.838,19.28,211.629,909.309,2146.885,63.242,209.8,232.433,225.768,50.675,1.616,0
2026-07-28 01:20:00.613979,870,38.403,6.592,3.922,17.153,5.727,20.13,202.336,889.65,2232.529,55.971,211.063,233.889,224.287,50.688,1.511,0
2026-07-28 01:21:02.809809,870,37.465,6.724,3.237,19.468,5.744,19.743,198.969,950.841,2145.156,50.663,211.484,240.503,222.79,49.315,1.334,0
2026-07-28 01:22:07.088833,870,37.634,6.889,3.455,18.844,6.156,19.979,210.678,946.005,2109.639,64.136,212.346,233.534,222.849,50.815,1.442,0
2026-07-28 01:23:16.389265,870,39.034,6.876,3.203,12.76,5.667,19.693,201.366,883.419,2154.147,61.579,210.203,236.941,224.921,50.591,1.612,0
2026-07-28 01:24:18.731444,870,37.554,6.542,3.282,19.011,5.564,19.833,201.972,991.742,2200.294,66.713,210.469,234.695,225.796,48.942,1.442,0
2026-07-28 01:25:19.416197,870,37.33,7.019,3.198,22.002,5.994,19.317,206.774,927.33,2151.298,55.734,209.356,237.082,224.549,49.652,1.225,0
2026-07-28 01:26:20.293028,870,38.924,6.46,2.77,18.554,5.611,20.053,199.133,928.396,2177.922,63.752,210.405,230.218,225.311,51.367,1.526,0
2026-07-28 01:27:21.438931,870,38.227,7.348,4.3,21.883,5.546,20.181,200.869,963.067,2045.961,58.626,210.602,236.463,225.748,49.846,1.601,0
2026-07-28 01:28:24.946296,870,38.686,6.751,3.566,19.214,5.847,19.709,204.433,932.559,2288.71,64.807,209.828,237.255,222.476,51.085,1.308,0
2026-07-28 01:29:27.707534,870,37.149,6.539,4.29,23.262,5.351,19.563,212.534,893.094,2205.617,60.772,208.419,232.472,224.287,50.75,1.428,0
2026-07-28 01:30:29.329283,870,38.815,6.7,3.718,23.3,5.11,18.26,200.711,866.949,2145.251,58.901,209.57,230.462,225.876,49.478,1.329,0
2026-07-28 01:31:34.897507,870,36.062,6.58,2.509,23.297,5.866,19.429,203.051,806.787,2292.232,56.612,206.98,244.049,227.642,50.358,1.313,0
2026-07-28 01:32:42.411302,870,37.98,6.595,3.583,20.138,6.17,19.428,214.005,982.223,2100.32,61.757,209.865,238.75,225.911,49.937,1.398,0
2026-07-28 01:33:43.875583,870,38.947,6.96,3.388,19.08,6.205,19.625,205.558,925.579,2131.611,60.25,208.693,238.26,223.682,48.854,1.17,0
2026-07-28 01:34:46.038640,870,38.74,7.029,3.276,15.52,5.408,20.369,206.92,929.313,2163.952,57.978,210.481,239.858,226.451,49.694,1.387,0
2026-07-28 01:35:50.857069,870,38.48,6.719,3.239,15.233,5.561,19.444,208.802,936.606,2150.269,64.398,212.718,240.754,224.703,50.661,1.38,0
2026-07-28 01:36:56.903133,870,38.901,6.755,4.054,21.849,5.043,21.149,201.539,901.687,2166.796,62.689,211.124,232.634,224.597,49.878,1.252,0
2026-07-28 01:38:00.331837,870,37.939,6.527,2.839,16.46,5.544,19.499,213.296,933.864,2242.273,52.562,209.139,237.969,223.353,49.272,1.497,0
2026-07-28 01:39:02.490695,870,37.349,7.031,3.264,22.181,6.514,20.006,208.218,876.344,2264.775,57.407,211.334,231.905,227.263,50.779,1.618,0
2026-07-28 01:40:03.352751,870,37.748,6.681,3.637,16.721,5.438,19.495,205.025,923.439,2270.814,62.172,210.37,232.576,223.404,49.927,1.703,0
2026-07-28 01:41:03.815673,870,37.287,7.012,3.076,13.545,6.198,18.61,203.204,943.274,2297.145,57.528,210.752,235.111,224.496,50.972,1.477,0
2026-07-28 01:41:58.359023,870,37.875,6.841,3.492,16.442,5.187,19.537,199.37,890.807,2149.343,55.63,209.776,230.141,224.491,49.262,1.283,0
2026-07-28 01:42:59.404984,870,37.204,6.685,3.943,15.114,5.671,19.021,205.087,1007.951,2229.709,54.667,211.213,242.522,224.707,51.186,1.523,0
2026-07-28 01:43:58.304674,870,38.493,6.554,3.706,21.988,5.649,20.166,205.487,877.147,2148.983,55.35,209.019,234.025,226.295,50.342,1.552,0
2026-07-28 01:44:57.068912,870,36.983,7.175,2.432,17.846,5.91,19.377,202.707,936.812,2147.403,62.074,207.802,233.944,224.576,50.523,1.386,0
2026-07-28 01:45:53.952634,870,37.778,6.909,3.016,17.771,5.477,18.875,211.046,918.565,2094.41,58.717,209.268,237.713,226.33,50.432,1.566,0
2026-07-28 01:46:57.908330,870,37.626,6.789,2.958,17.238,5.035,20.167,205.418,962.587,2308.025,53.332,210.402,233.706,225.246,49.89,1.327,0
2026-07-28 01:48:03.097956,870,37.803,7.032,3.719,18.447,6.066,19.993,208.682,910.739,2288.943,56.642,209.321,233.5,225.262,49.122,1.377,0
2026-07-28 01:48:56.541869,870,37.867,6.84,3.148,19.186,5.32,20.457,204.388,889.623,2360.72,58.091,210.99,232.912,225.971,49.226,1.297,0
2026-07-28 01:49:57.374716,870,38.86,6.713,3.42,17.146,5.298,20.041,209.78,946.587,2257.428,61.667,210.239,237.452,225.054,50.692,1.412,0
2026-07-28 01:50:59.415399,870,37.761,6.472,3.121,14.596,5.42,19.708,204.525,894.916,2231.794,55.23,209.389,231.353,225.223,49.936,1.497,0
2026-07-28 01:52:04.845319,870,37.372,6.511,3.326,14.723,5.242,19.661,208.213,945.22,2167.941,52.425,210.065,232.117,226.429,50.525,1.405,0
2026-07-28 01:53:04.747441,870,38.242,6.98,4.296,16.224,5.307,19.779,195.026,879.595,2280.979,60.638,206.236,233.58,223.621,50.198,1.563,0
2026-07-28 01:54:02.379987,870,37.942,6.668,4.561,14.922,5.574,18.491,202.585,897.883,2230.717,61.199,210.74,234.666,225.587,50.008,1.394,0
2026-07-28 01:55:00.420196,870,37.92,6.588,3.533,21.603,5.885,18.868,204.351,891.416,2111.599,65.301,210.285,235.173,227.816,50.096,1.751,0
2026-07-28 01:56:08.208287,870,37.811,6.953,2.895,17.389,5.525,19.418,209.319,875.418,2208.683,64.632,209.026,232.255,224.427,50.793,1.601,0
2026-07-28 01:57:16.219276,870,37.798,6.719,3.511,14.339,5.222,19.386,204.039,879.801,2106.412,56.968,211.152,232.58,226.187,49.408,1.494,0
2026-07-28 01:58:18.144986,870,38.065,6.693,4.164,19.5,5.151,18.837,202.178,965.573,2225.905,62.675,209.423,238.0,224.031,49.856,1.528,0
2026-07-28 01:59:23.591486,870,37.567,6.489,3.529,16.683,5.917,17.794,207.587,985.721,2266.132,62.731,210.19,236.868,225.163,50.53,1.795,0
2026-07-28 02:00:26.425360,870,38.406,6.535,2.565,20.889,5.314,19.498,203.264,862.086,2177.962,56.202,209.572,238.188,224.023,48.255,1.462,0
2026-07-28 02:01:24.365838,870,39.305,6.796,3.317,16.838,5.755,19.348,212.598,958.41,2147.991,60.52,207.905,234.043,226.584,50.212,1.507,0
2026-07-28 02:02:23.997727,870,37.648,6.774,2.741,17.509,5.489,18.808,207.575,933.398,2337.32,58.73,209.599,237.222,225.611,49.46,1.425,0
2026-07-28 02:03:22.733866,870,37.932,6.712,2.923,23.886,5.743,18.889,205.241,920.2,2220.73,59.659,207.848,232.003,222.507,50.394,1.343,0
2026-07-28 02:04:23.532487,870,38.279,7.139,3.337,18.733,5.809,19.168,200.432,876.494,2242.076,58.462,210.048,234.407,225.269,48.866,1.374,0
2026-07-28 02:05:27.698414,870,38.458,6.789,2.979,18.542,5.711,18.474,197.631,953.393,2225.567,65.76,210.093,238.421,225.222,50.59,1.423,0
2026-07-28 02:06:29.062328,870,38.301,6.873,3.639,18.8,5.441,20.864,202.555,863.195,2270.735,64.043,210.494,235.309,225.487,48.914,1.444,0
2026-07-28 02:07:31.189649,870,37.474,6.515,3.876,16.971,5.608,19.543,208.352,914.124,2252.287,64.099,209.098,238.743,227.152,49.399,1.48,0
2026-07-28 02:08:28.807548,870,37.076,6.755,2.764,23.516,5.478,18.978,208.226,895.953,2186.255,65.439,208.749,233.899,224.14,50.056,1.572,0
2026-07-28 02:09:31.335067,870,37.185,6.741,3.883,16.363,5.94,20.549,207.743,912.325,2085.404,57.382,210.421,234.551,225.468,49.347,1.578,0
2026-07-28 02:10:36.561551,870,38.412,6.671,3.823,21.525,5.759,19.567,203.772,961.65,2161.623,59.124,207.292,239.369,221.781,49.953,1.729,0
2026-07-28 02:11:36.531034,870,37.77,7.256,3.442,17.633,5.113,18.659,210.572,858.692,2207.858,62.143,210.205,226.775,226.574,49.23,1.25,0
2026-07-28 02:12:31.231517,870,37.612,6.749,3.562,17.408,5.865,18.535,202.478,878.769,2277.162,56.266,211.368,239.159,223.093,49.687,1.48,0
2026-07-28 02:13:27.437267,870,37.786,6.852,3.704,17.038,5.713,20.249,198.629,906.663,2310.162,64.87,209.463,236.095,223.96,50.521,1.59,0
2026-07-28 02:14:24.180366,870,38.311,6.919,3.919,13.619,4.935,19.236,200.681,951.407,2184.332,57.59,211.323,235.567,224.995,50.185,1.383,0
2026-07-28 02:15:27.553226,870,38.884,6.759,2.56,17.52,5.38,18.718,206.074,937.115,2336.348,52.047,210.395,228.073,225.557,50.975,1.389,0
2026-07-28 02:16:26.838207,870,37.613,6.788,3.857,20.476,5.933,18.934,205.283,974.739,2238.71,58.185,211.518,231.982,223.81,49.773,1.64,0
2026-07-28 02:17:28.774923,870,37.418,6.97,3.961,18.393,5.673,18.813,213.37,924.967,2218.813,58.289,210.653,238.246,227.01,50.586,1.657,0
2026-07-28 02:18:28.745609,870,38.189,6.495,3.512,15.74,5.991,20.037,211.14,930.15,2221.829,61.577,209.617,236.33,224.721,50.388,1.444,0
2026-07-28 02:19:34.888995,870,38.171,7.137,3.825,19.97,5.772,19.39,198.448,900.452,2257.11,50.023,209.914,232.601,226.432,51.433,1.433,0
2026-07-28 02:20:39.896696,870,37.711,6.877,2.41,18.231,5.7,19.316,201.518,832.225,2208.094,60.739,209.258,236.67,223.849,51.992,1.516,0
2026-07-28 02:21:42.552960,870,38.384,7.125,3.828,17.833,5.773,20.077,204.938,968.674,2206.963,60.804,209.01,232.947,228.728,50.356,1.307,0
2026-07-28 02:22:44.488571,870,38.189,6.939,2.8,14.665,5.486,18.965,197.458,928.99,2269.283,66.306,210.541,232.973,224.947,49.543,1.49,0
2026-07-28 02:23:48.447317,870,37.452,6.405,3.895,16.976,5.914,19.447,202.138,917.474,2284.285,58.282,209.885,245.738,224.941,49.57,1.222,0
2026-07-28 02:24:45.074672,870,37.873,6.602,4.39,18.201,5.639,20.203,207.869,894.499,2205.358,61.051,209.099,232.689,225.473,50.623,1.302,0
2026-07-28 02:25:46.532458,870,38.601,6.706,4.239,18.159,5.671,19.275,207.624,968.108,2198.683,58.955,211.388,223.522,224.771,49.657,1.331,0
2026-07-28 02:26:44.626032,870,38.526,6.469,4.188,20.527,6.01,18.905,207.549,873.057,2146.066,59.963,210.552,232.432,226.087,50.163,1.519,0
2026-07-28 02:27:53.935344,870,38.11,6.754,3.288,13.834,5.873,18.584,205.155,883.709,2178.354,57.369,206.811,228.372,225.243,49.2,1.442,1
2026-07-28 02:28:51.239639,870,39.391,6.531,3.964,16.359,5.741,19.285,213.295,905.135,2284.299,69.505,210.688,231.561,224.514,49.844,1.461,0
2026-07-28 02:29:53.281673,870,38.19,6.725,3.291,17.677,5.407,20.323,196.989,936.997,2207.605,58.656,209.099,233.269,224.867,49.87,1.476,0
2026-07-28 02:30:57.397489,870,38.181,6.601,4.125,19.549,5.474,18.661,210.702,912.369,2267.514,59.863,211.218,229.909,224.118,49.826,1.561,0
2026-07-28 02:31:58.804055,870,37.837,6.75,3.648,18.631,5.604,19.453,207.736,940.045,2155.2,64.234,211.014,241.53,224.665,50.869,1.483,0
2026-07-28 02:33:00.503855,870,37.9,7.054,2.206,17.996,5.084,18.2,206.208,944.734,2223.536,57.418,211.381,233.845,222.042,50.315,1.57,0
2026-07-28 02:34:00.682629,870,38.277,6.627,3.821,20.899,5.803,19.88,205.096,912.206,2243.218,66.645,210.797,236.597,223.258,50.553,1.528,0
2026-07-28 02:34:58.907357,870,37.668,6.839,2.636,27.403,5.489,18.987,205.497,958.495,2319.806,61.507,211.446,230.914,225.022,50.273,1.278,0
2026-07-28 02:35:59.420161,870,38.395,6.594,4.344,18.018,5.702,19.96,193.264,879.737,2067.919,61.961,207.343,233.103,224.913,49.061,1.542,0
2026-07-28 02:37:05.581073,870,38.405,6.911,3.817,21.976,5.413,19.833,203.116,906.124,2272.432,60.581,208.034,234.721,226.646,50.437,1.228,0
2026-07-28 02:38:10.032176,870,37.225,6.649,3.336,22.805,6.064,19.055,209.356,919.401,2210.904,60.744,211.094,231.895,226.042,49.385,1.46,0
2026-07-28 02:39:12.339907,870,37.176,6.884,4.289,17.029,5.197,19.091,196.405,945.01,2207.302,59.23,208.358,237.369,225.451,49.549,1.305,0
2026-07-28 02:40:20.088819,870,37.842,6.371,3.519,18.919,4.844,19.643,211.525,963.173,2068.528,63.804,209.564,232.2,224.133,49.568,1.462,0
2026-07-28 02:41:29.829144,870,38.974,6.498,2.955,13.814,5.907,19.082,207.766,897.618,2099.139,53.786,211.053,232.694,225.715,51.225,1.341,0
2026-07-28 02:42:33.108011,870,39.021,6.904,3.539,17.688,5.134,19.372,215.12,928.184,2238.603,63.823,213.045,239.722,224.392,50.149,1.404,0
2026-07-28 02:43:32.552837,870,35.859,7.069,4.27,19.997,5.304,20.844,203.445,888.775,2306.289,61.927,210.367,240.203,224.802,50.208,1.467,0
2026-07-28 02:44:33.554392,870,38.134,7.007,3.64,17.674,4.997,18.765,205.09,910.704,2218.186,68.788,210.123,241.09,222.474,50.981,1.512,0
2026-07-28 02:45:35.009476,870,38.018,6.845,2.448,18.881,5.93,20.789,203.359,934.555,2308.247,64.048,207.544,241.017,225.13,49.611,1.427,0
2026-07-28 02:46:30.309323,870,37.478,6.651,3.555,19.694,5.838,20.17,197.198,936.964,2003.566,55.932,210.468,233.159,224.845,50.983,1.505,0
2026-07-28 02:47:31.637273,870,37.912,6.517,3.638,19.185,5.874,19.311,206.222,927.256,2085.8,61.476,209.966,236.376,225.39,49.662,1.679,0
2026-07-28 02:48:29.275335,870,37.626,6.757,3.472,19.105,5.969,19.094,208.738,901.049,2078.805,67.08,211.093,233.258,224.896,49.9,1.32,0
2026-07-28 02:49:28.073649,870,37.879,6.556,2.109,19.16,5.839,19.139,217.233,917.055,2276.268,59.734,210.67,237.774,222.871,49.646,1.383,0
2026-07-28 02:50:29.694121,870,37.904,6.688,3.012,19.386,5.491,20.856,204.335,906.104,2239.665,57.529,211.153,242.08,225.978,49.54,1.556,0
2026-07-28 02:51:31.998572,870,37.391,6.891,3.657,18.929,5.655,18.977,199.439,922.821,2201.891,64.389,208.7,237.823,225.102,49.903,1.452,0
2026-07-28 02:52:29.790581,870,37.872,6.66,4.185,16.86,5.841,18.853,203.512,905.122,2268.967,60.195,210.956,241.014,226.506,50.684,1.65,0
2026-07-28 02:53:23.467536,870,37.853,6.694,2.944,15.716,5.72,19.189,202.602,899.338,2183.15,57.922,209.284,231.681,222.327,51.476,1.434,0
2026-07-28 02:54:24.770322,870,38.377,6.744,2.997,18.551,5.383,18.887,215.463,902.36,2292.244,54.596,208.665,233.545,224.695,48.653,1.364,0
2026-07-28 02:55:26.179112,870,38.094,6.888,2.964,16.937,5.615,19.448,200.989,926.832,2314.731,62.369,209.591,238.594,226.454,50.932,1.348,0
2026-07-28 02:56:36.562139,870,38.433,6.718,3.696,21.92,5.642,19.335,210.799,899.325,2079.351,54.23,210.017,236.617,223.295,50.086,1.579,0
2026-07-28 02:57:37.699458,870,38.26,7.058,3.697,14.482,5.881,19.099,206.87,882.903,2252.647,63.849,210.234,228.418,226.306,49.859,1.526,0
2026-07-28 02:58:40.427664,870,38.765,6.963,3.7,17.301,5.675,19.169,212.011,944.455,2250.616,61.747,208.468,241.549,226.546,49.945,1.27,0
2026-07-28 02:59:39.996006,870,37.833,7.061,3.183,20.22,5.68,19.521,202.839,894.139,2122.056,56.075,211.443,233.959,225.62,50.918,1.4,0
2026-07-28 03:00:38.534231,870,38.506,6.876,3.088,15.202,5.373,20.197,197.953,902.998,2097.836,64.993,210.967,231.257,224.004,50.504,1.485,0
2026-07-28 03:01:44.345675,870,38.041,7.135,3.693,16.693,5.727,18.84,216.788,897.533,2193.781,59.475,211.34,232.09,223.873,49.571,1.441,0
2026-07-28 03:02:40.541781,870,38.839,6.835,4.109,17.632,5.484,20.107,207.93,916.785,2222.313,57.196,211.971,235.54,225.149,50.535,1.545,0
2026-07-28 03:03:41.019571,870,38.201,6.905,3.528,22.766,5.768,20.281,214.898,928.614,2248.385,54.896,209.366,233.592,225.962,49.918,1.198,0
2026-07-28 03:04:49.554296,870,37.474,6.437,3.615,17.433,5.557,19.876,215.338,905.367,2296.696,56.036,211.671,239.118,227.443,49.548,1.401,0
2026-07-28 03:05:53.552339,870,37.967,6.877,2.982,19.567,5.358,20.453,201.766,934.909,2206.912,61.322,209.397,237.9,225.702,49.139,1.234,0
2026-07-28 03:06:57.546589,870,37.891,6.928,2.845,18.042,5.532,20.173,208.603,908.185,2215.931,59.203,210.365,233.506,224.021,49.349,1.52,0
2026-07-28 03:07:57.483623,870,37.549,6.883,3.698,17.464,5.437,18.628,209.5,928.086,2371.556,59.664,211.003,232.873,226.547,50.22,1.582,0
2026-07-28 03:08:55.735356,870,37.743,6.981,3.2,21.663,5.476,18.42,205.236,960.893,2224.216,58.905,209.97,243.968,227.167,49.605,1.411,0
2026-07-28 03:09:57.106844,870,36.85,6.865,3.406,15.871,5.572,18.826,210.259,906.467,2161.894,68.451,210.952,235.666,225.523,50.311,1.333,0
2026-07-28 03:10:55.000267,870,37.676,6.771,3.818,18.645,5.588,19.814,212.443,928.665,2251.155,65.022,209.039,240.463,225.778,50.725,1.451,0
2026-07-28 03:11:59.757287,870,38.375,7.082,3.653,18.895,5.144,19.48,200.806,957.046,2168.628,67.484,210.077,237.758,226.12,49.778,1.591,0
2026-07-28 03:12:59.269198,870,38.306,6.554,3.119,21.554,5.975,19.565,215.508,896.822,2169.376,58.319,210.764,238.735,221.559,49.83,1.411,0
2026-07-28 03:13:58.292922,870,37.718,6.963,3.771,17.992,5.45,19.944,206.3,874.183,2128.203,63.553,210.384,230.962,225.249,48.979,1.36,0
2026-07-28 03:15:07.117005,870,38.201,6.787,3.895,15.038,6.079,18.774,204.484,918.804,2223.167,57.626,208.371,233.881,224.737,50.847,1.516,0
2026-07-28 03:16:10.466206,870,38.697,6.886,4.121,15.449,5.749,18.975,203.246,933.137,2300.748,50.835,209.33,237.477,223.793,50.677,1.53,0
2026-07-28 03:17:07.414743,870,37.595,6.677,3.271,16.174,5.261,18.352,197.739,937.681,2235.0,55.772,209.483,229.794,225.553,49.887,1.391,0
2026-07-28 03:18:09.531724,870,37.198,6.925,3.323,20.547,5.335,20.616,214.292,915.196,2251.784,66.545,210.433,233.362,225.467,49.75,1.583,0
2026-07-28 03:19:09.699637,870,38.011,6.578,2.94,17.547,5.697,19.673,204.447,922.38,2254.491,61.705,212.093,234.623,225.535,49.896,1.429,0
2026-07-28 03:20:07.585909,870,38.736,6.707,3.809,19.867,5.306,19.993,198.303,909.146,2305.913,65.194,208.357,231.847,225.561,50.123,1.193,0
2026-07-28 03:21:06.300510,870,38.702,6.851,3.857,22.614,5.925,19.291,210.483,935.306,2150.213,55.323,208.855,229.458,225.698,50.319,1.381,0
2026-07-28 03:22:10.633340,870,37.893,6.616,3.466,20.281,5.771,20.059,198.59,924.318,2160.198,60.122,211.888,238.982,225.486,49.958,1.368,0
2026-07-28 03:23:12.574305,870,38.41,7.029,4.205,20.56,6.281,18.688,202.495,895.942,2228.129,59.503,211.127,235.682,224.843,49.968,1.291,0
2026-07-28 03:24:13.567699,870,37.989,7.022,3.597,19.201,5.746,19.793,205.647,962.825,2203.541,51.975,210.226,243.758,223.727,50.544,1.523,0
2026-07-28 03:25:09.856724,870,39.091,6.665,3.027,16.208,5.321,19.382,192.084,940.699,2148.206,65.967,210.516,237.356,228.159,50.396,1.3,0
2026-07-28 03:26:16.158621,870,38.302,6.949,3.485,23.398,5.82,19.692,209.299,890.207,2217.863,63.047,210.763,236.396,226.282,51.236,1.448,0
2026-07-28 03:27:11.984792,870,37.148,6.678,3.315,16.938,5.629,19.446,206.797,894.268,2055.13,58.068,210.239,234.498,226.151,50.705,1.106,0
2026-07-28 03:28:11.097496,870,37.786,7.13,3.67,20.718,5.61,19.728,198.408,904.605,2272.728,65.711,210.118,233.199,225.613,49.148,1.402,0
2026-07-28 03:29:05.456602,870,38.042,6.306,4.7,20.814,5.75,18.356,218.717,1000.851,2145.794,54.238,211.621,241.085,226.2,49.914,1.414,0
2026-07-28 03:30:08.259700,870,37.466,6.972,4.164,15.315,5.346,19.043,200.941,856.5,2062.55,60.502,208.05,237.474,225.095,49.783,1.515,0
2026-07-28 03:31:06.929570,870,38.134,6.985,3.988,14.917,5.751,19.886,192.465,996.336,2273.669,59.593,211.493,235.506,225.904,49.336,1.552,0
2026-07-28 03:32:09.818357,870,37.721,6.651,2.733,19.813,5.782,20.592,203.137,911.675,2209.746,58.583,208.478,237.46,222.524,50.054,1.355,0
2026-07-28 03:33:09.867929,870,38.361,6.887,4.11,16.113,5.699,19.014,201.31,895.192,2238.097,65.282,211.761,236.885,226.508,50.56,1.573,0
2026-07-28 03:34:11.881751,870,37.443,6.661,3.787,21.875,5.02,19.891,206.889,958.709,2331.015,60.303,209.842,234.314,225.099,49.812,1.28,0
2026-07-28 03:35:13.052456,870,37.855,6.654,4.123,17.127,5.63,19.846,200.952,911.381,2271.354,55.808,209.709,234.164,224.45,50.14,1.449,0
2026-07-28 03:36:10.489153,870,38.665,7.016,2.561,21.259,5.175,19.655,204.652,976.213,2292.565,61.379,208.532,232.21,225.416,50.042,1.555,0
2026-07-28 03:37:14.476851,870,38.054,7.125,3.053,21.116,5.21,20.399,209.437,917.342,2228.995,57.51,211.078,236.175,225.57,50.229,1.416,0
2026-07-28 03:38:16.588689,870,38.127,6.605,3.754,19.218,5.264,19.195,204.166,931.087,2355.797,59.027,210.505,235.488,226.1,49.277,1.335,0
2026-07-28 03:39:28.750037,870,37.48,7.025,2.612,18.324,5.536,20.044,199.958,920.652,2236.29,63.441,209.909,224.036,225.99,51.083,1.363,0
2026-07-28 03:40:23.506551,870,37.829,7.002,4.173,19.742,5.516,19.39,206.019,967.75,2106.2,56.992,208.94,231.962,226.948,50.335,1.574,0
2026-07-28 03:41:28.385762,870,37.706,6.462,3.719,18.101,6.061,20.417,202.432,899.119,2092.651,61.303,211.224,241.103,224.289,49.593,1.462,0
2026-07-28 03:42:34.400538,870,37.925,6.656,3.49,17.83,5.863,19.127,208.558,908.895,2262.808,58.122,209.734,231.747,225.323,51.49,1.455,0
2026-07-28 03:43:33.194602,870,39.29,6.587,2.975,15.488,5.97,19.623,198.943,917.104,2140.07,61.008,209.497,239.032,225.04,49.69,1.491,0
2026-07-28 03:44:36.200302,870,38.386,6.819,3.078,20.544,5.864,18.671,202.842,918.24,2215.297,62.089,211.467,232.094,222.997,49.63,1.496,0
2026-07-28 03:45:41.787102,870,38.162,6.637,2.853,17.504,5.245,19.066,207.249,971.508,2246.154,68.112,210.69,239.843,225.801,50.131,1.339,0
2026-07-28 03:46:47.735395,870,37.774,6.8,3.291,19.938,5.383,20.443,207.403,941.414,2178.32,63.19,212.909,234.806,225.004,50.254,1.392,0
2026-07-28 03:47:43.060077,870,37.706,7.0,3.854,19.716,4.806,19.228,210.67,914.891,2123.664,65.908,210.144,235.941,226.029,50.725,1.466,0
2026-07-28 03:48:45.149701,870,38.069,6.906,3.232,15.215,5.597,19.312,201.009,914.231,2123.989,59.655,212.596,239.741,226.143,50.858,1.548,0
2026-07-28 03:49:52.906632,870,38.321,6.656,3.859,19.46,6.045,20.063,197.227,888.326,2180.074,56.856,210.663,232.023,224.517,50.146,1.513,0
2026-07-28 03:50:58.006120,870,38.062,7.0,2.727,20.184,5.618,19.024,215.222,918.623,2236.008,57.065,210.938,238.97,227.404,50.264,1.415,0
2026-07-28 03:51:59.503643,870,37.636,7.003,2.501,18.566,5.261,19.488,199.302,942.58,2115.265,62.646,210.143,234.173,223.653,49.18,1.486,0
2026-07-28 03:53:01.687840,870,38.083,7.014,3.99,19.532,5.355,19.298,201.773,902.629,2348.075,68.327,210.734,239.738,223.205,51.181,1.618,0
2026-07-28 03:54:03.784232,870,38.402,6.99,3.071,19.352,5.743,19.689,207.898,891.571,2240.388,60.027,211.24,229.927,224.09,49.429,1.331,0
2026-07-28 03:55:06.399255,870,38.677,6.539,3.323,22.62,5.455,19.879,205.977,947.832,2230.015,66.605,210.059,238.027,224.45,50.162,1.695,0
2026-07-28 03:56:05.968069,870,38.607,6.98,2.97,18.715,5.887,19.579,206.312,948.607,2197.942,54.089,209.275,234.124,224.53,50.741,1.593,0
2026-07-28 03:57:03.105780,870,37.779,6.727,3.535,20.919,5.845,18.28,199.444,887.584,2209.578,61.842,209.386,233.727,225.903,49.576,1.286,0
2026-07-28 03:58:02.348954,870,36.548,6.722,4.253,15.004,5.526,19.436,200.909,897.582,2229.355,59.551,210.399,237.265,224.485,50.769,1.372,0
2026-07-28 03:59:03.325208,870,37.338,6.797,3.015,17.85,5.264,19.122,206.286,961.864,2212.509,58.832,209.687,229.637,225.645,49.593,1.391,0
2026-07-28 04:00:02.590474,870,37.321,6.811,2.615,19.911,5.769,18.695,209.479,900.813,2298.92,59.832,210.222,234.296,223.226,50.304,1.524,0
2026-07-28 04:01:02.441818,870,38.101,6.398,2.817,17.931,5.401,17.712,200.056,942.317,2293.709,57.94,210.852,240.069,225.52,50.227,1.311,0
2026-07-28 04:02:07.483121,870,37.435,6.906,3.425,19.78,5.753,19.0,203.644,891.576,2218.806,60.863,210.554,235.64,224.163,48.825,1.698,0
2026-07-28 04:03:09.734634,870,37.608,6.824,2.81,19.835,5.786,20.363,204.069,912.956,2153.509,60.929,211.234,234.589,225.348,50.11,1.498,0
2026-07-28 04:04:10.357911,870,37.794,6.842,2.965,19.728,5.442,19.711,202.729,1001.496,2140.542,62.902,210.23,241.136,224.555,49.633,1.322,0
2026-07-28 04:05:12.896583,870,39.738,6.481,1.091,16.417,6.079,19.989,197.978,875.373,2203.726,60.215,209.004,233.678,224.553,51.189,1.418,0
2026-07-28 04:06:11.141343,870,38.858,6.616,3.286,19.622,5.521,19.543,207.509,891.196,2187.337,60.436,209.543,237.825,225.145,49.906,1.739,0
2026-07-28 04:07:11.953697,870,37.793,6.712,3.46,16.858,5.892,20.33,199.157,882.649,2245.956,60.807,210.66,236.274,225.768,49.902,1.285,0
2026-07-28 04:08:13.870740,870,39.012,6.878,2.556,17.627,5.842,19.605,210.261,934.956,2324.04,58.776,211.473,240.863,227.304,49.88,1.124,0
2026-07-28 04:09:12.748585,870,38.07,6.982,3.39,22.688,5.514,19.769,200.339,857.713,2226.639,57.448,210.21,238.211,225.603,49.483,1.609,0
2026-07-28 04:10:17.504026,870,37.595,6.648,2.951,20.67,5.249,19.367,215.865,970.305,2155.972,59.92,209.208,236.271,225.921,50.754,1.338,0
2026-07-28 04:11:18.122487,870,38.244,6.973,2.588,18.674,5.61,19.494,207.734,914.04,2115.543,54.379,210.636,228.971,225.906,48.004,1.295,0
2026-07-28 04:12:17.267366,870,37.477,6.657,4.094,18.381,5.84,19.351,196.616,891.347,2194.02,57.282,211.831,234.997,223.703,50.371,1.493,0
2026-07-28 04:13:15.479835,870,36.921,6.694,2.723,20.543,5.543,19.981,204.596,953.431,2221.908,53.979,210.354,242.258,225.274,50.38,1.165,0
2026-07-28 04:14:13.915666,870,36.857,6.765,3.344,21.374,5.496,20.059,204.161,913.867,2135.189,57.687,208.889,241.97,224.308,48.988,1.689,1
2026-07-28 04:15:11.315004,870,38.616,6.686,3.046,19.565,5.739,19.656,203.831,962.096,2202.966,60.782,208.228,233.235,227.693,49.939,1.276,0
2026-07-28 04:16:16.200990,870,37.916,6.87,2.956,21.277,5.682,19.91,214.614,925.92,2291.291,55.579,212.074,235.807,225.771,50.031,1.093,0
2026-07-28 04:17:18.610136,870,37.399,6.645,2.14,18.439,5.373,19.453,215.266,909.08,2172.151,59.07,210.167,229.323,223.523,49.891,0.964,0
2026-07-28 04:18:19.820599,870,38.198,6.905,5.039,19.857,5.169,19.776,202.932,937.383,2191.437,61.27,208.765,237.908,224.249,49.895,1.424,0
2026-07-28 04:19:19.962061,870,37.18,6.816,4.822,17.132,5.78,19.76,214.126,943.316,2258.58,60.924,209.63,230.898,223.928,48.97,1.352,0
2026-07-28 04:20:15.744150,870,37.399,6.518,3.562,18.621,5.373,18.826,201.631,924.661,2313.457,61.296,212.452,234.729,225.367,49.637,1.323,0
2026-07-28 04:21:19.108224,870,38.242,6.993,4.755,14.472,5.456,18.261,198.351,896.442,2252.499,54.814,211.864,238.484,224.894,50.473,1.694,0
2026-07-28 04:22:17.119250,870,39.033,6.884,1.793,16.972,5.921,20.14,210.802,979.266,2102.03,61.628,209.853,233.683,225.037,50.127,1.463,0
2026-07-28 04:23:13.380665,870,37.261,6.848,2.705,17.232,6.393,19.486,201.937,917.021,2304.663,59.451,208.855,235.659,224.376,49.528,1.48,0
2026-07-28 04:24:18.193870,870,37.388,6.676,0.501,18.301,6.218,19.411,208.694,901.489,2156.996,66.495,211.793,239.704,224.656,49.936,1.067,0
2026-07-28 04:25:19.670914,870,37.893,6.466,2.241,17.558,5.608,19.254,207.417,950.504,2168.922,60.089,211.16,239.878,226.196,50.059,1.771,0
2026-07-28 04:26:11.804531,870,38.347,6.876,0.5,13.887,6.048,19.343,201.635,939.561,2110.489,62.662,210.149,233.057,225.67,49.762,1.494,0
2026-07-28 04:27:08.769374,870,38.172,7.385,2.442,21.246,5.181,19.999,208.066,940.177,2166.969,59.045,206.911,230.716,223.955,49.994,1.227,0
2026-07-28 04:28:13.668709,870,37.744,6.231,3.728,18.682,5.524,19.171,214.221,904.999,2224.145,58.753,210.205,234.142,225.103,49.877,1.257,0
2026-07-28 04:29:14.948671,870,37.913,7.003,4.389,19.946,5.476,19.411,203.828,883.65,2120.964,56.977,210.921,232.436,223.336,49.826,1.463,0
2026-07-28 04:30:13.349219,870,38.118,6.557,5.323,19.932,5.424,19.163,207.28,936.618,2190.438,47.948,209.756,229.036,225.608,49.073,1.644,0
2026-07-28 04:31:16.148524,870,38.957,6.931,5.003,16.455,5.661,20.339,201.255,910.632,2092.219,56.053,209.17,239.074,224.861,50.743,1.812,0
2026-07-28 04:32:13.244687,870,38.485,6.571,5.084,17.848,5.717,19.988,209.356,922.617,2242.468,64.256,208.636,229.507,224.304,50.395,1.508,0
2026-07-28 04:33:13.530152,870,37.541,6.938,5.05,19.106,5.493,20.864,198.338,968.167,2170.778,59.763,210.197,235.388,223.115,49.368,1.82,0
2026-07-28 04:34:23.232728,870,37.163,7.061,2.545,19.559,5.653,19.497,206.86,962.522,2217.627,63.789,208.395,235.626,224.761,50.369,1.013,0
2026-07-28 04:35:31.828076,870,38.353,6.811,2.305,21.159,5.324,19.439,200.489,887.422,2161.714,65.637,210.565,230.743,225.702,50.679,1.413,0
2026-07-28 04:36:31.074294,870,37.3,6.906,2.76,21.552,4.764,19.918,202.835,962.244,2214.642,57.361,208.39,234.86,224.53,49.889,1.326,0
2026-07-28 04:37:32.219835,870,38.226,6.852,0.957,22.09,5.639,18.954,193.918,954.344,2145.328,63.532,209.307,238.434,226.068,50.428,1.425,0
2026-07-28 04:38:35.632161,870,38.406,6.634,2.052,18.197,5.728,20.073,198.832,915.16,2122.447,54.086,208.907,235.877,223.483,49.724,0.925,0
2026-07-28 04:39:40.571143,870,38.568,6.772,1.995,14.421,5.879,19.6,195.969,957.201,2208.386,56.102,208.709,231.927,224.472,50.635,0.9,0
2026-07-28 04:40:40.180589,870,37.395,6.915,4.249,20.683,5.215,20.051,201.738,903.94,2290.408,60.229,208.516,238.899,224.865,49.7,1.513,0
2026-07-28 04:41:39.844562,870,38.443,7.085,4.195,19.331,5.175,19.115,206.872,922.284,2080.353,60.949,211.581,234.31,225.909,49.371,1.61,0
2026-07-28 04:42:39.712732,870,38.6,6.673,5.324,15.962,4.972,19.362,199.603,950.166,2123.66,61.116,209.848,237.81,226.819,49.059,1.57,0
2026-07-28 04:43:36.164554,870,37.862,6.904,4.054,16.38,5.71,19.691,197.959,901.101,2270.251,67.359,208.467,236.573,226.257,48.807,1.61,0
2026-07-28 04:44:33.288373,870,37.503,6.724,5.518,17.569,5.376,19.71,201.003,887.622,2202.915,66.087,210.821,236.041,226.149,51.758,1.648,0
2026-07-28 04:45:34.113628,870,37.99,6.936,4.445,18.128,5.403,19.27,206.579,935.399,2211.05,61.317,209.099,233.843,226.474,49.257,1.476,0
2026-07-28 04:46:32.772304,870,38.05,6.957,3.803,16.614,5.778,20.094,196.833,907.997,2348.776,59.934,211.672,233.324,222.911,50.157,1.436,0
2026-07-28 04:47:32.496304,870,38.517,6.774,1.256,20.233,6.029,19.684,202.795,936.828,2173.287,65.387,209.394,233.778,222.398,49.708,1.541,0
2026-07-28 04:48:35.835188,870,38.035,6.893,2.679,20.004,5.445,19.833,213.342,911.806,2131.535,57.893,209.511,232.621,224.311,50.263,1.363,0
2026-07-28 04:49:37.230696,870,38.167,6.473,2.808,18.847,5.857,18.682,202.799,858.154,2140.358,61.752,208.333,243.194,225.669,51.425,1.331,0
2026-07-28 04:50:36.934657,870,38.372,6.924,1.283,15.937,5.747,18.525,209.79,909.131,2276.488,53.868,211.67,235.512,226.026,49.798,1.541,0
2026-07-28 04:51:43.521742,870,37.904,6.883,1.245,19.334,6.055,19.053,198.299,951.264,2077.005,60.867,208.886,232.289,225.437,49.308,1.454,0
2026-07-28 04:52:48.068472,870,38.061,7.028,3.045,17.796,5.711,19.878,214.048,919.561,2128.357,69.398,209.379,237.119,224.852,49.762,1.381,0
2026-07-28 04:53:48.715921,870,37.512,6.396,3.344,13.972,5.398,19.725,191.545,913.153,2167.318,64.814,208.72,240.468,225.475,50.167,1.376,0
2026-07-28 04:54:46.836311,870,38.005,6.777,4.941,19.811,5.407,20.423,190.362,892.857,2091.005,61.247,208.649,232.297,224.513,50.349,2.018,0
2026-07-28 04:55:48.839277,870,37.884,6.533,5.425,16.374,6.052,19.216,207.483,949.193,2135.093,63.198,210.54,237.7,226.478,49.773,1.619,0
2026-07-28 04:56:48.999760,870,37.93,6.543,5.66,17.334,6.185,19.61,203.41,875.743,2279.654,53.494,212.399,235.538,225.944,50.674,1.471,0
2026-07-28 04:57:48.032063,870,37.388,6.359,6.277,17.912,5.329,18.915,205.22,916.512,2128.758,62.839,210.848,227.187,226.95,49.854,1.354,0
2026-07-28 04:58:47.177564,870,37.98,6.856,3.962,14.488,5.054,20.193,200.721,973.527,2068.925,60.694,207.875,230.025,227.096,49.785,1.836,0
2026-07-28 04:59:48.734175,870,37.622,6.669,2.032,19.52,5.723,19.195,208.775,894.981,2197.146,65.162,211.115,232.408,225.394,49.301,1.295,0
2026-07-28 05:00:48.090557,870,37.945,6.824,1.702,18.552,5.235,20.026,196.123,939.554,2046.426,62.017,209.89,232.647,226.502,51.197,1.38,0
2026-07-28 05:01:46.921971,870,38.047,6.828,1.206,18.821,5.221,19.571,211.295,912.198,2287.477,55.505,208.919,231.37,224.755,49.613,1.507,0
2026-07-28 05:02:48.565194,870,38.96,6.893,1.025,16.896,5.352,19.198,217.261,877.075,2161.333,66.582,210.385,234.24,225.376,51.083,1.476,0
2026-07-28 05:03:52.424306,870,37.677,6.937,3.21,19.182,5.426,18.889,193.253,948.954,2158.224,59.299,209.116,238.624,226.148,49.322,1.599,0
2026-07-28 05:05:07.845710,870,37.581,7.087,2.465,19.288,5.108,19.839,208.841,860.663,2187.272,67.487,211.934,231.794,227.185,49.502,1.701,0
2026-07-28 05:06:07.613291,870,37.893,6.787,3.399,18.449,5.832,19.282,216.176,918.461,2251.221,59.414,210.677,239.429,225.933,50.116,1.384,0
2026-07-28 05:07:13.563587,870,37.478,6.723,5.816,19.808,5.527,18.266,207.099,996.38,2160.744,56.31,208.667,239.375,225.041,49.641,1.562,0
2026-07-28 05:08:18.295704,870,36.83,6.546,5.985,18.307,5.736,20.771,202.13,918.429,2032.029,55.453,210.113,234.309,225.024,49.833,1.618,0
2026-07-28 05:09:18.415602,870,37.817,6.909,5.018,14.581,5.397,19.794,199.526,873.395,2136.492,54.093,206.933,234.739,226.8,48.678,1.601,0
2026-07-28 05:10:12.938680,870,37.933,6.623,2.493,17.291,5.638,19.964,207.017,900.704,2243.408,63.159,209.328,238.453,224.913,49.205,1.547,1
2026-07-28 05:11:13.674971,870,38.077,6.841,4.58,17.494,5.563,19.152,208.608,945.654,2113.042,58.232,211.393,231.537,225.36,50.326,1.352,1
2026-07-28 05:12:10.247252,870,37.856,7.238,3.798,19.287,5.752,18.809,198.767,918.656,2164.054,63.17,211.771,228.927,224.618,50.31,1.449,1
2026-07-28 05:13:10.083861,870,37.583,6.462,2.097,17.257,5.259,19.268,210.081,884.689,2199.109,56.618,209.365,227.939,225.329,49.32,1.43,1
2026-07-28 05:14:09.700115,870,38.17,6.551,2.438,17.797,5.864,20.275,206.118,911.51,2140.267,62.118,210.085,235.229,224.284,49.888,1.155,1
2026-07-28 05:15:12.138725,870,37.748,6.821,3.261,19.64,5.583,18.929,191.328,919.457,2223.959,59.213,210.224,231.204,225.662,49.065,1.215,1
2026-07-28 05:16:09.343228,870,37.693,6.553,3.028,20.183,5.379,19.591,208.043,948.871,2148.078,59.837,211.225,223.863,224.209,50.332,1.568,1
2026-07-28 05:17:11.373125,870,38.329,7.065,2.912,19.449,5.656,19.067,193.036,906.301,2312.316,62.533,208.889,241.177,225.003,50.9,1.229,1
2026-07-28 05:18:13.413480,870,37.929,6.581,5.445,19.1,5.936,19.277,201.92,925.667,2269.246,64.471,211.439,243.854,225.238,48.923,1.445,1
2026-07-28 05:19:14.103560,870,38.72,6.783,5.448,19.285,5.823,20.291,212.267,890.265,2193.398,62.225,210.376,232.925,224.926,50.229,1.554,1
2026-07-28 05:20:16.623792,870,37.422,6.895,5.581,23.877,5.868,20.027,206.705,937.303,2305.147,66.2,210.332,245.604,224.666,48.896,1.748,1
2026-07-28 05:21:16.262357,870,38.968,6.503,4.68,19.432,5.617,19.819,200.384,888.533,2217.195,53.516,210.387,235.401,224.756,50.882,1.676,1
2026-07-28 05:22:12.875413,870,38.26,6.809,4.786,17.974,5.338,19.851,208.991,913.155,2220.666,56.142,210.027,238.845,225.1,51.579,1.576,1
2026-07-28 05:23:12.998422,870,37.419,7.098,1.168,18.085,5.545,19.005,202.094,897.892,2238.716,57.845,211.355,237.108,223.951,50.164,1.664,1
2026-07-28 05:24:12.294659,870,37.87,6.91,2.376,21.87,5.612,20.471,211.123,941.358,2215.756,62.407,208.951,234.675,224.043,49.316,1.277,1
2026-07-28 05:25:16.644319,870,37.675,6.715,1.692,16.778,5.915,19.313,200.713,932.026,2247.848,53.992,208.765,231.018,226.078,49.881,1.284,0
2026-07-28 05:26:19.032433,870,38.307,6.951,0.5,18.435,5.357,20.066,202.098,928.919,2218.284,55.753,209.47,235.566,225.384,50.178,1.253,0
2026-07-28 05:27:24.110306,870,37.674,6.291,1.46,19.964,5.93,20.631,206.858,974.8,2223.399,61.432,212.438,229.083,224.866,50.434,1.478,0
2026-07-28 05:28:24.117916,870,37.527,6.673,2.837,20.566,5.896,19.077,213.304,941.735,2323.79,58.014,211.747,227.684,225.712,49.301,1.588,0
2026-07-28 05:29:21.658569,870,38.262,6.467,3.827,14.344,5.995,18.762,205.606,940.924,2306.82,52.795,209.232,230.927,225.364,49.696,1.227,0
2026-07-28 05:30:26.899724,870,37.893,6.849,3.023,19.251,5.834,19.701,207.562,944.545,2118.26,61.604,209.733,236.852,225.759,50.668,1.504,0
2026-07-28 05:31:31.088278,870,36.793,6.814,4.636,15.555,5.591,19.549,204.846,909.262,2196.441,59.04,209.324,234.827,224.909,50.323,1.356,0
2026-07-28 05:32:35.113953,870,38.629,6.599,5.321,25.37,5.43,19.769,213.141,911.372,2189.469,54.798,210.383,231.31,225.205,49.559,1.92,0
2026-07-28 05:33:36.948999,870,37.904,7.024,4.935,17.83,6.02,19.124,194.525,914.31,2071.115,60.532,209.571,237.279,224.962,51.251,1.478,0
2026-07-28 05:34:37.678930,870,37.91,6.36,4.656,17.62,5.759,19.249,195.903,872.896,2318.138,48.233,209.352,237.59,225.092,49.71,1.34,0
2026-07-28 05:35:40.146887,870,38.54,7.155,3.408,23.535,5.145,19.278,199.304,878.001,2132.574,56.442,209.705,230.79,225.176,48.821,1.536,0
2026-07-28 05:36:42.051144,870,38.301,7.018,3.238,17.59,5.969,20.044,210.458,925.551,2262.153,67.132,210.256,232.407,224.776,49.401,1.211,0
2026-07-28 05:37:47.046173,870,39.214,6.819,0.796,16.489,5.611,19.949,207.628,955.62,2093.024,63.653,211.622,235.257,223.987,51.158,1.306,0
2026-07-28 05:38:51.586676,870,37.635,6.679,2.121,21.836,5.705,19.576,211.537,911.607,2181.61,59.629,209.494,234.562,224.945,50.711,1.192,0
2026-07-28 05:39:52.139602,870,38.434,6.738,2.16,24.296,6.166,21.179,207.188,875.16,2176.14,61.909,210.242,230.2,225.744,50.414,1.503,0
2026-07-28 05:40:54.073351,870,37.641,6.864,2.816,18.547,5.548,20.297,211.342,888.778,2256.027,54.639,211.162,235.933,225.591,50.672,1.385,0
2026-07-28 05:41:54.053502,870,38.22,6.652,4.288,18.569,5.019,19.045,207.882,867.662,2207.869,66.288,209.013,234.3,225.397,50.432,1.346,0
2026-07-28 05:42:52.021296,870,38.596,6.763,3.742,15.699,5.668,19.399,208.695,971.154,2257.595,60.546,210.214,234.987,225.697,49.431,1.637,0
2026-07-28 05:43:58.722443,870,37.726,6.866,4.998,22.106,5.443,20.635,194.775,915.54,2209.209,60.129,210.852,227.678,223.292,49.331,1.767,0
2026-07-28 05:45:05.602585,870,39.336,6.923,2.995,17.679,5.518,19.215,213.124,932.594,2158.887,60.478,210.764,237.993,225.721,49.538,1.618,0
2026-07-28 05:46:08.430590,870,38.335,7.092,4.887,16.714,5.383,21.214,205.71,950.772,2141.17,60.118,211.8,235.787,225.07,50.336,1.418,0
2026-07-28 05:47:10.501784,870,37.815,7.118,4.076,21.255,5.111,19.659,212.783,903.916,2255.852,59.821,210.631,239.371,224.03,50.455,1.141,0
2026-07-28 05:48:08.732334,870,36.455,6.777,1.18,14.965,5.8,19.99,212.522,914.816,2129.396,65.609,210.067,237.569,223.82,50.758,1.382,0
2026-07-28 05:49:05.531176,870,38.039,6.45,2.232,19.918,6.054,19.539,206.185,918.959,2189.064,61.738,210.509,239.64,223.495,51.241,1.577,0
2026-07-28 05:50:01.653056,870,38.827,6.792,2.541,13.451,5.746,18.622,201.36,948.859,2116.838,57.789,209.764,234.844,227.363,50.917,1.193,0
2026-07-28 05:51:04.948580,870,38.207,7.086,1.56,20.244,5.355,20.049,211.595,924.382,2204.272,59.271,211.41,229.512,226.855,50.879,1.497,0
2026-07-28 05:52:11.295513,870,38.374,6.772,2.38,18.428,5.585,19.141,199.517,930.025,2236.057,64.88,209.904,238.563,225.227,50.281,1.27,0
2026-07-28 05:53:14.339590,870,37.924,7.148,3.277,20.631,6.377,19.715,206.977,900.625,2184.384,65.412,209.799,233.757,226.054,49.874,1.466,0
2026-07-28 05:54:15.902374,870,37.961,6.526,3.257,15.405,5.806,20.262,192.702,895.359,2067.359,54.852,209.107,236.842,224.842,50.122,1.708,0
2026-07-28 05:55:12.795896,870,37.982,6.889,7.043,18.211,5.62,19.716,207.104,936.761,2254.83,60.745,209.468,231.791,223.848,49.504,1.521,0
2026-07-28 05:56:10.497621,870,37.776,6.889,5.401,16.126,5.238,18.824,210.173,930.44,2168.66,54.05,210.67,236.552,224.505,48.733,1.544,0
2026-07-28 05:57:16.233075,870,37.963,7.176,4.374,15.388,5.636,19.295,209.091,904.015,2333.688,61.026,208.451,229.522,224.026,51.205,1.611,0
2026-07-28 05:58:21.829019,870,37.951,6.81,4.293,19.693,5.478,18.355,202.667,908.73,2230.707,57.335,209.52,239.045,224.534,49.681,1.493,0
2026-07-28 05:59:17.817316,870,38.294,6.894,3.344,20.721,5.828,19.187,201.032,927.613,2264.666,54.504,209.532,235.25,224.435,49.959,1.527,0
2026-07-28 06:00:22.863273,870,37.952,6.949,4.45,12.575,5.579,19.607,209.322,898.212,2055.93,65.291,210.749,237.701,224.781,50.097,1.4,0
2026-07-28 06:01:22.068075,870,38.56,6.561,4.165,21.229,5.987,19.59,212.452,891.239,2157.333,64.536,211.043,231.212,225.749,49.988,1.237,0
2026-07-28 06:02:20.498604,870,39.18,6.669,1.718,22.038,6.021,19.582,193.364,866.937,2242.449,56.872,211.775,234.666,223.481,49.532,1.505,0
2026-07-28 06:03:19.292851,870,37.78,6.871,2.458,23.54,5.084,19.393,203.58,941.457,2197.775,61.799,209.157,237.211,221.613,49.347,1.474,0
2026-07-28 06:04:23.437550,870,38.946,6.837,2.044,13.672,5.735,19.615,205.237,910.472,2089.353,59.415,210.943,236.941,226.035,48.649,1.012,0
2026-07-28 06:05:21.410849,870,38.364,6.735,2.408,21.835,6.051,18.996,200.189,904.803,2118.621,59.25,210.317,236.144,224.315,50.203,1.339,0
2026-07-28 06:06:24.727553,870,37.71,6.886,4.532,18.979,5.92,19.064,211.746,926.012,2202.951,63.362,209.924,232.387,225.006,51.077,1.396,0
2026-07-28 06:07:26.168880,870,38.793,6.834,3.201,17.833,4.923,19.099,206.647,920.055,2192.15,61.474,210.876,234.721,222.844,50.204,1.484,0
2026-07-28 06:08:28.074006,870,38.354,7.009,5.806,22.927,6.166,21.421,205.27,890.693,2059.206,59.997,208.405,233.769,224.326,49.46,1.579,0
2026-07-28 06:09:27.255473,870,38.416,6.68,4.225,18.281,5.165,20.002,202.694,909.395,2310.94,69.509,209.366,228.878,226.53,49.797,1.244,0
2026-07-28 06:10:26.764764,870,36.733,6.865,3.98,18.532,5.063,20.764,207.048,935.433,2199.476,59.847,208.697,232.309,224.926,50.357,1.668,0
2026-07-28 06:11:33.085072,870,38.365,6.715,2.874,14.397,5.09,19.133,202.917,921.893,2262.992,59.451,211.564,233.559,224.264,50.495,1.454,0
2026-07-28 06:12:35.700926,870,37.971,6.685,4.066,14.024,5.768,18.962,199.729,948.804,2288.861,52.518,211.054,232.782,225.594,49.484,1.682,0
2026-07-28 06:13:39.454913,870,38.23,7.08,2.423,18.767,5.312,18.779,201.763,938.605,2151.339,69.246,208.713,234.734,226.719,49.17,1.44,0
2026-07-28 06:14:37.774793,870,38.345,7.009,3.331,23.27,5.366,19.051,200.036,932.948,2210.327,55.2,208.39,236.29,224.09,49.298,1.429,0
2026-07-28 06:15:42.789982,870,38.237,6.822,1.942,21.116,5.428,19.081,204.442,872.272,2166.569,65.264,210.718,234.908,226.087,50.333,1.408,0
2026-07-28 06:16:43.330086,870,38.267,6.679,3.177,20.827,5.957,19.202,210.19,968.169,2256.737,55.989,208.963,233.321,223.186,49.028,1.335,0
2026-07-28 06:17:50.132434,870,38.441,7.088,3.233,15.031,5.812,19.291,195.968,924.261,2259.921,59.691,210.798,238.387,227.302,49.388,1.408,0
2026-07-28 06:18:49.488028,870,37.858,7.199,3.676,19.923,5.204,19.74,205.874,939.855,2150.647,62.61,212.148,230.515,224.977,49.937,1.516,0
2026-07-28 06:19:47.780552,870,38.965,6.483,3.856,21.205,5.368,19.936,218.591,967.185,2148.956,69.583,208.966,231.928,224.611,51.18,1.838,0
2026-07-28 06:20:51.064531,870,38.345,6.664,3.382,19.453,5.125,19.93,207.81,928.807,2130.837,56.582,210.724,230.784,224.634,49.606,1.323,0
2026-07-28 06:21:53.876069,870,37.597,6.679,3.508,14.231,5.384,21.21,206.224,863.662,2241.678,66.028,209.72,236.948,224.973,50.548,1.485,0
2026-07-28 06:22:50.033363,870,38.196,6.749,2.833,22.937,5.726,19.368,214.657,860.938,2172.766,57.28,211.907,236.89,225.596,49.072,1.527,0
2026-07-28 06:23:49.140500,870,37.432,6.712,3.417,19.446,5.509,20.661,191.954,870.827,2114.788,61.406,208.142,236.613,224.816,49.802,1.495,0
2026-07-28 06:24:50.921586,870,38.444,6.767,2.803,15.181,5.253,20.112,214.924,884.057,2229.237,55.634,208.411,241.925,227.001,48.769,1.53,0
2026-07-28 06:25:52.782021,870,37.443,6.943,3.31,22.564,5.865,20.131,200.066,953.824,2117.746,60.781,210.212,232.112,226.362,50.154,1.417,0
2026-07-28 06:26:54.614672,870,37.912,6.731,3.568,18.036,5.611,19.715,207.022,939.093,2135.482,62.376,211.712,235.157,224.442,49.493,1.199,0
2026-07-28 06:27:53.905410,870,37.839,6.705,2.775,20.202,5.313,19.57,196.984,928.673,2182.853,63.501,209.683,237.084,224.02,50.137,1.614,0
2026-07-28 06:28:59.690306,870,38.456,6.773,2.944,17.119,6.052,20.633,196.188,913.583,2213.466,63.29,209.071,233.728,225.135,49.489,1.234,0
2026-07-28 06:29:56.126019,870,37.579,6.851,3.718,16.422,5.698,20.803,203.156,967.706,2215.457,59.775,207.941,237.331,225.4,50.967,1.272,0
2026-07-28 06:31:01.575221,870,38.239,6.821,3.274,20.552,5.581,19.627,205.617,915.358,2229.24,58.339,210.531,238.448,224.508,49.779,1.361,0
2026-07-28 06:32:03.338250,870,37.261,6.867,3.276,15.342,5.726,19.411,206.368,875.688,2129.204,64.331,208.351,237.927,224.859,49.792,1.496,0
2026-07-28 06:33:05.971818,870,38.585,6.79,4.074,22.784,5.161,19.321,212.903,908.077,2261.534,66.046,212.582,241.363,225.677,49.656,1.575,0
2026-07-28 06:34:06.157879,870,37.983,6.671,2.814,18.319,5.15,19.702,193.03,941.291,2190.268,55.279,210.158,241.588,226.338,50.091,1.538,0
2026-07-28 06:35:12.992296,870,37.785,6.868,2.723,18.546,5.371,18.804,203.398,935.881,2248.486,59.521,210.073,237.074,224.039,50.187,1.297,0
2026-07-28 06:36:14.944766,870,38.117,6.457,3.543,18.468,5.859,18.434,195.127,854.463,2166.587,57.732,209.637,232.268,222.519,49.423,1.402,0
2026-07-28 06:37:09.462876,870,38.16,6.923,4.464,19.712,5.408,19.281,205.031,911.937,2079.25,61.3,208.97,248.005,224.519,49.855,1.353,0
2026-07-28 06:38:10.165775,870,37.733,6.996,3.679,16.389,5.482,19.195,218.108,966.926,2301.972,57.566,209.746,230.489,222.807,50.297,1.556,0
2026-07-28 06:39:13.010737,870,38.884,6.56,3.36,18.358,6.196,19.121,212.95,896.832,2110.653,60.808,210.585,234.609,223.771,51.01,1.559,0
2026-07-28 06:40:13.135846,870,38.588,7.003,3.538,23.463,5.111,19.622,198.436,893.385,2144.192,63.971,211.141,238.442,221.838,50.656,1.236,0
2026-07-28 06:41:09.676356,870,37.109,7.12,3.189,20.385,5.865,20.065,205.786,921.547,2258.71,53.163,209.98,236.161,226.701,50.289,1.461,0
2026-07-28 06:42:06.180047,870,38.046,6.608,4.0,17.388,5.247,19.761,201.52,962.896,2259.058,57.671,209.804,235.955,222.69,50.883,1.444,0
2026-07-28 06:43:03.455053,870,37.865,6.858,2.977,16.262,5.882,19.964,214.751,881.817,2237.593,60.153,210.148,236.725,227.506,49.115,1.301,0
2026-07-28 06:44:08.341202,870,36.505,6.715,3.23,14.745,5.372,19.403,209.001,930.462,2042.732,56.662,209.09,238.179,222.782,50.947,1.55,0
2026-07-28 06:45:09.274655,870,38.086,6.761,4.178,20.272,5.555,19.649,197.614,908.604,2152.172,61.835,212.034,230.608,226.085,50.072,1.455,0
2026-07-28 06:46:13.824026,870,37.576,6.683,3.459,16.228,5.327,20.25,206.903,870.486,2177.041,55.684,209.279,238.29,224.467,49.593,1.488,0
2026-07-28 06:47:15.746437,870,37.928,6.526,3.773,20.669,5.18,18.923,206.396,916.15,2144.679,61.547,209.14,235.692,226.006,49.79,1.527,0
2026-07-28 06:48:16.068223,870,38.206,7.112,2.926,18.691,5.265,19.608,206.832,907.476,2135.212,59.821,210.687,238.087,225.904,50.597,1.609,0
2026-07-28 06:49:11.784858,870,38.408,6.786,3.063,18.954,5.549,19.628,205.832,922.33,2272.665,56.802,209.515,235.194,223.65,49.709,1.461,0
2026-07-28 06:50:13.269661,870,38.176,6.824,3.413,17.866,5.437,19.287,211.467,900.637,2267.158,54.706,211.845,230.789,226.99,50.062,1.467,0
2026-07-28 06:51:12.097696,870,36.781,6.954,3.483,16.981,5.239,19.603,209.269,914.614,2141.403,61.469,210.553,237.468,223.282,50.304,1.427,0
2026-07-28 06:52:12.497953,870,37.995,6.915,3.238,16.771,5.718,20.038,206.223,897.289,2207.658,67.749,208.857,229.665,224.576,50.615,1.295,0
2026-07-28 06:53:18.292009,870,37.03,6.692,2.683,19.664,5.019,19.005,202.731,960.67,2117.124,63.032,211.187,237.08,227.199,49.042,1.315,0
2026-07-28 06:54:16.055537,870,37.416,6.698,3.569,16.25,5.641,20.058,204.669,883.295,2283.473,62.868,209.957,245.058,225.417,49.775,1.355,0
2026-07-28 06:55:23.181886,870,39.054,6.743,3.455,17.217,5.439,19.95,202.482,919.497,2142.219,58.463,211.724,232.6,224.716,50.559,1.344,0
2026-07-28 06:56:23.792884,870,38.075,7.034,3.915,16.503,5.757,18.396,200.159,904.45,2137.161,60.068,209.126,231.326,224.97,50.936,1.303,0
2026-07-28 06:57:29.174354,870,37.032,6.71,2.55,22.253,6.017,18.954,197.9,907.865,2310.977,56.065,210.358,235.707,225.25,49.556,1.616,0
2026-07-28 06:58:29.641492,870,37.905,6.674,2.843,13.716,5.416,19.977,207.463,914.021,2236.579,56.821,210.995,233.659,226.265,51.195,1.442,0
2026-07-28 06:59:27.034891,870,39.202,6.673,3.04,19.985,5.49,20.502,213.059,898.269,2076.265,62.187,208.811,236.146,225.669,50.109,1.404,0
2026-07-28 07:00:28.651655,870,37.71,6.808,2.294,23.608,5.761,19.654,207.482,860.046,2174.011,55.524,211.897,232.43,224.507,49.056,1.41,0
2026-07-28 07:01:25.268139,870,36.896,6.872,3.649,13.554,5.611,19.529,198.886,961.723,2184.096,59.278,210.057,230.567,225.686,50.312,1.53,0
2026-07-28 07:02:26.036482,870,37.955,7.391,3.089,19.752,5.824,19.412,199.449,903.737,2068.833,56.688,210.393,223.387,222.485,49.802,1.45,0
2026-07-28 07:03:24.934140,870,39.217,6.548,3.111,16.368,5.355,19.971,209.511,947.724,2084.848,59.102,207.221,230.364,225.62,49.457,1.634,0
2026-07-28 07:04:23.491983,870,37.749,6.556,3.392,20.509,5.759,19.02,201.155,891.19,2186.149,56.245,208.695,235.607,224.387,48.915,1.295,0
2026-07-28 07:05:28.760003,870,38.858,7.144,2.793,15.498,5.641,19.842,204.401,944.517,2266.755,52.122,208.864,238.719,224.626,49.938,1.633,0
2026-07-28 07:06:33.711315,870,37.988,6.316,3.188,20.886,5.695,19.289,203.052,901.658,2286.971,61.706,211.535,237.262,225.571,50.299,1.313,0
2026-07-28 07:07:30.272549,870,39.334,7.015,3.823,17.125,5.459,18.574,196.557,917.812,2342.668,59.956,207.761,237.611,225.976,50.189,1.399,0
2026-07-28 07:08:32.889346,870,37.909,6.64,2.538,15.51,5.493,19.053,208.068,879.479,2215.724,63.204,208.983,237.809,223.581,49.755,1.464,0
2026-07-28 07:09:31.185845,870,37.879,6.769,2.959,18.326,5.3,19.253,201.846,876.797,2178.218,66.073,210.118,232.349,225.091,49.08,1.438,0
2026-07-28 07:10:32.372236,870,38.34,6.768,3.574,16.73,5.758,18.931,196.037,895.06,2238.116,61.83,210.593,227.141,223.3,50.809,1.593,0
2026-07-28 07:11:39.388060,870,37.653,7.125,4.281,12.788,5.608,20.607,205.716,950.652,2223.163,63.285,210.999,234.285,225.411,50.236,1.5,0
2026-07-28 07:12:44.194018,870,37.785,6.724,3.816,15.348,5.609,19.306,205.069,951.331,2142.622,63.236,210.488,228.513,223.226,47.555,1.308,0
2026-07-28 07:13:42.892343,870,37.926,6.978,3.437,21.841,5.317,18.825,214.899,928.628,2222.571,67.029,209.398,235.71,223.694,49.524,1.238,0
2026-07-28 07:14:44.044211,870,38.942,6.7,4.229,17.934,5.746,20.196,204.602,967.975,2211.156,56.722,208.764,234.455,225.965,50.464,1.614,0
2026-07-28 07:15:45.896034,870,36.972,6.628,2.951,20.003,5.243,18.834,192.335,915.531,2325.668,58.844,211.895,242.948,224.713,50.867,1.582,0
2026-07-28 07:16:48.216404,870,37.348,6.66,3.911,16.2,5.783,18.597,213.023,898.576,2170.884,57.805,210.927,239.875,225.076,50.665,1.283,0
2026-07-28 07:17:48.030094,870,38.881,6.699,3.656,19.839,5.114,20.395,208.552,905.619,2188.811,60.226,209.901,236.926,224.031,50.246,1.366,0
2026-07-28 07:18:46.091086,870,38.041,6.511,3.862,18.832,6.165,19.155,200.605,935.207,2110.814,57.226,209.201,232.635,225.799,49.431,1.514,0
2026-07-28 07:19:46.895252,870,37.406,6.736,4.427,21.723,6.436,20.024,219.181,909.227,2079.749,55.996,209.903,229.124,223.337,50.903,1.345,0
2026-07-28 07:20:48.722292,870,38.29,7.092,3.06,18.713,5.865,20.487,202.392,961.084,2182.792,57.786,209.674,243.16,224.692,50.594,1.384,0
2026-07-28 07:21:48.610180,870,37.953,6.964,3.231,17.963,5.581,18.526,213.763,903.897,2303.226,56.341,209.564,234.46,224.617,49.951,1.46,0
2026-07-28 07:22:48.077947,870,37.675,6.791,3.341,17.846,5.36,18.992,206.145,949.24,2177.091,57.025,209.091,236.459,225.252,50.189,1.318,0
2026-07-28 07:23:50.509679,870,37.482,6.887,3.971,18.05,5.326,19.456,213.979,934.287,2191.058,53.051,211.162,231.821,224.949,50.131,1.552,0
2026-07-28 07:24:46.394084,870,37.794,6.721,2.681,19.64,5.524,20.221,200.732,939.939,2254.837,68.19,209.34,241.709,224.964,49.614,1.706,0
2026-07-28 07:25:41.194987,870,36.773,6.818,3.953,19.626,5.798,19.871,203.72,887.846,2272.317,56.739,209.525,231.275,223.624,49.848,1.426,0
2026-07-28 07:26:40.844313,870,37.691,6.882,2.272,15.638,5.588,19.649,202.739,848.922,2168.45,64.174,211.142,233.351,222.886,50.473,1.244,0
2026-07-28 07:27:45.051182,870,38.561,6.504,3.602,21.872,6.537,19.828,197.642,922.595,2220.822,64.111,210.384,236.496,224.859,49.991,1.528,0
2026-07-28 07:28:49.195766,870,38.356,6.905,2.872,15.838,5.475,19.091,198.72,901.829,2178.889,60.42,211.803,238.954,224.887,50.06,1.392,0
2026-07-28 07:29:48.011216,870,37.758,6.902,3.244,17.975,5.494,19.892,193.977,929.9,2122.14,56.196,207.878,233.59,223.886,49.401,1.269,0
2026-07-28 07:30:48.294013,870,37.24,6.655,3.169,18.22,5.556,19.398,209.746,933.581,2112.887,64.309,209.933,235.239,222.455,50.662,1.256,0
2026-07-28 07:31:55.134622,870,37.698,6.687,3.509,18.083,5.682,19.879,210.505,902.241,2250.532,63.744,210.038,232.355,226.806,50.361,1.569,0
2026-07-28 07:33:02.108338,870,36.706,7.014,3.474,18.728,5.383,19.161,211.707,894.565,2263.332,63.457,210.601,234.631,225.328,49.119,1.397,0
2026-07-28 07:34:02.543481,870,38.219,7.051,4.074,16.288,5.856,19.515,201.57,920.201,2091.147,63.599,209.803,237.03,225.778,50.129,1.445,0
2026-07-28 07:35:01.164601,870,38.276,6.715,2.769,18.763,5.099,19.001,196.287,858.828,2229.602,62.016,210.305,240.968,224.888,49.887,1.424,0
2026-07-28 07:36:00.732276,870,38.411,6.939,3.425,17.683,6.014,19.633,198.428,906.762,2287.046,62.557,211.009,235.463,222.67,51.25,1.502,0
2026-07-28 07:36:59.904560,870,38.555,7.13,3.506,22.004,5.655,19.337,207.351,915.671,2260.155,63.784,209.14,230.251,223.446,49.537,1.398,0
2026-07-28 07:38:01.771348,870,38.428,6.845,3.21,17.895,5.463,19.224,201.987,933.355,2150.15,57.523,211.015,241.735,225.397,49.601,1.359,0
2026-07-28 07:39:00.189237,870,38.025,6.523,3.426,22.223,5.981,19.538,197.522,891.734,2218.8,59.695,209.216,237.847,226.329,49.371,1.434,0
2026-07-28 07:39:54.888696,870,37.709,6.697,3.267,19.263,5.731,18.426,214.156,916.09,2211.554,54.564,210.171,236.725,224.594,51.364,1.357,0
2026-07-28 07:40:57.823255,870,37.68,6.478,4.169,17.668,5.347,20.129,200.283,942.207,2145.058,65.92,208.011,242.301,225.883,51.156,1.664,0
2026-07-28 07:41:58.039593,870,37.943,7.076,3.784,22.105,5.419,18.839,213.815,929.246,2294.97,61.802,208.379,241.284,221.979,50.46,1.551,0
2026-07-28 07:43:05.611325,870,38.397,7.25,3.668,22.735,5.426,19.136,201.197,942.836,2237.121,54.918,209.175,230.839,223.03,49.633,1.6,0
2026-07-28 07:44:03.845297,870,37.457,6.887,4.517,17.482,5.753,19.081,201.798,889.16,2352.169,50.793,208.334,234.31,225.154,48.702,1.415,0
2026-07-28 07:45:02.432905,870,38.123,6.607,3.307,19.014,5.765,18.381,204.346,903.737,2139.481,60.474,209.7,229.409,225.385,49.452,1.473,0
2026-07-28 07:46:02.024145,870,37.424,6.998,3.782,20.295,5.484,20.02,204.41,926.243,2210.666,59.299,211.326,234.79,224.251,48.435,1.54,0
2026-07-28 07:46:54.498722,870,38.236,6.606,3.057,18.813,5.642,19.533,208.237,890.298,2278.071,58.008,209.779,236.079,226.626,49.018,1.573,0
2026-07-28 07:47:56.237468,870,37.595,7.219,3.372,17.672,6.56,19.536,206.841,908.081,2050.849,61.237,210.243,227.996,223.134,49.428,1.318,0
2026-07-28 07:48:55.378782,870,39.025,6.621,3.233,17.494,5.283,20.649,211.158,948.438,2220.348,63.906,212.389,234.521,224.993,50.214,1.551,0
2026-07-28 07:49:58.560461,870,37.806,6.838,3.431,22.135,5.524,19.122,197.275,923.166,2067.442,64.914,210.286,233.093,224.725,50.209,1.451,0
2026-07-28 07:51:01.921373,870,38.101,6.999,3.77,21.88,5.775,18.439,199.128,937.588,2078.044,65.739,210.062,239.397,224.382,50.221,1.843,0
2026-07-28 07:52:02.157753,870,37.281,6.837,3.381,17.463,6.002,19.78,210.421,966.668,2169.253,60.218,208.844,241.697,225.673,50.838,1.385,0
2026-07-28 07:53:04.000407,870,38.265,6.409,3.564,17.956,5.574,19.871,198.975,906.969,2265.881,66.886,210.346,239.588,224.683,49.675,1.566,0
2026-07-28 07:54:05.802724,870,38.55,6.904,3.075,17.116,5.059,18.132,204.096,964.395,2174.43,58.274,211.026,234.056,221.771,48.958,1.307,0
2026-07-28 07:54:55.513231,870,37.521,6.622,2.821,22.213,6.049,18.538,197.33,909.418,2135.322,61.307,209.215,238.307,224.94,48.956,1.466,0
2026-07-28 07:56:04.358235,870,37.935,6.853,3.305,17.742,5.957,19.849,210.195,875.833,2223.326,61.957,210.3,233.384,225.709,48.923,1.356,0
2026-07-28 07:56:57.522437,870,37.461,6.529,3.018,19.368,5.531,19.405,195.987,926.046,2242.775,63.083,208.506,231.587,223.203,50.502,1.729,0
2026-07-28 07:57:55.095369,870,37.879,6.85,3.901,21.25,5.736,19.993,202.503,905.864,2233.921,55.629,210.427,231.756,225.886,49.195,1.545,0
2026-07-28 07:58:51.088560,870,38.49,6.94,3.54,13.834,6.117,19.544,198.747,876.275,2083.126,63.341,209.604,239.408,224.832,48.534,1.339,0
2026-07-28 07:59:53.371067,870,39.103,7.032,3.238,18.6,5.631,19.671,206.969,899.269,2224.146,62.502,210.556,242.001,223.241,50.198,1.52,0
2026-07-28 08:00:57.257492,870,38.401,6.986,3.476,14.525,5.717,19.771,207.193,895.623,2272.884,54.396,207.684,234.553,225.201,49.597,1.494,0
2026-07-28 08:02:04.102349,870,37.31,7.132,3.385,22.345,5.684,19.555,213.024,937.352,2205.847,60.635,209.958,237.711,223.358,49.96,1.519,0
2026-07-28 08:03:00.380954,870,37.939,6.941,2.798,14.364,5.361,19.327,206.611,970.115,2235.391,59.213,210.955,232.574,225.204,50.026,1.376,0
2026-07-28 08:04:00.446634,870,38.406,6.741,3.272,13.563,5.493,19.076,200.397,928.941,2291.223,67.665,210.585,238.483,225.911,49.148,1.293,0
2026-07-28 08:04:57.287402,870,36.302,6.831,3.318,22.704,5.941,20.082,205.597,931.418,2125.271,61.638,209.748,228.617,228.144,51.254,1.36,0
2026-07-28 08:06:03.147588,870,38.171,6.965,3.787,17.014,5.423,20.661,208.234,895.317,2190.984,58.576,206.975,239.691,225.51,49.507,1.244,0
2026-07-28 08:07:05.272689,870,38.094,6.451,2.606,15.41,5.896,20.029,210.035,899.162,2123.91,58.03,211.602,239.931,223.791,48.49,1.482,0
2026-07-28 08:08:08.456914,870,39.172,6.363,3.182,14.958,5.555,19.054,204.881,932.642,2177.494,63.806,208.758,232.476,222.48,50.957,1.389,0
2026-07-28 08:09:07.468212,870,37.999,6.869,3.946,19.434,5.498,18.87,210.656,932.771,2130.01,61.277,211.196,240.581,225.64,50.385,1.357,0
2026-07-28 08:10:12.005299,870,38.815,7.271,3.224,19.287,6.145,18.665,204.54,953.468,2203.962,60.565,209.03,222.888,224.249,48.576,1.455,0
2026-07-28 08:11:18.054065,870,37.86,7.046,3.831,19.902,5.612,19.421,198.437,908.113,2315.928,62.704,208.747,233.738,221.444,48.828,1.654,0
2026-07-28 08:12:18.693478,870,38.367,6.735,3.618,18.062,5.187,19.553,199.201,900.242,2180.588,60.44,209.791,238.708,224.183,51.305,1.512,0
2026-07-28 08:13:17.262313,870,38.184,7.021,3.797,23.383,5.638,19.229,203.868,988.35,2210.451,65.337,208.123,234.57,223.461,49.438,1.37,0
2026-07-28 08:14:13.781043,870,38.937,6.739,3.272,18.804,5.018,20.093,203.673,945.573,2304.755,59.08,208.507,228.114,227.442,49.108,1.472,0
2026-07-28 08:15:14.814683,870,38.771,6.625,2.674,17.949,5.928,19.381,204.734,942.578,2148.408,56.098,211.347,235.739,223.652,50.703,1.44,0
2026-07-28 08:16:16.145280,870,37.751,6.517,3.318,15.708,5.11,19.47,214.475,882.992,2172.854,58.729,211.039,231.764,224.576,51.209,1.416,0
2026-07-28 08:17:19.668970,870,37.154,6.774,3.653,15.015,5.379,18.951,205.668,926.255,2196.511,59.912,208.867,240.352,224.867,48.969,1.526,0
2026-07-28 08:18:20.598640,870,38.483,6.629,3.965,23.653,6.143,19.945,210.04,954.634,2171.272,60.915,209.291,228.021,225.175,50.267,1.469,0
2026-07-28 08:19:23.876385,870,38.945,6.992,2.964,14.968,5.53,19.261,207.685,942.149,2292.881,61.014,207.575,234.919,226.301,50.672,1.443,0
2026-07-28 08:20:30.516151,870,37.159,6.461,3.236,15.731,5.832,17.976,209.089,947.121,2129.942,61.104,209.486,228.923,225.395,49.145,1.622,0
2026-07-28 08:21:24.984150,870,38.97,6.948,3.21,18.487,5.501,20.107,199.125,911.593,2182.365,57.661,209.293,235.37,224.284,49.819,1.59,0
2026-07-28 08:22:20.799711,870,37.541,6.615,4.227,22.312,5.747,18.717,207.193,889.345,2282.331,54.269,211.774,230.558,224.133,48.962,1.364,0
2026-07-28 08:23:21.130788,870,38.758,6.842,3.333,15.992,5.338,18.736,213.747,903.372,2210.599,52.367,210.118,234.392,224.028,49.732,1.343,0
2026-07-28 08:24:17.414014,870,37.98,6.656,3.549,18.073,5.535,18.639,201.24,931.653,2148.338,62.905,210.119,232.745,227.562,50.6,1.499,0
2026-07-28 08:25:17.886724,870,38.701,7.014,3.5,19.468,5.188,19.769,201.531,905.395,2167.396,50.634,210.497,232.784,224.895,50.151,1.474,0
2026-07-28 08:26:25.606399,870,38.234,6.745,2.289,19.079,5.667,18.821,202.203,945.146,2228.806,61.136,209.36,235.51,225.265,49.45,1.447,0
2026-07-28 08:27:31.497187,870,38.597,6.969,3.543,21.719,5.845,19.627,209.952,923.578,2088.547,61.917,210.765,237.953,224.969,49.981,1.317,0
2026-07-28 08:28:34.927913,870,37.817,6.858,3.33,19.781,5.627,19.376,200.249,916.693,2290.521,62.433,210.588,235.509,222.655,48.395,1.394,0
2026-07-28 08:29:30.726627,870,37.253,7.011,2.872,24.254,5.681,19.66,202.21,916.898,2203.41,61.826,210.268,234.441,226.947,49.369,1.533,0
2026-07-28 08:30:32.961430,870,38.603,6.691,4.473,19.925,5.275,20.396,201.555,869.897,2235.584,59.708,210.518,239.802,223.689,51.492,1.472,0
2026-07-28 08:31:31.001167,870,38.619,7.117,4.144,19.484,5.913,20.261,199.399,884.281,2179.356,54.769,212.455,231.651,224.808,50.311,1.114,0
2026-07-28 08:32:32.807372,870,37.788,6.688,3.554,15.463,5.867,19.47,196.758,954.46,2191.764,57.417,207.159,237.248,225.283,50.741,1.272,0
2026-07-28 08:33:33.899871,870,38.24,6.823,3.477,19.422,5.797,20.818,204.518,912.437,2215.763,65.471,208.566,233.734,223.339,49.347,1.468,0
2026-07-28 08:34:33.928237,870,37.696,6.782,4.16,16.475,5.228,19.313,210.38,906.205,2228.95,61.965,209.442,243.828,224.598,49.215,1.382,0
2026-07-28 08:35:41.362836,870,37.227,6.966,3.963,18.066,5.904,18.784,195.991,880.852,2315.207,55.55,211.038,231.747,225.309,49.32,1.652,0
2026-07-28 08:36:40.489782,870,38.207,7.125,3.252,19.278,5.748,18.689,205.995,934.967,2235.881,56.272,210.045,230.895,227.325,50.048,1.386,0
2026-07-28 08:37:37.647602,870,38.357,6.789,3.47,19.889,5.5,19.817,217.393,860.468,2230.307,68.059,210.835,234.543,223.211,51.081,1.518,0
2026-07-28 08:38:37.283206,870,37.793,7.014,3.726,18.926,5.619,18.773,201.697,932.96,2186.057,55.252,209.834,234.091,225.906,50.407,1.417,0
2026-07-28 08:39:36.211814,870,38.72,6.562,3.062,15.997,5.411,19.739,207.225,853.719,2254.865,59.965,209.136,235.705,226.322,49.913,1.526,0
2026-07-28 08:40:38.486899,870,37.563,6.864,4.674,15.957,5.61,19.965,207.205,918.448,2173.987,60.769,210.803,235.054,223.587,50.304,1.582,0
2026-07-28 08:41:41.864907,870,38.674,7.159,3.818,15.669,5.739,19.628,199.467,946.154,2233.314,63.956,209.576,234.623,225.357,51.203,1.494,0
2026-07-28 08:42:40.804808,870,37.389,6.82,3.178,19.866,5.648,19.527,205.441,909.983,2206.173,63.851,211.278,240.376,226.396,49.31,1.493,0
2026-07-28 08:43:46.285875,870,38.263,6.886,5.693,18.065,6.221,19.545,196.482,916.749,2121.132,62.408,208.534,240.367,226.662,51.257,1.366,0
2026-07-28 08:44:43.555533,870,38.061,7.046,3.159,19.223,5.542,19.251,204.661,953.73,2248.014,60.429,211.662,235.138,223.614,50.357,1.422,0
2026-07-28 08:45:42.048378,870,38.548,6.686,3.926,15.77,5.579,20.181,216.696,873.138,2143.264,62.142,210.994,234.586,225.179,51.112,1.507,0
2026-07-28 08:46:47.703256,870,38.23,7.262,3.163,16.954,5.21,19.835,218.433,911.183,2373.026,72.383,209.716,235.523,227.471,50.25,1.51,0
2026-07-28 08:47:44.791185,870,38.242,6.748,3.173,21.557,5.632,18.928,196.167,897.787,2230.751,74.034,208.462,236.832,223.817,51.142,1.475,0
2026-07-28 08:48:46.944194,870,37.991,6.882,3.624,17.702,5.484,18.102,197.487,913.735,2235.793,62.486,209.303,228.337,226.303,50.227,1.492,0
2026-07-28 08:49:43.853760,870,38.311,6.445,3.471,22.382,5.354,20.474,210.645,915.665,2083.159,58.421,209.733,240.5,226.624,50.619,1.582,0
2026-07-28 08:50:50.441569,870,37.317,7.045,3.431,20.093,5.864,20.04,204.71,947.798,2336.637,60.106,211.283,238.625,227.214,50.36,1.427,0
2026-07-28 08:51:51.409239,870,36.706,6.866,3.525,17.377,5.878,20.079,209.228,875.392,2125.451,63.459,209.77,233.714,223.542,50.247,1.485,0
2026-07-28 08:52:53.257604,870,39.095,6.772,3.873,21.314,5.666,18.724,206.925,931.918,2047.427,56.179,210.962,232.099,224.649,49.298,1.439,0
2026-07-28 08:53:52.293208,870,37.084,6.586,4.034,19.175,5.522,18.893,200.84,968.364,2212.234,62.877,209.237,230.012,225.976,49.722,1.551,0
2026-07-28 08:54:52.635432,870,38.991,7.236,5.062,15.867,5.775,19.888,213.596,902.309,2060.945,60.751,209.762,237.193,225.664,50.648,1.472,0
2026-07-28 08:55:52.910329,870,37.607,6.919,3.993,18.615,6.0,19.319,195.489,926.251,2209.197,53.84,209.851,242.469,222.586,49.533,1.353,0
2026-07-28 08:56:59.172858,870,38.828,7.18,3.284,18.66,5.94,19.405,203.219,891.018,2179.184,61.585,213.116,224.781,227.072,50.202,1.492,0
2026-07-28 08:58:02.424585,870,38.78,6.866,3.082,16.723,5.584,20.284,203.914,973.087,2072.841,57.926,211.406,234.741,224.114,50.29,1.543,0
2026-07-28 08:59:03.241500,870,37.938,6.872,3.856,17.262,5.837,19.552,199.23,861.653,2175.215,64.332,210.708,228.049,223.704,48.485,1.396,0
2026-07-28 09:00:07.332232,870,37.942,6.865,3.286,14.016,5.793,19.63,202.48,913.641,2212.899,59.281,210.556,233.118,226.578,48.859,1.534,0
2026-07-28 09:01:03.006249,870,37.628,6.669,3.02,18.797,6.118,20.071,206.284,918.535,2286.86,54.159,211.603,233.233,224.529,50.911,1.491,0
2026-07-28 09:02:04.315174,870,38.025,6.701,2.771,17.386,6.161,18.919,206.309,859.595,2142.156,58.126,208.131,240.534,227.212,50.751,1.57,0
2026-07-28 09:03:06.802254,870,38.187,6.821,3.302,17.237,5.514,19.665,209.766,875.674,2278.062,60.732,207.132,235.691,224.785,50.173,1.339,0
2026-07-28 09:04:07.984094,870,39.184,7.199,2.649,20.296,5.837,20.669,216.869,897.469,2266.448,51.896,210.383,238.092,225.001,49.847,1.673,0
2026-07-28 09:05:08.174229,870,37.008,6.312,3.727,25.505,5.302,20.199,205.916,906.994,2173.058,62.556,209.562,232.86,224.64,49.724,1.375,0
2026-07-28 09:06:06.037924,870,37.924,7.077,2.798,17.495,5.689,19.256,203.987,922.548,2150.503,56.824,209.063,236.014,223.483,49.563,1.411,0
2026-07-28 09:07:07.068345,870,38.414,6.594,3.835,19.407,5.686,19.616,204.087,848.796,2125.611,63.059,210.846,235.723,225.859,49.551,1.372,1
2026-07-28 09:08:01.182707,870,37.288,6.781,4.082,21.035,5.603,19.064,196.828,940.941,2212.228,67.436,207.389,242.906,226.136,49.766,1.395,0
2026-07-28 09:09:04.713031,870,38.647,6.688,3.315,19.517,5.826,19.419,208.875,907.085,2159.339,64.721,211.229,234.467,225.901,51.132,1.333,0
2026-07-28 09:10:08.404072,870,38.708,6.949,2.413,18.622,5.619,19.184,201.84,923.135,2185.092,59.447,211.788,235.915,225.75,49.694,1.257,0
2026-07-28 09:11:12.581481,870,38.472,7.123,4.319,19.512,5.562,19.41,214.139,909.403,2231.299,63.967,208.612,239.595,226.487,50.028,1.439,0
2026-07-28 09:12:19.179712,870,37.778,6.962,3.424,19.272,5.252,20.022,200.609,892.771,2262.148,62.203,212.086,232.204,224.43,48.714,1.653,0
2026-07-28 09:13:16.530657,870,38.49,6.622,3.825,17.242,5.386,19.021,206.05,941.193,2210.445,60.271,211.168,228.869,226.379,49.407,1.556,0
2026-07-28 09:14:16.790623,870,37.927,6.854,2.769,20.3,5.834,20.2,211.936,955.942,2139.528,72.542,209.634,233.361,225.9,49.732,1.415,0
2026-07-28 09:15:13.859379,870,37.794,6.991,4.183,18.795,5.403,20.547,205.928,959.087,2137.455,63.831,209.76,237.54,224.868,50.028,1.57,0
2026-07-28 09:16:16.639253,870,38.449,6.88,2.31,18.431,5.718,18.592,207.563,932.362,2113.046,57.892,210.028,233.637,224.311,49.82,1.389,0
2026-07-28 09:17:21.442476,870,37.736,6.97,2.649,17.891,5.703,19.593,209.453,884.593,2289.455,61.024,210.243,235.592,224.663,48.711,1.312,0
2026-07-28 09:18:18.708739,870,38.52,7.044,4.092,19.967,5.288,19.594,201.207,906.081,2192.771,62.222,210.505,232.808,223.506,50.158,1.674,0
2026-07-28 09:19:19.517185,870,38.512,6.69,2.841,18.185,5.992,19.902,216.842,894.132,2270.772,61.875,212.235,234.367,225.86,50.334,1.592,0
2026-07-28 09:20:24.167681,870,38.616,6.806,3.852,21.891,5.739,19.57,194.596,904.389,2303.239,60.108,209.286,230.04,225.339,51.273,1.718,0
2026-07-28 09:21:26.796218,870,37.599,6.891,3.712,16.58,5.611,19.446,204.222,878.155,2112.49,61.463,209.998,237.792,224.986,49.747,1.184,0
2026-07-28 09:22:19.559581,870,38.333,6.979,3.786,19.051,5.6,20.52,204.179,960.775,2330.477,59.3,210.249,237.689,225.365,50.098,1.483,0
2026-07-28 09:23:17.525222,870,37.849,6.835,4.03,23.739,5.115,20.313,211.207,919.19,2263.918,61.275,208.199,241.288,226.879,49.8,1.644,0
2026-07-28 09:24:18.587526,870,39.175,6.468,2.868,18.236,5.093,19.32,203.458,896.627,2256.572,67.726,210.624,230.699,225.209,49.991,1.524,0
2026-07-28 09:25:21.225089,870,37.285,6.813,4.292,15.431,5.95,19.601,196.901,935.566,2255.104,61.766,209.465,242.974,226.277,50.21,1.455,0
2026-07-28 09:26:25.553041,870,38.089,6.761,3.344,20.243,5.398,19.864,205.283,905.758,2267.614,60.721,210.582,233.274,226.147,50.618,1.461,0
2026-07-28 09:27:21.721838,870,37.963,6.67,3.791,15.875,5.392,18.744,207.693,919.058,2206.677,65.476,209.761,226.867,224.277,50.28,1.489,0
2026-07-28 09:28:29.106009,870,38.026,6.59,4.328,22.42,5.078,19.992,200.861,891.935,2125.263,63.803,211.235,239.509,226.356,49.361,1.475,0
2026-07-28 09:29:30.519756,870,37.304,6.562,3.47,17.98,5.827,18.596,199.834,889.372,2207.131,59.075,208.078,239.542,225.443,49.255,1.741,0
2026-07-28 09:30:30.556668,870,37.593,6.703,4.688,18.068,5.629,20.035,204.417,948.9,2089.365,55.431,207.708,233.101,225.533,49.584,1.573,0
2026-07-28 09:31:37.634546,870,37.244,6.662,2.399,18.057,5.671,19.257,197.423,937.512,2132.663,54.046,211.335,230.7,224.752,49.386,1.476,0
2026-07-28 09:32:39.520307,870,37.223,6.739,4.335,17.463,5.708,18.881,207.339,957.162,2126.077,63.245,209.625,224.036,223.11,49.524,1.443,0
2026-07-28 09:33:37.097338,870,37.819,6.734,3.181,18.07,5.728,19.678,203.379,909.142,2161.438,71.263,211.095,229.384,222.39,49.108,1.506,0
2026-07-28 09:34:35.212074,870,39.288,6.546,2.803,17.779,5.571,19.613,201.869,917.024,2170.663,59.478,214.075,231.49,223.409,50.585,1.248,0
2026-07-28 09:35:38.529881,870,38.488,6.308,4.83,18.291,5.555,18.389,211.694,933.996,2065.636,49.688,209.581,237.893,225.462,49.586,1.448,0
2026-07-28 09:36:38.016836,870,37.649,7.088,2.769,19.495,5.488,18.4,209.65,900.522,2147.277,65.125,209.511,236.144,224.239,49.755,1.521,0
2026-07-28 09:37:33.416220,870,37.924,6.868,2.914,17.908,5.127,19.389,198.084,881.396,2202.53,61.424,210.304,235.596,223.812,50.785,1.474,0
2026-07-28 09:38:32.149568,870,37.368,6.646,3.918,25.763,5.191,18.373,203.263,932.982,2092.995,59.305,208.199,233.118,225.064,49.495,1.309,0
2026-07-28 09:39:35.897438,870,36.546,6.801,3.874,18.883,6.131,19.189,203.61,904.179,2157.738,55.093,209.511,234.803,224.201,50.212,1.384,0
2026-07-28 09:40:33.542504,870,38.03,7.147,3.294,20.67,6.075,19.998,210.84,911.828,2223.468,65.466,210.893,237.767,226.255,50.984,1.508,0
2026-07-28 09:41:33.983523,870,37.886,7.109,2.784,16.699,4.905,19.768,205.108,962.407,2065.36,60.403,209.544,237.22,226.416,48.94,1.425,0
2026-07-28 09:42:45.691497,870,37.905,6.445,3.266,18.144,5.73,19.174,205.877,902.111,2160.418,64.227,209.919,236.143,226.307,50.169,1.765,0
2026-07-28 09:43:47.167651,870,37.766,6.763,3.246,17.523,5.239,19.25,204.751,928.918,2204.254,60.205,207.842,238.992,225.697,50.576,1.556,0
2026-07-28 09:44:45.150211,870,37.735,6.863,2.827,23.08,6.29,19.781,208.371,916.781,2273.231,67.719,210.925,230.06,223.822,49.842,1.424,0
2026-07-28 09:45:46.927887,870,38.28,7.109,3.131,19.447,5.271,19.115,195.339,922.06,2309.031,60.96,211.692,230.581,225.21,49.141,1.373,0
2026-07-28 09:46:49.312943,870,37.397,6.572,4.043,17.254,5.75,18.443,212.317,868.164,2238.463,57.305,207.492,238.225,225.148,49.886,1.284,0
2026-07-28 09:47:53.086258,870,38.052,6.791,3.736,14.686,5.608,19.099,206.108,933.963,2322.196,62.303,210.599,232.9,225.555,50.879,1.473,0
2026-07-28 09:48:55.188140,870,37.051,6.604,3.803,20.061,5.781,19.749,197.533,966.562,2345.328,60.535,211.189,233.774,224.899,49.393,1.557,0
2026-07-28 09:49:59.125078,870,39.054,6.719,3.169,19.704,5.919,18.674,196.415,959.467,2233.032,55.51,210.181,231.91,225.491,50.321,1.588,0
2026-07-28 09:51:04.871498,870,38.422,6.814,2.923,21.379,5.289,20.082,205.563,913.843,2154.087,56.552,210.391,232.653,224.915,49.544,1.492,0
2026-07-28 09:52:08.350122,870,37.644,6.613,4.243,17.844,6.052,19.062,203.542,976.666,2183.657,60.41,211.68,232.29,226.411,50.94,1.22,0
2026-07-28 09:53:14.438996,870,37.812,6.714,3.062,19.357,5.391,20.711,203.281,954.437,2200.19,65.689,212.212,241.222,223.677,49.911,1.49,0
2026-07-28 09:54:13.331957,870,38.439,6.82,2.792,20.414,5.081,19.231,205.789,914.963,2242.792,57.998,210.318,235.34,225.135,49.128,1.598,0
2026-07-28 09:55:01.873235,870,38.515,6.996,3.572,16.265,5.457,20.252,209.657,966.774,2082.893,64.334,208.592,236.318,225.162,50.036,1.376,0
2026-07-28 09:55:55.039121,870,37.702,6.624,3.391,21.406,5.554,19.508,200.648,915.35,2178.971,59.393,209.678,228.882,224.048,49.226,1.373,0
2026-07-28 09:56:54.089348,870,37.699,6.883,3.062,14.618,5.956,18.608,192.537,932.83,2220.471,65.937,210.184,231.65,224.169,49.88,1.528,0
2026-07-28 09:57:52.181926,870,37.671,6.777,2.858,19.811,5.788,19.633,205.262,963.085,2224.968,68.041,208.528,231.696,224.103,50.316,1.534,0
2026-07-28 09:58:54.892189,870,38.403,6.969,2.832,17.434,5.76,18.676,205.201,903.193,2199.802,60.995,210.752,236.61,225.811,49.982,1.442,0
2026-07-28 09:59:52.923469,870,37.851,6.448,3.59,17.893,5.387,18.582,205.872,916.068,2119.794,57.715,208.915,231.846,223.827,50.368,1.612,0
2026-07-28 10:00:58.007447,870,38.298,6.586,2.964,20.404,5.949,19.973,201.44,870.804,2197.7,57.652,212.236,236.864,223.682,51.126,1.414,0
2026-07-28 10:01:51.796395,870,38.217,6.641,4.101,21.742,5.735,19.719,205.474,901.666,2134.995,64.408,208.424,228.193,223.583,49.618,1.606,0
2026-07-28 10:02:54.199920,870,37.773,6.509,3.872,19.266,5.758,19.094,212.926,935.236,2120.607,56.459,212.968,230.747,224.999,49.978,1.437,0
2026-07-28 10:03:58.007751,870,37.277,6.827,3.503,17.97,6.002,19.414,202.001,919.413,2324.573,53.305,208.633,228.735,223.456,50.131,1.405,0
2026-07-28 10:05:01.835005,870,38.581,6.792,3.45,16.92,5.453,19.301,201.913,938.323,2069.357,65.106,207.625,234.697,224.45,50.387,1.373,0
2026-07-28 10:06:03.674139,870,38.078,6.873,4.165,15.164,6.131,19.119,205.654,860.582,2204.371,56.716,211.449,230.579,225.466,50.611,1.614,0
2026-07-28 10:07:15.386415,870,38.109,6.829,4.116,17.09,5.798,19.139,211.196,929.928,2251.429,54.771,208.894,234.018,225.937,49.782,1.522,0
2026-07-28 10:08:11.923695,870,37.992,7.229,4.109,19.947,5.879,19.402,200.081,894.336,2266.365,56.998,210.433,228.969,227.311,49.039,1.589,0
2026-07-28 10:09:12.338095,870,37.319,6.958,3.954,19.603,5.688,19.326,206.349,945.703,2216.976,59.321,210.237,228.49,224.657,50.283,1.614,0
2026-07-28 10:10:15.341585,870,37.78,6.924,3.267,18.12,5.504,19.324,198.178,889.847,2194.349,55.201,208.52,231.926,225.822,49.987,1.283,0
2026-07-28 10:11:14.515117,870,38.149,6.762,4.417,17.943,6.278,19.625,212.127,946.746,2279.349,55.602,207.095,241.122,225.358,51.097,1.341,0
2026-07-28 10:12:17.513072,870,37.711,7.162,3.464,21.241,5.591,20.203,198.213,876.474,2201.18,61.138,209.516,228.893,224.505,49.986,1.381,0
2026-07-28 10:13:17.227166,870,38.206,6.738,3.437,20.191,5.399,20.291,199.391,928.786,2282.021,58.049,210.724,233.82,224.139,49.99,1.342,0
2026-07-28 10:14:19.468134,870,37.931,6.929,3.215,19.456,5.313,19.937,200.725,919.462,2286.367,61.968,209.55,236.489,225.355,49.864,1.346,0
2026-07-28 10:15:28.117942,870,37.243,6.731,3.068,15.54,6.163,19.832,204.109,925.669,2186.078,62.601,209.88,235.439,225.717,48.674,1.465,0
2026-07-28 10:16:18.805213,870,36.987,6.852,3.477,17.92,5.817,19.209,196.004,912.698,2288.825,57.756,210.702,231.517,224.648,49.834,1.258,0
2026-07-28 10:17:22.501365,870,38.223,6.911,3.04,22.039,5.239,18.913,212.463,942.831,2109.745,59.5,207.891,230.685,224.837,49.586,1.436,0
2026-07-28 10:18:26.149800,870,37.562,7.002,3.153,19.572,5.545,19.405,204.32,927.296,2258.427,63.445,209.379,234.907,226.701,48.281,1.568,0
2026-07-28 10:19:36.265012,870,37.839,6.568,4.081,13.953,5.579,19.649,202.415,923.976,2067.022,64.956,211.628,239.199,227.019,50.092,1.606,0
2026-07-28 10:20:40.982087,870,37.54,6.834,3.716,18.85,5.382,19.141,205.673,921.427,2277.779,50.45,209.329,233.135,224.553,49.861,1.609,0
2026-07-28 10:21:47.057667,870,38.57,6.588,3.69,20.502,5.817,18.567,208.739,886.089,2368.544,54.22,210.185,236.127,225.358,48.502,1.379,0
2026-07-28 10:22:47.642534,870,37.255,6.723,2.68,17.659,5.563,20.216,200.481,927.725,2213.63,60.934,209.3,234.658,226.015,49.534,1.205,0
2026-07-28 10:23:49.650812,870,38.504,6.822,4.614,19.402,5.613,19.405,212.408,893.28,2218.16,60.251,209.622,241.089,224.944,50.554,1.421,0
2026-07-28 10:24:57.284176,870,37.226,6.863,3.05,24.154,5.28,20.168,204.353,948.961,2318.345,58.993,209.995,230.504,224.338,49.593,1.257,0
2026-07-28 10:26:01.136981,870,38.314,6.792,3.344,14.871,5.434,19.417,199.194,910.227,2193.945,58.609,208.431,239.103,225.292,49.571,1.4,0
2026-07-28 10:26:56.893619,870,37.913,6.59,3.452,15.458,5.303,20.086,195.565,916.861,2024.57,56.922,211.821,230.515,225.942,49.628,1.515,0
2026-07-28 10:27:57.401396,870,38.049,6.972,3.579,16.848,6.404,19.773,201.285,947.022,2219.752,66.183,210.913,233.537,225.406,50.639,1.335,0
2026-07-28 10:28:58.599817,870,38.157,6.439,3.465,15.22,4.815,20.153,195.081,904.457,2137.355,55.979,211.575,239.142,225.067,51.047,1.609,0
2026-07-28 10:29:59.090515,870,37.904,6.869,3.18,19.522,5.408,19.919,196.429,905.885,2191.156,59.737,209.82,238.398,223.48,50.709,1.723,0
2026-07-28 10:30:58.412588,870,38.376,6.827,3.006,19.303,5.6,19.408,199.205,919.479,2124.357,59.763,208.034,229.722,225.347,50.324,1.817,0
2026-07-28 10:31:56.716819,870,37.765,6.814,3.155,18.386,5.451,19.497,213.551,950.244,2308.19,63.637,209.463,234.967,224.451,50.98,1.294,0
2026-07-28 10:32:56.123327,870,37.336,7.096,2.095,18.177,5.681,20.531,212.814,944.449,2234.517,63.14,210.588,239.21,225.444,49.395,1.717,0
2026-07-28 10:33:57.671578,870,37.74,6.847,4.198,18.716,5.348,19.332,205.466,932.968,2173.915,60.12,210.917,237.131,224.241,50.7,1.529,0
2026-07-28 10:35:02.932011,870,37.764,7.191,4.657,18.619,5.699,19.766,201.014,874.301,2242.165,59.147,209.922,230.194,224.496,50.671,1.42,0
2026-07-28 10:36:14.431715,870,38.126,7.123,4.33,16.594,5.978,19.812,209.875,948.744,2195.967,56.298,208.545,233.85,227.203,48.486,1.393,0
2026-07-28 10:37:12.196209,870,37.372,6.671,3.83,18.815,5.004,19.912,206.795,891.644,2309.074,65.034,211.198,236.731,225.321,50.401,1.386,0
2026-07-28 10:38:14.765253,870,38.509,6.807,3.785,21.41,5.443,19.384,207.021,923.433,2235.673,53.035,209.807,233.893,221.957,51.424,1.33,0
2026-07-28 10:39:13.552185,870,38.728,6.705,3.574,19.597,5.465,20.122,206.45,965.572,2301.697,56.088,209.551,230.197,226.567,50.421,1.418,0
2026-07-28 10:40:15.040414,870,37.839,7.085,3.55,16.408,6.064,19.532,211.021,898.799,2159.348,63.694,210.187,235.401,223.364,51.033,1.524,0
2026-07-28 10:41:18.775240,870,38.31,6.921,3.264,18.585,5.689,18.472,201.827,946.257,2215.438,56.103,210.366,242.795,224.003,50.023,1.412,0
2026-07-28 10:42:19.884918,870,39.153,6.563,3.124,13.85,5.341,19.546,205.81,913.983,2275.563,62.69,209.88,235.189,224.901,49.72,1.492,0
2026-07-28 10:43:19.075255,870,38.09,6.993,2.327,13.125,5.635,19.713,207.708,873.669,2216.376,65.563,210.993,228.039,226.284,49.993,1.555,0
2026-07-28 10:44:17.738176,870,37.307,6.825,3.421,18.103,5.162,19.312,199.411,945.072,2042.365,64.862,210.972,229.814,225.33,50.089,1.435,0
2026-07-28 10:45:20.092379,870,37.819,6.998,3.332,20.12,6.068,19.511,213.77,912.187,2182.924,57.441,210.736,238.762,223.012,49.579,1.399,0
2026-07-28 10:46:28.479945,870,37.643,6.521,3.48,20.301,5.722,19.577,200.279,903.339,2131.318,58.557,209.27,236.731,225.563,50.083,1.47,0
2026-07-28 10:47:28.690771,870,38.124,6.782,3.68,11.41,5.575,20.161,203.659,946.425,2287.261,55.904,209.257,236.431,224.456,50.187,1.564,0
2026-07-28 10:48:30.792132,870,38.658,6.892,3.531,24.68,5.696,19.753,205.762,930.221,2249.73,60.721,209.744,236.981,224.696,50.269,1.417,0
2026-07-28 10:49:27.493815,870,37.022,6.678,3.512,17.769,5.52,20.463,204.146,899.16,2270.775,66.7,210.838,241.557,224.356,51.373,1.496,0
2026-07-28 10:50:31.246839,870,38.737,6.906,3.103,18.702,5.297,18.949,198.291,877.291,2141.994,60.222,208.654,237.439,223.848,50.649,1.5,0
2026-07-28 10:51:32.159977,870,38.139,6.689,3.443,17.942,5.453,19.098,207.263,915.066,2139.182,60.108,210.376,233.844,223.861,49.962,1.534,0
2026-07-28 10:52:36.588243,870,38.387,6.843,3.57,20.145,5.925,19.889,197.841,909.588,2109.279,60.659,210.229,234.111,225.913,50.07,1.481,0
2026-07-28 10:53:38.200190,870,38.238,6.98,3.104,16.18,5.608,19.894,208.739,920.629,2178.033,59.656,210.61,236.606,224.025,50.929,1.471,0
2026-07-28 10:54:37.906562,870,37.653,6.879,3.259,14.747,5.706,20.072,215.75,930.62,2193.672,62.584,210.392,226.745,223.49,49.922,1.413,0
2026-07-28 10:55:39.477835,870,38.265,6.49,2.478,23.948,5.939,19.308,208.472,948.674,2268.494,54.037,210.482,243.199,224.13,49.105,1.396,0
2026-07-28 10:56:36.885122,870,38.564,7.118,4.431,18.972,5.851,19.011,202.519,949.345,2180.686,60.642,209.462,233.753,224.859,49.656,1.627,0
2026-07-28 10:57:42.397073,870,38.675,6.989,2.778,16.676,5.442,19.313,213.98,1013.833,2133.412,62.836,208.018,230.708,225.579,50.331,1.441,0
2026-07-28 10:58:44.678958,870,38.614,6.873,3.786,18.861,5.842,18.111,197.909,931.478,2267.129,64.189,209.427,234.827,225.379,49.524,1.289,0
2026-07-28 10:59:41.153644,870,37.729,7.212,3.736,23.062,5.65,20.043,201.7,891.019,2132.467,66.079,210.746,232.615,224.784,49.936,1.635,0
2026-07-28 11:00:40.772344,870,38.73,6.79,3.004,21.551,5.338,19.153,210.557,924.827,2282.366,57.097,211.588,242.935,223.973,50.24,1.399,0
2026-07-28 11:01:37.285302,870,38.582,6.974,3.885,20.755,5.813,18.99,206.492,907.064,2384.508,56.471,210.017,235.132,223.731,49.983,1.421,0
2026-07-28 11:02:31.684263,870,38.51,6.392,3.66,16.0,5.885,19.58,208.715,888.189,2166.38,58.512,212.011,236.213,226.117,48.835,1.411,0
2026-07-28 11:03:28.333991,870,37.351,7.135,2.814,16.797,5.12,20.296,200.183,907.881,2021.066,63.236,210.261,237.926,225.658,49.972,1.477,0
2026-07-28 11:04:32.127793,870,37.71,6.966,3.211,19.025,5.296,19.864,197.204,986.084,2214.038,54.48,209.587,232.623,225.632,49.864,1.573,0
2026-07-28 11:05:32.095222,870,38.08,7.144,3.185,19.931,5.33,19.33,203.614,911.578,2228.993,60.977,210.195,234.643,225.301,49.461,1.361,0
2026-07-28 11:06:35.499084,870,38.473,6.671,3.676,22.972,6.199,19.868,202.555,960.77,2197.357,61.119,209.844,236.101,225.438,50.132,1.43,0
2026-07-28 11:07:37.232482,870,37.206,7.272,3.73,17.168,5.371,19.771,205.962,951.446,2265.043,57.816,212.371,237.193,225.098,49.812,1.348,0
2026-07-28 11:08:39.372884,870,37.376,6.976,3.12,19.355,5.053,20.47,210.414,929.499,2197.175,63.088,209.814,230.368,224.088,49.574,1.541,0
2026-07-28 11:09:42.807384,870,38.06,6.991,3.675,20.395,5.234,20.151,201.088,951.261,2129.482,54.745,209.806,231.955,227.13,49.701,1.324,0
2026-07-28 11:10:48.505626,870,37.415,6.613,3.286,18.991,5.836,19.311,203.348,934.058,2136.163,65.581,209.005,223.586,223.26,49.348,1.593,0
2026-07-28 11:11:43.949044,870,37.793,6.919,3.537,21.151,5.403,19.525,207.264,882.478,2169.568,62.542,211.252,232.525,223.399,50.085,1.472,0
2026-07-28 11:12:55.628547,870,37.939,6.875,3.679,25.127,5.345,19.627,192.604,936.211,2182.02,59.164,208.419,235.714,225.581,49.425,1.481,0
2026-07-28 11:14:02.823552,870,36.891,6.834,3.774,20.496,5.09,18.36,209.514,922.599,2166.471,54.917,208.319,239.025,225.39,49.557,1.362,0
2026-07-28 11:14:59.918426,870,38.126,6.905,3.169,14.007,5.864,17.675,193.711,870.417,2195.122,59.973,208.21,237.621,227.403,49.554,1.394,0
2026-07-28 11:16:00.327830,870,37.901,6.458,2.665,20.534,5.862,19.582,198.828,924.455,2120.162,62.44,208.388,231.757,225.353,48.727,1.452,0
2026-07-28 11:17:03.959444,870,37.146,7.019,3.323,21.111,5.667,19.967,214.751,918.986,2324.878,57.909,210.397,233.309,225.128,49.523,1.465,0
2026-07-28 11:18:12.005961,870,37.669,6.622,3.449,16.749,5.32,21.17,207.729,927.127,2168.259,52.38,210.066,238.404,226.218,49.796,1.559,0
2026-07-28 11:19:14.435657,870,38.417,6.8,2.403,19.019,5.425,19.418,209.713,999.532,2127.96,56.741,208.325,233.559,227.957,49.856,1.613,0
2026-07-28 11:20:24.346661,870,37.797,6.752,3.244,16.257,5.421,19.348,199.626,970.273,2219.214,70.119,209.948,234.004,225.72,50.886,1.564,0
2026-07-28 11:21:32.746698,870,37.991,6.804,3.063,22.187,5.522,20.222,201.63,926.539,2162.131,61.744,210.284,240.215,223.431,50.174,1.367,0
2026-07-28 11:22:35.340838,870,38.136,6.502,3.054,21.538,5.366,18.87,202.817,950.635,2175.315,58.917,209.959,238.115,227.554,49.915,1.663,1
2026-07-28 11:23:37.547790,870,36.949,6.475,2.946,17.847,5.292,20.63,207.431,907.718,2216.451,70.303,206.842,231.084,225.142,50.207,1.525,0
2026-07-28 11:24:31.398239,870,38.767,6.722,3.68,19.923,5.592,18.955,209.205,900.317,2209.686,63.824,211.036,232.689,225.227,50.018,1.433,0
2026-07-28 11:25:27.890308,870,38.237,6.437,2.76,16.471,6.032,19.759,208.425,943.475,2112.907,67.204,210.733,241.783,222.379,50.291,1.367,0
2026-07-28 11:26:31.571701,870,38.214,6.58,3.68,14.398,5.256,19.563,205.802,910.177,2246.5,61.567,209.948,236.423,224.109,49.476,1.37,0
2026-07-28 11:27:29.713560,870,38.34,6.922,3.895,20.314,5.659,18.707,205.364,930.42,2191.265,63.795,211.528,240.012,223.867,49.847,1.568,0
2026-07-28 11:28:29.486542,870,37.941,6.725,4.057,15.273,5.942,19.256,204.414,900.23,2161.366,60.967,211.319,230.425,224.432,49.282,1.527,0
2026-07-28 11:29:32.985206,870,37.977,6.743,3.508,15.789,5.644,18.907,202.452,922.266,2306.46,56.934,208.181,236.91,226.013,49.929,1.4,0
2026-07-28 11:30:32.557923,870,39.241,7.123,4.034,18.091,5.639,19.212,196.076,940.648,2236.676,59.533,211.105,237.573,222.791,49.651,1.533,0
2026-07-28 11:31:35.391436,870,37.197,6.251,3.236,17.356,5.357,20.165,202.063,952.835,2126.41,60.544,209.059,239.894,222.426,50.73,1.385,0
2026-07-28 11:32:34.529168,870,38.327,6.694,3.382,13.263,5.842,18.387,214.993,903.672,2159.865,59.741,208.501,240.096,226.816,50.113,1.448,0
2026-07-28 11:33:36.620061,870,37.418,6.834,3.826,17.695,5.919,18.283,203.238,972.403,2163.881,57.359,210.399,233.381,225.584,51.222,1.67,0
2026-07-28 11:34:42.513867,870,38.759,6.892,3.449,17.412,6.002,19.443,202.982,931.159,2264.163,58.992,208.994,236.261,224.835,50.345,1.349,0
2026-07-28 11:35:35.441350,870,38.04,6.5,3.049,20.352,5.781,18.731,203.405,921.971,2151.753,58.434,211.193,234.108,225.729,51.18,1.471,0
2026-07-28 11:36:38.097769,870,37.221,6.877,2.843,22.0,5.485,19.95,202.031,929.781,2158.583,58.135,210.351,237.633,224.646,51.075,1.496,0
2026-07-28 11:37:35.419602,870,38.284,6.709,3.785,20.476,5.583,19.483,203.287,924.505,2125.133,65.604,211.668,229.059,223.72,49.649,1.402,0
2026-07-28 11:38:41.226541,870,38.579,7.104,3.473,16.351,5.321,20.044,199.811,929.364,2253.11,61.198,209.744,227.219,223.437,50.775,1.526,0
2026-07-28 11:39:43.498333,870,38.182,6.989,3.406,20.052,5.647,18.421,205.748,931.838,2182.327,54.767,211.226,236.141,225.046,50.521,1.152,0
2026-07-28 11:40:39.433980,870,38.481,6.742,3.668,20.367,5.693,19.615,208.955,922.186,2127.608,54.462,209.489,234.959,225.07,48.761,1.462,0
2026-07-28 11:41:38.417148,870,38.78,6.794,2.886,17.936,5.736,21.09,199.297,964.022,2061.537,58.511,211.396,236.09,223.971,49.258,1.533,0
2026-07-28 11:42:37.404548,870,38.43,6.862,3.6,17.057,6.0,19.907,209.609,921.368,2177.924,56.356,210.511,233.714,225.945,49.507,1.359,0
2026-07-28 11:43:38.699126,870,37.76,6.84,3.362,15.061,5.617,19.877,207.102,875.934,2143.336,59.077,209.718,239.336,225.91,49.541,1.557,0
2026-07-28 11:44:37.366059,870,38.744,6.789,2.864,15.492,5.382,20.099,197.482,971.867,2174.699,67.831,212.148,237.054,223.098,50.035,1.381,0
2026-07-28 11:45:39.035051,870,38.254,6.75,3.154,18.717,5.549,19.187,210.347,931.391,2279.146,57.163,208.874,233.111,226.351,50.092,1.505,0
2026-07-28 11:46:39.314778,870,37.728,7.231,4.055,20.025,5.696,19.221,206.748,879.041,2304.72,56.043,209.824,234.419,224.77,49.653,1.342,0
2026-07-28 11:47:36.379139,870,38.241,6.99,3.11,19.037,5.83,18.762,198.998,892.261,2133.041,61.52,210.739,227.691,224.327,49.059,1.354,0
2026-07-28 11:48:40.231981,870,38.221,6.868,3.524,20.724,5.484,19.617,203.335,913.918,2130.703,56.951,210.745,244.142,225.691,50.3,1.352,0
2026-07-28 11:49:48.822958,870,38.074,6.933,3.811,17.144,5.478,21.063,210.825,933.611,2201.084,52.535,208.669,233.943,224.487,48.573,1.313,0
2026-07-28 11:50:48.936115,870,37.264,6.642,3.145,16.448,5.788,19.888,205.721,826.721,2243.55,58.873,208.366,237.442,222.652,49.181,1.346,0
2026-07-28 11:51:48.292283,870,38.656,6.753,4.456,18.842,5.363,18.563,201.919,842.324,2258.077,53.646,209.383,236.074,224.309,49.866,1.563,0
2026-07-28 11:52:50.482766,870,38.414,6.554,3.857,20.351,5.736,19.11,206.266,922.726,2313.931,56.455,210.139,234.886,224.006,48.638,1.542,0
2026-07-28 11:53:52.947649,870,37.674,6.792,3.169,17.369,5.867,19.924,201.297,960.989,2208.713,61.53,209.33,235.785,224.593,49.877,1.293,0
2026-07-28 11:54:52.840231,870,38.279,6.577,3.454,15.345,5.605,19.669,203.367,960.447,2190.457,54.442,210.124,226.194,225.474,49.419,1.577,0
2026-07-28 11:55:49.711707,870,38.187,6.729,0.992,21.414,5.799,19.388,204.704,890.152,2164.858,63.951,211.655,237.638,223.92,50.623,1.628,0
2026-07-28 11:56:46.944943,870,37.144,6.748,3.592,17.22,5.284,19.05,214.607,937.519,2138.582,59.303,210.395,232.977,226.513,49.074,1.499,0
2026-07-28 11:57:46.301950,870,37.957,6.666,4.652,21.274,5.526,18.813,200.422,937.043,2229.784,66.517,209.915,237.874,225.084,50.356,1.43,0
2026-07-28 11:58:52.061333,870,38.177,6.986,3.469,20.104,5.332,18.653,212.066,926.837,2346.879,60.36,210.758,237.489,225.611,50.447,1.321,0
2026-07-28 11:59:52.231823,870,38.91,7.312,3.146,17.5,5.758,20.399,188.775,956.613,2204.888,59.607,209.375,234.621,224.322,50.454,1.69,0
2026-07-28 12:00:50.235479,870,38.053,6.468,3.606,16.954,4.855,19.655,204.029,897.132,2341.288,60.459,209.232,239.816,226.603,50.22,1.36,0
2026-07-28 12:01:48.155095,870,38.936,6.973,2.532,18.503,5.84,20.126,206.843,931.482,2288.639,62.403,209.367,242.571,226.001,50.657,1.412,0
2026-07-28 12:02:48.654030,870,37.854,6.781,4.033,12.602,5.401,19.607,209.935,978.495,2047.134,65.743,210.067,231.7,223.386,50.038,1.202,0
2026-07-28 12:03:50.135818,870,37.886,6.548,3.308,22.644,5.365,19.626,207.961,910.09,2246.764,56.131,211.676,232.856,224.654,49.379,1.59,0
2026-07-28 12:04:49.521821,870,37.101,6.633,3.004,18.931,5.974,19.405,188.509,905.958,2058.867,60.286,211.127,227.683,227.83,51.187,1.375,0
2026-07-28 12:05:56.416220,870,37.974,6.829,3.07,20.359,5.554,19.267,212.387,942.882,2251.043,59.889,211.239,234.672,227.04,50.463,1.214,0
2026-07-28 12:07:04.135723,870,37.79,6.813,3.593,15.183,5.461,18.75,198.969,931.281,2162.896,64.91,208.47,236.241,225.19,50.133,1.379,0
2026-07-28 12:08:04.560436,870,37.701,6.875,3.836,22.475,5.689,19.073,199.766,865.475,2205.63,61.125,209.266,231.554,226.391,50.161,1.529,0
2026-07-28 12:09:03.636758,870,37.72,6.619,3.374,17.217,5.651,18.507,195.559,951.557,2143.703,56.702,211.457,234.073,224.528,49.951,1.481,0
2026-07-28 12:10:03.789751,870,37.481,6.4,3.747,17.979,5.559,18.801,208.256,883.635,2240.391,60.459,210.081,243.135,226.223,50.134,1.459,0
2026-07-28 12:11:06.067609,870,37.509,6.821,3.631,18.461,5.918,19.519,207.656,944.973,2353.333,54.139,208.889,236.304,223.555,50.913,1.528,0
2026-07-28 12:12:04.652413,870,38.012,7.032,2.786,16.274,4.923,19.23,202.63,916.48,2373.582,66.359,211.255,234.579,223.171,49.301,1.485,0
2026-07-28 12:13:03.480882,870,38.348,6.539,3.789,16.954,5.282,19.453,198.408,919.215,2141.878,57.672,208.066,236.528,227.603,50.461,1.584,0
2026-07-28 12:13:59.320015,870,38.761,6.956,3.6,21.194,5.29,20.225,206.307,922.501,2194.938,55.379,210.593,236.393,225.691,49.599,1.573,0
2026-07-28 12:14:59.473246,870,38.213,6.839,3.308,20.622,6.079,19.925,194.608,894.193,2272.248,63.424,208.523,226.678,224.142,48.715,1.36,0
2026-07-28 12:15:58.281170,870,37.136,7.1,3.983,19.123,6.01,19.642,222.151,956.682,2212.492,62.432,210.94,234.32,225.855,48.587,1.58,0
2026-07-28 12:16:58.982500,870,38.174,6.905,3.371,15.966,5.642,18.72,205.573,923.566,2165.436,67.958,209.888,233.24,225.543,49.127,1.412,0
2026-07-28 12:17:56.392114,870,38.734,7.203,3.725,17.353,5.584,18.823,213.268,910.333,2268.845,61.008,210.97,240.073,222.966,49.359,1.49,0
2026-07-28 12:18:58.130096,870,38.16,7.06,2.729,19.065,5.497,19.1,209.24,970.233,2171.736,62.398,209.177,233.768,225.374,48.923,1.423,0
2026-07-28 12:19:58.063888,870,38.676,6.397,4.066,19.221,5.911,19.044,203.75,917.748,2227.553,62.149,208.008,241.756,225.907,50.167,1.665,0
2026-07-28 12:21:03.647187,870,37.823,6.675,4.162,20.436,5.241,18.268,200.744,894.526,2250.156,58.441,209.359,238.489,227.106,49.368,1.294,0
2026-07-28 12:22:00.603283,870,37.687,6.42,2.787,15.627,5.867,20.415,210.776,945.385,2217.322,59.42,208.439,240.538,224.485,50.759,1.517,0
2026-07-28 12:23:06.417592,870,37.711,7.084,2.824,18.875,6.094,19.64,205.119,902.964,2147.378,64.737,209.832,232.003,222.676,50.957,1.492,0
2026-07-28 12:24:09.389518,870,38.289,6.749,3.493,22.111,5.663,19.861,211.169,970.73,2201.305,57.014,209.537,235.644,223.949,50.635,1.474,0
2026-07-28 12:25:07.884465,870,37.504,6.88,4.236,18.935,5.689,19.277,204.369,910.706,2247.832,60.453,211.542,242.732,224.038,50.621,1.302,0
2026-07-28 12:26:09.347381,870,37.839,6.414,3.944,20.681,5.647,19.674,215.445,904.067,2181.702,51.358,208.977,228.916,224.409,51.401,1.309,0
2026-07-28 12:27:14.727077,870,38.219,6.432,3.412,16.192,5.475,19.436,207.722,896.719,2222.076,62.754,209.201,237.373,225.046,49.988,1.485,0
2026-07-28 12:28:18.134624,870,38.741,6.698,3.441,20.268,5.11,20.11,200.376,920.592,2244.609,62.879,209.053,239.542,225.275,50.165,1.322,0
2026-07-28 12:29:18.897436,870,37.542,6.771,2.986,18.174,5.645,19.935,210.926,908.477,2262.787,66.211,210.847,234.501,227.353,50.34,1.697,0
2026-07-28 12:30:17.830803,870,38.786,6.612,3.736,13.845,5.409,19.342,206.852,914.817,2194.628,61.365,210.24,236.141,222.564,50.782,1.504,0
2026-07-28 12:31:13.035517,870,38.823,6.759,2.906,24.733,5.335,18.649,201.719,878.497,2147.833,56.232,207.83,240.419,222.288,49.353,1.569,0
2026-07-28 12:32:12.718501,870,37.418,6.83,4.107,19.46,5.538,18.775,203.04,930.02,2228.148,60.854,212.694,241.787,224.467,50.344,1.326,0
2026-07-28 12:33:14.361322,870,37.742,6.888,3.61,21.988,5.816,19.19,200.286,937.996,2179.147,71.114,211.044,228.694,223.407,49.287,1.554,0
2026-07-28 12:34:12.976616,870,37.692,6.731,2.688,20.55,5.727,19.556,200.435,948.736,2123.237,54.64,209.485,239.623,224.403,51.309,1.67,0
2026-07-28 12:35:05.904538,870,37.457,6.983,3.57,15.661,5.709,18.784,208.985,902.569,2098.773,60.627,207.546,230.401,222.746,50.1,1.486,0
2026-07-28 12:36:12.728224,870,38.143,6.966,3.395,17.382,5.798,19.321,213.795,931.097,2226.985,53.409,210.128,237.648,226.865,50.155,1.55,0
2026-07-28 12:37:15.763156,870,38.478,7.14,2.709,18.61,5.719,20.092,207.523,949.521,2104.323,65.58,209.547,228.511,227.08,49.434,1.464,0
2026-07-28 12:38:24.985639,870,38.041,7.151,3.179,25.769,5.866,20.017,204.129,931.534,2297.696,59.004,209.436,228.932,224.942,49.462,1.379,0
2026-07-28 12:39:25.308115,870,37.973,6.717,3.809,19.312,5.925,19.281,203.717,900.724,2159.964,63.336,210.652,244.225,227.231,49.785,1.471,0
2026-07-28 12:40:27.999417,870,38.885,6.535,3.627,15.586,5.867,19.49,206.437,944.381,2084.706,54.092,210.753,238.565,228.053,50.773,1.569,0
2026-07-28 12:41:28.959078,870,37.72,6.734,3.425,16.194,5.389,20.215,207.399,960.705,2310.189,59.154,212.529,226.276,224.82,51.359,1.398,0
2026-07-28 12:42:31.276872,870,38.077,6.897,3.324,21.953,5.847,20.336,198.787,924.315,2189.244,51.571,208.498,230.717,225.623,49.492,1.606,0
2026-07-28 12:43:32.979661,870,37.948,6.744,2.847,17.584,5.466,19.686,203.55,931.039,2212.691,57.196,211.355,231.419,223.292,50.261,1.397,0
2026-07-28 12:44:35.337680,870,37.613,6.752,3.284,16.858,5.311,20.014,207.265,888.417,2133.603,62.448,208.662,233.287,224.228,48.45,1.449,0
2026-07-28 12:45:37.998029,870,37.569,6.822,3.609,18.681,5.409,20.037,199.399,905.983,2281.756,55.492,210.86,231.399,226.643,51.31,1.487,0
2026-07-28 12:46:41.235293,870,38.177,6.708,3.218,24.464,5.33,19.362,214.075,948.639,2185.044,65.491,209.983,229.242,225.773,49.27,1.327,0
2026-07-28 12:47:41.340877,870,38.887,6.646,3.829,18.944,5.857,19.149,221.1,920.678,2058.82,56.913,210.74,232.488,224.975,50.284,1.271,0
2026-07-28 12:48:43.495154,870,38.249,6.582,2.884,21.418,5.676,20.023,211.47,893.64,2180.096,58.268,211.034,234.191,225.455,51.095,1.505,0
2026-07-28 12:49:47.855864,870,37.444,7.006,3.453,19.788,5.922,20.314,199.534,962.009,2243.68,55.835,208.428,231.129,226.086,49.108,1.559,0
2026-07-28 12:50:49.352210,870,37.621,6.766,3.517,17.12,5.923,19.136,208.441,951.54,2144.694,67.0,208.256,238.608,226.457,49.686,1.393,0
2026-07-28 12:51:55.412151,870,38.11,6.918,3.886,17.889,5.562,19.081,208.793,911.485,2098.139,51.802,210.322,230.51,224.706,50.654,1.481,0
2026-07-28 12:53:00.225650,870,37.643,6.797,3.702,20.269,5.805,19.188,200.662,997.706,2181.474,61.189,207.737,237.007,224.556,49.401,1.251,0
2026-07-28 12:53:57.397009,870,38.186,6.646,3.005,11.817,5.177,18.422,201.282,905.542,2337.101,59.294,210.684,236.404,225.193,49.29,1.278,0
2026-07-28 12:55:02.978482,870,38.304,6.709,3.886,16.293,5.34,18.482,200.107,872.158,2298.507,66.588,210.342,232.882,223.842,50.664,1.311,0
2026-07-28 12:55:58.398205,870,37.807,6.459,3.182,16.068,5.162,18.608,202.596,915.489,2289.889,58.221,208.067,232.465,224.528,50.31,1.419,0
2026-07-28 12:57:02.530125,870,36.788,6.858,3.083,19.84,5.327,19.367,197.835,874.003,2272.48,59.144,210.785,238.873,225.981,49.577,1.417,0
2026-07-28 12:58:01.923611,870,37.981,7.185,3.254,16.914,5.365,19.164,201.857,935.336,2188.021,57.897,210.798,231.654,225.512,51.514,1.506,0
2026-07-28 12:59:01.023616,870,38.549,6.852,3.426,17.233,5.442,19.106,208.94,962.59,2161.713,60.205,208.673,239.163,226.611,48.509,1.323,0
2026-07-28 12:59:55.413179,870,38.228,6.988,4.019,19.0,5.462,19.348,199.986,896.533,2219.118,62.785,210.803,234.985,224.477,48.938,1.719,0
2026-07-28 13:00:54.343913,870,38.861,6.532,3.639,13.865,5.387,20.309,210.682,907.563,2256.706,59.683,209.696,239.972,226.944,50.693,1.443,0
2026-07-28 13:01:58.029110,870,38.427,6.372,3.973,14.229,5.273,19.634,198.679,904.826,2113.607,56.08,207.967,228.748,224.351,48.967,1.502,0
2026-07-28 13:02:56.183160,870,37.731,6.716,3.787,20.476,5.891,19.437,209.105,909.286,2185.44,58.354,211.444,234.339,224.226,49.73,1.703,0
2026-07-28 13:03:55.523040,870,37.697,7.359,3.974,17.117,5.551,19.821,208.28,916.258,2297.938,62.133,210.1,232.116,223.241,50.738,1.409,0
2026-07-28 13:04:56.331067,870,37.854,6.416,3.314,14.398,5.763,19.031,204.88,899.899,2250.218,62.743,211.837,241.44,222.069,48.875,1.292,0
2026-07-28 13:05:53.861140,870,37.786,7.045,2.079,19.392,5.379,19.469,203.172,938.747,2269.356,67.26,208.984,235.71,225.737,50.381,1.283,0
2026-07-28 13:06:59.665694,870,38.111,6.865,4.218,17.83,5.285,18.986,205.438,887.982,2025.927,58.304,209.824,232.83,225.066,50.262,1.69,0
2026-07-28 13:07:58.817135,870,37.37,6.922,3.608,21.563,5.908,18.37,209.842,927.962,2218.803,60.106,210.381,230.458,225.638,50.106,1.378,0
2026-07-28 13:08:59.188818,870,37.6,6.846,3.973,19.338,5.95,19.323,199.21,945.031,2207.921,61.432,211.282,231.28,224.894,52.079,1.361,0
2026-07-28 13:10:03.300669,870,37.83,6.673,2.173,15.525,5.675,19.443,205.086,890.56,2116.118,62.889,209.295,236.676,224.713,50.409,1.468,0
2026-07-28 13:10:58.073071,870,38.011,6.717,4.117,17.154,5.571,19.203,202.389,872.374,2228.179,62.626,210.726,237.628,225.364,50.375,1.5,0
2026-07-28 13:11:57.009822,870,38.437,6.966,4.327,19.73,6.08,20.167,205.545,882.391,2286.453,54.63,209.023,241.556,226.499,50.338,1.672,0
2026-07-28 13:13:04.530290,870,37.752,6.994,4.399,20.063,5.928,19.525,203.011,907.769,2180.475,53.352,211.602,235.109,225.895,49.434,1.427,1
2026-07-28 13:14:08.377457,870,36.829,6.464,2.814,20.784,5.529,19.842,209.981,882.323,2235.405,61.519,207.092,226.95,227.016,50.643,1.519,0
2026-07-28 13:15:14.448163,870,38.548,6.815,2.39,16.809,5.307,18.701,196.591,965.196,2170.245,56.318,211.505,236.599,225.69,50.271,1.407,0
2026-07-28 13:16:18.671414,870,37.857,6.73,2.917,20.323,6.031,20.185,203.575,919.239,2224.792,56.497,209.045,236.986,224.264,49.55,1.499,0
2026-07-28 13:17:22.017010,870,37.878,6.522,3.449,23.94,4.864,19.76,205.225,898.992,2064.14,58.697,208.204,233.244,227.891,49.906,1.491,0
2026-07-28 13:18:23.984602,870,38.425,7.073,3.734,20.94,5.57,20.466,199.549,896.81,2143.454,52.725,212.419,237.424,226.697,49.688,1.469,0
2026-07-28 13:19:26.577711,870,38.605,6.719,3.133,20.058,5.463,20.178,195.604,944.835,2147.447,58.879,209.402,235.656,225.253,49.585,1.697,0
2026-07-28 13:20:32.558808,870,38.23,6.829,3.783,17.599,5.394,18.357,210.433,952.683,2183.978,58.512,209.878,237.292,225.76,50.103,1.641,0
2026-07-28 13:21:37.327273,870,38.014,7.065,3.223,20.678,5.357,18.797,202.609,906.643,2128.404,58.181,211.0,229.408,225.676,49.544,1.324,0
2026-07-28 13:22:39.429444,870,37.864,6.991,3.326,14.922,5.566,18.848,199.686,926.461,2251.296,55.063,210.599,236.738,223.672,49.747,1.43,0
2026-07-28 13:23:39.256297,870,37.435,7.09,3.367,18.906,5.92,19.589,205.766,935.048,2287.227,66.482,210.788,229.306,225.072,49.91,1.343,0
2026-07-28 13:24:42.330962,870,38.143,6.562,2.731,16.195,5.349,20.083,201.261,933.758,2233.851,65.069,210.318,230.879,225.135,49.724,1.652,0
2026-07-28 13:25:38.779744,870,37.354,7.145,3.217,17.128,6.061,19.346,200.879,940.234,2224.696,66.676,209.102,235.378,226.376,49.676,1.342,0
2026-07-28 13:26:36.467718,870,37.979,6.674,3.358,20.316,5.504,19.679,203.949,951.829,2210.478,55.564,210.534,232.678,224.735,50.271,1.606,0
2026-07-28 13:27:34.514849,870,39.046,6.603,3.118,12.792,5.203,18.94,202.743,938.942,2284.159,61.762,212.643,232.701,225.526,50.326,1.623,0
2026-07-28 13:28:34.594413,870,37.223,6.917,3.093,15.214,5.358,19.09,212.698,905.179,2116.112,68.803,210.861,235.266,227.151,49.377,1.309,0
2026-07-28 13:29:37.835875,870,38.232,6.708,3.505,16.926,5.435,19.75,207.161,910.659,2047.069,60.78,209.636,234.905,225.277,48.6,1.253,0
2026-07-28 13:30:38.180390,870,37.783,6.966,2.56,12.202,5.446,20.053,199.876,875.103,2110.924,61.18,209.58,229.068,225.909,50.201,1.215,0
2026-07-28 13:31:39.955645,870,37.581,6.631,3.936,18.83,5.27,19.814,212.787,925.732,2157.575,59.464,209.997,233.984,225.909,49.646,1.572,0
2026-07-28 13:32:43.803274,870,37.735,6.825,4.114,17.096,5.785,19.089,203.32,923.59,2210.672,59.835,208.744,238.503,224.88,50.279,1.536,0
2026-07-28 13:33:50.030147,870,38.061,7.165,3.254,20.142,5.78,19.046,214.769,905.755,2254.92,67.552,211.413,236.004,225.152,50.436,1.515,0
2026-07-28 13:34:54.905438,870,39.273,6.91,3.629,19.095,5.547,19.1,199.296,928.943,2185.909,53.782,209.202,243.197,224.821,50.632,1.6,0
2026-07-28 13:35:54.308170,870,38.453,6.779,3.756,17.838,5.258,19.597,201.449,906.998,2143.452,59.092,210.555,236.995,223.504,47.471,1.376,0
2026-07-28 13:37:00.888785,870,38.343,6.871,3.953,16.507,5.405,20.479,195.813,895.022,2192.188,63.403,213.344,241.245,224.796,51.099,1.434,0
2026-07-28 13:38:01.603835,870,37.713,6.291,3.396,21.342,5.604,19.388,201.456,957.02,2265.868,57.499,209.19,229.719,223.941,49.472,1.748,0
2026-07-28 13:39:02.279127,870,37.418,6.751,3.878,19.884,5.203,19.546,226.332,903.668,2185.872,62.575,209.452,234.604,225.349,48.964,1.514,0
2026-07-28 13:40:05.371451,870,37.594,6.526,3.737,21.279,5.209,20.108,203.536,917.296,2161.999,61.091,210.446,230.491,226.418,49.369,1.246,0
2026-07-28 13:41:04.115953,870,38.685,6.735,3.107,17.997,5.506,19.836,208.289,940.042,2270.595,64.367,211.194,231.81,227.395,48.634,1.566,0
2026-07-28 13:41:56.862972,870,37.719,6.546,2.945,17.337,5.134,19.903,201.051,889.586,2337.329,58.607,208.856,241.899,224.473,50.415,1.662,0
2026-07-28 13:42:56.892696,870,38.136,6.858,2.868,17.232,5.799,19.506,204.013,925.545,2217.246,58.408,210.675,227.873,225.261,50.787,1.352,0
2026-07-28 13:43:56.606422,870,38.026,6.361,2.662,22.866,5.639,19.742,205.607,892.433,2142.904,60.709,210.435,238.784,224.393,49.544,1.619,0
2026-07-28 13:44:53.743047,870,38.083,6.781,3.233,23.012,5.996,19.61,210.091,938.163,2143.059,59.772,208.524,236.927,223.657,50.534,1.46,0
2026-07-28 13:45:57.669579,870,37.943,7.088,3.485,19.156,5.222,18.603,203.145,985.006,2314.033,60.79,209.364,237.649,225.13,50.237,1.402,0
2026-07-28 13:46:54.767365,870,38.281,7.009,3.021,14.964,5.39,18.901,211.291,949.489,2252.021,62.478,211.452,233.724,222.503,50.219,1.396,0
2026-07-28 13:47:58.990354,870,37.598,6.78,3.09,19.007,5.828,19.248,200.6,957.747,2229.859,60.876,209.305,240.61,225.916,48.8,1.496,0
2026-07-28 13:48:58.806088,870,38.352,7.019,2.853,19.318,5.828,19.081,204.225,936.462,2235.293,58.811,207.893,235.715,224.396,50.274,1.358,0
2026-07-28 13:50:01.593294,870,39.115,6.778,3.827,20.86,5.119,19.081,202.791,972.168,2171.675,55.859,209.529,237.33,224.431,50.729,1.415,0
2026-07-28 13:51:00.949448,870,38.023,6.806,3.509,15.748,6.054,20.713,207.323,859.272,2257.243,61.191,211.822,226.92,222.952,49.548,1.574,0
2026-07-28 13:51:59.206901,870,37.824,6.596,3.648,19.525,5.361,19.69,206.826,929.924,2275.96,55.146,207.325,230.377,223.717,50.907,1.504,0
2026-07-28 13:52:48.227649,870,37.92,6.753,3.226,26.664,6.016,20.221,214.545,949.197,2212.901,62.18,210.028,233.285,225.823,50.544,1.53,0
2026-07-28 13:53:52.727494,870,38.422,7.027,3.235,15.517,5.524,18.146,210.731,912.016,2170.746,59.01,210.517,237.219,225.367,51.445,1.374,0
2026-07-28 13:54:54.264988,870,37.346,6.944,3.407,20.214,5.861,20.542,205.363,939.784,2186.362,58.649,209.955,229.811,224.652,49.761,1.432,0
2026-07-28 13:55:56.608926,870,38.679,7.187,2.71,20.275,4.965,18.845,201.986,903.556,2196.439,57.842,207.997,227.918,225.162,50.613,1.531,0
2026-07-28 13:56:55.510245,870,38.067,6.991,3.404,15.79,6.794,20.456,203.188,962.757,2270.935,60.664,209.469,235.146,223.936,50.624,1.489,0
2026-07-28 13:57:53.523018,870,38.207,6.579,3.252,20.254,5.595,19.148,201.417,920.364,2264.944,59.228,209.081,230.875,222.598,49.574,1.562,0
2026-07-28 13:58:58.331579,870,37.952,6.353,2.709,18.461,5.993,18.82,204.504,913.018,2218.964,58.608,212.231,235.788,226.03,48.671,1.475,0
2026-07-28 14:00:00.371825,870,38.007,6.918,3.133,20.074,5.624,19.854,212.83,899.915,2226.681,61.767,208.501,233.371,226.064,49.553,1.308,0
2026-07-28 14:00:58.851462,870,37.509,6.943,3.185,18.064,5.713,18.684,211.665,922.892,2204.265,58.698,210.658,237.086,224.683,50.725,1.507,0
2026-07-28 14:01:57.231264,870,37.507,6.807,3.007,19.289,5.902,19.363,213.768,965.917,2021.384,61.509,208.569,228.828,226.511,50.558,1.299,0
2026-07-28 14:02:59.879061,870,37.319,7.149,4.076,19.32,6.126,18.591,198.822,955.352,2153.959,64.28,210.756,232.397,223.51,50.368,1.444,1
2026-07-28 14:03:58.552283,870,37.225,6.847,3.925,17.904,5.6,20.954,210.59,895.496,2187.383,60.073,209.423,233.375,226.044,50.432,1.629,0
2026-07-28 14:04:59.202519,870,38.681,7.014,3.297,17.932,6.081,18.943,199.918,924.017,2207.266,60.103,209.271,238.452,224.129,50.426,1.416,0
2026-07-28 14:06:02.514365,870,37.92,6.866,3.581,18.3,5.608,19.894,207.475,935.07,2067.009,51.852,211.534,232.664,224.432,49.616,1.337,0
2026-07-28 14:06:58.752894,870,38.213,6.845,3.238,17.619,5.783,19.67,203.341,914.674,2281.338,62.278,209.236,234.773,223.594,50.589,1.479,0
2026-07-28 14:08:02.753582,870,38.225,7.061,3.371,17.688,5.669,19.855,207.935,926.767,2127.683,52.939,207.999,230.493,226.193,49.44,1.533,0
2026-07-28 14:09:07.987743,870,38.077,7.27,3.765,15.133,5.662,19.239,212.632,956.726,2240.311,61.423,208.982,236.847,226.177,49.855,1.381,0
2026-07-28 14:10:07.097719,870,38.403,6.788,2.895,16.748,5.536,19.717,203.728,917.566,2177.269,58.412,209.874,237.364,224.672,49.749,1.486,0
2026-07-28 14:11:08.342801,870,38.742,6.942,3.167,14.671,5.506,20.739,200.991,934.634,2229.231,59.028,210.907,234.258,224.646,50.937,1.543,0
2026-07-28 14:12:04.635521,870,38.074,6.904,3.432,21.007,5.551,19.459,201.498,953.289,2092.049,55.68,207.643,232.244,226.593,49.66,1.253,0
2026-07-28 14:13:06.070905,870,37.632,6.75,2.878,19.623,5.891,19.148,212.139,943.258,2159.152,56.812,209.575,232.364,225.144,49.743,1.488,0
2026-07-28 14:14:11.579258,870,38.663,6.63,3.562,19.688,5.962,18.968,207.069,925.726,2290.7,51.044,208.374,233.543,224.717,50.108,1.452,0
2026-07-28 14:15:11.441329,870,37.209,7.042,3.976,17.293,5.006,19.634,199.298,964.0,2161.356,64.384,207.613,236.903,222.664,49.901,1.363,0
2026-07-28 14:16:10.433395,870,38.364,7.134,3.764,16.327,5.477,19.26,207.333,899.281,2100.096,59.436,211.945,233.406,226.501,49.204,1.544,0
2026-07-28 14:17:13.877274,870,38.083,6.813,3.779,17.381,5.079,19.183,209.723,871.547,2213.345,58.157,209.857,239.442,223.684,50.662,1.682,0
2026-07-28 14:18:14.518351,870,38.356,6.713,3.008,16.666,5.657,19.509,221.542,931.152,2195.238,51.143,208.294,234.179,225.514,48.545,1.332,0
2026-07-28 14:19:10.660178,870,37.409,7.039,3.384,14.363,5.211,19.02,198.397,978.165,2160.261,58.244,209.407,230.283,223.473,50.333,1.549,0
2026-07-28 14:20:09.584126,870,38.379,6.607,3.915,18.41,5.229,19.483,205.676,986.398,2254.794,55.12,208.967,241.755,225.526,50.757,1.206,0
2026-07-28 14:21:12.225221,870,37.836,6.894,2.867,16.923,5.503,18.963,200.778,894.726,2157.093,51.115,208.857,232.052,224.458,49.502,1.248,0
2026-07-28 14:22:11.908731,870,37.702,6.893,2.759,18.594,5.143,20.148,212.499,904.53,2142.654,61.7,210.662,231.174,224.032,49.439,1.485,0
2026-07-28 14:23:10.120400,870,38.853,6.828,3.408,16.125,5.769,18.709,201.466,869.88,2245.592,57.735,211.99,233.225,222.594,49.144,1.19,0
2026-07-28 14:24:14.596905,870,38.565,7.043,3.312,15.167,5.66,19.127,201.698,924.983,2155.556,70.297,211.129,239.494,224.502,49.445,1.414,0
2026-07-28 14:25:13.855578,870,38.257,6.885,4.003,18.452,5.381,20.567,207.247,942.261,2142.757,59.324,208.581,238.475,222.8,49.0,1.406,0
2026-07-28 14:26:11.315842,870,38.16,6.808,3.941,13.477,5.74,19.122,202.346,892.476,2402.122,58.352,209.138,236.992,225.184,51.238,1.574,0
2026-07-28 14:27:15.315029,870,37.553,6.69,3.423,21.119,5.472,19.152,213.121,908.217,2263.27,66.356,209.156,236.481,225.419,49.224,1.236,0
2026-07-28 14:28:18.151627,870,37.588,6.771,3.287,18.754,5.624,19.346,217.334,961.606,2320.834,58.491,210.58,236.147,225.278,50.395,1.424,0
2026-07-28 14:29:20.920379,870,38.298,6.718,3.247,17.406,6.383,19.971,198.22,979.654,2198.697,60.16,210.554,236.007,224.22,51.283,1.428,0
2026-07-28 14:30:24.782413,870,37.364,6.752,2.881,18.092,5.524,18.537,209.785,946.511,2154.704,65.164,208.823,236.563,223.848,48.355,1.323,0
2026-07-28 14:31:30.897483,870,38.61,6.963,3.11,21.726,5.629,19.73,211.852,904.999,2115.492,60.572,210.416,233.314,225.816,50.677,1.37,0
2026-07-28 14:32:33.488450,870,38.687,6.664,2.766,18.107,5.823,18.574,201.706,973.871,2186.831,58.568,210.806,231.478,227.729,49.399,1.438,0
2026-07-28 14:33:32.794333,870,38.585,6.979,3.293,18.601,6.463,20.48,209.23,937.021,2063.111,65.194,210.339,237.807,224.568,50.19,1.67,0
2026-07-28 14:34:34.215192,870,38.342,7.013,3.123,16.715,5.414,19.201,212.395,909.656,2050.677,63.753,209.001,230.675,225.775,49.813,1.345,0
2026-07-28 14:35:31.411070,870,37.52,7.146,3.645,21.842,5.482,17.771,200.719,902.702,2166.74,68.546,210.971,234.81,224.506,49.455,1.402,0
2026-07-28 14:36:33.223316,870,37.496,6.941,3.888,19.402,5.767,20.456,200.765,852.623,2178.973,64.232,210.781,232.103,224.873,49.858,1.669,0
2026-07-28 14:37:31.223528,870,38.724,6.883,3.63,21.612,5.463,20.095,203.634,972.643,2178.893,60.37,209.925,231.566,224.2,49.722,1.469,0
2026-07-28 14:38:30.633041,870,38.214,6.984,3.617,13.613,5.674,19.055,204.914,998.52,2240.949,60.4,211.045,237.295,225.636,50.811,1.415,0
2026-07-28 14:39:33.677849,870,38.41,6.944,3.823,15.796,6.186,18.827,202.005,919.868,2152.991,59.927,211.184,235.885,222.652,49.673,1.623,0
2026-07-28 14:40:25.791590,870,38.699,6.991,3.419,18.56,5.525,18.822,216.959,939.802,2238.629,56.415,212.912,239.642,221.881,50.103,1.29,0
2026-07-28 14:41:22.910791,870,39.131,6.527,4.501,20.342,5.464,18.897,206.332,918.818,2202.33,61.05,210.207,233.288,224.703,49.815,1.546,0
2026-07-28 14:42:27.128086,870,37.56,6.596,3.735,20.981,6.141,19.773,201.731,926.915,2178.847,65.05,210.213,236.827,226.278,49.564,1.185,0
2026-07-28 14:43:23.737529,870,38.704,6.638,3.151,18.478,5.459,19.953,208.871,888.187,2116.418,64.28,208.253,231.694,225.845,50.158,1.275,0
2026-07-28 14:44:29.051206,870,37.102,7.135,3.144,16.408,5.692,18.118,201.631,934.241,2351.201,57.114,210.8,235.951,225.749,50.423,1.518,0
2026-07-28 14:45:27.252511,870,37.832,6.315,2.999,16.451,5.028,19.336,200.235,977.681,2314.365,57.498,209.733,230.19,227.295,49.77,1.339,0
2026-07-28 14:46:28.239238,870,37.35,7.057,3.412,21.765,5.796,19.642,207.115,919.588,2178.689,63.879,209.974,231.674,226.751,51.398,1.398,0
2026-07-28 14:47:27.687589,870,38.289,6.783,2.716,19.83,5.676,18.762,196.051,910.626,2280.137,57.166,208.148,236.42,224.703,50.497,1.348,0
2026-07-28 14:48:26.137880,870,38.985,6.822,3.293,20.916,5.155,20.014,203.797,953.633,2239.823,56.807,208.818,228.173,224.445,50.588,1.467,0
2026-07-28 14:49:17.299556,870,37.611,6.859,2.089,23.073,5.588,18.218,198.764,900.381,2268.565,56.769,209.673,239.494,222.886,50.503,1.68,0
2026-07-28 14:50:19.019019,870,37.064,6.358,4.032,11.104,5.886,19.117,207.736,911.853,2155.641,59.22,208.272,235.392,225.027,51.476,1.213,0
2026-07-28 14:51:22.505100,870,37.464,6.674,3.352,16.02,5.435,19.969,203.921,910.09,2295.907,64.913,210.918,232.972,227.029,50.58,1.342,0
2026-07-28 14:52:24.752649,870,37.339,6.907,4.644,15.489,5.444,19.365,203.977,905.571,2097.369,60.042,210.517,235.976,226.37,51.266,1.46,0
2026-07-28 14:53:30.758234,870,36.623,6.988,3.392,13.387,5.949,18.858,196.612,894.335,2057.918,58.395,210.879,237.396,226.557,50.535,1.357,0
2026-07-28 14:54:32.318143,870,38.286,6.99,3.33,19.612,5.579,19.699,211.725,944.915,2181.022,65.09,209.857,242.583,225.048,49.853,1.489,0
2026-07-28 14:55:34.349809,870,38.193,6.822,2.862,15.693,5.806,18.77,203.253,965.729,2157.067,57.585,211.837,229.053,224.476,48.92,1.563,0
2026-07-28 14:56:33.500104,870,37.676,7.102,3.304,16.841,5.973,20.021,203.181,945.892,2242.778,56.345,213.02,232.357,225.487,50.477,1.364,0
2026-07-28 14:57:34.454923,870,38.261,6.788,4.356,18.419,5.345,18.715,194.749,982.571,2081.506,58.994,209.799,239.612,225.981,49.108,1.312,0
2026-07-28 14:58:34.538344,870,38.363,6.879,3.518,18.471,5.359,20.193,212.507,946.087,2212.04,58.924,210.064,234.064,224.82,50.092,1.593,0
2026-07-28 14:59:35.577145,870,38.867,6.935,3.953,22.135,5.707,20.089,203.203,923.236,2154.69,61.225,209.925,236.434,225.861,50.011,1.529,0
2026-07-28 15:00:31.486876,870,38.168,6.684,3.419,19.497,5.358,20.744,203.042,914.354,2306.02,68.728,209.105,227.014,224.346,49.971,1.522,0
2026-07-28 15:01:32.737934,870,37.431,6.902,4.16,13.303,5.598,19.173,214.389,924.473,2090.871,55.632,207.995,236.641,225.102,50.635,1.465,0
2026-07-28 15:02:29.591080,870,38.41,6.755,3.811,16.809,5.705,19.63,199.958,949.931,2303.285,58.846,209.556,234.627,224.328,49.246,1.597,0
2026-07-28 15:03:26.414865,870,37.447,6.759,3.026,16.459,5.826,18.723,205.407,929.703,2281.973,62.911,210.9,235.116,225.137,50.667,1.361,0
2026-07-28 15:04:27.170747,870,38.191,6.899,3.696,23.096,5.504,20.35,210.67,957.404,2193.414,63.417,210.083,235.634,225.319,49.203,1.52,0
2026-07-28 15:05:29.662335,870,38.91,6.939,3.951,21.959,6.132,19.367,205.936,897.909,2235.801,68.26,209.227,230.487,224.993,50.691,1.605,0
2026-07-28 15:06:31.820724,870,38.134,6.826,2.357,18.253,6.383,20.36,204.878,913.467,2256.903,64.085,211.454,231.566,224.045,50.152,1.551,0
2026-07-28 15:07:28.606818,870,38.4,6.797,3.064,16.658,5.354,20.153,207.587,934.378,2195.993,58.702,210.534,240.194,223.317,50.481,1.557,0
2026-07-28 15:08:34.517632,870,37.176,6.906,2.572,19.517,6.404,19.387,207.544,893.457,2263.867,59.383,213.584,233.67,227.308,51.379,1.368,0
2026-07-28 15:09:33.863014,870,38.743,6.847,3.859,19.647,5.428,19.497,203.795,934.514,2166.948,56.729,210.894,242.719,225.857,49.237,1.468,0
2026-07-28 15:10:34.259627,870,36.525,6.628,3.716,18.192,5.155,19.446,208.529,855.184,2264.982,59.679,210.659,239.378,224.769,48.815,1.241,0
2026-07-28 15:11:34.090705,870,38.959,7.021,3.326,12.453,5.627,19.483,211.01,942.019,2169.89,62.617,209.602,235.305,226.206,50.354,1.391,0
2026-07-28 15:12:32.958821,870,39.149,6.651,3.353,17.314,5.746,19.5,203.516,905.528,2180.787,59.969,210.995,234.958,225.05,49.549,1.465,0
2026-07-28 15:13:32.126127,870,37.844,7.04,3.521,17.098,5.434,18.85,209.45,913.394,2257.752,59.51,208.659,234.345,226.69,50.804,1.501,0
2026-07-28 15:14:39.412596,870,37.751,6.934,3.562,16.776,5.527,19.608,218.052,900.365,2111.948,62.726,210.158,233.557,224.234,49.41,1.532,0
2026-07-28 15:15:46.559254,870,37.927,6.924,4.602,14.329,5.82,19.715,210.079,920.487,2295.984,63.712,209.881,233.793,223.701,50.624,1.499,0
2026-07-28 15:16:48.148163,870,38.647,7.063,3.289,20.507,5.085,18.584,204.696,894.492,2183.143,63.149,210.748,244.111,223.57,50.226,1.442,0
2026-07-28 15:17:49.376452,870,37.138,6.888,3.463,18.421,5.565,20.404,199.345,893.936,2235.249,64.377,210.5,234.503,224.588,49.541,1.285,0
2026-07-28 15:18:51.953778,870,37.887,7.316,3.711,16.715,5.235,18.196,202.153,931.072,2202.219,61.052,210.227,239.464,222.555,50.845,1.434,0
2026-07-28 15:19:58.080299,870,38.191,6.802,3.875,15.171,5.453,19.719,200.244,839.773,2239.553,56.053,211.55,233.328,224.837,49.346,1.449,0
2026-07-28 15:20:48.978309,870,38.881,6.375,3.469,16.718,6.082,19.121,202.781,907.461,2167.684,58.172,211.928,228.448,224.016,50.098,1.172,0
2026-07-28 15:21:47.938480,870,37.46,6.733,3.569,19.137,5.691,18.87,212.862,941.08,2228.941,58.722,211.824,232.088,224.48,49.556,1.65,0
2026-07-28 15:22:45.193476,870,38.329,7.132,3.389,21.223,6.31,19.292,212.505,899.628,2171.195,60.698,211.114,234.525,225.631,50.414,1.643,0
2026-07-28 15:23:39.895801,870,38.151,7.294,3.271,21.305,5.441,19.07,216.38,949.75,2388.951,64.22,210.59,234.207,225.659,50.307,1.43,0
2026-07-28 15:24:41.102841,870,38.56,7.282,4.852,16.237,5.97,20.137,200.483,879.347,2147.733,61.059,211.088,236.058,223.005,50.014,1.492,0
2026-07-28 15:25:45.046492,870,38.522,7.142,3.471,24.521,5.875,18.276,204.028,885.381,2261.026,56.026,210.588,233.726,226.196,49.042,1.546,0
2026-07-28 15:26:46.504802,870,37.653,6.828,4.202,24.049,5.09,18.893,194.756,867.087,2132.01,63.006,211.193,227.801,224.138,49.839,1.592,0
2026-07-28 15:27:44.470998,870,39.692,6.773,3.268,15.293,5.42,19.52,210.984,871.218,2122.973,61.567,209.912,237.382,222.426,49.47,1.702,0
2026-07-28 15:28:48.936228,870,38.836,7.249,2.895,15.816,6.027,18.794,216.022,889.537,2243.696,61.823,210.335,234.085,222.364,49.727,1.639,0
2026-07-28 15:29:43.304024,870,37.401,6.945,2.712,18.092,5.733,19.386,198.943,937.67,1973.588,69.064,211.843,233.665,226.203,49.645,1.498,0
2026-07-28 15:30:42.989091,870,37.612,6.75,3.243,21.196,5.363,19.778,217.495,883.908,2112.614,69.775,211.106,235.663,225.436,50.905,1.422,0
2026-07-28 15:31:40.058145,870,38.415,7.023,2.4,21.765,5.102,18.806,206.83,909.003,2129.42,62.325,210.968,238.064,226.253,50.06,1.584,0
2026-07-28 15:32:37.246084,870,37.738,6.548,4.071,19.561,5.03,18.812,210.087,876.61,2237.424,59.377,210.081,237.499,227.598,50.452,1.487,0
2026-07-28 15:33:43.697034,870,37.927,6.626,3.313,20.274,5.863,18.617,198.187,927.306,2177.06,63.249,210.168,235.301,224.546,50.783,1.439,0
2026-07-28 15:34:45.235704,870,38.95,6.513,3.487,18.773,5.253,18.748,208.956,892.721,2083.163,50.475,208.949,239.12,226.565,49.306,1.18,0
2026-07-28 15:35:45.554634,870,38.633,6.849,2.928,19.437,6.096,19.903,212.537,954.388,2182.445,54.427,210.082,237.407,224.118,51.619,1.324,0
2026-07-28 15:36:54.681029,870,37.814,7.012,2.698,19.582,5.902,19.337,200.893,927.277,2187.219,65.016,210.274,231.384,224.298,50.009,1.655,0
2026-07-28 15:37:57.859322,870,37.879,6.899,2.869,17.011,4.81,18.966,207.786,870.216,2226.454,57.867,210.426,232.735,226.041,48.88,1.494,0
2026-07-28 15:38:59.933446,870,36.875,6.521,3.991,23.83,5.74,18.56,206.94,855.357,2073.737,57.803,208.624,233.948,223.373,50.228,1.434,0
2026-07-28 15:39:57.103584,870,38.253,6.874,3.869,21.194,5.388,19.081,205.434,916.435,2194.852,64.358,212.019,242.179,222.906,50.238,1.371,0
2026-07-28 15:40:57.289118,870,36.827,6.682,3.349,20.556,5.559,19.176,213.631,887.609,2207.18,60.952,209.614,235.383,223.419,49.426,1.469,0
2026-07-28 15:42:01.673620,870,37.432,6.564,2.791,17.921,5.626,18.287,205.23,925.765,2221.091,60.322,208.332,230.444,223.863,51.802,1.396,0
2026-07-28 15:43:07.740716,870,37.338,6.559,3.449,17.049,5.529,19.614,209.989,927.044,2238.167,61.548,209.083,238.654,223.654,48.844,1.543,0
2026-07-28 15:44:12.223093,870,38.57,7.045,4.003,14.578,5.701,18.894,211.809,934.928,2225.801,63.434,208.791,232.556,224.13,50.235,1.357,0
2026-07-28 15:45:17.217445,870,38.187,6.881,4.353,17.828,5.23,18.943,194.217,945.505,2266.407,66.404,209.199,244.062,226.131,50.245,1.389,0
2026-07-28 15:46:16.941706,870,38.335,7.026,4.549,19.074,5.857,19.353,204.81,906.074,2282.644,54.477,210.551,236.354,225.475,50.821,1.259,0
2026-07-28 15:47:15.603996,870,37.235,7.279,3.581,15.55,5.118,19.753,201.904,950.993,2107.34,62.177,211.335,227.069,224.498,50.611,1.377,0
2026-07-28 15:48:16.641379,870,38.715,6.845,3.02,17.552,5.503,18.422,202.797,877.411,2217.794,65.526,209.674,234.025,225.59,49.825,1.381,0
2026-07-28 15:49:17.046131,870,38.022,7.085,3.537,17.606,5.505,18.951,200.94,941.724,2244.361,51.588,207.031,234.15,226.991,49.374,1.394,0
2026-07-28 15:50:14.972185,870,37.306,6.735,3.041,20.324,6.053,18.996,202.2,910.36,2167.995,62.636,208.367,233.732,225.568,50.558,1.576,0
2026-07-28 15:51:18.798918,870,37.773,6.784,4.02,20.164,5.266,18.503,194.151,958.392,2169.873,59.696,210.544,238.358,226.158,49.749,1.374,0
2026-07-28 15:52:16.813897,870,38.971,6.884,4.111,16.559,5.7,19.983,201.344,970.108,2366.692,54.809,208.661,236.961,224.675,50.475,1.633,0
2026-07-28 15:53:23.060241,870,37.598,6.834,3.314,17.623,5.818,19.828,198.156,954.837,2182.8,58.917,209.901,239.613,225.862,49.844,1.495,0
2026-07-28 15:54:27.449260,870,38.193,6.9,3.773,17.351,5.829,19.184,200.372,954.824,2274.179,67.494,208.507,237.091,226.079,49.993,1.499,0
2026-07-28 15:55:27.516191,870,38.037,6.523,4.002,16.021,5.516,19.24,209.281,920.073,2281.633,52.533,209.86,236.609,222.382,51.277,1.389,0
2026-07-28 15:56:22.479695,870,37.628,7.045,2.812,17.26,5.772,20.309,212.929,835.407,2293.964,63.18,209.661,230.032,227.903,49.143,1.417,0
2026-07-28 15:57:32.711364,870,38.314,6.682,3.954,19.046,6.027,18.85,207.738,957.169,2297.586,55.766,209.761,235.967,224.441,49.445,1.53,0
2026-07-28 15:58:33.169748,870,38.266,6.819,3.504,14.774,5.365,18.777,207.987,923.55,2213.996,68.437,209.471,237.289,224.318,50.374,1.364,0
2026-07-28 15:59:34.083818,870,37.932,6.867,3.162,19.656,5.492,19.76,200.187,946.996,2206.33,71.222,208.247,236.642,224.891,49.466,1.675,0
2026-07-28 16:00:29.478503,870,37.909,7.109,2.733,16.181,5.619,18.824,200.412,912.208,2195.809,56.619,211.22,236.887,227.231,51.07,1.459,0
2026-07-28 16:01:28.975432,870,37.465,6.988,3.593,15.108,5.349,19.531,204.765,938.251,2217.271,59.62,209.718,228.669,222.849,47.796,1.486,0
2026-07-28 16:02:28.685821,870,37.121,6.729,3.745,16.914,6.079,18.969,204.791,957.153,2200.046,63.174,211.029,236.066,225.868,49.039,1.42,0
2026-07-28 16:03:32.234401,870,38.47,6.372,4.503,18.077,5.525,19.126,208.667,899.158,2188.781,65.202,210.133,233.145,224.632,49.907,1.538,0
2026-07-28 16:04:25.075549,870,37.633,6.96,2.985,19.554,5.535,19.354,207.685,937.339,2102.555,62.275,210.673,237.211,225.758,50.505,1.618,0
2026-07-28 16:05:22.886691,870,38.259,7.106,3.999,16.963,5.297,18.463,207.547,920.153,2250.414,54.099,209.635,239.13,224.23,49.73,1.595,0
2026-07-28 16:06:25.074702,870,38.183,6.623,4.082,19.581,5.738,20.316,216.125,931.544,2154.757,56.329,209.924,238.147,224.832,50.112,1.424,0
2026-07-28 16:07:20.666406,870,38.061,6.913,3.216,18.923,5.822,19.636,205.12,928.77,2213.9,60.573,209.121,234.009,224.173,51.007,1.606,0
2026-07-28 16:08:24.282122,870,39.105,6.915,3.91,21.299,5.237,19.105,208.967,957.297,2165.18,57.906,210.045,231.659,225.165,50.717,1.327,0
2026-07-28 16:09:24.870046,870,37.272,7.069,2.717,17.888,5.793,18.742,214.341,900.832,2122.384,60.316,210.304,234.976,224.101,49.862,1.382,0
2026-07-28 16:10:24.065502,870,37.859,6.697,4.404,17.119,5.85,18.259,206.762,924.207,2142.231,54.941,208.552,234.44,225.109,50.162,1.527,0
2026-07-28 16:11:22.785495,870,37.981,7.001,3.318,24.836,5.69,19.99,204.176,923.221,2272.952,55.943,210.329,238.471,225.508,49.715,1.665,0
2026-07-28 16:12:22.750443,870,38.298,6.746,3.02,20.865,5.327,19.44,198.037,928.525,2097.786,55.01,210.888,238.724,227.583,51.786,1.367,0
2026-07-28 16:13:23.385932,870,37.935,6.601,3.37,16.651,5.505,18.078,197.677,882.655,2190.652,62.486,212.052,237.75,225.222,49.152,1.394,0
2026-07-28 16:14:32.310351,870,37.582,6.656,3.465,20.873,5.119,19.711,209.809,932.077,2241.427,63.14,209.973,233.353,224.377,49.632,1.422,0
2026-07-28 16:15:36.709863,870,37.22,6.81,2.974,23.351,5.182,19.582,206.435,956.685,2169.373,60.045,209.631,238.572,224.17,50.747,1.668,0
2026-07-28 16:16:40.831959,870,37.825,6.934,4.049,18.902,5.847,20.572,209.77,907.929,2157.635,53.184,208.002,236.613,223.958,50.047,1.353,0
2026-07-28 16:17:36.115437,870,37.333,6.86,3.589,18.882,6.029,20.96,203.99,878.826,2173.096,61.107,209.508,228.838,224.364,51.034,1.44,0
2026-07-28 16:18:40.948405,870,38.429,6.735,3.471,16.771,5.494,19.676,201.036,940.965,2152.03,59.699,210.796,230.722,224.14,51.556,1.58,0
2026-07-28 16:19:41.694094,870,37.234,6.744,2.867,21.203,5.772,20.451,198.729,899.253,2106.94,65.317,209.725,230.294,226.474,50.278,1.344,0
2026-07-28 16:20:41.223027,870,38.119,6.532,3.794,19.632,5.421,19.796,206.273,877.026,2191.221,59.755,207.241,232.521,225.01,49.786,1.534,0
2026-07-28 16:21:43.372544,870,38.846,6.405,3.883,14.719,5.572,19.565,202.025,920.435,2066.292,55.918,209.633,238.101,224.66,48.98,1.641,0
2026-07-28 16:22:52.004914,870,38.67,6.553,3.669,18.133,5.724,18.925,201.784,880.862,2189.27,60.313,209.912,240.08,225.197,49.089,1.176,0
2026-07-28 16:23:52.735307,870,38.155,6.502,3.375,18.271,5.753,19.904,217.047,878.442,2260.543,57.528,210.084,233.9,226.291,48.293,1.557,0
2026-07-28 16:24:47.192949,870,37.915,7.158,3.201,17.827,5.468,19.561,212.421,944.926,2198.642,57.684,211.689,234.637,223.927,49.988,1.699,0
2026-07-28 16:25:52.549470,870,38.47,6.901,3.532,17.895,5.845,19.42,202.006,920.457,2229.956,58.135,210.686,232.74,224.837,51.119,1.496,0
2026-07-28 16:26:52.221810,870,38.935,6.983,3.503,14.409,5.24,19.829,211.241,880.928,2201.245,58.577,209.019,235.787,227.114,49.313,1.439,0
2026-07-28 16:27:49.406878,870,37.464,6.875,3.852,23.593,6.044,19.296,202.296,903.883,2175.166,58.83,209.868,232.463,223.542,50.5,1.44,0
2026-07-28 16:28:44.023174,870,37.23,6.682,3.626,17.94,5.337,18.615,209.716,994.767,2185.657,58.099,208.981,236.11,224.005,50.418,1.257,0
2026-07-28 16:29:42.652309,870,37.422,6.73,2.537,22.195,5.768,18.885,209.734,916.237,2274.657,63.063,210.593,239.824,225.783,49.157,1.639,0
2026-07-28 16:30:43.995815,870,37.724,6.394,3.627,17.38,5.143,19.319,191.428,914.825,2247.681,55.133,209.878,234.171,224.38,50.667,1.401,0
2026-07-28 16:31:40.840678,870,37.867,6.665,3.187,15.027,5.24,19.393,204.095,885.288,2236.068,60.313,210.277,233.35,224.435,49.998,1.564,0
2026-07-28 16:32:37.253298,870,38.962,6.636,2.851,18.679,5.093,19.734,206.468,920.47,2291.408,57.651,209.425,234.738,225.271,51.286,1.595,0
2026-07-28 16:33:36.514030,870,38.105,6.4,2.719,20.781,5.203,19.361,201.614,882.539,2267.475,57.503,207.922,233.477,223.91,49.786,1.414,0
2026-07-28 16:34:37.379753,870,37.753,6.935,3.037,16.832,5.954,19.871,202.407,872.967,2158.765,63.472,210.113,236.154,225.686,51.145,1.379,0
2026-07-28 16:35:38.009695,870,38.923,6.747,2.505,21.273,5.498,19.805,203.718,926.498,2152.194,63.298,210.458,238.582,227.648,48.235,1.521,0
2026-07-28 16:36:40.093345,870,37.92,7.06,3.257,17.295,5.782,20.017,203.764,878.244,2242.554,61.166,211.557,230.506,223.305,50.207,1.659,0
2026-07-28 16:37:43.510924,870,38.491,7.051,3.997,15.614,5.77,18.15,198.945,926.807,2222.495,63.827,210.179,229.699,223.718,48.45,1.512,0
2026-07-28 16:38:45.373199,870,37.491,7.214,3.403,19.249,5.791,19.716,203.908,973.498,2270.976,66.914,209.607,232.235,227.35,48.569,1.327,0
2026-07-28 16:39:46.992634,870,38.69,7.054,2.733,21.853,5.956,20.372,198.956,937.741,2203.314,63.067,211.999,236.729,224.208,50.257,1.38,0
2026-07-28 16:40:46.031480,870,37.885,6.87,2.881,23.478,5.531,19.684,206.696,873.422,2230.901,60.586,209.762,237.238,224.781,48.832,1.565,0
2026-07-28 16:41:49.324595,870,37.843,6.778,4.57,15.129,5.475,19.171,197.099,895.287,2288.538,63.752,209.377,241.822,223.232,48.808,1.489,0
2026-07-28 16:42:51.340292,870,36.996,6.684,3.505,16.854,5.158,20.001,197.451,885.365,2113.933,55.457,210.015,237.561,226.818,49.538,1.333,0
2026-07-28 16:43:51.823957,870,37.675,7.07,3.527,17.112,5.627,20.384,214.745,917.309,2174.535,57.671,209.906,234.436,225.901,50.344,1.587,0
2026-07-28 16:44:49.182308,870,37.266,6.585,3.432,17.388,5.583,19.979,212.725,932.886,2274.814,59.82,209.199,230.529,225.297,50.358,1.419,0
2026-07-28 16:45:41.995487,870,38.102,6.794,2.498,18.901,5.29,18.133,213.034,875.977,2197.081,60.853,208.67,235.101,224.969,50.193,1.498,0
2026-07-28 16:46:39.995282,870,37.452,6.821,2.54,23.868,5.395,19.925,207.923,921.181,2218.621,55.112,210.049,235.707,224.304,50.101,1.291,0
2026-07-28 16:47:39.397849,870,37.075,6.806,2.848,23.928,5.357,19.663,209.574,954.41,2164.531,53.733,208.095,234.429,224.744,49.165,1.483,0
2026-07-28 16:48:43.130912,870,38.322,6.435,3.057,24.966,5.216,19.099,220.337,921.914,2231.932,58.931,209.514,233.973,225.696,49.048,1.358,0
2026-07-28 16:49:44.771207,870,37.587,6.794,2.917,20.957,6.058,20.363,193.675,902.719,2200.116,61.465,209.541,236.404,223.717,50.81,1.414,0
2026-07-28 16:50:44.409903,870,37.56,6.747,3.336,18.31,5.78,18.661,207.776,951.973,2171.36,66.235,209.963,235.626,226.86,50.0,1.413,0
2026-07-28 16:51:44.996692,870,39.401,7.053,3.907,15.612,6.063,19.843,213.773,957.911,2243.768,59.792,210.18,241.186,226.796,50.408,1.353,0
2026-07-28 16:52:38.789824,870,37.644,7.044,4.051,13.706,5.869,19.846,198.336,922.083,2155.941,61.646,209.473,232.871,226.01,49.772,1.509,0
2026-07-28 16:53:38.043692,870,38.544,6.618,3.142,20.869,5.936,19.308,202.529,911.358,2237.022,60.002,209.761,236.696,225.554,49.991,1.372,0
2026-07-28 16:54:36.339619,870,37.336,7.034,3.292,18.734,5.075,19.732,199.344,927.304,2229.268,69.933,210.226,233.658,226.086,50.381,1.479,0
2026-07-28 16:55:33.466931,870,38.161,6.646,3.585,22.998,5.398,20.662,198.247,965.151,2221.031,61.748,209.857,233.622,227.209,50.05,1.48,0
2026-07-28 16:56:31.297621,870,38.327,6.69,3.513,17.967,5.947,19.488,194.759,893.388,2261.01,55.959,209.168,235.238,224.229,49.227,1.517,0
2026-07-28 16:57:29.135887,870,37.004,6.817,3.438,21.903,5.855,19.422,207.021,931.986,2359.254,62.002,210.047,240.338,226.184,49.576,1.374,0
2026-07-28 16:58:30.202453,870,37.266,6.931,3.723,21.24,5.864,19.379,211.263,963.673,2119.963,60.47,212.167,238.559,223.294,48.627,1.355,0
2026-07-28 16:59:37.441865,870,38.654,6.546,3.792,12.347,5.316,18.86,207.349,952.327,2146.584,58.821,210.132,230.469,225.319,50.352,1.424,0
2026-07-28 17:00:34.329908,870,37.765,6.913,3.859,19.191,5.779,19.556,203.27,855.584,2180.517,57.311,210.292,235.988,225.339,49.469,1.57,0
2026-07-28 17:01:33.153321,870,38.039,6.741,3.428,18.193,5.222,18.791,204.981,922.775,2162.086,60.168,209.331,228.121,225.788,50.067,1.377,0
2026-07-28 17:02:38.290475,870,38.588,6.665,3.825,15.277,5.558,19.331,204.271,942.369,2108.281,58.471,209.515,233.528,223.505,49.379,1.583,0
2026-07-28 17:03:37.636908,870,38.714,6.556,1.986,23.45,5.754,19.844,213.759,943.805,2134.522,58.396,209.174,239.149,224.671,49.962,1.412,0
2026-07-28 17:04:38.237812,870,37.653,6.877,3.472,19.855,5.296,19.528,202.344,964.687,2308.694,61.219,209.833,233.034,225.521,51.193,1.364,0
2026-07-28 17:05:45.282420,870,37.985,6.989,3.734,23.382,5.63,18.635,209.644,884.946,2134.086,62.266,210.878,232.804,225.538,49.678,1.525,0
2026-07-28 17:06:49.935282,870,37.709,6.48,2.862,19.149,5.515,19.382,226.247,908.459,2251.976,59.4,209.824,242.539,225.009,50.134,1.363,0
2026-07-28 17:07:49.672161,870,37.887,6.557,3.979,19.227,5.521,19.91,206.106,933.809,2164.406,58.072,211.226,236.793,225.369,50.689,1.333,0
2026-07-28 17:08:42.732731,870,37.649,6.588,2.327,19.365,5.481,19.083,195.386,928.952,2210.676,58.337,210.052,239.307,225.115,50.625,1.508,0
2026-07-28 17:09:41.094017,870,37.762,6.896,2.487,18.963,5.289,19.825,219.487,977.296,2171.096,62.587,208.968,240.018,224.137,49.598,1.541,0
2026-07-28 17:10:42.646030,870,39.088,6.905,3.429,21.047,5.34,19.071,198.299,886.062,2160.378,60.578,210.024,234.736,224.796,50.896,1.39,0
2026-07-28 17:11:47.520515,870,37.708,6.831,2.126,19.04,5.684,20.336,211.647,952.83,2181.007,56.891,208.958,238.832,223.334,50.632,1.445,0
2026-07-28 17:12:53.152453,870,36.511,6.479,3.418,14.806,5.213,19.457,210.137,933.156,2291.624,51.608,209.069,234.78,224.707,50.272,1.31,0
2026-07-28 17:13:48.032444,870,37.853,6.775,4.052,23.173,5.437,20.064,202.808,910.658,2192.412,63.698,209.584,234.523,224.532,48.387,1.273,0
2026-07-28 17:14:53.915950,870,37.018,6.411,3.395,16.351,5.685,19.839,199.145,928.054,2195.157,55.845,212.155,236.64,223.925,50.572,1.305,0
2026-07-28 17:15:50.974424,870,38.179,6.846,3.039,17.71,5.607,20.545,214.261,931.268,2220.618,55.009,211.049,238.839,224.884,50.315,1.432,0
2026-07-28 17:16:54.662565,870,37.892,6.977,3.901,18.312,5.373,20.149,203.629,863.715,2309.558,62.327,208.651,234.464,224.513,50.9,1.231,0
2026-07-28 17:17:56.502385,870,39.158,6.316,2.292,14.501,5.741,19.678,197.001,922.066,2181.795,53.691,209.883,237.761,226.298,50.699,1.55,0
2026-07-28 17:19:00.215432,870,38.547,6.441,3.618,18.011,5.76,19.372,210.704,937.284,2161.527,57.323,211.345,231.435,226.427,50.375,1.413,0
2026-07-28 17:20:04.126770,870,36.813,6.633,3.385,17.012,5.829,18.843,207.968,950.552,2159.077,63.302,210.585,236.629,222.204,49.076,1.636,0
2026-07-28 17:21:05.771424,870,37.272,6.659,2.629,19.539,5.551,18.749,194.486,925.45,2221.763,61.807,209.91,227.731,224.635,48.502,1.427,0
2026-07-28 17:22:09.624564,870,37.822,6.796,3.187,21.114,5.961,19.019,210.412,935.682,2130.299,58.377,207.849,235.813,224.864,50.601,1.324,0
2026-07-28 17:23:05.121254,870,38.132,7.151,3.411,14.836,5.472,18.678,206.663,933.413,2118.823,58.473,208.674,229.243,225.093,50.653,1.726,0
2026-07-28 17:24:07.419200,870,38.504,6.82,3.533,16.955,5.202,19.127,209.863,929.442,2167.321,56.776,209.77,239.079,224.807,49.585,1.273,0
2026-07-28 17:25:12.865190,870,38.309,6.567,4.302,17.766,5.257,19.081,219.67,922.877,2213.46,58.363,211.256,234.345,224.234,49.511,1.433,0
2026-07-28 17:26:17.204161,870,38.281,6.112,3.276,23.48,5.633,19.957,199.045,927.737,2131.925,58.288,211.655,234.473,226.014,49.457,1.426,0
2026-07-28 17:27:18.631952,870,37.715,7.054,3.239,17.569,5.261,20.001,206.53,944.711,2278.665,59.7,209.352,235.886,225.641,49.713,1.394,0
2026-07-28 17:28:14.514249,870,37.798,6.717,3.094,12.64,5.878,18.748,204.766,897.081,2248.12,63.418,211.045,233.386,226.599,49.637,1.373,0
2026-07-28 17:29:15.931238,870,38.175,7.003,3.049,18.649,5.873,18.455,209.712,902.296,2215.277,61.667,209.025,233.32,224.303,50.296,1.425,0
2026-07-28 17:30:21.708195,870,36.483,6.828,4.327,23.055,6.046,19.121,201.381,912.123,2264.982,59.589,210.693,234.39,223.395,49.708,1.5,0
2026-07-28 17:31:20.025531,870,38.425,6.743,3.928,17.33,5.752,19.678,207.437,910.708,2204.273,57.763,207.189,230.95,226.295,49.154,1.383,0
2026-07-28 17:32:20.900864,870,35.634,6.665,2.664,12.0,5.11,18.289,213.48,896.311,2319.383,63.09,208.729,228.151,225.295,50.595,1.6,0
2026-07-28 17:33:21.263024,870,37.437,6.896,3.516,15.934,5.572,20.778,216.695,923.645,2126.249,64.29,208.654,232.932,224.237,50.094,1.389,0
2026-07-28 17:34:14.100513,870,37.663,6.998,3.16,19.168,5.56,19.719,208.046,927.688,2077.745,60.11,208.101,232.842,224.248,50.827,1.385,0
2026-07-28 17:35:16.593886,870,36.887,7.012,3.488,18.114,5.732,19.356,197.915,963.493,2108.308,61.856,210.246,227.721,223.277,50.243,1.483,0
2026-07-28 17:36:20.401629,870,38.137,6.898,2.138,19.039,5.57,18.771,211.741,897.578,2217.683,50.468,208.843,236.467,224.747,49.805,1.499,0
2026-07-28 17:37:19.806651,870,37.896,6.786,2.569,20.756,5.907,19.988,195.242,912.326,2253.77,57.349,208.777,233.905,224.597,49.368,1.501,0
2026-07-28 17:38:22.935186,870,38.693,6.973,3.313,22.215,5.518,19.16,193.175,983.206,2266.632,54.303,209.856,237.748,222.787,51.286,1.465,0
2026-07-28 17:39:21.713786,870,39.355,6.634,3.753,12.868,5.651,18.532,200.552,893.446,2327.996,60.641,208.447,234.999,223.248,50.187,1.294,0
2026-07-28 17:40:25.562217,870,37.961,7.006,3.338,21.446,5.655,19.208,199.216,936.495,2163.834,55.271,208.45,233.76,224.726,49.859,1.374,0
2026-07-28 17:41:26.864120,870,39.454,6.564,2.788,16.554,5.624,19.762,206.438,883.563,2216.368,71.743,210.533,235.137,225.797,49.299,1.482,0
2026-07-28 17:42:27.393270,870,35.054,6.962,3.637,20.454,5.605,19.675,211.267,927.646,2042.653,63.03,210.532,228.585,222.741,48.966,1.323,0
2026-07-28 17:43:33.665328,870,38.876,7.0,3.263,20.479,5.495,20.221,207.891,916.776,2126.902,61.24,211.311,233.174,224.226,49.681,1.616,0
2026-07-28 17:44:26.410712,870,39.344,6.838,3.256,14.95,5.616,19.168,194.185,938.656,2264.806,57.907,211.257,238.12,225.56,51.106,1.619,0
2026-07-28 17:45:24.289263,870,36.773,6.852,2.963,23.122,5.422,19.133,196.178,914.558,2177.958,58.23,208.589,243.73,227.052,50.733,1.305,0
2026-07-28 17:46:26.239522,870,36.79,6.849,4.144,21.528,5.4,19.375,204.011,940.3,2201.172,61.022,210.007,231.856,224.988,48.648,1.361,0
2026-07-28 17:47:27.620437,870,37.835,6.729,3.265,14.993,5.359,19.122,204.74,934.009,2156.549,68.168,211.787,237.369,224.599,49.373,1.389,0
2026-07-28 17:48:24.922644,870,38.971,6.658,3.94,17.987,5.573,19.713,210.093,980.423,2157.338,63.067,210.893,233.426,225.826,49.615,1.279,0
2026-07-28 17:49:25.412141,870,38.31,6.881,3.256,21.772,5.408,19.022,209.84,895.316,2172.915,62.169,208.695,237.385,224.563,49.881,1.359,0
2026-07-28 17:50:26.891405,870,37.898,6.796,2.528,23.206,5.112,18.97,208.118,885.644,2298.851,58.931,210.596,235.982,223.102,50.335,1.534,0
2026-07-28 17:51:28.152215,870,39.695,6.852,3.583,14.383,6.032,19.52,199.385,916.936,2305.865,52.086,209.109,229.385,224.629,48.993,1.578,0
2026-07-28 17:52:30.870592,870,38.566,6.929,3.679,26.276,5.468,19.687,188.096,937.459,2157.234,58.223,209.614,235.22,225.978,50.55,1.433,0
2026-07-28 17:53:37.528316,870,39.136,7.008,2.665,19.972,5.413,18.867,197.572,943.763,2271.907,58.055,210.52,235.78,226.146,49.749,1.346,0
2026-07-28 17:54:37.367344,870,38.249,6.728,3.922,23.658,5.399,19.412,212.721,903.441,2292.554,59.113,210.541,234.633,223.997,50.146,1.409,0
2026-07-28 17:55:41.058051,870,36.534,6.641,3.184,17.177,5.395,20.17,220.607,973.928,2177.034,59.677,209.618,228.657,222.308,50.258,1.417,0
2026-07-28 17:56:41.199827,870,39.365,6.789,4.019,18.458,5.403,20.91,194.096,918.54,2092.048,60.504,208.031,234.887,224.68,49.8,1.45,0
2026-07-28 17:57:41.752739,870,33.242,6.758,3.524,16.393,5.43,20.13,196.542,874.09,2290.632,56.784,209.608,234.069,225.413,50.147,1.373,0
2026-07-28 17:58:45.225366,870,38.308,6.467,3.049,11.447,5.842,19.364,214.535,925.714,2115.214,63.594,210.036,234.814,226.221,49.875,1.441,0
2026-07-28 17:59:52.036361,870,36.021,6.724,3.151,17.855,5.508,19.325,205.424,919.22,2090.709,66.348,207.402,237.421,227.09,50.311,1.497,0
2026-07-28 18:00:47.690026,870,36.304,6.64,4.248,13.687,5.918,19.948,210.398,912.897,2233.145,58.636,209.503,232.442,227.035,50.243,1.628,0
2026-07-28 18:01:48.255560,870,37.589,6.728,3.792,15.848,5.906,19.732,197.541,926.617,2160.834,60.482,209.021,235.637,225.044,50.513,1.442,0
2026-07-28 18:02:48.952196,870,38.714,6.862,3.544,21.895,4.986,19.478,204.612,928.558,2291.429,55.634,209.448,235.42,225.407,51.085,1.569,0
2026-07-28 18:03:53.916052,870,40.49,6.318,3.849,20.338,5.75,18.515,216.105,895.227,2114.94,55.255,209.305,230.46,223.433,49.633,1.537,0
2026-07-28 18:04:50.210367,870,41.721,6.84,3.865,13.119,5.307,19.701,204.071,891.006,2169.483,65.027,207.684,227.717,226.381,50.333,1.481,0
2026-07-28 18:05:57.758692,870,40.338,6.971,3.972,19.045,5.943,19.618,204.681,891.7,2191.036,63.438,209.282,234.586,226.564,49.782,1.477,0
2026-07-28 18:06:55.870970,870,40.037,6.892,4.217,14.978,5.452,19.235,209.681,982.193,2283.236,60.087,209.244,234.108,222.749,50.117,1.418,0
2026-07-28 18:07:55.614966,870,38.796,6.627,4.096,19.311,5.458,19.919,214.401,913.327,2145.988,61.54,210.389,232.714,225.476,49.8,1.576,0
2026-07-28 18:08:56.717050,870,37.474,7.202,4.431,15.54,5.587,19.968,208.279,954.791,2180.967,61.864,208.238,236.145,225.364,50.027,1.385,0
2026-07-28 18:09:59.418009,870,34.887,6.566,3.191,16.397,5.779,18.804,207.675,955.566,1979.704,55.514,209.971,236.294,226.674,49.22,1.55,0
2026-07-28 18:11:03.323349,870,36.567,6.841,3.115,14.593,5.203,19.812,200.954,908.79,2199.197,54.332,208.636,232.548,225.295,49.483,1.37,0
2026-07-28 18:12:01.610695,870,34.477,7.189,4.42,4.814,5.663,20.25,209.66,935.541,2040.647,53.367,210.531,239.953,225.265,51.269,1.471,0
2026-07-28 18:12:58.382528,870,36.462,6.697,3.582,15.552,5.968,19.783,208.652,939.209,2290.565,61.012,211.097,232.251,225.65,51.722,1.582,0
2026-07-28 18:13:53.284891,870,35.946,6.749,3.255,17.341,5.662,19.922,209.914,895.064,2209.564,64.783,211.385,242.14,224.435,50.392,1.512,0
2026-07-28 18:14:52.062802,870,39.323,6.828,3.144,16.964,5.622,19.096,211.26,897.118,2314.828,62.115,212.289,237.885,223.723,49.469,1.362,0
2026-07-28 18:15:58.119626,870,38.141,6.926,3.641,17.627,5.321,19.274,211.509,939.413,2159.063,57.193,206.478,235.11,224.716,50.605,1.417,0
2026-07-28 18:16:56.061351,870,39.997,7.364,3.062,24.892,5.644,19.677,208.176,919.719,2208.245,51.961,209.043,229.22,224.401,51.387,1.328,0
2026-07-28 18:17:54.956827,870,39.755,6.865,2.965,21.19,5.785,19.656,200.904,854.211,2110.497,63.541,211.204,229.967,225.016,49.605,1.463,0
2026-07-28 18:18:51.448191,870,41.97,6.802,3.492,19.982,5.647,18.833,210.12,901.169,2190.748,60.226,208.741,235.967,228.471,49.898,1.583,0
2026-07-28 18:19:50.292890,870,39.275,6.896,3.526,24.89,5.657,19.667,211.953,895.284,2217.614,59.631,211.652,234.05,225.742,50.004,1.527,0
2026-07-28 18:20:48.183468,870,38.233,6.396,3.578,21.375,5.803,19.625,207.16,908.672,2183.33,60.924,210.078,232.069,224.071,50.365,1.557,0
2026-07-28 18:21:45.223135,870,35.563,7.061,2.957,11.715,5.654,18.88,202.951,875.543,2252.572,57.138,210.222,237.018,224.243,49.906,1.531,0
2026-07-28 18:22:45.670426,870,35.337,7.294,3.051,19.723,5.402,19.836,207.908,922.74,2128.989,58.151,209.275,234.861,226.628,50.167,1.323,0
2026-07-28 18:23:43.648992,870,33.279,7.314,3.861,12.002,5.698,19.04,201.657,928.095,2342.865,58.105,211.238,230.758,224.929,50.215,1.552,0
2026-07-28 18:24:39.726868,870,35.086,6.883,3.421,18.1,5.348,19.616,200.416,916.002,2225.239,62.051,210.939,233.468,226.173,48.758,1.265,0
2026-07-28 18:25:43.415772,870,34.757,6.604,4.298,16.975,5.666,19.034,205.836,907.276,2103.105,57.017,210.227,234.059,223.613,49.457,1.375,0
2026-07-28 18:26:49.096961,870,35.956,6.682,3.48,13.752,5.383,19.304,205.692,899.473,2198.021,58.241,207.363,237.324,224.675,49.037,1.534,0
2026-07-28 18:27:51.453911,870,38.584,6.788,3.292,16.1,6.349,19.338,200.315,929.486,2158.356,57.397,208.715,234.961,224.642,50.242,1.233,0
2026-07-28 18:28:58.438382,870,38.037,6.734,2.601,21.365,6.021,19.522,208.866,875.401,2235.73,57.007,206.995,235.117,226.132,49.524,1.538,0
2026-07-28 18:29:58.253035,870,41.654,6.679,2.946,22.156,5.872,18.425,207.585,975.5,2081.863,58.464,211.057,239.412,225.272,49.45,1.445,0
2026-07-28 18:30:58.846946,870,40.508,6.653,2.943,24.408,5.708,19.801,199.231,954.037,2193.994,60.07,211.307,228.335,225.52,49.521,1.432,0
2026-07-28 18:32:00.890692,870,41.846,6.629,3.524,30.821,5.604,20.079,208.823,848.511,2329.003,62.205,209.451,241.985,225.822,49.717,1.346,0
2026-07-28 18:33:04.592067,870,40.711,6.505,2.635,23.367,5.118,18.598,202.612,965.801,2222.732,64.03,209.972,229.044,224.903,50.131,1.172,0
2026-07-28 18:34:11.256087,870,38.357,6.883,3.445,25.98,5.724,20.289,212.261,929.772,2069.299,71.045,209.658,229.419,225.735,50.003,1.425,0
2026-07-28 18:35:18.006203,870,38.903,7.07,3.491,14.083,5.309,20.486,198.73,928.394,2212.348,63.952,211.769,233.849,224.91,50.404,1.518,0
2026-07-28 18:36:21.970800,870,34.512,6.904,2.722,17.759,5.45,17.974,204.772,908.555,2184.074,62.977,210.083,232.155,226.762,50.622,1.626,0
2026-07-28 18:37:35.467813,870,35.707,7.162,3.285,11.398,5.261,18.578,205.677,940.151,2255.243,59.19,209.321,242.433,224.195,48.611,1.535,0
2026-07-28 18:38:38.593387,870,34.198,7.028,2.969,14.415,4.946,20.474,205.656,906.703,2230.706,63.95,209.913,231.171,224.205,50.655,1.657,0
2026-07-28 18:39:40.013936,870,35.878,6.998,3.492,16.063,5.34,19.143,216.554,897.419,2226.969,66.541,210.023,231.996,224.627,49.47,1.419,0
2026-07-28 18:40:36.540669,870,35.179,6.533,3.212,23.649,5.624,18.828,210.571,906.402,2167.144,61.382,210.419,234.595,223.786,49.712,1.338,0
2026-07-28 18:41:37.271060,870,37.747,6.602,4.006,32.251,4.809,19.836,207.124,905.474,2068.421,60.17,208.917,241.258,223.463,51.168,1.509,0
2026-07-28 18:42:38.531465,870,40.085,6.702,2.366,18.816,5.608,18.892,205.66,918.663,2215.401,62.259,208.822,239.445,224.786,49.675,1.643,0
2026-07-28 18:43:44.306229,870,39.683,6.74,4.029,23.841,6.164,19.62,211.136,927.343,2123.66,66.697,207.758,235.82,226.996,50.184,1.473,0
2026-07-28 18:44:44.264715,870,41.003,6.553,2.643,29.528,5.457,20.462,197.365,848.778,2258.645,57.287,208.993,229.982,225.409,49.634,1.289,0
2026-07-28 18:45:43.140413,870,40.125,7.114,3.802,23.015,5.847,18.489,210.614,934.654,2129.836,65.795,210.564,227.939,225.249,50.154,1.383,0
2026-07-28 18:46:43.880861,870,40.818,7.121,2.717,18.156,5.362,19.587,202.761,915.328,2392.937,62.929,210.317,231.068,224.616,51.049,1.487,0
2026-07-28 18:47:45.168166,870,37.433,6.614,3.615,16.113,6.424,18.795,198.466,940.917,2122.338,57.701,211.153,227.072,226.626,49.682,1.504,0
2026-07-28 18:48:48.729435,870,37.789,6.74,3.866,23.493,5.7,20.159,206.252,925.514,2218.694,59.037,206.494,230.015,223.473,49.722,1.428,0
2026-07-28 18:49:55.249340,870,35.037,6.601,3.182,18.294,5.574,19.542,203.089,859.608,2057.975,61.399,210.571,227.266,223.589,51.019,1.388,0
2026-07-28 18:50:51.969722,870,35.006,6.622,3.648,12.86,5.322,19.813,210.554,925.885,2333.651,57.333,209.536,236.43,224.949,49.54,1.351,0
2026-07-28 18:51:58.246223,870,36.312,7.047,3.026,5.494,5.533,19.294,203.884,905.458,2133.913,65.4,209.904,229.918,225.523,50.682,1.407,0
2026-07-28 18:52:56.555735,870,35.33,6.599,3.954,13.873,5.541,20.255,210.679,863.448,2221.26,63.098,209.601,238.909,223.825,49.928,1.45,0
2026-07-28 18:54:02.316384,870,35.334,6.847,2.944,20.118,5.504,18.739,208.642,900.745,2235.683,54.575,209.594,235.496,224.412,49.886,1.485,0
2026-07-28 18:55:05.280358,870,37.5,6.168,2.979,21.117,5.161,20.029,202.356,884.906,2256.899,62.853,209.941,234.801,225.005,50.676,1.333,0
2026-07-28 18:56:04.638146,870,39.269,7.181,3.424,21.539,5.352,20.463,200.716,938.258,2237.017,60.693,211.057,237.624,226.86,49.756,1.52,0
2026-07-28 18:57:04.412596,870,40.686,6.818,3.796,22.464,5.853,20.279,209.833,960.795,2188.858,61.601,211.148,233.27,222.994,50.545,1.331,0
2026-07-28 18:58:02.108360,870,40.913,6.991,3.031,25.062,5.359,20.33,207.91,929.256,2261.18,62.931,208.341,235.291,225.694,50.115,1.351,0
2026-07-28 18:58:55.722638,870,39.102,6.866,3.303,26.604,6.122,19.165,203.305,940.076,2204.609,60.941,210.375,231.29,226.086,49.058,1.396,0
2026-07-28 18:59:55.049512,870,40.5,6.871,3.225,17.477,6.109,19.725,210.136,890.353,2082.474,61.82,208.928,238.952,227.296,50.243,1.52,0
2026-07-28 19:00:56.817984,870,40.836,6.625,3.946,20.045,5.27,20.744,201.23,939.0,2136.3,57.587,210.024,240.321,223.407,50.03,1.639,0
2026-07-28 19:01:55.322395,870,37.122,6.562,3.85,19.139,5.267,20.281,205.328,905.027,2274.918,66.091,210.029,233.133,223.656,48.951,1.334,0
2026-07-28 19:02:53.085311,870,35.585,6.358,2.926,12.024,4.945,20.115,200.364,867.202,2256.226,62.586,210.776,240.117,224.096,49.519,1.559,0
2026-07-28 19:03:50.451585,870,35.649,7.202,1.941,13.358,6.361,19.769,203.499,915.162,2085.959,55.594,208.269,234.751,223.338,50.407,1.341,0
2026-07-28 19:04:45.028443,870,35.566,7.096,2.545,15.775,5.565,18.615,207.498,928.109,2167.372,62.721,210.556,237.796,226.376,49.983,1.578,0
2026-07-28 19:05:44.463768,870,36.807,7.08,4.09,17.461,5.518,18.241,197.197,953.717,2124.151,53.092,210.125,234.67,225.494,48.876,1.444,0
2026-07-28 19:06:50.475987,870,36.27,6.727,4.219,18.548,5.581,20.087,208.721,909.167,2191.867,53.904,211.159,234.075,225.108,51.33,1.302,0
2026-07-28 19:07:53.219988,870,40.231,6.961,3.2,14.278,5.755,19.244,208.364,887.454,2178.429,66.146,209.37,232.987,225.565,50.445,1.602,0
2026-07-28 19:08:57.090687,870,38.492,6.651,3.264,20.913,5.072,20.038,211.502,930.565,2206.194,65.895,210.672,237.191,226.412,48.846,1.373,0
2026-07-28 19:10:00.050843,870,38.25,7.066,3.421,19.639,5.773,19.339,212.808,917.209,2268.89,59.336,208.645,230.106,221.99,49.493,1.364,0
2026-07-28 19:11:04.253004,870,41.099,6.774,3.399,24.237,5.978,19.336,209.529,901.86,2202.362,62.063,208.951,235.826,225.526,50.719,1.485,0
2026-07-28 19:12:08.503665,870,38.149,6.708,4.019,20.177,5.676,18.874,209.815,926.173,2161.731,61.5,210.198,239.009,225.42,50.547,1.377,0
2026-07-28 19:13:06.551624,870,39.017,6.602,3.997,24.361,5.67,18.644,198.018,951.406,2249.133,59.429,208.862,230.836,225.729,50.606,1.42,0
2026-07-28 19:14:12.694938,870,38.397,6.763,2.783,17.62,5.285,20.967,209.315,915.623,2217.212,56.669,210.482,238.092,223.139,48.154,1.414,0
2026-07-28 19:15:06.536065,870,36.498,6.566,2.978,19.109,6.008,19.347,213.178,1004.829,2146.962,54.761,207.261,239.523,224.851,50.769,1.607,0
2026-07-28 19:16:03.227745,870,38.743,6.46,3.464,19.592,5.729,19.622,212.848,884.078,2139.734,63.747,209.918,231.578,223.815,50.479,1.241,0
2026-07-28 19:17:06.284247,870,35.712,6.7,4.379,16.819,5.341,20.388,208.194,924.13,2189.02,58.803,209.962,233.844,226.545,51.419,1.325,0
2026-07-28 19:18:06.272836,870,37.011,6.877,3.621,14.553,5.732,20.332,212.097,935.17,2147.499,53.176,209.419,232.017,225.155,49.787,1.502,0
2026-07-28 19:19:05.817781,870,36.675,6.725,3.512,11.432,5.948,19.236,217.282,869.647,2123.696,58.97,210.942,235.515,224.779,50.065,1.523,0
2026-07-28 19:20:03.520587,870,36.585,6.605,3.207,14.198,5.174,19.396,203.006,922.368,2257.386,58.963,210.256,230.519,225.401,51.21,1.463,0
2026-07-28 19:21:07.503065,870,36.963,7.484,2.885,24.227,5.983,19.242,212.193,876.589,2306.293,70.226,209.433,238.383,223.544,50.415,1.252,0
2026-07-28 19:22:14.077070,870,37.719,6.705,2.968,20.757,5.601,19.368,210.654,899.043,2324.824,58.054,209.186,232.369,226.61,48.743,1.431,0
2026-07-28 19:23:11.468957,870,40.388,7.081,3.003,21.09,5.695,19.633,200.522,896.301,2192.815,61.013,210.043,230.597,226.613,50.514,1.268,0
2026-07-28 19:24:08.696965,870,39.479,6.359,3.963,22.454,5.329,19.654,208.286,895.787,2229.731,61.103,209.961,236.754,223.39,49.374,1.703,0
2026-07-28 19:25:21.218031,870,37.165,6.187,4.015,19.418,4.971,20.097,209.453,1000.96,2157.897,60.307,209.769,230.794,226.44,49.905,1.495,0
2026-07-28 19:26:25.175125,870,40.067,7.122,3.891,14.457,5.71,19.122,201.942,912.324,2190.516,58.096,210.853,234.769,227.03,50.381,1.373,0
2026-07-28 19:27:23.991798,870,39.131,6.86,3.121,18.607,5.264,19.079,199.542,939.092,2136.896,60.752,208.75,239.371,224.1,49.85,1.67,0
2026-07-28 19:28:28.453565,870,37.126,6.999,3.368,18.658,5.107,19.094,209.46,889.757,2272.489,57.23,209.754,238.401,223.898,49.951,1.651,0
2026-07-28 19:29:34.703517,870,36.981,6.929,4.863,20.742,5.28,20.152,205.934,930.15,2183.497,62.941,212.072,239.052,223.904,50.572,1.592,0
2026-07-28 19:30:38.389629,870,37.729,6.453,3.751,17.462,5.865,19.547,202.467,878.76,2264.693,60.076,209.735,233.839,225.935,49.683,1.588,0
2026-07-28 19:31:42.287130,870,35.51,6.857,3.231,8.954,5.942,20.482,196.231,984.582,2256.323,57.015,209.225,234.716,227.17,50.744,1.391,0
2026-07-28 19:32:42.111926,870,34.842,7.041,2.878,16.962,6.03,19.647,206.378,938.553,2220.037,63.655,209.785,236.814,224.34,50.728,1.558,0
2026-07-28 19:33:46.433958,870,37.952,6.415,3.774,23.399,5.974,20.124,202.821,933.138,2223.422,61.496,209.384,233.763,225.638,50.641,1.375,0
2026-07-28 19:34:51.246136,870,37.742,6.708,3.562,25.582,5.359,20.166,198.056,908.115,2134.681,58.543,209.609,237.235,225.712,50.569,1.571,0
2026-07-28 19:35:51.142030,870,37.076,6.933,3.011,16.2,5.275,19.424,208.366,927.1,2131.765,64.471,210.617,229.589,224.313,51.267,1.49,0
2026-07-28 19:36:49.144827,870,39.254,6.563,3.706,17.663,5.802,19.603,207.864,973.781,2062.883,60.739,210.247,234.699,224.343,51.291,1.606,0
2026-07-28 19:37:49.784485,870,39.911,7.023,2.886,23.991,5.746,19.114,199.57,914.047,2142.928,63.37,207.554,239.642,225.006,49.539,1.504,0
2026-07-28 19:38:48.944373,870,39.684,6.614,4.264,17.136,5.856,19.115,199.471,928.967,2140.09,57.201,211.518,233.593,225.187,48.138,1.495,0
2026-07-28 19:39:51.451495,870,38.533,6.328,3.235,21.73,5.822,19.42,199.369,882.873,2255.936,59.333,209.6,235.07,224.075,49.722,1.347,0
2026-07-28 19:40:44.143762,870,38.906,6.884,3.801,25.793,5.615,19.785,207.757,958.004,2259.124,62.93,209.112,243.813,224.634,51.249,1.264,0
2026-07-28 19:41:46.110148,870,37.671,7.033,4.077,21.93,5.924,19.276,209.994,924.709,2192.645,59.258,210.495,232.47,225.408,49.943,1.321,0
2026-07-28 19:42:48.958759,870,37.759,7.111,3.061,26.448,5.642,19.473,192.345,933.224,2230.154,58.368,211.694,234.537,225.161,50.55,1.117,0
2026-07-28 19:43:45.107345,870,36.679,7.19,3.63,17.361,5.982,18.962,202.725,890.617,2128.277,64.412,210.919,227.588,227.693,50.175,1.442,0
2026-07-28 19:44:51.627732,870,37.775,6.455,4.482,22.095,5.37,19.997,204.635,885.289,2179.401,65.048,209.74,236.566,223.984,49.63,1.467,0
2026-07-28 19:45:51.157073,870,38.98,6.797,4.19,20.523,5.121,18.952,225.844,908.819,2090.618,60.494,210.322,237.576,227.004,50.822,1.312,0
2026-07-28 19:46:51.887058,870,37.003,7.057,2.361,17.067,5.546,20.262,205.128,938.221,2182.199,54.189,209.866,237.329,225.593,50.407,1.63,0
2026-07-28 19:48:02.704048,870,37.557,6.947,3.653,14.978,5.557,19.105,201.657,933.213,2186.954,64.546,208.358,241.792,224.883,50.534,1.58,0
2026-07-28 19:49:05.238675,870,38.584,6.728,4.131,24.136,5.474,19.831,212.056,925.866,2111.502,51.884,209.063,237.201,228.233,51.53,1.466,0
2026-07-28 19:50:02.838431,870,38.101,7.16,3.94,20.09,5.238,19.414,197.768,880.711,2245.898,60.732,208.154,234.723,225.389,49.52,1.525,0
2026-07-28 19:51:07.776170,870,37.976,6.947,3.68,20.294,5.535,19.276,196.192,884.339,2150.619,65.949,212.709,237.968,223.576,50.154,1.433,0
2026-07-28 19:52:16.259744,870,37.254,7.071,4.166,18.572,5.308,19.37,209.336,921.657,2058.988,57.353,209.043,233.096,225.281,49.408,1.549,0
2026-07-28 19:53:21.496608,870,38.282,6.517,3.473,19.942,5.329,19.868,208.088,844.092,2134.573,62.763,210.239,237.439,226.54,50.125,1.413,0
2026-07-28 19:54:26.176312,870,38.654,6.716,4.847,17.344,5.357,18.939,199.912,894.528,2241.447,54.811,210.833,246.44,225.645,49.369,1.547,0
2026-07-28 19:55:27.502447,870,38.196,6.645,2.988,18.774,5.029,19.241,208.439,932.457,2083.938,58.549,209.958,243.155,225.838,49.641,1.362,0
2026-07-28 19:56:31.245126,870,37.684,6.787,3.588,18.948,5.528,20.829,203.375,967.499,2207.058,63.816,210.45,241.477,224.666,50.299,1.691,0
2026-07-28 19:57:37.102633,870,37.904,6.724,3.139,19.467,5.746,20.725,199.315,920.97,2138.356,60.081,209.331,236.551,224.937,50.767,1.417,0
2026-07-28 19:58:37.743228,870,37.502,7.09,4.08,17.545,5.274,19.835,213.067,946.51,2145.894,50.155,210.556,231.529,224.065,50.183,1.291,0
2026-07-28 19:59:42.263409,870,37.79,6.647,3.467,17.823,5.973,19.426,201.354,944.44,2139.368,58.368,208.861,233.566,224.059,49.737,1.296,0
2026-07-28 20:00:49.653304,870,37.138,6.748,2.522,20.125,5.35,20.067,206.549,899.074,2160.502,53.24,209.461,244.159,225.556,50.205,1.509,0
2026-07-28 20:01:47.676053,870,37.735,6.973,2.503,19.285,5.587,19.107,214.139,972.875,2156.034,59.259,210.899,234.194,226.018,50.031,1.486,0
2026-07-28 20:02:49.882925,870,38.42,6.521,2.579,20.618,5.379,20.509,210.562,938.893,2257.043,57.359,209.306,239.871,224.249,49.288,1.328,0
2026-07-28 20:03:53.615229,870,38.02,6.767,2.478,15.664,5.191,20.665,200.91,926.563,2246.347,49.801,210.748,231.524,224.464,50.449,1.547,0
2026-07-28 20:04:57.968986,870,37.897,6.842,3.795,20.059,5.445,20.113,213.647,961.971,2257.244,57.005,208.859,236.733,226.815,50.019,1.473,0
2026-07-28 20:06:02.850978,870,37.512,6.705,3.154,16.181,5.385,19.498,203.35,950.059,2199.797,55.68,211.893,237.523,223.83,49.539,1.54,0
2026-07-28 20:07:04.610499,870,38.065,6.693,3.498,21.941,5.564,18.95,199.87,942.223,2187.725,60.732,211.687,232.461,224.14,50.25,1.368,0
2026-07-28 20:08:07.511965,870,38.177,6.865,3.717,18.662,5.69,18.803,205.233,874.746,2208.932,56.942,209.812,230.036,222.987,48.618,1.422,0
2026-07-28 20:09:08.020711,870,37.578,6.608,2.625,18.4,6.191,19.99,200.163,931.593,2231.839,61.077,211.253,232.387,224.351,48.803,1.538,0
2026-07-28 20:10:08.150970,870,37.706,6.855,3.17,18.974,5.698,19.72,199.257,923.962,2199.219,62.456,210.176,238.726,224.924,50.401,1.692,0
2026-07-28 20:11:10.124368,870,37.147,6.696,4.531,19.416,5.641,20.11,200.24,920.034,2192.467,65.945,208.711,240.703,226.07,48.781,1.343,0
2026-07-28 20:12:09.997401,870,38.441,6.854,4.035,20.716,5.532,19.821,220.577,942.427,2272.443,60.844,211.511,232.49,224.81,51.759,1.412,0
2026-07-28 20:13:14.072099,870,38.913,6.954,3.709,21.446,5.171,20.723,209.686,900.09,2197.417,62.011,208.349,231.984,225.849,50.074,1.169,0
2026-07-28 20:14:10.134641,870,37.71,6.899,3.647,14.395,5.698,19.908,195.209,948.678,2212.063,59.134,209.713,231.007,223.672,49.15,1.498,0
2026-07-28 20:15:07.824234,870,38.341,6.74,3.388,17.955,5.394,18.992,210.401,916.677,2270.53,56.47,209.068,239.801,223.752,49.569,1.228,0
2026-07-28 20:16:08.929806,870,38.552,7.325,2.898,17.376,5.605,19.187,211.111,941.225,2333.259,62.262,211.379,232.757,223.217,50.114,1.344,0
2026-07-28 20:17:17.388761,870,37.943,6.922,4.281,16.828,5.484,20.434,199.112,875.719,2147.506,60.553,209.929,229.014,225.813,50.003,1.442,0
2026-07-28 20:18:08.543392,870,38.263,6.593,2.518,15.452,4.772,19.655,202.766,926.436,2181.092,60.153,209.735,234.02,224.347,49.015,1.356,0
2026-07-28 20:19:07.596776,870,37.547,6.967,2.649,18.62,5.51,19.693,192.479,860.103,2260.12,59.769,210.158,232.096,227.616,50.182,1.523,0
2026-07-28 20:20:02.622859,870,38.445,6.722,3.459,15.534,5.484,18.731,202.89,959.993,2228.569,58.892,211.835,240.527,227.463,48.689,1.561,0
2026-07-28 20:21:10.160237,870,37.667,6.931,3.455,20.798,5.796,19.148,193.886,927.384,2180.6,57.58,211.188,238.243,225.814,50.97,1.421,0
2026-07-28 20:22:09.658554,870,38.153,6.879,4.19,16.743,5.86,20.732,206.19,910.327,2361.169,59.848,211.942,236.061,222.933,49.496,1.374,0
2026-07-28 20:23:06.552904,870,38.315,6.845,2.375,19.463,5.752,19.958,214.314,934.735,2259.694,56.562,209.253,240.721,224.868,49.688,1.264,0
2026-07-28 20:24:10.765814,870,38.134,6.902,3.63,16.626,5.463,20.01,210.474,917.037,2159.588,65.044,211.222,235.825,225.182,50.666,1.43,0
2026-07-28 20:25:15.434000,870,38.463,6.53,3.511,16.507,5.739,19.096,208.171,885.193,2143.381,60.96,209.365,233.81,225.201,50.414,1.367,0
2026-07-28 20:26:15.378491,870,37.327,6.642,3.374,17.563,5.469,18.954,207.298,913.512,2217.257,48.813,207.871,231.695,222.412,50.674,1.389,0
2026-07-28 20:27:20.502381,870,38.291,6.664,2.699,16.185,5.635,19.38,215.329,905.865,2226.519,64.983,209.222,233.591,223.797,50.562,1.566,1
2026-07-28 20:28:25.709311,870,37.899,6.697,3.177,21.116,5.958,19.739,211.78,894.625,2184.649,65.458,209.534,229.026,223.659,50.152,1.371,1
2026-07-28 20:29:30.963927,870,38.001,7.129,3.265,19.255,5.682,19.089,194.111,901.512,2203.7,59.26,208.307,240.356,224.785,49.117,1.23,1
2026-07-28 20:30:27.156938,870,37.95,6.911,4.611,20.298,6.224,19.417,204.674,911.049,2226.028,58.517,212.289,232.394,225.421,48.816,1.354,1
2026-07-28 20:31:26.272816,870,37.899,6.87,3.716,17.685,5.896,19.629,198.692,948.724,2192.148,64.865,208.59,228.888,225.51,50.024,1.358,1
2026-07-28 20:32:26.837242,870,38.781,6.788,2.806,21.056,5.338,18.474,212.179,951.666,2200.605,65.136,209.899,239.176,224.129,49.888,1.205,1
2026-07-28 20:33:24.951003,870,38.336,7.308,4.223,19.853,5.5,19.896,208.548,934.814,2128.754,53.382,208.657,234.554,225.226,50.437,1.707,1
2026-07-28 20:34:26.788070,870,36.586,6.659,3.78,16.406,5.484,18.873,200.268,960.358,2285.64,63.193,210.912,227.507,225.181,49.434,1.334,1
2026-07-28 20:35:22.686224,870,38.411,6.989,3.343,18.84,5.521,20.138,214.014,967.925,2135.309,64.715,209.845,229.371,224.317,49.305,1.422,1
2026-07-28 20:36:27.262514,870,38.289,6.996,3.363,20.301,5.692,19.128,208.576,995.198,2297.536,57.536,210.103,230.037,225.673,49.884,1.518,1
2026-07-28 20:37:33.058081,870,37.601,6.978,3.138,17.38,5.275,18.677,221.398,889.688,2285.478,56.461,210.688,228.592,226.409,49.689,1.599,1
2026-07-28 20:38:28.102942,870,38.191,6.719,3.485,20.222,5.485,18.679,200.737,944.443,2173.898,62.609,208.999,233.464,223.896,48.91,1.508,1
2026-07-28 20:39:39.827204,870,37.987,6.574,3.667,15.053,5.449,18.58,203.919,943.587,2300.756,68.126,211.169,238.374,224.103,50.006,1.61,1
2026-07-28 20:40:42.555161,870,38.114,6.895,3.445,18.18,5.537,18.777,196.96,930.629,2222.905,65.645,209.825,235.649,224.919,51.592,1.297,1
2026-07-28 20:41:46.405436,870,37.569,6.822,3.3,17.524,6.081,19.174,202.09,903.058,2156.566,63.024,206.918,227.615,226.241,50.06,1.363,0
2026-07-28 20:42:51.910899,870,37.22,6.751,3.531,21.988,5.438,20.066,201.309,944.889,2236.104,59.576,208.887,232.409,224.448,50.785,1.516,0
2026-07-28 20:43:54.050568,870,38.724,6.711,3.737,16.329,5.262,17.967,207.45,975.643,2161.67,60.214,212.384,236.565,226.925,51.118,1.377,0
2026-07-28 20:44:53.302685,870,37.732,6.985,3.591,18.706,5.95,18.889,201.168,967.845,2173.572,59.863,210.8,234.131,226.639,50.08,1.321,0
2026-07-28 20:45:53.350130,870,37.634,6.763,3.747,21.854,5.706,20.787,203.127,965.359,2174.271,58.913,209.279,236.671,223.021,50.376,1.35,0
2026-07-28 20:46:58.309478,870,38.276,6.6,2.97,19.122,6.08,19.206,202.059,924.04,2231.994,57.453,210.144,235.449,225.359,49.643,1.359,0
2026-07-28 20:48:00.546722,870,37.752,7.364,3.723,16.491,5.362,19.816,203.7,850.706,2218.076,62.829,210.673,230.638,225.025,49.205,1.335,0
2026-07-28 20:48:54.997255,870,38.134,7.117,2.798,20.307,5.604,19.807,208.555,922.463,2274.546,54.583,210.61,229.959,224.034,49.479,1.409,0
2026-07-28 20:49:59.765787,870,37.574,6.711,3.844,22.987,5.658,19.076,191.761,904.367,2305.743,63.381,212.347,234.281,224.87,51.031,1.239,0
2026-07-28 20:50:57.386145,870,38.265,7.197,2.604,18.706,5.79,19.211,208.783,989.385,2233.384,58.026,210.469,232.254,225.693,49.729,1.279,0
2026-07-28 20:51:56.447457,870,38.54,6.495,3.975,22.451,5.948,20.124,205.25,924.289,2277.604,61.986,211.246,235.717,224.651,49.929,1.474,0
2026-07-28 20:52:58.833502,870,38.106,6.537,3.953,19.892,5.405,20.403,201.796,912.299,2211.377,57.027,210.892,239.227,226.413,49.454,1.366,0
2026-07-28 20:54:07.586667,870,37.43,6.693,3.578,23.249,5.515,18.552,204.677,923.087,2158.728,53.514,209.171,239.297,223.832,50.102,1.423,0
2026-07-28 20:55:18.632694,870,38.217,7.102,3.059,19.864,5.213,20.196,207.503,937.747,2202.66,65.841,210.926,229.876,225.043,50.622,1.351,0
2026-07-28 20:56:17.194659,870,37.594,6.657,3.357,23.689,5.475,18.388,210.907,919.375,2223.29,63.971,209.821,232.957,224.994,51.304,1.559,0
2026-07-28 20:57:21.123555,870,38.122,6.994,3.868,17.586,6.688,20.084,203.488,920.411,2305.781,58.701,209.381,230.611,223.831,48.65,1.311,0
2026-07-28 20:58:24.807191,870,36.943,6.596,3.739,18.959,5.447,20.165,213.583,952.689,2143.315,68.27,210.664,237.473,223.176,49.809,1.365,0
2026-07-28 20:59:21.976822,870,38.513,6.843,3.092,16.196,5.474,19.691,215.055,870.5,2192.393,66.591,211.347,236.324,225.423,50.45,1.545,0
2026-07-28 21:00:27.313851,870,38.152,6.848,3.198,20.423,5.971,19.433,205.741,941.007,2213.907,62.335,210.559,240.407,224.241,50.571,1.527,0
2026-07-28 21:01:22.574076,870,38.11,6.658,4.668,19.082,5.849,20.414,216.654,908.072,2251.804,54.225,212.201,232.833,223.179,50.753,1.49,0
2026-07-28 21:02:31.757233,870,38.553,6.912,2.759,20.219,5.393,19.219,197.035,954.932,2184.71,54.637,210.896,233.376,224.954,49.635,1.435,0
2026-07-28 21:03:27.137125,870,37.072,6.604,2.277,19.869,5.703,19.683,198.975,917.717,2167.727,60.724,211.844,233.258,224.447,48.816,1.466,0
2026-07-28 21:04:27.561963,870,37.554,6.538,2.372,19.733,6.097,19.104,211.249,899.984,2139.587,64.143,209.692,236.898,225.017,50.985,1.353,0
2026-07-28 21:05:32.172034,870,37.789,6.682,3.388,20.623,6.197,20.354,215.799,928.038,2160.328,66.857,207.777,236.584,226.207,50.323,1.287,0
2026-07-28 21:06:37.397972,870,36.749,6.548,3.042,20.92,5.864,19.508,198.917,902.919,2351.435,61.054,208.723,230.304,224.664,50.06,1.538,0
2026-07-28 21:07:37.522605,870,38.136,6.526,3.313,19.588,5.34,19.906,210.396,963.98,2189.805,63.325,210.319,227.874,226.602,50.492,1.512,0
2026-07-28 21:08:41.665744,870,37.41,7.174,3.864,19.241,5.591,18.138,214.221,931.48,2309.304,64.819,208.662,234.098,225.409,49.998,1.438,0
2026-07-28 21:09:43.481082,870,38.68,6.756,4.351,16.624,5.52,19.219,201.038,889.825,2220.721,53.35,210.092,230.273,225.361,50.447,1.567,0
2026-07-28 21:10:50.780484,870,37.516,6.766,3.487,21.145,6.093,18.996,198.837,901.435,2168.367,57.704,210.4,233.371,222.618,48.573,1.559,0
2026-07-28 21:11:51.043414,870,38.612,6.741,3.474,16.518,5.316,18.956,206.179,917.455,2303.274,61.74,208.943,236.512,224.413,50.508,1.444,0
2026-07-28 21:12:52.556321,870,37.455,6.692,4.291,18.093,5.28,19.958,200.476,916.379,2271.575,62.346,210.653,230.011,225.62,50.643,1.534,0
2026-07-28 21:13:55.790072,870,38.646,6.245,3.707,18.717,5.246,18.89,191.594,927.264,2197.562,55.687,210.483,230.699,224.993,50.248,1.483,0
2026-07-28 21:14:54.418499,870,37.864,7.014,3.66,15.409,5.167,19.504,210.36,877.936,2124.47,62.809,208.559,234.328,223.673,49.605,1.485,0
2026-07-28 21:15:57.885193,870,37.616,7.259,4.088,15.583,5.592,20.793,205.079,976.811,2223.676,63.237,210.085,244.823,224.273,49.955,1.375,0
2026-07-28 21:16:58.289613,870,38.985,6.692,3.315,16.786,5.411,19.441,201.863,905.36,2286.549,60.927,212.296,232.541,226.503,50.724,1.637,0
2026-07-28 21:17:54.372464,870,38.523,6.828,2.666,19.753,5.1,18.656,209.686,896.192,2275.228,62.672,209.967,237.261,225.117,50.468,1.325,0
2026-07-28 21:18:54.635265,870,37.909,6.864,3.413,19.383,5.348,20.173,204.701,888.848,2215.264,61.408,208.36,229.333,225.664,50.325,1.305,0
2026-07-28 21:19:56.623817,870,37.07,6.703,2.965,17.203,5.652,19.216,211.842,889.857,2268.913,61.98,208.315,240.698,226.202,50.454,1.515,0
2026-07-28 21:20:57.077962,870,37.468,6.674,3.205,21.809,5.735,19.396,208.483,943.516,2161.548,59.122,211.142,234.165,225.391,50.401,1.527,0
2026-07-28 21:21:53.906372,870,38.066,6.883,3.066,17.643,5.315,18.666,198.774,906.467,2256.329,57.006,209.426,235.188,225.363,49.612,1.657,0
2026-07-28 21:22:59.574480,870,37.679,6.507,3.401,22.253,5.201,20.351,211.448,876.707,2226.578,59.178,210.716,232.186,224.294,49.972,1.174,0
2026-07-28 21:23:56.040691,870,37.468,6.993,3.505,17.872,5.952,20.216,211.558,905.317,2209.048,61.336,209.273,233.424,226.295,50.763,1.526,0
2026-07-28 21:24:55.839617,870,37.916,6.695,2.69,16.939,5.407,19.972,204.321,929.113,2355.499,51.558,209.434,241.591,224.333,50.031,1.459,0
2026-07-28 21:25:52.452355,870,38.485,6.313,4.102,24.908,6.163,20.376,215.475,942.287,2224.657,55.388,210.655,231.984,225.864,49.224,1.608,0
2026-07-28 21:26:48.103188,870,38.993,6.562,3.836,13.645,5.648,19.796,206.866,880.462,2093.821,56.985,210.659,233.473,226.159,49.444,1.302,0
2026-07-28 21:27:50.571253,870,37.501,6.727,2.86,19.307,4.997,18.927,208.919,847.937,2259.58,53.994,210.672,235.513,225.826,49.435,1.538,0
2026-07-28 21:28:51.975752,870,37.645,6.992,3.548,16.733,5.358,18.894,205.018,885.288,2388.866,59.84,210.041,235.067,225.366,49.177,1.366,0
2026-07-28 21:29:46.502410,870,38.583,7.099,4.604,15.613,5.57,19.486,194.61,978.602,2130.084,50.551,211.731,234.129,223.587,49.362,1.32,0
2026-07-28 21:30:42.639817,870,37.428,6.978,3.487,18.434,5.795,19.548,211.011,850.774,2220.337,61.598,210.637,234.492,226.782,51.29,1.621,0
2026-07-28 21:31:45.835557,870,37.709,6.895,3.413,22.363,5.226,19.455,205.695,885.776,2197.359,58.628,208.972,239.456,225.759,49.897,1.501,0
2026-07-28 21:32:45.788595,870,38.078,6.979,2.692,19.898,5.538,18.276,197.664,926.184,2242.64,60.769,209.656,237.706,223.605,51.13,1.552,0
2026-07-28 21:33:51.718424,870,38.622,6.662,3.014,14.725,5.328,19.685,208.103,991.54,2171.646,64.545,210.124,233.074,224.673,50.754,1.293,0
2026-07-28 21:34:54.170912,870,37.144,6.927,3.47,15.713,5.796,18.649,207.837,906.072,2225.255,63.137,208.499,235.64,225.01,49.185,1.573,0
2026-07-28 21:35:51.560865,870,37.899,7.051,3.709,17.229,5.195,20.018,206.135,929.512,2114.196,55.135,209.472,238.066,226.006,49.695,1.445,0
2026-07-28 21:36:57.942407,870,37.425,6.615,3.123,16.247,5.589,18.739,204.216,957.983,2280.683,56.28,211.629,235.161,222.851,49.379,1.502,0
2026-07-28 21:37:58.795883,870,38.647,6.632,3.458,21.871,5.458,20.095,205.7,889.927,2181.385,56.674,208.771,229.012,225.175,50.423,1.339,0
2026-07-28 21:39:05.588138,870,38.214,6.696,4.194,19.874,5.643,19.621,202.901,970.058,2349.562,70.953,209.459,240.4,225.176,50.075,1.498,0
2026-07-28 21:40:05.537368,870,37.885,6.474,3.477,17.402,5.479,18.968,206.278,892.362,2285.497,53.001,209.536,228.742,223.935,48.933,1.587,0
2026-07-28 21:41:05.565014,870,37.872,7.076,3.97,18.385,5.233,19.783,202.322,941.582,2170.765,58.755,210.327,243.129,225.85,49.797,1.392,0
2026-07-28 21:42:09.023222,870,38.271,6.686,3.335,16.292,5.49,20.341,201.309,998.933,2275.305,64.408,210.679,234.418,225.021,50.051,1.427,0
2026-07-28 21:43:15.680305,870,37.609,6.441,3.941,17.274,5.178,19.692,202.453,900.008,2284.37,59.659,209.63,241.315,225.741,50.204,1.578,0
2026-07-28 21:44:15.797845,870,37.848,6.283,3.665,15.633,5.252,18.865,210.857,917.143,2129.577,58.888,211.071,232.846,224.036,49.252,1.256,0
2026-07-28 21:45:20.179341,870,37.753,7.14,2.998,18.766,5.536,19.228,202.799,906.824,2144.323,65.61,208.817,237.775,225.551,49.612,1.588,0
2026-07-28 21:46:21.287949,870,37.968,7.029,2.886,17.563,5.008,19.266,205.54,916.619,2166.268,52.943,208.925,229.742,225.724,50.065,1.316,0
2026-07-28 21:47:21.637313,870,38.571,6.621,4.057,18.536,5.84,19.035,196.11,906.169,2054.321,62.037,212.259,235.784,224.276,50.094,1.603,0
2026-07-28 21:48:22.513768,870,37.559,6.951,3.712,21.088,5.655,18.459,206.799,941.39,2225.503,56.988,210.351,230.992,224.356,49.319,1.642,0
2026-07-28 21:49:21.888206,870,38.363,6.545,2.91,18.157,6.151,20.637,210.352,923.277,2283.028,60.881,210.455,236.368,223.672,49.926,1.344,0
2026-07-28 21:50:20.793694,870,38.118,6.785,3.383,12.706,6.205,19.057,208.233,930.07,2227.41,64.433,208.616,242.791,223.858,49.706,1.52,0
2026-07-28 21:51:31.195591,870,37.882,6.634,3.702,22.74,5.233,18.465,201.06,917.555,2256.206,57.631,210.537,238.334,224.316,50.542,1.424,0
2026-07-28 21:52:31.418393,870,38.383,6.544,2.408,19.072,5.785,18.724,206.699,917.562,2222.241,59.515,208.485,237.493,225.011,49.796,1.481,0
2026-07-28 21:53:31.320796,870,38.003,6.998,3.515,15.564,5.626,19.005,201.835,922.925,2228.309,64.23,209.694,234.939,225.658,50.38,1.271,0
2026-07-28 21:54:39.408241,870,38.209,6.882,3.747,18.151,5.898,17.556,207.165,921.279,2057.2,53.594,208.91,231.333,225.44,50.577,1.316,0
2026-07-28 21:55:41.689830,870,38.624,6.723,3.431,20.734,5.47,19.959,200.157,909.842,2258.127,62.971,209.629,243.793,226.052,50.448,1.365,0
2026-07-28 21:56:43.211040,870,37.765,6.957,3.78,17.705,5.479,19.839,211.827,942.121,2215.556,57.696,209.463,228.233,224.378,50.613,1.325,0
2026-07-28 21:57:46.832783,870,37.74,6.829,2.897,18.353,5.542,19.62,212.804,915.033,2199.129,63.757,210.833,240.563,223.466,49.831,1.338,0
2026-07-28 21:58:48.469828,870,38.28,6.63,4.342,18.087,5.638,18.745,204.085,936.571,2156.755,59.254,209.573,237.137,223.689,49.152,1.448,0
2026-07-28 21:59:49.274475,870,37.954,6.592,1.921,22.443,5.545,19.977,201.326,931.648,2137.099,57.872,209.642,233.495,226.316,49.157,1.375,0
2026-07-28 22:00:54.126949,870,38.538,6.978,2.618,24.378,5.738,19.31,196.101,968.269,2201.085,60.652,209.962,237.917,222.561,50.34,1.451,0
2026-07-28 22:01:47.899997,870,39.116,6.826,3.797,20.819,5.402,20.315,219.255,884.294,2222.907,64.789,211.738,236.113,226.241,51.391,1.475,0
2026-07-28 22:02:47.898090,870,38.83,6.742,3.491,22.602,5.112,18.209,207.761,921.752,2137.443,58.254,212.183,235.523,223.487,49.545,1.439,0
2026-07-28 22:03:48.143605,870,37.481,6.749,2.534,14.961,5.433,18.937,203.516,932.156,2284.49,57.995,208.976,233.181,225.274,50.963,1.289,0
2026-07-28 22:04:49.827563,870,38.364,7.047,3.988,17.633,5.42,18.842,202.25,943.934,2150.244,64.721,209.208,229.38,226.632,49.031,1.431,0
2026-07-28 22:05:54.067898,870,37.004,6.957,2.833,16.502,6.248,18.738,198.688,907.339,2204.03,59.582,210.19,230.865,225.179,50.066,1.324,0
2026-07-28 22:06:57.090909,870,38.174,6.786,3.71,20.167,5.57,19.806,210.212,955.786,2255.883,58.579,210.562,237.316,225.261,48.915,1.543,0
2026-07-28 22:07:57.414969,870,37.861,7.306,2.054,21.415,5.818,20.213,207.678,860.631,2135.182,58.781,212.106,233.344,223.971,49.495,1.202,0
2026-07-28 22:08:58.091254,870,38.247,6.797,2.622,18.028,5.531,19.952,201.999,924.22,2056.893,63.764,209.517,236.435,225.378,49.223,1.261,0
2026-07-28 22:09:58.949365,870,37.975,6.917,3.867,17.848,5.228,19.504,207.521,968.817,2177.606,63.147,210.559,230.434,225.749,50.741,1.332,0
2026-07-28 22:10:50.653490,870,37.742,6.966,4.375,18.758,5.276,19.656,208.839,919.77,2211.321,56.197,210.246,230.946,227.45,51.312,1.299,0
2026-07-28 22:11:52.052489,870,38.089,6.423,3.488,16.733,5.679,19.827,206.922,907.656,2270.016,57.739,209.516,232.701,224.855,48.773,1.449,0
2026-07-28 22:12:50.049190,870,38.621,6.747,3.463,14.512,5.835,18.957,215.955,951.304,2185.486,63.588,209.833,242.529,228.294,49.386,1.493,0
2026-07-28 22:13:50.359393,870,39.225,6.775,2.655,20.869,5.783,19.615,203.152,915.882,2227.189,61.973,209.617,232.959,223.671,51.604,1.555,0
2026-07-28 22:14:54.907933,870,38.702,6.266,3.05,17.299,5.667,19.41,196.266,874.352,2305.042,49.947,208.434,230.957,225.491,51.235,1.445,0
2026-07-28 22:15:56.888283,870,38.431,6.87,2.911,17.905,5.76,18.456,207.55,939.521,2145.384,60.885,212.866,240.517,224.598,50.387,1.257,0
2026-07-28 22:16:56.270666,870,38.485,6.402,3.025,20.149,5.73,20.821,203.474,895.68,2233.704,59.374,211.695,242.445,224.781,49.785,1.308,0
2026-07-28 22:17:56.973639,870,37.909,7.406,2.636,15.967,5.698,19.724,205.027,941.034,2282.405,64.232,211.918,228.829,223.508,49.319,1.432,0
2026-07-28 22:18:59.772574,870,37.957,6.977,3.777,22.99,5.744,18.887,208.538,947.234,2145.311,66.371,209.366,231.571,226.049,49.676,1.518,0
2026-07-28 22:19:58.011686,870,38.389,6.606,3.157,19.681,5.673,19.22,198.776,959.618,2155.774,58.528,208.995,243.479,226.553,49.524,1.399,0
2026-07-28 22:20:56.041006,870,37.087,7.306,4.119,16.844,5.439,19.806,196.154,936.359,2216.338,70.482,211.567,234.424,225.438,50.687,1.364,0
2026-07-28 22:22:02.569777,870,38.222,7.056,2.929,21.25,5.599,19.654,209.946,942.665,2123.854,52.803,208.988,237.343,225.88,49.789,1.338,0
2026-07-28 22:23:03.992520,870,37.921,6.942,3.289,22.424,6.234,19.397,206.276,916.075,2114.786,59.355,212.454,234.302,223.939,50.116,1.538,1
2026-07-28 22:24:06.285425,870,37.87,6.896,3.456,14.25,5.728,20.394,214.507,954.644,2172.669,60.026,210.151,236.935,223.697,51.8,1.306,0
2026-07-28 22:25:10.428750,870,37.406,6.737,3.148,10.667,5.943,19.305,210.383,952.219,2134.391,62.753,212.264,234.55,225.973,49.946,1.587,0
2026-07-28 22:26:11.835343,870,38.106,6.753,2.638,18.017,5.452,19.968,206.533,949.904,2168.209,63.767,207.765,233.482,225.36,49.944,1.406,0
2026-07-28 22:27:14.675266,870,37.608,6.933,3.533,18.566,5.547,20.121,197.623,945.198,2200.036,64.592,209.488,231.648,226.649,50.82,1.476,0
2026-07-28 22:28:14.323082,870,38.111,7.268,3.802,19.143,5.298,20.047,216.703,897.068,2299.975,63.046,211.707,235.158,225.585,50.551,1.417,0
2026-07-28 22:29:17.038862,870,38.04,6.981,3.556,22.171,5.402,19.307,192.949,959.589,2236.772,61.279,209.669,234.984,222.692,50.302,1.56,0
2026-07-28 22:30:13.059601,870,37.644,7.184,3.936,19.222,5.792,18.718,204.67,942.031,2212.171,59.218,210.137,238.448,224.539,48.772,1.361,0
2026-07-28 22:31:13.328903,870,38.594,6.847,3.02,17.981,5.256,18.166,198.579,838.539,2105.413,55.328,209.952,234.177,226.375,51.472,1.401,0
2026-07-28 22:32:10.723574,870,37.875,6.691,4.512,20.64,6.138,19.511,205.241,962.724,2072.396,58.905,208.521,231.48,224.154,50.525,1.474,0
2026-07-28 22:33:16.066001,870,38.285,7.199,3.309,22.065,5.647,19.643,206.189,915.781,2169.749,59.336,209.333,231.556,225.099,50.513,1.53,0
2026-07-28 22:34:08.027760,870,37.432,7.242,3.316,14.365,6.115,19.047,200.184,927.661,2249.158,54.717,211.634,233.957,223.897,50.906,1.487,0
2026-07-28 22:35:05.400298,870,37.857,6.566,3.686,21.523,5.969,19.563,198.577,912.637,2326.731,63.13,208.05,228.64,226.266,50.781,1.435,0
2026-07-28 22:36:04.715318,870,37.472,6.792,4.376,17.743,5.658,20.086,202.59,943.597,2217.719,56.982,209.592,237.815,224.888,49.866,1.378,0
2026-07-28 22:37:12.452478,870,38.014,7.061,3.245,21.171,5.328,18.861,205.36,931.013,2309.138,62.297,210.255,237.124,225.211,51.395,1.36,0
2026-07-28 22:38:15.461632,870,38.177,6.686,4.056,16.53,5.469,19.051,208.298,915.683,2138.167,61.412,209.077,242.881,225.246,49.587,1.612,0
2026-07-28 22:39:14.410146,870,38.172,6.769,3.486,16.413,5.592,18.514,207.834,866.502,2214.369,55.147,210.563,229.199,225.446,48.581,1.286,0
2026-07-28 22:40:19.112172,870,38.913,7.103,2.535,20.399,5.56,19.207,202.149,971.526,2098.433,56.117,211.451,233.39,223.943,49.801,1.444,0
2026-07-28 22:41:15.413570,870,38.493,6.836,3.529,21.295,5.662,19.859,200.555,914.042,2157.66,57.384,210.717,231.85,226.299,49.088,1.386,0
2026-07-28 22:42:15.664737,870,37.193,6.756,3.324,22.057,6.176,19.22,213.531,887.005,2284.358,58.018,210.879,239.217,225.615,50.233,1.354,0
2026-07-28 22:43:16.825006,870,38.443,6.909,4.189,14.901,5.445,19.418,196.177,999.93,2164.949,65.783,209.258,238.355,225.499,49.488,1.359,0
2026-07-28 22:44:19.675301,870,37.609,6.973,2.897,19.458,5.305,18.773,209.448,955.008,2141.802,60.901,209.803,235.758,225.759,50.141,1.285,0
2026-07-28 22:45:16.434726,870,38.425,6.207,3.109,20.594,5.74,20.315,200.646,904.598,2129.146,57.129,209.502,236.192,225.132,49.787,1.538,0
2026-07-28 22:46:14.166154,870,37.073,7.287,2.818,14.795,5.694,20.016,206.569,878.834,2258.604,62.799,210.841,239.823,225.664,50.19,1.368,0
2026-07-28 22:47:21.404583,870,37.897,6.863,3.821,14.651,5.301,18.876,213.017,917.955,2247.777,66.11,211.742,233.875,224.473,49.44,1.515,0
2026-07-28 22:48:25.589244,870,38.189,7.027,3.387,19.221,5.924,19.578,204.913,962.432,2200.996,57.977,210.498,237.446,226.625,49.599,1.391,0
2026-07-28 22:49:21.999046,870,37.48,7.061,3.603,18.984,5.074,19.785,208.43,881.65,2203.048,59.724,208.987,237.169,222.129,48.865,1.349,0
2026-07-28 22:50:23.661485,870,38.725,6.58,3.664,19.199,5.906,20.688,205.989,913.639,2099.072,57.538,207.385,231.792,225.522,50.234,1.457,1
2026-07-28 22:51:20.730142,870,39.097,6.387,2.288,17.46,5.949,20.013,206.552,959.754,2146.157,62.373,210.226,231.567,224.577,50.561,1.625,0
2026-07-28 22:52:31.567990,870,37.957,7.033,2.211,17.226,6.22,20.191,205.415,862.138,2254.475,61.986,210.915,232.114,227.575,50.478,1.464,0
2026-07-28 22:53:36.819455,870,38.431,7.038,3.976,23.017,5.499,19.452,207.721,888.456,2211.615,61.045,208.995,240.212,225.115,49.516,1.511,0
2026-07-28 22:54:41.627510,870,38.488,6.636,3.054,17.592,5.631,19.514,201.904,911.904,2207.911,60.376,210.027,237.758,225.953,50.242,1.57,0
2026-07-28 22:55:39.595293,870,37.661,7.134,3.716,19.002,5.646,19.677,202.52,909.217,2245.763,55.06,208.536,240.273,223.06,49.554,1.589,0
2026-07-28 22:56:40.042300,870,37.649,6.617,3.422,15.914,5.418,19.252,200.738,933.052,2170.312,53.909,210.328,232.236,223.915,49.647,1.404,0
2026-07-28 22:57:44.032903,870,38.194,6.704,4.31,20.984,5.657,20.153,210.133,856.039,2309.625,59.901,208.086,241.502,225.061,48.559,1.446,0
2026-07-28 22:58:43.441525,870,38.808,6.79,3.341,18.542,5.713,19.326,219.146,936.808,2099.459,55.418,210.743,231.619,226.056,50.174,1.415,0
2026-07-28 22:59:42.973168,870,38.556,6.552,3.821,19.899,5.707,19.758,211.523,913.107,2255.954,60.934,209.281,228.509,224.729,50.057,1.443,0
2026-07-28 23:00:39.749426,870,37.177,6.709,3.426,22.098,5.863,18.719,209.705,931.978,2243.188,54.256,210.366,225.127,226.578,50.255,1.581,0
2026-07-28 23:01:39.260474,870,38.661,6.9,3.509,18.447,5.811,18.929,201.272,887.356,2223.897,57.877,209.863,233.665,225.19,51.603,1.564,0
2026-07-28 23:02:41.150260,870,38.64,7.06,3.209,24.614,5.576,19.117,193.973,872.243,2031.611,58.148,211.027,234.315,227.822,49.16,1.494,0
2026-07-28 23:03:40.265511,870,36.434,6.84,3.459,22.088,5.143,19.74,191.559,900.796,2230.303,50.039,211.085,232.007,224.503,50.898,1.473,0
2026-07-28 23:04:44.597332,870,38.414,6.742,3.177,18.418,6.078,20.189,188.946,918.034,2157.731,56.458,209.731,226.54,226.592,50.344,1.382,0
2026-07-28 23:05:50.067380,870,38.025,6.578,2.868,16.973,5.249,18.752,205.214,907.382,2299.645,61.056,212.199,238.464,225.627,49.589,1.452,0
2026-07-28 23:06:51.995653,870,38.721,6.789,3.168,16.092,5.698,19.15,200.52,881.562,2134.8,66.191,210.374,235.39,225.288,50.625,1.446,0
2026-07-28 23:07:52.573017,870,38.55,6.618,3.239,17.031,5.166,19.678,206.764,887.781,2248.115,66.026,207.736,237.224,224.424,50.024,1.504,0
2026-07-28 23:08:59.149005,870,38.314,6.598,3.66,15.005,5.454,19.693,208.651,901.627,2161.073,60.901,209.192,240.48,225.489,50.237,1.403,0
2026-07-28 23:10:01.624056,870,38.1,6.614,2.769,20.871,5.645,20.388,202.53,982.229,2083.863,61.198,208.476,227.814,224.01,49.451,1.557,0
2026-07-28 23:11:00.943767,870,38.207,6.867,2.679,20.208,5.678,19.852,200.51,950.283,2190.697,63.601,208.673,238.808,225.012,49.792,1.522,0
2026-07-28 23:11:58.947848,870,37.161,6.894,3.675,18.738,5.274,19.577,212.806,922.058,2243.258,55.908,209.623,236.386,223.486,49.16,1.349,0
2026-07-28 23:13:05.951905,870,37.116,6.767,3.353,20.553,6.071,19.55,208.316,917.444,2184.326,54.352,209.069,239.103,226.128,50.534,1.397,0
2026-07-28 23:14:11.782755,870,38.34,7.057,4.197,18.367,5.46,19.956,205.553,955.736,2203.882,56.415,210.14,239.969,224.647,51.345,1.509,0
2026-07-28 23:15:15.713453,870,38.07,7.026,2.689,17.551,5.931,21.332,206.229,921.218,2222.94,58.445,209.24,234.368,226.183,49.613,1.304,0
2026-07-28 23:16:17.695088,870,38.361,6.612,3.161,20.346,5.468,19.99,210.563,920.287,2242.366,62.084,212.189,247.508,226.05,50.257,1.49,0
2026-07-28 23:17:18.061374,870,37.755,7.144,4.153,17.383,5.506,20.313,202.31,885.562,2135.646,55.236,210.495,240.234,226.293,49.603,1.338,0
2026-07-28 23:18:16.286264,870,37.606,6.324,2.538,21.262,6.237,20.135,211.185,954.448,2313.112,61.695,207.76,233.646,224.3,48.805,1.465,0
2026-07-28 23:19:18.709879,870,37.736,7.006,3.658,18.941,5.645,19.546,209.081,904.773,2154.566,58.771,210.608,232.037,226.842,49.791,1.825,0
2026-07-28 23:20:14.921830,870,37.563,6.855,3.425,23.866,5.044,18.394,214.323,895.072,2228.659,55.876,210.015,230.091,225.859,49.977,1.388,0
2026-07-28 23:21:23.152330,870,38.583,6.72,3.796,19.358,5.628,19.259,214.689,919.791,2297.567,64.293,208.063,232.814,223.595,50.723,1.568,0
2026-07-28 23:22:29.375253,870,38.391,6.725,3.815,16.305,5.578,19.553,209.359,970.683,2140.586,63.667,209.312,236.319,224.876,50.528,1.355,0
2026-07-28 23:23:35.917200,870,38.305,6.876,2.896,19.052,5.466,19.839,212.221,926.573,2228.499,61.45,209.808,233.54,225.271,50.194,1.409,0
2026-07-28 23:24:34.210185,870,38.783,6.707,4.142,19.396,5.223,19.963,205.337,890.485,2154.787,65.268,209.844,239.432,225.325,50.35,1.578,0
2026-07-28 23:25:38.186602,870,37.579,6.952,3.467,18.284,5.395,19.927,209.886,911.78,2122.548,60.048,208.357,240.13,227.589,48.784,1.237,0
2026-07-28 23:26:44.841622,870,37.288,6.333,3.533,20.508,6.109,18.024,197.386,943.533,2295.255,59.149,211.233,237.5,224.062,52.078,1.164,0
2026-07-28 23:27:42.960895,870,37.875,6.713,3.632,21.577,5.419,19.463,213.103,941.719,2202.117,58.774,210.436,234.197,224.951,48.762,1.361,0
2026-07-28 23:28:42.889296,870,38.225,6.89,3.741,19.036,5.681,19.344,206.313,908.816,2185.269,55.318,210.941,240.307,224.647,51.051,1.292,0
2026-07-28 23:29:44.021027,870,37.617,6.793,2.79,20.771,5.426,18.843,198.714,866.434,2173.778,59.475,210.004,235.489,224.73,49.266,1.553,0
2026-07-28 23:30:51.560288,870,37.405,6.566,3.551,18.873,5.244,19.67,210.397,923.956,2172.649,58.895,209.644,243.162,227.288,50.026,1.377,0
2026-07-28 23:31:44.565127,870,37.545,6.794,3.568,16.957,5.435,19.779,212.297,934.683,2081.505,57.358,210.981,228.058,225.225,50.914,1.264,0
2026-07-28 23:32:50.527958,870,38.452,6.908,3.059,14.068,5.844,19.005,206.59,928.628,2286.779,56.092,210.054,235.887,226.031,51.202,1.408,0
2026-07-28 23:33:57.262815,870,38.324,6.888,3.62,22.554,5.918,20.035,203.759,964.461,2248.216,62.846,210.846,237.234,225.893,49.964,1.539,0
2026-07-28 23:35:03.384318,870,38.772,6.739,3.476,22.51,5.468,18.552,193.556,970.886,2063.416,62.09,210.54,242.436,225.498,49.554,1.329,0
2026-07-28 23:36:01.688424,870,38.793,6.937,2.733,16.343,5.462,18.981,204.889,966.395,2208.489,62.48,209.981,234.08,226.289,49.28,1.361,0
2026-07-28 23:37:00.232857,870,38.164,6.71,3.626,14.512,6.279,20.026,214.952,896.952,2237.922,56.575,211.779,238.24,225.868,49.683,1.515,0
2026-07-28 23:37:56.563023,870,36.959,6.727,3.097,17.876,5.75,19.924,201.964,929.204,2212.735,63.571,211.35,226.395,225.313,49.494,1.332,0
2026-07-28 23:39:00.675829,870,38.148,6.996,4.121,18.27,5.916,20.009,202.06,900.62,2245.548,61.758,211.266,234.566,224.682,51.068,1.65,0
2026-07-28 23:40:03.383497,870,38.045,6.581,3.439,15.738,5.797,19.776,212.061,913.957,2266.28,57.399,209.311,238.168,225.267,49.315,1.425,0
2026-07-28 23:40:56.306501,870,38.153,6.823,2.87,17.61,6.054,19.46,196.359,935.249,2194.366,60.637,208.169,236.931,225.726,49.021,1.493,0
2026-07-28 23:42:00.552889,870,37.646,6.527,3.817,21.848,5.586,19.061,201.995,891.227,2216.648,51.774,209.564,234.01,224.363,49.547,1.36,0
2026-07-28 23:43:02.624166,870,37.348,7.005,2.846,18.789,5.681,19.358,209.477,926.361,2155.953,66.263,209.455,231.042,225.205,51.289,1.457,0
2026-07-28 23:44:06.740517,870,38.143,6.866,3.667,16.733,5.505,20.588,209.963,882.054,2361.902,60.17,212.019,234.87,224.601,49.462,1.652,0
2026-07-28 23:45:10.576885,870,37.167,7.091,3.03,19.711,5.237,20.64,198.191,923.49,2330.86,55.941,207.135,235.469,224.712,50.406,1.61,0
2026-07-28 23:46:10.519219,870,38.539,7.116,3.569,17.723,5.481,19.317,210.357,903.817,2151.115,63.55,212.371,235.188,225.23,50.542,1.435,0
2026-07-28 23:47:11.333989,870,37.223,6.822,2.479,16.244,4.98,20.578,210.217,905.961,2198.791,54.89,210.64,243.311,226.63,49.185,1.291,0
2026-07-28 23:48:11.883697,870,36.909,6.517,2.538,14.667,5.347,21.111,201.321,919.257,2142.592,60.648,210.758,231.793,225.378,50.035,1.435,0
2026-07-28 23:49:14.883463,870,38.229,6.7,3.985,20.033,5.727,18.704,205.32,928.683,2291.7,61.636,212.173,239.637,226.151,50.062,1.157,0
2026-07-28 23:50:18.733523,870,37.808,6.675,3.882,15.259,5.998,19.462,210.787,890.672,2231.702,62.405,212.117,237.016,226.081,50.393,1.526,0
2026-07-28 23:51:16.104465,870,36.944,7.232,3.71,19.296,5.253,18.915,203.813,929.724,2196.374,58.471,210.647,233.567,226.785,50.602,1.331,0
2026-07-28 23:52:15.722906,870,37.607,6.898,3.935,23.523,5.834,20.587,195.813,915.108,2258.658,59.001,210.352,238.194,224.409,49.55,1.441,0
2026-07-28 23:53:17.300905,870,38.372,6.965,3.162,20.546,5.525,18.906,209.645,899.254,2152.849,65.166,210.601,241.447,224.741,49.763,1.428,0
2026-07-28 23:54:14.895765,870,38.129,7.15,3.005,18.934,5.56,19.331,212.761,929.801,2170.115,61.067,210.536,229.272,225.885,49.957,1.562,0
2026-07-28 23:55:14.851547,870,37.783,6.942,3.035,21.953,5.902,19.701,206.96,947.112,2144.842,62.418,210.329,244.28,225.97,51.861,1.456,0
2026-07-28 23:56:14.908318,870,37.989,6.871,3.171,21.483,5.763,19.467,202.793,981.086,2280.502,56.219,210.827,242.788,226.012,49.047,1.429,0
2026-07-28 23:57:14.806039,870,37.882,7.026,3.992,22.873,5.219,18.852,205.327,881.228,2149.357,60.897,209.266,239.385,225.097,49.89,1.623,0
2026-07-28 23:58:17.166501,870,37.366,6.388,3.223,17.092,5.531,19.035,199.616,956.391,2134.59,59.192,210.866,233.917,227.652,50.129,1.552,0
2026-07-28 23:59:15.666988,870,37.132,6.548,2.967,16.259,5.483,19.1,193.936,906.061,2264.299,53.185,208.694,232.618,226.106,49.381,1.356,0
2026-07-29 00:00:18.876591,870,37.897,6.847,3.653,14.988,5.843,18.792,210.164,929.552,2034.55,57.659,210.006,245.064,226.055,50.503,1.515,0
2026-07-29 00:01:17.133368,870,38.351,7.025,3.101,20.711,5.907,19.895,211.053,883.909,2212.782,59.236,210.7,238.955,223.573,49.378,1.399,0
2026-07-29 00:02:20.991548,870,37.815,6.818,3.434,21.243,5.794,19.839,210.274,935.511,2225.589,62.656,207.616,240.308,224.312,49.959,1.39,0
2026-07-29 00:03:20.973122,870,38.175,6.836,3.882,12.626,5.57,19.26,205.724,897.565,2237.651,52.018,207.578,243.99,223.109,49.191,1.344,0
2026-07-29 00:04:24.818911,870,38.603,6.404,3.353,21.291,5.316,19.329,213.86,920.262,2115.274,64.402,210.328,241.758,224.166,49.129,1.341,0
2026-07-29 00:05:29.537966,870,37.263,7.064,3.519,19.548,5.412,19.221,205.782,897.931,2252.659,68.801,207.929,234.332,226.287,49.721,1.354,0
2026-07-29 00:06:25.480812,870,38.395,7.182,3.8,16.787,5.594,18.674,205.832,900.322,2048.181,60.862,210.097,232.081,223.99,49.657,1.334,0
2026-07-29 00:07:27.236373,870,37.13,6.507,3.774,21.036,5.691,19.508,185.691,897.016,2168.589,57.424,209.407,232.121,225.426,50.06,1.484,0
2026-07-29 00:08:27.242846,870,39.192,6.389,3.047,19.351,5.521,19.79,203.462,975.63,2181.464,58.007,210.519,234.529,224.28,50.173,1.38,0
2026-07-29 00:09:29.956358,870,37.709,6.982,3.013,20.006,5.99,18.656,193.113,892.835,2307.83,53.901,211.186,230.507,225.465,51.112,1.524,0
2026-07-29 00:10:40.889366,870,38.602,7.017,2.925,16.181,5.854,19.022,213.331,946.432,2192.586,58.128,208.368,236.006,224.286,49.511,1.412,0
2026-07-29 00:11:41.684542,870,38.052,6.06,3.501,16.227,6.134,20.379,205.413,910.87,2305.207,52.626,211.597,229.468,225.52,48.552,1.577,0
2026-07-29 00:12:48.214505,870,37.459,6.915,3.304,18.476,5.25,19.913,213.079,898.88,2240.835,59.14,209.937,240.827,223.912,48.937,1.32,0
2026-07-29 00:13:47.199762,870,36.863,6.74,3.635,17.931,5.851,19.497,198.217,928.534,2382.283,73.47,210.836,242.089,224.465,49.664,1.204,0
2026-07-29 00:14:47.015623,870,38.15,6.673,2.739,17.966,5.957,19.553,205.245,948.501,2169.192,62.82,211.886,237.65,223.465,49.142,1.464,0
2026-07-29 00:15:45.110471,870,38.049,6.472,3.039,21.886,5.339,19.393,202.516,891.497,2183.754,57.384,210.516,237.618,223.635,50.252,1.613,0
2026-07-29 00:16:49.678805,870,38.143,6.863,3.871,19.514,5.699,20.106,191.426,987.981,2285.655,52.326,209.739,239.01,224.943,48.643,1.428,0
2026-07-29 00:17:47.819712,870,37.654,6.663,3.277,16.918,5.614,19.118,213.022,973.723,2267.096,58.164,209.883,231.444,224.465,49.155,1.484,0
2026-07-29 00:18:40.949433,870,38.013,6.735,3.309,18.767,5.556,19.173,210.892,919.127,2258.49,63.48,210.278,231.982,223.72,49.162,1.328,0
2026-07-29 00:19:43.481055,870,38.273,7.251,2.751,23.2,5.29,19.32,206.623,934.186,2243.286,60.045,210.897,237.107,224.431,49.474,1.579,0
2026-07-29 00:20:47.589140,870,38.505,7.203,3.833,16.907,5.491,19.693,209.201,930.211,2203.544,62.502,211.788,227.058,222.739,49.438,1.434,0
2026-07-29 00:21:51.009551,870,37.992,7.036,3.817,15.355,5.401,20.402,200.327,921.961,2100.049,66.341,210.756,236.305,224.186,49.951,1.491,0
2026-07-29 00:22:47.589866,870,36.971,6.621,3.558,18.096,5.882,18.43,197.779,941.839,2104.985,63.267,207.4,239.845,225.079,50.165,1.334,0
2026-07-29 00:23:42.758470,870,37.918,6.675,2.816,16.981,6.048,19.459,200.532,899.555,2228.598,61.44,211.795,232.012,224.368,49.891,1.351,0
2026-07-29 00:24:42.634663,870,37.653,6.776,3.839,19.247,5.327,18.891,200.195,957.729,2111.689,58.713,210.278,238.916,224.122,49.957,1.424,0
2026-07-29 00:25:41.847698,870,38.123,7.042,2.435,18.393,5.84,20.053,203.405,909.787,2246.141,55.674,211.171,237.038,224.112,49.894,1.369,0
2026-07-29 00:26:37.219015,870,38.083,6.521,3.374,19.64,5.641,18.877,206.47,937.529,2187.368,61.968,210.466,234.607,225.952,49.04,1.554,0
2026-07-29 00:27:36.001461,870,38.354,6.644,3.258,17.659,5.707,20.4,203.583,917.034,2288.228,64.371,207.993,231.884,223.383,50.324,1.41,0
2026-07-29 00:28:39.171612,870,37.609,6.84,4.086,17.216,5.488,19.806,215.133,900.076,2243.22,52.897,207.608,235.005,223.905,49.685,1.472,0
2026-07-29 00:29:37.407596,870,37.605,6.734,3.912,18.385,5.383,20.409,195.302,886.069,2149.546,64.279,209.0,234.481,224.029,48.423,1.595,0
2026-07-29 00:30:39.313296,870,38.547,6.615,4.511,15.425,6.045,19.477,209.13,911.353,2259.575,63.717,210.187,235.83,226.284,49.453,1.526,0
2026-07-29 00:31:43.074901,870,37.406,6.848,2.804,20.6,5.458,19.195,200.276,913.636,2244.243,54.244,208.616,233.664,226.961,49.19,1.627,0
2026-07-29 00:32:38.392685,870,37.923,6.526,3.827,25.423,5.855,19.777,202.859,952.641,2210.79,59.494,211.327,232.863,226.166,49.969,1.303,0
2026-07-29 00:33:38.214390,870,38.001,6.76,3.586,17.884,5.826,19.454,215.006,902.376,2262.311,61.302,209.271,234.612,224.498,50.329,1.479,0
2026-07-29 00:34:38.265967,870,36.853,6.467,3.138,22.082,5.561,19.479,201.88,950.889,2149.501,58.72,210.475,236.551,225.711,49.297,1.257,0
2026-07-29 00:35:28.977793,870,38.019,6.963,3.212,21.525,5.789,20.319,201.408,877.626,2161.698,66.196,210.703,240.812,225.153,49.91,1.338,0
2026-07-29 00:36:33.329228,870,38.001,6.409,4.145,19.456,5.486,18.917,201.766,902.146,2137.269,65.187,209.925,238.315,224.643,50.684,1.44,0
2026-07-29 00:37:37.066427,870,38.037,6.425,3.361,14.963,5.74,19.814,203.61,949.189,2055.263,58.028,209.036,230.811,226.118,49.467,1.459,0
2026-07-29 00:38:37.261186,870,37.483,6.623,2.893,15.219,5.085,20.185,205.198,938.452,2104.953,57.568,209.643,236.9,223.068,50.109,1.477,0
2026-07-29 00:39:37.894521,870,37.346,6.454,3.98,15.593,5.44,19.287,204.083,923.334,2174.278,61.546,209.321,238.814,225.937,49.944,1.452,0
2026-07-29 00:40:36.116355,870,37.261,6.732,3.809,14.937,5.624,20.597,194.093,874.581,2189.243,61.687,209.089,240.124,225.791,50.025,1.718,0
2026-07-29 00:41:36.833860,870,38.621,6.683,3.526,15.944,5.141,18.522,199.39,943.294,2260.559,56.612,208.754,234.681,224.036,50.204,1.379,0
2026-07-29 00:42:37.537333,870,38.108,6.886,2.818,15.195,5.261,19.292,211.096,903.144,2096.169,57.263,210.898,246.604,224.19,50.281,1.335,0
2026-07-29 00:43:37.658656,870,37.613,6.709,2.335,17.746,5.138,19.033,210.356,934.723,2134.884,54.734,212.111,236.881,224.249,49.912,1.746,0
2026-07-29 00:44:40.416104,870,37.339,6.881,4.542,22.404,5.776,18.364,206.408,909.729,2177.03,59.868,210.145,233.638,226.169,49.253,1.666,0
2026-07-29 00:45:46.863875,870,37.274,6.748,3.251,15.585,5.213,20.006,202.265,911.313,2191.645,57.596,210.4,229.385,225.304,49.962,1.545,0
2026-07-29 00:46:53.152928,870,38.004,7.324,4.429,17.365,5.278,20.339,205.258,906.154,2245.304,55.659,209.767,238.787,223.832,50.09,1.562,0
2026-07-29 00:47:53.056249,870,37.943,6.51,3.612,17.757,5.45,19.869,200.321,976.735,2094.932,60.107,209.654,233.356,225.721,49.446,1.405,0
2026-07-29 00:48:55.009388,870,37.085,6.447,3.758,17.031,5.845,20.078,212.392,903.874,2314.342,65.774,208.821,229.641,224.368,49.763,1.428,0
2026-07-29 00:49:56.459668,870,37.35,6.798,2.751,17.585,4.75,19.558,211.34,886.806,2178.928,53.402,211.172,234.561,223.705,49.956,1.502,0
2026-07-29 00:50:57.354919,870,37.543,6.537,4.393,20.16,5.463,18.62,206.086,934.312,2306.318,58.971,210.224,242.79,226.028,50.518,1.485,0
2026-07-29 00:51:55.527509,870,38.448,6.75,3.379,16.863,5.925,19.177,201.283,861.566,2253.258,57.704,210.548,234.411,225.461,51.621,1.377,0
2026-07-29 00:52:58.144159,870,37.502,7.057,3.438,16.625,5.332,19.493,207.485,893.025,2113.503,58.253,209.752,232.937,224.958,50.029,1.537,0
2026-07-29 00:54:00.564407,870,37.931,6.872,3.814,19.3,5.69,19.249,208.62,962.574,2149.349,61.788,207.928,231.819,227.073,50.374,1.751,0
2026-07-29 00:55:00.284833,870,38.513,6.96,2.856,19.858,5.758,19.975,205.576,912.916,2035.38,57.329,209.029,243.707,224.716,50.416,1.53,0
2026-07-29 00:56:09.146179,870,38.496,6.661,4.212,19.128,5.133,18.173,199.672,906.211,2118.262,58.638,210.501,233.387,223.664,50.149,1.722,0
2026-07-29 00:57:12.990456,870,38.325,6.644,2.832,16.941,5.502,21.186,211.132,981.068,2182.624,59.13,210.327,235.265,225.597,49.005,1.506,0
2026-07-29 00:58:19.354606,870,38.775,6.985,3.543,14.921,5.409,19.107,208.738,921.088,2153.459,62.986,210.062,237.847,226.415,49.183,1.582,0
2026-07-29 00:59:18.068119,870,38.104,6.449,3.482,14.876,5.649,20.114,198.762,898.097,2112.836,56.638,210.755,228.676,226.008,49.729,1.491,0
2026-07-29 01:00:19.369631,870,37.551,6.847,4.128,16.178,5.759,19.493,205.679,937.621,2160.429,61.808,208.638,231.694,225.672,49.318,1.507,0
2026-07-29 01:01:14.190675,870,38.878,6.716,2.616,19.69,5.688,18.968,199.722,908.383,2144.403,62.253,211.088,234.308,224.007,49.416,1.369,0
2026-07-29 01:02:12.033092,870,38.256,6.633,2.874,19.968,5.776,19.409,203.233,917.991,2134.46,61.885,212.181,232.72,223.342,49.073,1.368,0
2026-07-29 01:03:17.623424,870,37.557,6.742,3.556,18.967,5.343,19.638,203.465,915.471,2211.162,54.991,211.301,233.837,224.99,50.434,1.51,0
2026-07-29 01:04:22.146658,870,38.277,6.719,2.391,17.722,5.513,21.079,197.771,867.153,2074.995,60.889,209.649,244.457,223.805,48.566,1.569,0
2026-07-29 01:05:17.131594,870,36.932,6.899,2.401,16.646,5.808,19.077,199.706,939.97,2257.004,61.551,211.572,241.468,224.4,50.508,1.563,0
2026-07-29 01:06:15.822052,870,38.064,6.834,2.935,16.053,5.745,19.573,212.276,984.62,2190.398,57.294,210.498,228.788,224.742,50.896,1.586,0
2026-07-29 01:07:15.644630,870,36.784,6.584,3.356,18.096,5.097,19.049,194.166,856.511,2224.887,63.377,209.874,234.031,226.262,50.511,1.267,0
2026-07-29 01:08:15.591529,870,37.543,7.066,2.624,18.698,5.683,19.872,208.669,960.632,2181.216,61.129,210.727,240.122,226.143,49.312,1.472,0
2026-07-29 01:09:14.404285,870,37.652,7.115,3.594,18.763,5.19,18.939,206.191,913.964,2171.643,60.377,211.626,234.154,223.064,50.225,1.556,0
2026-07-29 01:10:13.049682,870,37.352,6.856,3.79,17.304,5.233,19.724,210.972,898.849,2078.305,60.209,207.093,231.128,226.179,50.303,1.164,0
2026-07-29 01:11:15.740564,870,37.974,7.015,2.594,17.825,5.908,18.957,197.082,929.514,2388.695,61.789,207.606,239.744,224.855,48.933,1.486,0
2026-07-29 01:12:16.418884,870,37.543,6.792,3.807,18.885,5.836,19.574,207.541,940.195,2247.445,56.86,208.192,235.988,224.305,50.779,1.453,0
2026-07-29 01:13:10.803364,870,37.988,6.588,3.713,18.67,5.387,18.976,211.619,925.613,2189.88,57.718,209.485,230.786,225.142,50.012,1.528,0
2026-07-29 01:14:14.776789,870,38.625,6.941,3.514,17.541,5.632,19.64,221.236,895.446,2235.837,61.502,210.568,232.502,224.506,50.704,1.369,0
2026-07-29 01:15:15.105390,870,37.437,6.789,4.132,18.469,5.734,18.845,207.353,910.723,2184.687,63.996,211.743,233.929,224.132,48.922,1.588,0
2026-07-29 01:16:19.390733,870,38.36,6.831,3.812,22.775,5.337,20.787,207.21,922.776,2121.708,59.545,208.546,232.303,225.43,50.653,1.503,0
2026-07-29 01:17:21.474370,870,39.2,6.777,3.491,15.066,4.918,19.492,203.106,930.372,2125.136,56.872,211.714,231.092,225.704,50.602,1.46,0
2026-07-29 01:18:27.429392,870,38.016,7.001,3.402,20.56,5.684,18.254,213.538,952.589,2308.226,60.237,209.466,237.892,226.005,51.689,1.446,0
2026-07-29 01:19:23.446994,870,37.098,6.77,3.722,18.843,6.04,20.4,200.5,874.463,2183.939,62.807,210.871,232.428,224.863,49.47,1.428,0
2026-07-29 01:20:23.779469,870,38.182,6.806,3.377,17.842,5.403,19.093,203.882,925.786,2259.913,61.684,209.706,228.058,227.585,48.254,1.475,0
2026-07-29 01:21:27.286740,870,37.85,6.98,3.822,18.355,5.582,20.432,194.703,916.261,2255.715,65.662,208.394,238.511,225.651,50.544,1.41,0
2026-07-29 01:22:28.721617,870,38.743,7.217,3.97,15.139,5.912,19.112,194.73,920.304,2182.449,63.544,211.354,235.74,224.717,49.335,1.478,0
2026-07-29 01:23:27.531777,870,37.342,6.744,3.567,15.426,6.019,18.597,201.31,947.363,2191.826,63.866,208.942,232.825,226.355,50.644,1.453,0
2026-07-29 01:24:26.991363,870,37.866,7.259,3.246,18.283,5.715,19.25,204.056,898.175,2152.665,61.57,208.271,238.387,223.772,49.205,1.431,0
2026-07-29 01:25:23.197192,870,37.831,7.047,2.957,23.032,5.45,19.596,205.455,896.242,2205.472,61.032,211.378,235.191,223.687,50.491,1.373,0
2026-07-29 01:26:29.097003,870,37.889,6.9,3.604,16.404,5.638,18.579,190.91,882.351,2263.555,53.317,210.702,236.341,225.255,49.696,1.506,0
2026-07-29 01:27:28.063090,870,37.637,6.975,4.125,18.179,5.494,19.549,209.891,922.707,2273.055,60.317,211.606,235.043,222.517,50.481,1.582,0
2026-07-29 01:28:30.471107,870,37.975,7.182,3.788,20.652,5.487,19.521,193.051,892.263,2099.589,61.758,211.853,235.856,224.534,50.259,1.618,0
2026-07-29 01:29:33.058858,870,38.404,6.76,2.439,15.81,5.772,18.798,198.23,893.205,2174.923,57.0,210.678,235.632,225.515,50.492,1.496,0
2026-07-29 01:30:37.726684,870,37.972,6.374,3.944,17.128,5.718,18.576,203.461,927.932,2123.884,57.788,208.551,237.817,226.504,50.549,1.554,0
2026-07-29 01:31:45.571547,870,38.334,6.475,3.141,18.268,5.725,19.497,206.619,905.504,2294.235,60.179,208.261,231.723,224.879,50.349,1.394,0
2026-07-29 01:32:44.236193,870,38.55,6.599,3.581,17.781,5.515,20.221,203.03,905.726,2198.741,53.973,208.894,234.617,226.537,49.193,1.465,0
2026-07-29 01:33:50.464292,870,37.782,6.939,2.973,20.399,6.035,19.296,204.261,934.001,2226.398,64.565,212.006,236.958,223.428,50.973,1.476,0
2026-07-29 01:34:55.618960,870,37.027,6.784,3.291,22.157,5.359,19.855,191.378,897.538,2200.049,52.665,210.457,229.82,225.275,50.003,1.531,0
2026-07-29 01:35:51.092593,870,37.755,7.193,2.264,16.07,5.069,19.389,209.373,932.087,2151.067,54.814,209.611,236.129,226.198,50.358,1.301,0
2026-07-29 01:36:49.894860,870,37.308,7.001,3.229,17.8,5.407,19.614,197.898,952.994,2332.783,61.64,211.033,234.251,226.759,49.766,1.371,0
2026-07-29 01:37:55.547567,870,38.56,6.817,2.874,20.85,5.712,20.299,206.911,901.092,2285.501,66.135,210.806,237.876,224.398,50.609,1.483,0
2026-07-29 01:38:55.794419,870,37.985,6.798,2.526,23.712,5.539,19.507,211.481,949.517,2224.189,63.074,210.068,235.503,226.208,50.166,1.552,0
2026-07-29 01:39:56.306097,870,38.31,6.726,4.286,20.907,5.285,19.738,200.591,889.089,2131.995,64.325,210.938,238.003,227.027,50.341,1.559,0
2026-07-29 01:41:02.793709,870,38.308,6.731,3.238,18.589,5.99,18.449,201.501,979.118,2176.86,60.511,208.598,239.411,224.13,49.395,1.683,0
2026-07-29 01:42:04.987216,870,38.603,6.818,4.307,20.616,4.999,18.896,210.306,933.673,2215.137,58.896,212.975,229.622,225.924,50.655,1.382,0
2026-07-29 01:43:11.877868,870,38.503,6.496,3.301,18.088,5.549,18.656,205.589,903.834,2172.85,56.136,207.209,237.26,224.271,50.183,1.567,0
2026-07-29 01:44:16.729335,870,37.382,6.462,3.592,21.097,5.574,19.721,208.704,951.065,2133.917,61.028,208.865,241.193,224.869,48.884,1.332,0
2026-07-29 01:45:22.098330,870,37.518,6.765,3.559,18.286,6.298,19.036,207.489,892.575,2189.744,66.094,209.136,235.482,226.744,49.497,1.548,0
2026-07-29 01:46:25.344591,870,37.956,6.838,3.076,17.614,5.873,19.899,205.41,871.474,2166.155,54.477,209.436,236.729,223.731,50.257,1.532,0
2026-07-29 01:47:29.845423,870,38.833,6.758,3.654,19.585,5.755,18.936,203.493,889.693,2080.815,61.322,209.694,234.531,225.387,50.56,1.548,0
2026-07-29 01:48:30.834672,870,37.204,6.667,4.358,17.304,6.262,19.101,205.387,879.457,2081.409,60.691,211.255,238.07,223.971,50.542,1.549,0
2026-07-29 01:49:36.823746,870,37.981,7.096,3.619,21.365,5.807,19.986,211.891,877.568,2210.36,68.286,210.454,236.001,227.916,49.285,1.321,0
2026-07-29 01:50:35.248729,870,38.36,6.952,3.234,21.621,5.869,19.528,208.448,941.273,2201.792,62.759,209.571,241.27,224.636,50.092,1.594,0
2026-07-29 01:51:35.366275,870,37.791,6.772,3.535,19.252,5.452,19.273,197.836,940.711,2244.13,60.432,211.297,236.935,225.157,49.34,1.206,0
2026-07-29 01:52:33.805594,870,38.927,6.653,3.762,19.965,5.998,19.59,196.053,900.641,2287.25,64.568,209.381,228.687,226.062,49.832,1.401,0
2026-07-29 01:53:37.716359,870,37.589,6.605,3.237,19.263,5.307,19.903,208.111,963.372,2085.17,58.344,209.917,236.909,224.481,49.457,1.501,0
2026-07-29 01:54:36.916573,870,37.777,6.968,3.244,15.38,5.414,18.862,188.943,883.888,2144.413,65.681,209.064,233.569,224.385,50.286,1.466,0
2026-07-29 01:55:36.292885,870,38.326,6.603,3.225,20.518,6.092,19.091,195.971,955.371,2080.236,53.404,208.092,234.953,225.663,50.768,1.305,0
2026-07-29 01:56:32.317892,870,37.796,7.102,3.574,14.385,5.588,19.909,198.936,891.842,2321.337,57.777,209.648,229.544,226.211,51.122,1.513,0
2026-07-29 01:57:33.897569,870,38.272,6.939,4.019,21.396,5.655,18.785,208.764,926.96,2191.926,59.908,210.282,229.187,224.26,50.173,1.726,0
2026-07-29 01:58:38.352756,870,38.731,6.759,3.456,18.013,6.15,20.269,211.2,905.998,2090.591,67.284,212.282,235.267,224.865,49.678,1.483,0
2026-07-29 01:59:32.209421,870,37.78,6.637,3.693,16.105,5.401,19.458,204.125,916.257,2206.248,55.105,209.553,242.629,225.324,48.783,1.457,0
2026-07-29 02:00:34.577636,870,36.621,6.89,3.599,18.612,5.618,19.54,200.632,924.898,2121.783,62.868,209.828,227.915,226.006,50.406,1.323,0
2026-07-29 02:01:32.369720,870,38.73,6.743,2.289,20.749,5.169,19.985,203.943,904.031,2258.805,61.087,209.143,230.878,224.865,50.811,1.302,0
2026-07-29 02:02:32.124867,870,38.716,6.702,3.265,21.296,5.844,19.551,223.389,917.113,2148.884,55.163,207.916,235.064,223.983,50.98,1.327,0
2026-07-29 02:03:34.597775,870,36.971,6.67,2.337,21.178,5.846,18.595,210.087,897.048,2174.717,58.688,209.036,241.067,223.391,49.694,1.547,0
2026-07-29 02:04:38.889867,870,37.941,6.854,2.89,16.705,5.705,19.376,200.274,881.41,2089.776,62.216,209.189,235.698,224.113,49.921,1.514,0
2026-07-29 02:05:41.069333,870,38.011,6.646,2.519,16.172,5.368,19.635,203.374,866.175,2157.746,57.821,211.17,228.822,225.68,50.258,1.569,0
2026-07-29 02:06:42.590426,870,37.758,6.82,3.32,17.789,5.741,19.991,196.011,922.819,2177.184,61.216,209.67,230.636,225.08,50.043,1.459,0
2026-07-29 02:07:42.438654,870,38.187,7.038,3.041,18.238,5.378,18.77,205.017,972.754,2209.182,60.878,209.765,231.497,224.901,49.209,1.403,0
2026-07-29 02:08:46.677136,870,38.014,6.664,3.48,18.443,5.183,18.948,201.678,896.175,2330.618,60.367,211.361,234.725,224.927,49.078,1.342,0
2026-07-29 02:09:52.432459,870,37.93,6.579,3.71,15.149,5.899,18.683,204.051,939.69,1981.343,63.65,210.875,238.85,225.336,50.69,1.262,0
2026-07-29 02:10:57.234153,870,38.137,7.219,3.175,18.523,5.652,19.411,196.528,952.386,2242.443,52.238,210.751,239.919,225.763,50.93,1.423,0
2026-07-29 02:11:59.300784,870,39.012,6.75,3.064,20.049,5.489,19.345,207.359,907.994,2155.825,52.583,211.428,232.441,223.806,49.58,1.381,0
2026-07-29 02:12:57.847905,870,37.522,6.966,3.395,17.404,5.786,18.965,206.718,899.153,2177.148,54.383,208.525,236.436,222.468,50.689,1.675,0
2026-07-29 02:13:59.917713,870,37.561,6.769,3.619,18.592,5.225,19.596,211.691,930.363,2141.387,59.397,207.479,237.252,224.532,50.323,1.599,0
2026-07-29 02:15:04.618630,870,38.456,6.724,2.908,21.167,5.884,18.248,197.56,943.228,2153.58,57.652,210.081,242.289,223.916,49.88,1.337,0
2026-07-29 02:16:05.441063,870,38.412,6.99,2.944,15.349,5.785,19.283,200.782,943.558,2084.211,61.392,209.369,238.967,223.431,50.121,1.437,0
2026-07-29 02:17:04.710185,870,37.369,7.068,3.864,19.437,5.15,19.927,210.554,889.95,2264.785,59.326,211.365,228.828,224.813,50.797,1.14,0
2026-07-29 02:18:09.807737,870,37.588,6.549,3.779,14.131,5.966,19.88,208.003,979.454,2171.727,56.701,209.824,244.029,223.561,49.598,1.478,0
2026-07-29 02:19:08.641839,870,37.732,6.321,3.909,15.545,6.316,20.313,207.454,915.434,2327.179,62.914,212.527,237.781,227.246,49.883,1.494,0
2026-07-29 02:20:18.772057,870,37.662,6.939,3.691,22.576,6.033,20.087,208.056,916.726,2264.69,60.852,211.625,239.007,224.52,49.415,1.499,0
2026-07-29 02:21:18.383466,870,37.389,7.09,3.193,16.74,5.993,19.625,209.477,925.765,2253.04,56.504,210.935,236.492,224.491,48.907,1.538,0
2026-07-29 02:22:19.540357,870,38.77,6.801,2.429,18.985,5.574,18.731,216.155,953.193,2371.766,58.66,211.421,233.807,227.502,50.632,1.457,0
2026-07-29 02:23:20.494708,870,37.589,6.73,3.419,14.954,5.04,19.204,215.442,993.765,2162.401,60.173,208.802,236.986,226.173,49.22,1.437,0
2026-07-29 02:24:14.312488,870,38.155,6.808,4.233,17.8,5.566,19.22,202.372,923.61,2253.327,70.128,208.982,236.391,225.055,50.178,1.459,0
2026-07-29 02:25:17.249590,870,37.985,6.992,3.519,19.471,5.554,20.258,209.648,892.006,2075.904,61.655,208.593,228.264,224.226,50.472,1.334,0
2026-07-29 02:26:18.457590,870,38.035,6.923,3.139,20.198,5.534,20.088,194.621,929.791,2234.905,55.032,209.607,237.784,224.73,49.833,1.433,0
2026-07-29 02:27:15.955354,870,38.181,6.59,2.521,19.833,5.457,18.895,207.548,938.409,2242.987,64.381,208.019,233.804,226.505,50.378,1.536,0
2026-07-29 02:28:16.437055,870,37.645,6.515,2.579,18.038,5.699,20.887,207.147,904.283,2258.525,63.281,208.494,236.74,224.626,49.594,1.398,0
2026-07-29 02:29:18.470748,870,38.028,6.444,3.232,20.464,5.414,19.402,207.059,882.814,2144.117,64.311,209.309,241.731,225.534,51.249,1.621,0
2026-07-29 02:30:17.071734,870,36.762,6.823,3.318,19.063,5.354,19.133,220.708,960.127,2224.888,53.657,207.499,229.374,225.522,49.532,1.433,0
2026-07-29 02:31:20.514614,870,37.283,7.139,3.059,14.563,5.537,19.159,210.696,957.821,2162.911,57.948,209.723,224.962,226.075,51.689,1.398,0
2026-07-29 02:32:22.053423,870,38.091,6.28,3.743,17.923,5.569,18.636,205.465,926.053,2168.018,54.413,208.042,233.236,224.507,49.165,1.358,0
2026-07-29 02:33:28.232758,870,37.829,6.588,3.112,16.046,5.447,19.038,194.023,960.446,2178.308,64.372,209.335,232.191,226.899,49.361,1.419,0
2026-07-29 02:34:31.125455,870,37.307,7.011,2.823,15.94,6.001,20.586,207.036,915.676,2208.723,57.052,207.697,234.065,224.351,49.632,1.363,0
2026-07-29 02:35:31.437041,870,37.764,6.617,3.907,18.465,5.744,20.139,215.801,882.866,2212.765,50.126,211.399,240.718,226.666,50.531,1.479,0
2026-07-29 02:36:25.000750,870,38.47,6.938,3.457,16.191,5.821,19.622,191.066,953.325,2285.267,64.842,211.331,232.427,225.336,49.68,1.52,0
2026-07-29 02:37:25.275262,870,39.13,6.639,3.304,19.768,5.886,20.23,208.829,918.89,2275.668,63.155,208.774,236.183,225.122,51.359,1.735,0
2026-07-29 02:38:25.406035,870,37.171,6.561,2.969,20.053,5.472,19.29,202.728,985.521,2190.442,56.237,209.864,234.2,225.298,49.941,1.362,0
2026-07-29 02:39:34.629756,870,37.341,6.913,2.818,12.452,6.129,19.8,210.195,870.353,2246.002,61.32,211.844,238.583,225.662,50.45,1.443,0
2026-07-29 02:40:31.938763,870,39.043,6.522,2.744,20.919,5.827,19.891,200.606,935.86,2212.062,61.718,211.896,238.316,226.071,49.911,1.506,0
2026-07-29 02:41:36.844446,870,37.899,6.767,3.436,18.422,5.758,20.484,202.353,885.711,2152.026,57.165,209.523,240.264,227.568,49.456,1.507,0
2026-07-29 02:42:39.159382,870,38.334,6.763,3.559,19.599,5.247,19.979,210.057,948.743,2192.852,66.903,208.866,230.609,223.483,49.362,1.514,0
2026-07-29 02:43:36.901676,870,38.111,7.197,2.913,20.818,5.324,18.65,205.562,953.183,2236.55,63.212,212.369,239.418,224.888,50.299,1.59,0
2026-07-29 02:44:38.706100,870,38.202,6.654,3.095,15.621,5.761,20.312,209.32,896.848,2271.306,56.526,208.561,235.679,225.134,50.08,1.394,0
2026-07-29 02:45:40.379473,870,37.452,6.666,3.188,18.561,5.288,19.378,209.697,973.584,2224.315,56.606,210.908,232.335,226.59,47.88,1.455,0
2026-07-29 02:46:42.106549,870,38.015,6.941,3.092,20.014,5.457,19.122,205.306,867.561,2262.552,59.418,209.554,234.369,224.34,50.444,1.529,0
2026-07-29 02:47:46.888972,870,37.849,6.871,2.973,18.764,5.65,17.918,219.939,935.748,2270.246,57.559,209.514,236.117,224.948,49.88,1.256,0
2026-07-29 02:48:49.973638,870,38.441,6.631,3.569,22.387,5.498,18.485,201.692,934.085,2247.408,60.553,209.155,235.882,227.095,50.839,1.379,0
2026-07-29 02:49:54.551338,870,38.855,6.652,3.082,16.501,5.831,19.704,208.162,936.337,2191.482,56.746,210.422,236.358,224.676,49.785,1.46,0
2026-07-29 02:51:03.690045,870,37.664,6.6,3.485,18.563,5.888,19.124,217.17,950.93,2189.53,62.498,209.998,239.243,223.762,50.155,1.555,0
2026-07-29 02:52:09.130287,870,38.192,6.734,3.274,18.439,5.288,18.874,198.806,930.335,2150.134,59.773,208.315,241.421,227.464,50.104,1.433,0
2026-07-29 02:53:03.808809,870,38.06,6.891,3.306,22.58,5.475,19.658,204.617,933.059,2236.611,57.182,209.95,237.968,222.527,49.474,1.498,0
2026-07-29 02:54:01.699612,870,38.226,6.615,3.073,19.568,5.514,19.501,208.414,887.054,2098.923,63.6,209.119,234.136,224.386,50.073,1.204,1
2026-07-29 02:55:05.252664,870,38.201,6.655,2.543,18.567,5.533,19.295,192.368,896.434,2318.878,59.157,209.842,232.755,225.997,50.05,1.346,0
2026-07-29 02:56:08.627626,870,38.51,7.12,3.099,23.66,5.704,18.277,201.946,911.477,2190.035,64.576,210.597,234.902,225.453,50.812,1.253,0
2026-07-29 02:57:09.373185,870,37.687,6.757,3.256,20.556,4.838,19.146,209.06,954.012,2112.811,56.331,209.396,238.552,224.786,49.541,1.479,0
2026-07-29 02:58:08.269540,870,37.063,6.965,3.261,17.235,5.591,18.73,211.524,936.424,2263.973,65.235,209.632,239.832,223.335,49.381,1.393,0
2026-07-29 02:59:13.331944,870,37.612,6.849,2.892,18.324,4.866,19.715,205.375,927.503,2155.184,59.805,209.145,233.274,225.167,50.82,1.538,0
2026-07-29 03:00:18.951625,870,37.724,6.783,2.95,20.592,5.761,19.105,210.574,843.571,2214.172,60.619,210.49,230.478,223.856,50.938,1.469,0
2026-07-29 03:01:20.002551,870,38.645,7.005,3.748,16.564,5.459,19.008,205.399,878.758,2131.353,64.197,209.878,234.249,224.853,49.322,1.411,0
2026-07-29 03:02:25.162710,870,38.429,6.729,2.685,20.608,5.648,20.733,200.559,930.346,2149.694,52.245,210.479,236.042,224.258,49.764,1.49,0
2026-07-29 03:03:39.184754,870,38.928,6.832,3.811,21.584,5.522,19.017,203.255,904.85,2292.427,65.118,210.1,232.011,224.59,50.531,1.507,0
2026-07-29 03:04:37.531986,870,37.986,6.515,2.814,19.963,5.879,19.787,203.5,912.589,2186.885,68.363,212.222,231.776,224.494,48.927,1.4,0
2026-07-29 03:05:37.406880,870,38.5,6.531,3.623,17.184,5.384,18.362,207.219,946.643,2236.11,52.826,210.49,229.672,226.716,49.624,1.502,0
2026-07-29 03:06:31.867100,870,38.018,6.55,3.44,17.772,5.518,19.588,206.563,923.501,2201.902,62.83,210.108,232.176,227.979,49.863,1.32,0
2026-07-29 03:07:25.378788,870,37.503,6.512,1.967,20.137,5.778,19.816,202.419,875.092,2191.956,54.526,210.206,236.741,224.45,49.959,1.483,0
2026-07-29 03:08:27.602035,870,37.463,7.086,4.391,19.556,6.225,18.987,196.872,904.612,2157.176,59.952,212.044,233.742,226.768,50.124,1.519,0
2026-07-29 03:09:34.817650,870,36.304,6.623,4.202,24.388,5.375,19.419,214.508,929.595,2114.864,61.553,211.559,236.85,223.611,49.399,1.434,0
2026-07-29 03:10:36.710241,870,38.264,6.744,2.615,16.678,5.934,19.476,209.315,944.494,2230.981,62.662,211.653,234.317,226.28,50.644,1.397,0
2026-07-29 03:11:42.740818,870,38.843,6.979,3.716,20.102,5.231,19.795,206.098,899.245,2204.577,58.279,209.989,229.314,225.474,49.872,1.285,0
2026-07-29 03:12:56.026248,870,38.379,7.122,3.077,17.953,5.371,19.868,210.194,948.47,2164.26,55.798,210.891,233.082,223.092,49.509,1.521,0
2026-07-29 03:13:57.479791,870,38.193,6.757,2.669,12.916,6.088,19.771,210.659,853.073,2174.743,66.33,209.879,237.722,224.103,50.474,1.342,0
2026-07-29 03:14:54.934493,870,38.598,6.76,2.836,21.657,5.656,19.577,207.205,916.395,2284.176,50.964,210.816,235.925,224.468,50.611,1.255,0
2026-07-29 03:16:01.271948,870,37.476,6.514,3.4,17.999,5.607,19.043,200.154,871.927,2252.854,59.501,209.949,226.266,225.357,50.215,1.448,0
2026-07-29 03:17:05.118922,870,38.067,6.394,3.302,21.742,5.484,18.652,201.913,893.42,2216.14,60.968,209.852,238.737,225.291,51.053,1.308,0
2026-07-29 03:18:12.361427,870,37.856,7.017,3.686,20.584,5.431,20.73,213.35,941.984,2144.273,61.553,209.574,231.402,224.418,49.167,1.283,0
2026-07-29 03:19:13.111756,870,38.303,6.778,3.623,20.543,5.451,19.722,197.771,906.467,2227.591,67.001,210.294,231.724,223.629,50.349,1.529,0
2026-07-29 03:20:15.228014,870,37.748,6.922,3.632,17.744,5.958,18.826,203.09,893.326,2150.383,54.28,211.121,241.455,222.654,49.451,1.482,0
2026-07-29 03:21:09.298961,870,38.985,6.882,3.982,17.288,5.3,20.528,210.931,895.697,2173.458,59.086,211.152,226.996,224.411,50.96,1.5,0
2026-07-29 03:22:07.784372,870,38.796,6.585,3.449,23.723,5.254,18.722,200.605,959.608,2293.498,58.296,209.289,232.284,224.809,50.327,1.647,0
2026-07-29 03:23:10.350700,870,37.16,6.603,3.203,19.526,5.339,19.475,204.917,945.122,2126.104,59.88,209.941,242.317,226.965,50.731,1.478,0
2026-07-29 03:24:11.144117,870,39.167,6.906,3.458,23.639,5.495,19.293,201.516,919.068,2158.489,62.531,208.741,239.953,225.124,50.999,1.484,1
2026-07-29 03:25:10.989658,870,38.127,6.873,4.333,18.7,5.003,19.95,207.613,870.592,2250.423,71.371,209.504,247.269,224.223,50.445,1.38,0
2026-07-29 03:26:08.445331,870,38.07,7.027,3.432,19.738,5.28,19.402,197.43,864.207,2276.436,63.317,209.228,234.135,226.71,49.765,1.642,0
2026-07-29 03:27:06.893150,870,38.336,6.625,2.877,20.152,5.693,19.254,210.074,900.886,2140.92,64.85,208.464,236.366,225.611,49.111,1.351,0
2026-07-29 03:28:03.728142,870,38.482,6.593,3.187,21.452,5.706,20.015,206.783,909.387,2180.028,63.967,209.668,239.337,224.818,49.841,1.668,0
2026-07-29 03:29:06.497965,870,37.263,6.829,3.122,13.241,5.984,18.9,199.702,1000.985,2306.084,66.185,212.071,229.567,222.867,49.717,1.305,0
2026-07-29 03:30:06.053951,870,38.506,7.094,3.826,17.682,5.675,19.058,196.643,896.992,2303.911,53.989,209.944,235.018,224.039,49.86,1.393,0
2026-07-29 03:31:06.949475,870,37.8,7.121,2.971,20.07,5.788,19.225,211.18,909.614,2164.371,62.288,211.153,232.371,225.035,50.532,1.55,0
2026-07-29 03:32:05.468684,870,39.202,6.569,3.456,22.379,5.976,19.38,203.914,912.415,2193.071,53.656,210.037,230.623,224.531,49.765,1.586,0
2026-07-29 03:33:06.936181,870,36.796,6.809,3.672,20.905,5.486,18.194,191.477,893.1,2219.205,68.147,209.639,231.649,225.639,50.787,1.291,0
2026-07-29 03:34:12.589666,870,37.865,7.081,4.042,17.733,5.912,19.652,201.656,974.783,2264.704,61.406,211.477,236.999,225.329,50.029,1.482,0
2026-07-29 03:35:14.099084,870,37.617,6.949,3.238,19.789,5.762,19.214,216.556,910.229,2170.17,60.936,211.931,232.807,222.195,49.468,1.543,0
2026-07-29 03:36:10.704381,870,38.111,6.459,3.818,25.224,5.541,20.792,196.925,862.532,2179.603,61.803,208.649,235.949,224.73,50.424,1.529,0
2026-07-29 03:37:09.141876,870,37.87,6.996,3.774,19.303,5.842,18.468,205.234,936.805,2440.46,53.023,211.538,235.352,225.409,49.632,1.53,0
2026-07-29 03:38:15.237172,870,37.739,6.629,2.766,18.208,5.167,19.084,209.936,934.89,2275.025,50.795,210.302,236.607,226.735,50.384,1.34,0
2026-07-29 03:39:14.766031,870,37.069,6.873,3.378,20.611,5.572,18.515,201.478,947.358,2242.388,58.6,208.598,240.774,223.124,49.812,1.664,0
2026-07-29 03:40:17.568156,870,37.761,6.896,3.406,18.338,5.564,19.625,196.644,909.031,2162.712,57.154,209.591,231.241,223.957,49.256,1.305,0
2026-07-29 03:41:16.944203,870,38.424,6.966,4.709,19.419,5.881,20.034,205.616,880.042,2217.733,58.861,209.927,236.371,225.387,50.681,1.524,0
2026-07-29 03:42:09.389109,870,38.216,6.783,3.854,19.987,5.616,20.288,203.34,922.04,2192.094,58.034,210.874,238.583,223.765,48.96,1.585,0
2026-07-29 03:43:07.251724,870,37.913,6.869,3.728,17.385,5.728,20.135,201.202,922.254,2171.236,61.272,210.572,232.822,225.639,50.597,1.622,0
2026-07-29 03:44:04.541425,870,37.623,6.798,2.665,17.413,5.879,19.149,207.319,902.078,2155.384,61.718,209.614,241.133,225.187,50.722,1.607,0
2026-07-29 03:45:14.701857,870,37.604,6.831,3.191,23.353,5.589,19.56,214.499,897.676,2147.119,61.843,210.882,231.595,225.838,50.512,1.605,0
2026-07-29 03:46:13.374827,870,37.473,7.104,2.391,16.136,5.088,18.917,199.714,934.248,2196.801,58.869,209.318,240.266,227.882,50.859,1.629,0
2026-07-29 03:47:20.777205,870,37.738,6.876,2.411,16.353,5.63,20.304,205.188,897.349,2112.637,62.948,209.538,238.325,224.611,50.118,1.436,0
2026-07-29 03:48:26.264053,870,38.179,6.596,3.367,19.035,5.268,19.405,208.182,960.298,2058.285,56.214,212.315,233.558,224.484,51.262,1.391,0
2026-07-29 03:49:27.901045,870,38.132,6.853,2.923,16.548,5.64,20.37,205.909,944.478,2140.542,66.843,208.122,242.66,226.23,50.106,1.594,0
2026-07-29 03:50:28.016399,870,37.623,6.718,3.259,20.171,5.652,19.431,195.824,954.391,2203.642,60.734,211.012,230.418,227.283,49.302,1.569,0
2026-07-29 03:51:30.263670,870,37.27,6.991,3.734,19.42,5.988,19.772,201.365,890.947,2106.933,57.343,208.712,236.527,225.95,49.982,1.541,0
2026-07-29 03:52:25.243558,870,38.826,6.954,2.847,20.549,5.609,19.154,202.963,920.059,2083.559,60.938,210.499,229.59,226.406,49.522,1.448,0
2026-07-29 03:53:28.285408,870,37.746,6.91,3.56,21.54,5.538,19.639,203.34,902.656,2124.282,56.169,210.149,235.146,224.826,50.68,1.214,0
2026-07-29 03:54:32.130033,870,37.486,6.515,3.631,19.743,5.417,19.967,214.613,900.503,2219.12,56.008,209.268,233.291,225.565,50.232,1.603,0
2026-07-29 03:55:41.478817,870,38.086,6.849,3.617,21.55,5.658,19.321,192.97,970.059,2212.663,61.002,209.943,232.219,224.67,49.747,1.507,0
2026-07-29 03:56:45.032488,870,37.783,6.552,3.748,14.415,5.941,19.125,214.696,952.487,2136.431,56.535,208.891,236.888,223.305,50.884,1.559,0
2026-07-29 03:57:42.996485,870,38.664,6.562,3.623,18.671,5.268,19.389,198.6,926.893,2144.37,66.04,210.66,235.893,224.953,50.15,1.407,0
2026-07-29 03:58:42.729610,870,37.593,6.756,3.467,14.382,5.762,19.209,198.529,966.03,2197.548,56.471,210.905,237.034,225.188,50.525,1.455,0
2026-07-29 03:59:45.335545,870,37.382,6.919,3.013,19.524,5.474,19.745,201.073,953.699,2206.848,62.775,211.503,234.119,224.746,49.625,1.385,0
2026-07-29 04:00:43.458639,870,37.972,6.856,3.044,21.96,5.536,20.636,210.928,904.71,2172.704,56.761,212.048,230.911,226.335,51.061,1.417,0
2026-07-29 04:01:40.457352,870,37.917,6.684,2.108,15.622,5.365,18.379,210.432,871.094,2279.47,63.372,209.66,238.165,225.825,48.501,1.48,0
2026-07-29 04:02:35.673453,870,37.658,6.81,4.154,14.048,5.291,18.692,203.115,846.203,2179.331,62.923,209.306,239.602,225.591,50.273,1.758,0
2026-07-29 04:03:40.003281,870,37.753,7.139,4.58,17.008,5.661,19.513,202.739,884.818,2266.675,51.277,209.356,234.365,224.237,50.752,1.229,0
2026-07-29 04:04:40.050812,870,38.288,6.657,3.195,20.67,5.643,19.809,203.901,964.323,2269.72,63.345,211.614,239.612,225.036,50.005,1.514,0
2026-07-29 04:05:38.827139,870,38.647,6.388,3.402,19.176,5.552,18.673,204.494,914.487,2083.324,61.721,209.49,243.19,224.419,49.872,1.678,0
2026-07-29 04:06:37.895309,870,37.311,6.787,3.83,17.333,5.722,20.129,204.434,941.956,2256.9,61.54,210.651,240.94,224.653,51.308,1.585,0
2026-07-29 04:07:45.940161,870,37.856,6.572,3.52,19.219,5.203,20.051,211.658,932.541,2264.031,59.944,208.49,236.6,224.713,50.73,1.649,0
2026-07-29 04:08:47.659774,870,38.352,6.859,3.344,15.094,5.669,20.387,206.79,915.64,2250.793,58.852,209.947,232.85,225.35,49.869,1.257,0
2026-07-29 04:09:49.479601,870,38.526,6.452,3.581,19.102,5.763,19.726,209.934,902.565,2099.653,51.53,210.385,230.524,225.106,49.399,1.335,0
2026-07-29 04:11:00.100351,870,38.678,6.352,4.357,16.986,5.383,20.26,199.986,932.516,2170.944,59.563,209.758,238.172,223.925,49.565,1.514,0
2026-07-29 04:12:00.493266,870,37.253,6.638,3.37,20.642,5.642,20.005,196.172,978.052,2165.698,59.621,209.478,232.901,225.055,48.904,1.73,0
2026-07-29 04:13:05.666391,870,37.867,7.027,3.588,15.243,5.844,20.416,204.385,928.799,2302.301,58.932,208.161,238.24,225.719,50.464,1.41,0
2026-07-29 04:14:09.193617,870,38.203,6.677,3.173,18.859,5.359,19.183,210.642,870.454,2289.863,55.891,212.144,231.299,225.801,49.039,1.311,0
2026-07-29 04:15:09.350286,870,37.396,6.97,3.406,17.919,5.778,19.969,205.98,861.498,2155.65,64.805,210.323,240.524,223.683,50.499,1.473,0
2026-07-29 04:16:10.500868,870,38.013,6.795,3.862,21.185,5.562,19.227,205.78,924.705,2175.818,61.027,212.343,233.09,224.982,50.219,1.533,0
2026-07-29 04:17:12.743028,870,37.065,6.419,3.376,16.797,5.758,19.469,205.169,908.388,2093.313,57.92,210.774,230.804,223.141,49.016,1.501,0
2026-07-29 04:18:08.946585,870,37.442,6.795,2.966,13.832,5.603,17.765,201.822,877.152,2194.402,53.161,211.248,235.553,224.292,51.185,1.574,0
2026-07-29 04:19:10.887239,870,37.055,7.07,2.572,20.132,5.25,19.308,212.058,953.774,2327.055,56.488,209.701,231.733,224.961,50.678,1.554,0
2026-07-29 04:20:16.508869,870,37.589,6.865,2.943,15.596,5.481,19.649,208.015,903.516,2066.746,58.519,210.138,231.681,225.804,49.763,1.39,0
2026-07-29 04:21:15.539193,870,36.486,7.055,4.14,18.305,5.581,19.55,202.053,936.115,2082.64,64.636,210.186,238.396,226.046,49.061,1.57,0
2026-07-29 04:22:17.394349,870,38.422,6.832,3.306,19.546,5.14,19.814,211.599,948.712,2145.018,59.956,210.154,233.125,224.057,48.992,1.322,0
2026-07-29 04:23:20.843619,870,38.114,7.073,2.515,13.205,6.262,19.956,201.032,876.323,2202.578,58.391,212.166,238.484,225.457,50.194,1.396,0
2026-07-29 04:24:22.209479,870,37.911,6.862,2.488,15.894,5.513,19.065,203.961,915.576,2206.088,62.474,209.848,237.071,224.545,50.598,1.615,0
2026-07-29 04:25:19.046786,870,37.408,6.444,3.626,21.193,5.607,20.423,194.95,894.247,2139.889,62.709,210.182,234.859,225.272,49.994,1.265,0
2026-07-29 04:26:15.878181,870,36.82,6.589,2.518,20.893,5.507,18.491,208.224,939.44,2242.29,60.183,209.355,234.597,224.45,49.537,1.399,0
2026-07-29 04:27:21.802515,870,38.184,7.041,2.697,18.327,5.332,19.688,204.632,958.082,2210.586,63.092,210.386,232.893,223.941,49.094,1.427,0
2026-07-29 04:28:25.697264,870,37.428,6.644,3.581,15.993,5.676,17.84,199.98,925.952,2288.103,62.592,209.277,232.663,226.354,51.033,1.382,0
2026-07-29 04:29:28.938513,870,37.871,6.802,4.092,24.92,5.642,20.352,221.212,929.148,2193.326,63.244,209.658,236.259,225.679,50.312,1.489,0
2026-07-29 04:30:32.756232,870,38.395,6.874,3.776,19.393,4.903,19.075,208.607,911.778,2167.947,59.907,212.096,237.931,225.939,49.433,1.308,0
2026-07-29 04:31:31.552682,870,37.005,6.764,2.701,20.65,5.524,20.508,215.48,937.462,2258.728,56.658,209.895,237.732,226.04,49.886,1.381,0
2026-07-29 04:32:38.187334,870,38.044,6.702,3.725,17.046,5.664,18.356,208.209,890.848,2310.497,58.715,208.855,240.864,224.531,50.981,1.345,0
2026-07-29 04:33:32.539166,870,37.981,6.9,4.024,16.023,5.345,20.612,204.254,861.09,2092.521,62.959,211.797,235.441,225.076,50.052,1.632,0
2026-07-29 04:34:35.466821,870,39.932,6.783,2.902,21.098,5.151,19.407,197.563,941.059,2274.354,65.638,209.912,241.888,224.246,50.369,1.408,0
2026-07-29 04:35:33.325888,870,37.687,6.987,3.599,18.123,5.906,19.209,204.076,934.391,2103.71,63.612,211.302,235.291,225.912,51.123,1.62,0
2026-07-29 04:36:36.275483,870,36.827,6.558,3.971,19.141,5.549,19.307,216.658,947.27,2299.611,59.805,211.329,236.317,226.949,50.924,1.175,0
2026-07-29 04:37:32.166163,870,37.627,6.684,3.791,18.161,5.061,20.327,204.472,936.189,2076.255,63.713,210.543,245.23,226.196,50.784,1.467,0
2026-07-29 04:38:37.955896,870,37.043,7.177,2.462,22.073,5.724,18.514,204.91,883.661,2249.899,57.374,210.536,239.29,225.385,50.181,1.585,0
2026-07-29 04:39:36.927633,870,38.748,7.165,3.02,18.107,5.255,19.907,205.961,887.111,2242.332,64.738,209.321,236.085,223.798,50.493,1.503,0
2026-07-29 04:40:36.829848,870,38.865,6.779,3.246,19.854,6.069,20.089,218.393,949.995,2193.518,66.732,210.129,238.294,224.466,50.929,1.519,0
2026-07-29 04:41:40.140405,870,37.85,6.56,3.31,18.944,5.449,19.469,198.772,887.456,2249.221,64.008,211.625,236.407,225.392,50.385,1.321,0
2026-07-29 04:42:49.262123,870,38.281,7.041,3.257,15.073,5.001,19.271,204.344,913.062,2254.493,55.879,209.761,243.41,226.593,50.106,1.43,0
2026-07-29 04:43:47.410957,870,38.099,7.311,2.715,16.552,5.975,19.449,207.989,889.505,2236.262,56.128,209.022,233.978,225.387,49.636,1.542,0
2026-07-29 04:44:43.989530,870,37.894,6.486,3.029,19.263,5.594,19.242,210.659,959.479,2135.609,64.009,208.093,230.185,225.031,50.482,1.516,0
2026-07-29 04:45:43.155009,870,37.285,7.004,3.041,17.564,5.406,18.845,205.505,877.501,2135.631,62.105,210.234,234.861,224.065,48.797,1.602,0
2026-07-29 04:46:50.048240,870,38.344,6.921,3.484,17.95,5.641,19.84,195.423,937.029,2249.336,56.947,209.199,233.399,225.021,49.192,1.489,0
2026-07-29 04:47:48.886622,870,38.088,6.601,3.14,22.105,5.749,19.927,211.26,892.261,2118.022,57.425,211.722,233.51,225.659,50.749,1.557,0
2026-07-29 04:48:46.242630,870,39.347,7.016,3.297,17.795,6.17,19.379,206.275,937.804,2052.423,62.061,210.566,230.038,225.84,51.056,1.624,0
2026-07-29 04:49:38.166899,870,37.959,6.576,2.38,23.774,5.419,19.321,209.604,937.382,2157.819,56.242,210.283,239.545,225.118,50.185,1.569,0
2026-07-29 04:50:37.519687,870,38.247,6.713,3.741,17.985,5.332,19.776,201.94,929.322,2138.231,61.622,210.251,237.95,223.813,50.609,1.421,0
2026-07-29 04:51:36.660690,870,38.102,6.748,3.396,17.121,6.44,19.567,213.878,962.761,2249.16,65.485,209.993,242.857,226.587,51.089,1.487,0
2026-07-29 04:52:39.461920,870,37.718,6.544,3.639,22.222,5.23,18.951,205.806,979.692,2219.973,60.758,210.279,237.223,225.875,48.893,1.555,0
2026-07-29 04:53:40.461089,870,38.092,6.789,3.007,19.252,5.552,18.276,201.211,807.538,2284.663,67.336,208.684,239.397,224.38,48.534,1.559,0
2026-07-29 04:54:38.628109,870,37.891,6.54,3.36,21.886,5.412,19.376,216.436,914.752,2283.37,62.479,210.844,234.967,226.713,49.339,1.424,0
2026-07-29 04:55:34.920534,870,37.315,6.697,3.455,15.715,5.325,19.188,203.122,903.449,2254.84,60.393,209.821,233.156,226.512,49.274,1.434,0
2026-07-29 04:56:36.258161,870,38.575,7.093,3.222,13.623,5.465,18.758,206.786,948.599,2120.242,63.62,210.394,231.796,225.364,49.672,1.322,0
2026-07-29 04:57:35.670937,870,37.682,6.977,3.382,12.241,5.336,20.137,207.937,951.578,2259.139,64.364,208.736,239.829,224.518,52.281,1.535,0
2026-07-29 04:58:38.037850,870,38.448,6.945,3.803,15.05,5.713,18.67,209.257,873.274,2357.905,56.972,208.538,238.304,224.528,48.728,1.518,0
2026-07-29 04:59:37.234670,870,38.002,7.021,3.363,15.248,5.592,19.024,197.516,919.021,2202.981,59.413,209.259,237.765,224.984,49.24,1.517,0
2026-07-29 05:00:38.340647,870,38.197,7.126,3.801,19.825,5.497,20.05,220.961,898.829,2254.991,56.174,209.996,232.888,222.554,50.981,1.442,0
2026-07-29 05:01:39.502521,870,38.086,6.429,3.735,18.03,5.725,20.026,209.046,936.77,2176.875,53.603,211.705,241.99,225.55,51.215,1.604,0
2026-07-29 05:02:37.586555,870,38.777,6.865,2.597,17.725,5.031,18.379,214.008,954.384,2020.037,59.509,206.207,234.129,225.079,50.258,1.622,0
2026-07-29 05:03:38.172322,870,38.71,6.583,3.924,15.381,5.594,19.434,198.883,888.039,2153.87,61.742,212.345,235.078,224.635,48.491,1.458,0
2026-07-29 05:04:42.379794,870,38.032,6.646,3.283,20.633,5.489,19.066,204.393,920.268,2299.411,58.853,208.779,233.748,224.278,49.518,1.35,0
2026-07-29 05:05:43.609146,870,38.509,6.526,3.748,20.193,5.57,20.609,205.45,890.264,2180.337,61.161,210.747,236.316,225.97,49.51,1.211,0
2026-07-29 05:06:45.043272,870,38.055,7.27,3.483,14.649,5.739,20.584,206.479,871.649,2267.535,58.746,211.005,239.807,223.84,49.893,1.31,0
2026-07-29 05:07:50.851203,870,38.18,6.385,2.987,17.607,5.666,19.083,216.52,955.389,2303.825,56.573,209.327,235.779,225.832,49.774,1.542,0
2026-07-29 05:08:45.662289,870,39.086,6.837,1.835,16.555,5.934,19.122,212.419,952.846,2163.227,61.368,210.466,234.794,224.746,51.609,1.339,0
2026-07-29 05:09:50.546042,870,37.889,7.176,4.687,22.704,5.516,19.541,199.936,889.176,2157.634,55.922,209.341,231.113,225.942,50.452,1.52,0
2026-07-29 05:10:58.040878,870,38.564,6.784,2.998,19.03,5.577,20.134,216.492,953.825,2166.13,59.579,209.797,241.768,223.964,49.94,1.33,0
2026-07-29 05:12:01.340140,870,38.278,6.211,3.207,18.473,5.693,19.872,197.286,883.197,2117.25,56.309,208.44,229.486,226.446,50.041,1.293,0
2026-07-29 05:12:57.957778,870,37.965,7.29,2.732,19.006,5.113,18.839,205.314,944.307,2194.375,57.556,209.486,230.043,224.796,48.717,1.511,0
2026-07-29 05:14:05.506841,870,38.132,7.239,2.857,18.961,6.003,20.15,198.467,889.455,2081.393,56.93,211.46,237.241,225.306,48.784,1.435,0
2026-07-29 05:15:04.637183,870,38.134,6.57,3.279,19.156,5.757,19.301,211.89,920.797,2023.575,66.277,211.74,234.575,223.471,51.528,1.374,0
2026-07-29 05:16:07.932956,870,38.143,7.041,2.925,13.404,5.44,18.757,202.196,916.399,2228.191,60.487,209.371,237.066,226.043,49.651,1.524,0
2026-07-29 05:17:05.793039,870,38.21,6.875,3.09,18.506,5.509,20.442,201.091,846.962,2164.259,57.102,209.375,234.803,224.814,48.478,1.653,0
2026-07-29 05:18:07.358397,870,38.092,6.497,3.277,25.533,5.877,20.278,210.012,909.89,2150.565,57.912,208.652,229.258,224.103,50.578,1.379,0
2026-07-29 05:19:11.313343,870,38.191,7.031,3.81,16.201,5.403,18.824,208.182,916.569,2262.06,63.104,210.852,228.978,228.201,51.018,1.445,0
2026-07-29 05:20:09.921910,870,38.549,6.687,3.544,20.732,5.889,19.919,202.413,885.122,2215.247,60.636,210.175,228.203,227.119,51.292,1.389,0
2026-07-29 05:21:09.394913,870,38.57,6.819,2.701,19.962,5.932,20.281,206.955,904.334,2117.909,62.663,209.636,244.199,222.932,50.006,1.511,0
2026-07-29 05:22:09.607875,870,38.35,6.958,3.954,18.264,5.444,20.113,204.945,951.869,2221.915,61.986,209.285,230.73,224.765,50.148,1.471,0
2026-07-29 05:23:10.977885,870,38.954,6.917,3.007,16.245,5.327,19.141,208.816,917.359,2284.73,63.92,210.669,233.273,222.655,50.098,1.4,0
2026-07-29 05:24:08.093440,870,37.831,6.927,2.532,19.799,5.919,18.878,202.333,904.415,2271.974,53.775,209.799,239.382,224.053,49.953,1.681,0
2026-07-29 05:25:06.732963,870,37.399,6.545,3.459,17.588,5.797,19.217,208.948,879.197,2275.953,59.827,210.681,238.944,223.205,49.833,1.27,0
2026-07-29 05:25:58.946968,870,38.055,6.198,3.105,18.255,5.615,19.134,203.424,896.307,2203.592,53.854,209.889,231.973,224.964,48.658,1.461,0
2026-07-29 05:26:58.826215,870,37.635,6.636,2.062,19.556,5.662,17.844,208.743,916.785,2173.191,67.346,211.092,232.788,223.011,49.414,1.53,0
2026-07-29 05:28:00.647177,870,38.719,6.995,3.151,16.217,5.506,19.733,193.704,910.692,2269.068,59.131,210.761,234.645,226.333,49.821,1.405,0
2026-07-29 05:28:57.395968,870,36.524,6.532,3.875,17.61,5.639,18.73,202.164,890.202,2328.667,65.019,209.166,232.362,224.134,48.779,1.507,0
2026-07-29 05:29:59.259026,870,37.714,6.775,3.416,20.21,5.883,19.273,197.991,898.938,2183.148,62.681,209.71,237.718,226.162,48.942,1.493,0
2026-07-29 05:31:06.981832,870,36.996,6.862,2.709,18.41,5.91,19.999,197.057,892.374,2163.212,57.422,207.922,246.696,226.204,49.345,1.59,0
2026-07-29 05:32:04.050751,870,38.105,6.778,3.626,14.115,5.878,20.04,205.857,963.596,2316.087,65.447,210.42,233.255,227.971,50.51,1.59,0
2026-07-29 05:32:57.733037,870,37.373,7.093,3.674,19.44,5.549,19.929,207.866,960.689,2188.581,59.241,208.785,232.578,225.487,49.566,1.435,0
2026-07-29 05:33:56.369381,870,38.029,6.679,3.464,19.884,5.252,20.06,211.5,920.289,2174.075,64.572,210.492,237.965,225.213,49.747,1.571,0
2026-07-29 05:34:58.170790,870,38.853,6.771,4.206,20.138,6.275,20.029,209.588,933.223,2162.205,57.193,208.732,225.014,223.577,49.585,1.642,0
2026-07-29 05:35:56.351227,870,37.945,6.854,4.044,17.995,5.254,20.135,199.025,964.98,2243.352,61.871,209.305,235.86,225.125,50.067,1.49,0
2026-07-29 05:36:57.241355,870,38.581,6.835,3.752,16.208,5.674,19.362,206.217,948.84,2197.906,59.533,208.477,231.313,224.292,49.789,1.407,0
2026-07-29 05:37:52.465678,870,38.596,6.465,2.815,15.553,5.607,19.359,205.002,895.453,2168.98,60.886,211.538,241.405,225.321,49.576,1.393,0
2026-07-29 05:38:54.644202,870,38.495,7.121,3.597,17.554,6.151,18.474,199.696,930.738,2194.864,56.895,210.532,231.494,225.001,51.391,1.544,0
2026-07-29 05:39:52.402188,870,37.059,7.024,3.389,20.247,6.016,19.361,202.612,910.836,2181.847,53.844,210.562,234.769,224.821,49.286,1.36,0
2026-07-29 05:40:52.794925,870,38.789,6.605,3.186,16.815,4.936,18.525,210.159,946.74,2167.939,54.663,208.138,234.447,223.185,49.876,1.397,0
2026-07-29 05:41:50.818571,870,37.841,6.921,3.248,22.837,5.081,18.913,207.413,849.765,2226.62,65.349,209.679,236.484,226.427,49.667,1.486,0
2026-07-29 05:42:47.363768,870,38.334,6.717,2.023,17.083,6.012,20.429,198.739,836.642,2211.249,55.664,210.67,238.029,226.032,50.333,1.359,0
2026-07-29 05:43:50.478185,870,38.1,6.992,3.481,21.858,5.846,18.868,201.055,932.375,2223.967,58.249,211.055,236.935,225.473,50.662,1.45,0
2026-07-29 05:44:52.005989,870,37.566,7.13,3.288,19.46,5.381,19.709,205.936,926.995,2271.086,58.478,209.468,230.68,225.016,50.206,1.563,0
2026-07-29 05:45:45.893779,870,37.487,6.443,2.518,17.219,5.688,18.419,192.436,935.736,2111.292,63.771,209.267,236.002,225.974,49.858,1.324,0
2026-07-29 05:46:41.105314,870,39.264,7.196,2.959,15.69,5.515,20.387,201.043,893.579,2090.811,66.081,208.923,239.238,224.959,49.658,1.497,0
2026-07-29 05:47:38.560272,870,37.423,7.164,2.172,19.722,5.521,20.368,207.233,875.295,2140.128,65.833,211.122,232.31,227.064,49.979,1.532,0
2026-07-29 05:48:45.477008,870,38.017,6.588,3.951,18.181,5.748,18.55,200.567,904.333,2199.849,54.393,207.762,233.387,225.13,49.005,1.606,0
2026-07-29 05:49:49.288665,870,39.033,6.271,4.434,16.707,5.753,20.176,207.027,866.802,2209.314,54.303,210.175,237.781,226.031,50.498,1.463,0
2026-07-29 05:50:51.237469,870,37.713,6.81,3.438,18.63,5.519,19.063,191.594,885.43,2152.255,56.067,207.03,230.391,224.966,51.151,1.442,0
2026-07-29 05:51:53.292675,870,38.82,6.875,3.41,19.057,5.469,18.832,208.816,945.21,2194.846,62.96,211.023,237.309,224.736,52.553,1.417,0
2026-07-29 05:52:52.793796,870,38.326,6.579,2.722,16.363,5.45,19.257,199.717,908.763,2147.346,61.915,209.024,237.283,225.087,50.466,1.352,0
2026-07-29 05:53:57.544332,870,38.797,6.606,3.796,18.752,5.437,19.426,208.413,903.01,2090.101,64.878,211.288,230.173,225.158,48.752,1.6,0
2026-07-29 05:55:00.519924,870,38.989,6.945,2.834,13.249,5.249,20.328,212.412,888.995,2104.625,55.264,208.687,236.984,223.166,51.031,1.48,0
2026-07-29 05:55:58.775441,870,38.012,6.798,3.012,15.238,5.903,19.327,207.191,902.76,2238.732,56.769,210.305,234.431,226.329,49.966,1.458,0
2026-07-29 05:56:59.581642,870,36.774,6.637,2.346,20.694,6.419,19.807,201.814,925.519,2082.578,61.39,210.587,232.877,224.04,50.194,1.459,0
2026-07-29 05:57:55.322226,870,36.895,6.965,3.402,17.56,5.568,19.631,212.928,933.697,2272.49,57.061,209.513,238.123,224.006,49.711,1.417,0
2026-07-29 05:58:54.425095,870,38.088,6.816,2.898,20.058,5.574,19.096,202.678,880.904,2203.687,64.131,207.961,231.591,224.452,50.826,1.389,0
2026-07-29 05:59:48.757615,870,37.628,7.239,2.307,19.777,6.476,18.871,202.398,923.527,2134.167,53.924,209.01,235.782,225.189,49.549,1.432,0
2026-07-29 06:00:46.095265,870,37.829,7.298,2.682,20.793,5.133,20.049,201.955,975.825,2187.654,68.283,209.017,236.188,224.865,49.831,1.358,0
2026-07-29 06:01:39.735146,870,38.486,6.858,4.285,20.106,5.408,20.93,202.594,895.55,2130.503,59.362,210.879,237.02,225.42,49.13,1.428,0
2026-07-29 06:02:39.787891,870,37.091,6.773,3.824,20.576,5.705,19.299,197.971,931.508,2311.572,53.079,209.715,240.392,224.47,49.816,1.401,0
2026-07-29 06:03:41.888918,870,37.801,6.815,3.796,14.915,5.549,18.915,199.32,911.025,2170.126,68.211,210.942,237.121,226.877,50.349,1.433,0
2026-07-29 06:04:37.705359,870,37.0,6.65,2.338,22.389,5.393,19.419,212.748,918.821,2120.915,55.325,211.911,235.75,224.658,50.474,1.274,0
2026-07-29 06:05:36.580984,870,37.0,6.897,3.496,19.903,6.216,20.148,214.877,944.363,2386.746,63.187,207.544,232.749,225.56,50.292,1.599,0
2026-07-29 06:06:36.805630,870,38.489,6.605,3.671,24.454,5.886,19.222,201.633,929.856,2194.832,58.12,210.244,238.042,222.665,48.937,1.461,0
2026-07-29 06:07:41.168481,870,38.198,6.853,3.819,18.093,5.741,18.92,209.366,936.77,2248.534,54.363,209.513,237.218,223.181,48.905,1.405,0
2026-07-29 06:08:36.897364,870,37.047,6.645,3.319,16.438,5.902,19.3,205.268,887.392,2209.9,58.166,210.742,231.374,223.898,50.455,1.403,0
2026-07-29 06:09:42.649080,870,38.315,6.625,3.44,21.2,5.704,19.412,201.004,903.439,2218.661,64.649,209.631,234.091,224.22,51.682,1.628,1
2026-07-29 06:10:50.211780,870,36.467,6.693,3.511,20.526,5.864,19.428,210.052,947.647,2250.689,61.822,210.078,231.538,224.829,49.552,1.391,0
2026-07-29 06:11:50.778624,870,37.59,6.698,3.937,14.365,5.839,20.146,202.827,891.173,2258.954,53.982,208.501,236.736,226.248,50.57,1.592,0
2026-07-29 06:12:55.632166,870,38.697,6.878,3.089,18.305,5.042,19.962,211.466,929.168,2144.82,62.167,208.91,234.877,222.588,49.911,1.381,0
2026-07-29 06:13:55.578834,870,37.286,6.889,3.473,16.973,5.595,19.575,203.318,949.078,2193.144,58.673,210.14,236.972,225.62,50.484,1.525,0
2026-07-29 06:14:58.126334,870,38.175,6.808,4.394,17.254,5.595,18.417,208.731,941.566,2201.884,63.743,208.192,233.988,224.19,50.089,1.526,0
2026-07-29 06:16:01.513612,870,38.299,6.853,3.479,18.662,5.309,18.128,203.49,903.589,2178.901,53.074,208.616,236.006,224.317,50.108,1.612,0
2026-07-29 06:17:10.386969,870,37.661,6.91,3.358,16.271,5.411,19.418,208.848,913.029,2293.195,52.016,210.204,236.416,227.531,49.609,1.482,0
2026-07-29 06:18:15.206753,870,37.729,6.614,4.337,21.091,5.53,19.459,197.799,928.287,2287.04,53.381,210.053,237.369,225.064,49.999,1.416,0
2026-07-29 06:19:14.329705,870,37.441,6.823,3.4,16.567,5.57,19.963,197.636,895.754,2032.171,64.162,209.367,235.329,224.439,50.195,1.594,0
2026-07-29 06:20:22.316104,870,38.484,6.745,3.956,16.566,6.077,20.56,209.838,893.69,2250.916,60.963,209.722,230.703,223.687,49.389,1.542,0
2026-07-29 06:21:25.835666,870,37.586,6.64,4.103,15.447,5.891,19.332,205.923,904.269,2235.17,69.841,209.402,238.91,225.737,50.502,1.246,0
2026-07-29 06:22:26.329966,870,37.617,7.002,3.182,19.216,5.521,19.133,202.671,956.317,2239.531,57.349,209.567,239.042,223.737,49.717,1.634,0
2026-07-29 06:23:27.402161,870,37.45,7.216,3.6,15.668,5.947,18.657,206.843,880.397,2231.68,56.318,209.081,240.754,223.206,52.059,1.355,0
2026-07-29 06:24:29.762627,870,39.446,7.059,3.351,19.854,5.505,20.202,197.529,928.753,2170.643,52.987,208.159,231.286,223.466,50.652,1.531,0
2026-07-29 06:25:29.103351,870,38.897,6.988,2.83,21.153,4.963,19.202,211.415,930.231,2312.133,64.433,211.056,232.795,224.21,50.646,1.458,0
2026-07-29 06:26:30.935088,870,38.235,6.875,2.851,17.275,5.532,19.386,200.037,971.659,2012.485,61.696,210.65,231.06,226.525,49.799,1.094,0
2026-07-29 06:27:30.319134,870,38.128,6.853,3.72,21.968,5.959,19.936,204.486,981.992,2062.855,61.767,208.052,226.615,225.858,50.44,1.643,0
2026-07-29 06:28:33.678653,870,38.786,6.879,3.71,17.82,6.143,18.744,203.717,890.88,2115.214,61.242,208.533,238.419,223.994,50.389,1.571,0
2026-07-29 06:29:32.008904,870,37.597,6.903,3.672,21.268,5.649,18.916,213.764,939.459,2220.436,66.494,212.144,229.224,225.71,48.797,1.408,0
2026-07-29 06:30:35.105487,870,37.436,7.054,3.335,20.471,5.542,19.179,194.3,903.079,2144.207,56.385,210.609,237.632,223.389,50.214,1.733,0
2026-07-29 06:31:44.121576,870,38.642,6.743,2.877,16.964,5.585,18.793,195.572,935.083,2204.692,65.288,211.421,229.46,222.832,51.509,1.431,0
2026-07-29 06:32:50.456107,870,39.059,6.829,4.417,18.751,5.456,18.588,193.472,886.574,2144.62,61.852,208.847,228.297,226.852,48.683,1.431,0
2026-07-29 06:33:50.458709,870,37.65,7.047,2.974,19.046,5.558,19.601,206.309,930.707,2130.006,57.833,210.939,233.325,227.162,51.144,1.406,0
2026-07-29 06:34:51.823076,870,38.192,6.665,3.596,16.373,5.309,19.741,202.886,974.045,2227.72,59.148,209.173,236.727,224.101,50.935,1.528,0
2026-07-29 06:35:43.745739,870,38.336,6.691,3.026,15.837,5.224,19.836,214.942,886.056,2235.281,57.226,208.672,227.929,223.523,49.149,1.516,0
2026-07-29 06:36:45.491188,870,38.104,6.681,3.143,17.117,5.538,20.119,207.908,947.522,2354.541,62.83,210.229,232.822,225.414,49.375,1.441,0
2026-07-29 06:37:46.827027,870,38.256,6.721,3.118,16.783,5.53,20.18,196.198,938.899,2218.6,65.416,208.638,228.983,225.404,50.541,1.407,0
2026-07-29 06:38:49.887565,870,37.933,7.018,3.396,12.572,5.248,19.389,203.574,960.573,2168.209,63.776,209.498,237.794,224.505,48.571,1.558,0
2026-07-29 06:39:52.972944,870,36.583,7.224,3.627,23.681,5.618,19.66,209.1,927.139,2168.79,65.341,209.342,234.96,224.007,50.274,1.379,0
2026-07-29 06:40:49.606622,870,37.953,6.638,3.771,17.343,5.678,19.963,204.61,926.446,2058.196,59.73,207.196,235.079,226.17,50.669,1.52,0
2026-07-29 06:41:52.600576,870,38.435,6.483,2.637,21.601,5.804,19.602,203.059,945.508,2241.033,56.626,207.84,238.532,225.421,50.59,1.481,0
2026-07-29 06:42:53.060408,870,38.288,6.68,2.648,19.911,4.888,20.093,201.81,982.951,2211.008,60.496,210.191,234.092,224.512,49.732,1.196,0
2026-07-29 06:43:49.429223,870,37.759,6.821,3.144,16.681,5.694,18.986,204.686,920.004,2188.342,55.369,209.188,236.752,223.84,50.124,1.463,0
2026-07-29 06:44:50.817323,870,38.564,6.715,3.344,20.479,5.891,19.594,198.62,931.318,2204.098,60.742,210.894,241.443,225.191,50.19,1.346,1
2026-07-29 06:45:53.760014,870,38.012,6.891,2.979,16.444,5.788,20.624,205.205,928.583,2131.651,61.86,210.187,235.147,223.641,50.101,1.477,0
2026-07-29 06:46:57.746216,870,38.224,6.775,3.527,23.137,5.762,18.999,207.343,883.906,2042.528,61.861,209.818,227.86,225.875,50.117,1.495,0
2026-07-29 06:47:59.973542,870,37.671,7.012,3.312,16.924,5.538,18.959,203.074,898.29,2185.06,53.847,211.919,236.827,226.34,51.093,1.603,0
2026-07-29 06:49:01.987988,870,37.786,6.889,2.958,16.667,5.385,19.375,205.573,890.276,2176.634,60.172,210.577,231.617,226.952,49.625,1.493,0
2026-07-29 06:50:07.036966,870,38.151,6.251,3.812,21.389,5.622,19.88,205.243,937.702,2216.418,54.672,210.204,233.317,223.974,51.211,1.498,0
2026-07-29 06:51:00.642778,870,38.031,6.556,3.605,18.344,5.752,18.183,202.846,913.327,2206.979,56.745,210.693,232.289,224.184,51.375,1.377,0
2026-07-29 06:51:58.758069,870,37.828,6.736,3.531,22.334,5.758,18.617,211.337,911.168,2205.752,60.866,210.464,235.775,225.287,49.332,1.405,0
2026-07-29 06:52:51.337873,870,37.732,6.466,3.205,16.378,6.037,20.6,191.692,935.011,2154.316,60.232,209.882,234.369,226.623,49.477,1.588,0
2026-07-29 06:53:51.339547,870,36.731,6.9,3.03,23.514,5.428,20.471,196.242,894.699,2339.809,51.33,210.267,234.26,224.854,48.488,1.374,0
2026-07-29 06:54:49.767212,870,37.325,6.995,3.937,15.712,5.594,19.93,208.122,916.439,2280.029,58.749,209.26,237.562,224.598,48.792,1.391,0
2026-07-29 06:55:45.694237,870,37.928,6.856,3.405,19.771,5.615,20.033,210.024,945.707,2133.633,58.874,210.893,234.052,222.394,49.336,1.434,0
2026-07-29 06:56:45.029348,870,37.929,6.747,2.766,16.818,5.273,19.393,202.616,924.875,2295.85,58.889,209.619,235.689,225.811,49.577,1.647,0
2026-07-29 06:57:52.051157,870,38.201,6.759,3.766,18.382,5.419,19.427,210.321,946.533,2228.913,58.663,210.63,239.839,223.46,50.256,1.373,0
2026-07-29 06:58:56.553862,870,38.696,6.637,4.427,21.583,5.519,19.359,201.099,867.654,2092.028,66.303,209.454,240.439,225.029,49.458,1.699,0
2026-07-29 07:00:01.413285,870,37.727,6.78,2.996,16.609,5.542,18.962,200.887,926.606,2283.08,47.952,207.388,242.699,224.286,49.636,1.636,0
2026-07-29 07:01:05.378836,870,37.319,6.559,3.408,22.735,5.417,18.804,207.152,921.73,2167.397,58.319,210.37,240.763,226.376,51.245,1.606,0
2026-07-29 07:02:02.673727,870,38.815,6.698,3.328,20.301,5.937,19.692,208.74,933.669,2170.665,51.219,212.512,229.022,224.513,51.039,1.397,0
2026-07-29 07:02:57.524919,870,38.243,6.638,3.734,14.009,5.672,18.846,204.966,880.906,2186.116,58.216,208.919,232.006,225.079,50.226,1.431,0
2026-07-29 07:03:53.514887,870,37.69,6.64,3.37,17.67,5.799,19.197,214.792,903.265,2209.501,63.98,209.807,237.544,224.975,51.557,1.408,0
2026-07-29 07:04:54.028382,870,37.03,7.277,3.105,18.798,5.479,19.563,208.907,884.658,2182.0,71.748,210.3,236.918,224.355,49.734,1.562,0
2026-07-29 07:05:55.500911,870,39.309,6.737,3.727,18.946,5.285,18.697,189.428,906.83,2267.632,62.684,210.435,234.229,226.918,49.708,1.464,0
2026-07-29 07:06:56.061053,870,37.868,6.889,3.597,16.118,5.752,20.393,205.392,980.401,2316.774,60.213,210.984,238.294,230.616,50.58,1.465,0
2026-07-29 07:07:57.312113,870,38.216,6.777,4.059,17.025,4.699,19.09,208.444,910.632,2176.06,63.293,209.484,230.94,223.816,50.486,1.403,0
2026-07-29 07:09:00.643896,870,37.483,6.559,4.053,15.519,5.681,19.542,211.403,890.382,2093.889,57.515,209.285,237.888,224.618,50.122,1.534,0
2026-07-29 07:10:04.205512,870,37.401,6.856,3.291,22.187,4.905,19.781,212.963,880.17,2168.419,62.549,208.767,239.075,224.147,49.544,1.465,0
2026-07-29 07:11:05.970328,870,38.686,6.498,3.827,14.29,5.862,20.273,208.046,895.832,2136.821,61.372,210.524,228.478,225.344,49.957,1.308,0
2026-07-29 07:12:05.734309,870,37.744,6.849,3.802,14.34,5.033,20.219,205.853,913.972,2161.508,64.858,210.959,235.429,225.268,50.173,1.457,0
2026-07-29 07:13:09.682210,870,37.686,6.861,3.971,16.456,5.32,20.121,207.235,939.678,2103.254,59.908,210.386,235.991,226.074,49.31,1.358,0
2026-07-29 07:14:09.490488,870,38.024,6.756,3.459,17.095,5.826,18.957,206.508,934.717,2231.384,61.581,210.154,231.003,223.374,49.571,1.283,0
2026-07-29 07:15:07.106632,870,38.02,6.561,2.612,16.944,5.194,19.118,189.231,941.549,2100.531,58.426,209.788,229.75,226.139,49.54,1.209,0
2026-07-29 07:16:04.766300,870,38.582,6.945,2.841,17.922,5.603,18.791,208.388,953.09,2119.96,60.167,211.419,236.003,222.652,49.615,1.289,0
2026-07-29 07:17:07.854596,870,37.932,7.12,3.13,21.247,6.052,19.84,196.443,941.11,2312.202,60.453,211.938,237.07,225.755,49.635,1.627,0
2026-07-29 07:18:11.929660,870,38.33,6.327,3.096,16.438,5.998,19.101,217.719,946.458,2096.184,62.152,209.813,234.35,224.124,49.741,1.317,0
2026-07-29 07:19:14.432938,870,37.627,6.626,3.755,17.068,5.708,18.663,203.308,998.147,2111.91,60.56,208.963,233.378,223.382,49.138,1.524,0
2026-07-29 07:20:08.524457,870,37.48,6.567,3.589,20.154,6.021,18.501,207.991,935.672,2306.975,59.208,208.526,236.789,225.327,49.59,1.698,0
2026-07-29 07:21:13.654380,870,37.487,6.654,3.522,22.324,5.708,20.275,209.404,921.714,2192.201,57.325,210.955,229.084,224.241,50.341,1.325,0
2026-07-29 07:22:10.089771,870,37.585,6.71,3.481,20.411,5.359,17.98,210.292,920.219,2119.521,59.309,208.639,240.285,226.751,50.396,1.431,0
2026-07-29 07:23:05.664421,870,38.913,6.754,3.091,13.244,5.131,20.835,208.08,907.218,2127.295,58.284,209.418,243.89,225.724,50.142,1.674,0
2026-07-29 07:24:12.338894,870,37.695,7.201,4.287,18.658,5.605,20.095,206.085,893.79,2390.044,59.915,209.195,235.429,224.59,49.618,1.596,0
2026-07-29 07:25:13.754831,870,37.693,6.721,3.523,21.621,5.61,18.982,219.863,874.702,2256.851,55.248,211.897,240.395,224.444,49.556,1.627,0
2026-07-29 07:26:17.450003,870,38.409,6.905,3.463,13.59,6.065,19.322,212.582,1000.272,2220.158,66.346,211.005,238.592,224.881,49.283,1.399,0
2026-07-29 07:27:23.361189,870,38.388,6.853,3.365,18.528,5.657,19.557,199.256,897.371,2258.464,57.335,211.677,245.189,227.361,50.064,1.563,0
2026-07-29 07:28:20.863928,870,37.397,6.808,2.736,17.737,5.881,19.506,203.429,944.624,2175.982,66.307,209.574,225.416,222.91,50.427,1.381,0
2026-07-29 07:29:25.271059,870,37.879,6.991,3.995,23.543,5.75,19.283,220.885,923.231,2209.824,55.549,211.229,237.612,223.432,50.987,1.386,0
2026-07-29 07:30:30.776436,870,36.627,6.737,3.731,19.347,5.621,19.388,190.911,918.268,2233.425,67.272,210.988,224.93,226.745,50.602,1.707,0
2026-07-29 07:31:35.682914,870,38.284,6.996,4.443,19.908,5.185,20.295,202.897,929.84,2160.071,63.078,210.476,231.195,223.599,50.588,1.546,0
2026-07-29 07:32:36.317867,870,38.37,7.181,3.768,21.274,5.254,20.217,198.448,924.365,2207.01,55.596,209.243,234.738,225.352,50.198,1.63,0
2026-07-29 07:33:37.696951,870,38.352,6.594,3.772,11.83,5.722,20.138,199.856,861.148,2307.681,61.224,210.01,233.495,225.905,50.286,1.283,0
2026-07-29 07:34:39.297940,870,39.106,7.008,3.137,19.843,5.664,20.074,194.74,926.604,2119.734,61.872,210.55,239.768,224.563,49.759,1.377,0
2026-07-29 07:35:47.611152,870,38.252,6.864,3.563,16.67,5.124,18.979,208.729,941.932,2164.884,66.156,209.789,242.103,225.912,49.302,1.275,0
2026-07-29 07:36:48.706741,870,38.049,6.871,3.7,15.797,5.41,19.014,210.818,940.683,2157.091,59.601,209.251,236.79,222.585,50.539,1.44,0
2026-07-29 07:37:50.994172,870,38.097,6.757,2.432,17.51,5.125,19.412,206.049,892.796,2252.661,64.003,212.106,245.353,225.466,51.295,1.676,0
2026-07-29 07:38:46.009274,870,37.673,6.991,4.311,17.944,5.933,19.433,204.879,939.353,2277.263,59.872,210.526,230.221,227.185,49.615,1.423,0
2026-07-29 07:39:48.558364,870,39.147,6.464,3.65,19.293,5.62,19.109,201.465,893.138,2095.498,54.391,209.918,231.274,225.183,49.809,1.474,0
2026-07-29 07:40:52.422162,870,38.984,6.767,4.007,20.573,5.828,19.836,211.419,832.141,2176.794,62.019,210.913,230.524,225.889,50.016,1.515,0
2026-07-29 07:41:48.102874,870,37.695,6.526,3.964,22.161,5.217,19.901,211.629,866.822,2148.037,58.806,211.335,239.195,228.018,50.769,1.461,0
2026-07-29 07:42:54.508530,870,37.364,6.383,2.915,16.603,5.487,18.743,214.526,869.264,2234.011,60.473,208.87,240.08,224.827,50.048,1.449,0
2026-07-29 07:44:02.824434,870,38.038,7.032,3.026,18.44,5.422,20.1,197.433,968.914,2200.388,63.387,207.679,228.886,223.457,50.394,1.391,0
2026-07-29 07:45:07.057213,870,37.976,6.49,3.327,12.042,5.457,19.55,201.604,923.959,2261.996,66.129,210.389,231.619,222.281,50.446,1.429,0
2026-07-29 07:46:09.528706,870,38.038,7.141,3.246,16.361,6.064,19.824,204.56,868.286,2332.974,56.719,211.139,234.094,225.16,49.799,1.469,0
2026-07-29 07:47:11.702698,870,38.112,6.902,3.557,19.505,5.784,20.204,209.746,945.042,2051.931,58.216,211.445,232.643,223.567,50.203,1.501,0
2026-07-29 07:48:10.656855,870,37.051,6.83,3.894,20.344,5.761,20.022,203.236,948.129,2052.325,58.408,210.663,232.496,226.007,49.229,1.619,0
2026-07-29 07:49:12.710043,870,37.871,6.625,2.561,25.025,5.489,19.881,209.163,939.468,2200.444,61.41,208.591,233.856,226.296,51.349,1.374,0
2026-07-29 07:50:18.039265,870,38.077,6.992,3.25,17.981,5.461,20.112,194.515,922.024,2229.513,60.028,210.425,231.172,224.467,50.623,1.552,0
2026-07-29 07:51:19.697077,870,37.44,7.035,3.874,16.563,5.744,19.272,208.934,931.662,2139.12,59.44,210.759,239.12,223.056,51.112,1.425,0
2026-07-29 07:52:18.793432,870,38.679,6.812,2.599,18.193,6.228,20.094,201.026,893.122,2204.904,57.835,209.643,241.584,225.998,50.211,1.467,0
2026-07-29 07:53:21.746107,870,37.679,7.145,3.703,17.994,5.528,18.892,197.876,935.721,2219.641,55.941,210.876,229.285,224.583,49.854,1.347,0
2026-07-29 07:54:25.011895,870,37.856,6.779,3.943,15.984,5.152,19.242,204.792,923.417,2105.64,56.821,208.428,236.257,225.967,48.868,1.452,0
2026-07-29 07:55:20.542118,870,38.945,6.724,2.909,19.643,5.504,18.418,208.604,861.051,2221.75,57.788,211.875,237.585,225.063,49.753,1.448,0
2026-07-29 07:56:25.180816,870,37.093,6.845,3.552,15.242,5.662,20.324,197.693,901.07,2245.498,62.577,209.273,231.324,225.431,50.026,1.509,0
2026-07-29 07:57:23.164640,870,37.947,7.167,3.752,19.624,5.935,19.396,213.883,919.825,2201.901,56.703,208.117,228.308,225.607,49.634,1.311,0
2026-07-29 07:58:21.138667,870,37.442,6.622,3.642,18.859,5.776,19.152,200.711,871.384,2094.762,67.36,209.089,234.277,224.795,49.576,1.334,0
2026-07-29 07:59:25.388458,870,38.205,7.036,3.777,19.254,5.676,19.598,219.578,910.328,2132.357,52.116,210.873,232.671,225.768,49.277,1.586,0
2026-07-29 08:00:24.776004,870,38.252,6.921,3.592,20.154,5.396,19.551,198.501,893.133,2231.645,58.22,210.915,233.358,226.947,49.956,1.339,0
2026-07-29 08:01:20.105139,870,38.024,6.938,3.552,22.098,5.692,18.261,199.644,866.846,2324.064,60.135,210.163,237.381,223.438,49.33,1.442,0
2026-07-29 08:02:15.749334,870,37.492,6.751,3.539,18.636,5.111,19.67,199.16,954.911,2229.743,61.139,207.568,239.738,223.589,50.305,1.365,0
2026-07-29 08:03:16.900836,870,37.496,6.668,3.914,18.624,5.803,20.347,204.691,932.306,2180.766,61.038,208.79,245.702,224.815,49.948,1.455,0
2026-07-29 08:04:11.527619,870,37.682,6.875,3.121,19.328,5.185,19.664,212.139,903.947,2213.2,59.53,209.554,236.608,223.677,49.293,1.449,0
2026-07-29 08:05:13.732669,870,37.451,6.661,3.781,17.674,5.612,19.238,201.368,948.956,2180.762,62.721,209.609,234.699,222.955,50.97,1.499,0
2026-07-29 08:06:17.203738,870,38.253,6.84,2.761,21.29,5.522,19.383,204.123,966.196,2224.362,54.974,208.595,229.69,226.172,50.487,1.335,0
2026-07-29 08:07:18.440726,870,37.69,6.753,2.714,15.297,5.91,19.567,201.724,887.2,2232.489,64.632,209.766,237.07,225.626,49.547,1.339,0
2026-07-29 08:08:17.809932,870,38.08,6.928,2.123,19.556,5.365,19.878,208.463,959.107,2088.963,55.235,211.157,235.814,224.089,49.083,1.635,0
2026-07-29 08:09:17.521010,870,37.697,6.959,3.124,17.818,5.033,19.659,206.482,947.13,2287.072,57.203,210.063,234.472,226.701,50.272,1.638,0
2026-07-29 08:10:15.903295,870,38.679,7.002,2.94,19.911,5.603,18.698,221.975,943.415,2321.222,59.422,211.735,235.598,227.838,50.614,1.32,0
2026-07-29 08:11:21.417871,870,38.536,6.774,3.303,16.579,5.815,19.464,206.981,964.664,2115.528,63.284,209.914,227.725,225.797,49.795,1.496,0
2026-07-29 08:12:24.593376,870,37.955,7.001,3.465,23.747,6.015,20.037,207.986,990.04,2151.912,61.89,211.732,226.891,226.679,50.596,1.285,0
2026-07-29 08:13:26.982132,870,38.259,7.07,3.031,20.065,5.503,19.619,209.767,944.023,2250.965,65.2,212.055,239.549,225.12,49.954,1.395,0
2026-07-29 08:14:25.801128,870,38.537,6.522,3.798,17.815,5.905,18.542,194.337,942.523,2177.997,58.6,210.45,227.008,225.25,50.512,1.584,0
2026-07-29 08:15:29.037624,870,37.997,6.876,3.65,19.054,5.657,19.327,199.583,911.595,2119.247,62.429,210.165,229.46,223.773,50.523,1.388,0
2026-07-29 08:16:29.619980,870,37.597,6.464,2.816,18.829,5.749,19.05,207.473,904.502,2089.4,56.1,211.508,230.547,224.879,48.809,1.596,0
2026-07-29 08:17:34.955488,870,38.361,7.047,2.372,19.717,5.713,19.485,213.899,947.466,2189.285,62.757,211.327,236.637,225.767,49.929,1.238,0
2026-07-29 08:18:38.225639,870,37.926,7.31,3.364,18.59,5.102,19.652,202.864,900.821,2110.593,61.66,209.655,244.593,224.99,48.781,1.564,0
2026-07-29 08:19:38.347630,870,37.101,6.852,2.893,21.311,5.222,19.377,203.818,961.697,2239.103,58.361,209.633,234.822,225.465,49.936,1.471,0
2026-07-29 08:20:36.337476,870,37.763,6.721,3.91,11.9,5.303,19.222,202.238,903.917,2200.834,57.725,210.537,232.223,226.599,48.745,1.499,0
2026-07-29 08:21:39.836423,870,38.65,6.813,3.679,16.96,5.421,20.318,206.729,981.288,2322.609,64.751,208.512,240.472,226.015,50.424,1.338,0
2026-07-29 08:22:39.670674,870,38.078,6.689,3.123,18.665,5.399,19.174,214.775,940.82,2283.034,61.203,210.562,230.654,226.315,48.916,1.275,0
2026-07-29 08:23:44.272803,870,37.036,6.535,3.588,15.132,5.538,19.49,202.449,918.948,2197.038,65.269,210.045,238.078,225.571,49.759,1.397,0
2026-07-29 08:24:42.790023,870,37.633,6.313,3.481,19.57,5.556,18.419,213.079,884.491,2281.917,59.654,208.709,236.67,224.186,50.07,1.796,0
2026-07-29 08:25:43.678191,870,37.764,6.617,3.915,20.704,5.5,20.095,192.365,882.475,2155.678,63.356,209.529,232.285,223.162,49.213,1.386,0
2026-07-29 08:26:46.279313,870,37.419,6.722,3.033,23.108,6.012,19.28,210.806,938.709,2146.125,67.073,210.604,234.863,224.126,50.384,1.351,0
2026-07-29 08:27:48.934600,870,37.23,6.676,4.73,20.801,5.881,19.009,206.622,963.846,2288.752,62.857,209.763,236.527,224.498,50.269,1.403,0
2026-07-29 08:28:51.290039,870,36.887,6.792,3.679,19.726,5.486,18.665,203.86,876.336,2334.769,65.474,210.359,233.076,224.467,49.776,1.456,0
