timestamp,machine_erp_ref,cycle_time_s,dosing_time_s,injection_time_s,cooling_time_s,cushion_mm,switchover_position_mm,switchover_pressure_bar,peak_pressure_bar,clamp_force_kn,mold_temperature_c,barrel_temp_zone1_c,barrel_temp_zone2_c,barrel_temp_zone3_c,oil_temperature_c,energy_kwh,scrap_flag
2026-07-27 08:30:00.000000,1003,31.463,6.265,2.937,18.944,5.458,18.419,197.219,872.463,1475.894,55.245,213.933,219.552,217.344,52.579,0.964,0
2026-07-27 08:30:47.577595,1003,31.167,6.027,2.606,11.037,4.61,18.154,198.192,807.056,1472.862,56.38,214.851,233.609,220.266,52.372,0.818,0
2026-07-27 08:31:41.231181,1003,32.122,6.01,3.383,12.784,5.378,17.567,191.071,834.588,1321.335,60.381,215.927,224.843,220.102,51.477,0.87,0
2026-07-27 08:32:34.588904,1003,31.593,6.091,3.754,16.093,4.65,18.755,197.03,861.0,1118.016,51.888,215.141,218.16,219.695,52.627,1.028,0
2026-07-27 08:33:25.268506,1003,30.691,5.837,2.745,18.574,5.693,18.915,189.398,868.621,1405.954,50.683,214.254,230.622,220.043,52.386,1.139,0
2026-07-27 08:34:16.782649,1003,30.835,6.234,2.642,14.894,5.398,17.466,191.407,857.275,1449.053,58.601,216.308,225.434,219.729,50.949,0.941,0
2026-07-27 08:35:13.970327,1003,32.102,6.148,3.266,17.539,4.647,18.132,185.371,862.414,1406.678,55.203,215.492,227.214,218.651,52.372,1.008,0
2026-07-27 08:36:09.317995,1003,31.41,5.899,2.333,20.549,5.086,18.951,195.844,855.761,1395.878,55.137,214.162,227.992,219.231,51.675,1.255,0
2026-07-27 08:37:04.237205,1003,31.305,5.798,2.272,16.024,5.295,18.414,193.942,841.858,1384.573,53.805,215.111,231.365,219.068,52.332,1.024,0
2026-07-27 08:37:53.318892,1003,32.064,5.925,2.63,15.475,4.604,18.533,182.918,889.88,1333.002,55.804,212.543,228.4,220.756,52.183,0.783,0
2026-07-27 08:38:46.865375,1003,31.424,5.978,3.176,17.085,5.187,19.048,190.914,904.689,1296.949,58.336,215.392,221.234,218.721,52.714,1.06,0
2026-07-27 08:39:41.413384,1003,30.902,5.783,2.498,16.414,5.344,18.435,194.828,849.527,1364.931,47.407,218.434,222.092,219.337,52.67,1.022,0
2026-07-27 08:40:36.113417,1003,30.936,5.909,2.989,16.587,4.579,18.731,200.156,816.917,1341.136,57.569,216.39,221.083,220.032,51.458,0.95,0
2026-07-27 08:41:23.755449,1003,31.814,5.882,1.855,15.584,5.424,17.851,187.309,844.187,1419.186,60.388,214.874,225.028,218.171,51.645,0.873,0
2026-07-27 08:42:16.818270,1003,32.515,5.96,3.352,15.409,5.163,18.711,193.194,853.519,1287.988,59.378,215.375,228.753,219.453,51.829,1.088,0
2026-07-27 08:43:09.851854,1003,31.92,5.961,3.821,13.69,5.475,17.697,188.399,786.91,1323.595,66.35,215.729,223.705,220.028,52.753,0.699,0
2026-07-27 08:44:05.345363,1003,31.309,6.098,2.481,17.411,5.13,17.722,199.351,889.816,1366.834,55.662,215.807,224.269,220.185,51.724,0.951,0
2026-07-27 08:44:56.522175,1003,31.387,6.006,3.253,13.609,4.883,18.198,190.99,832.49,1294.873,57.11,214.935,224.095,220.406,52.231,0.958,0
2026-07-27 08:45:44.922714,1003,31.524,6.08,2.881,14.121,4.854,18.829,198.113,827.023,1240.885,62.849,212.458,224.665,219.072,52.639,0.92,0
2026-07-27 08:46:33.963488,1003,30.49,6.05,3.061,13.245,5.106,18.531,192.85,841.153,1413.74,57.727,214.654,229.979,218.674,52.038,0.986,0
2026-07-27 08:47:27.096737,1003,31.512,5.961,2.86,15.25,5.143,18.026,184.777,837.29,1247.879,63.823,214.355,225.926,219.425,53.217,0.861,0
2026-07-27 08:48:22.722094,1003,31.792,6.137,2.827,16.06,5.519,19.026,194.58,852.644,1374.711,60.931,214.953,231.8,220.219,51.625,1.059,0
2026-07-27 08:49:13.579864,1003,32.386,5.451,2.525,13.471,5.116,18.691,187.893,873.9,1404.07,58.104,214.172,224.924,219.638,52.381,1.319,0
2026-07-27 08:50:06.493339,1003,32.045,5.928,2.377,15.387,4.732,19.127,201.716,887.991,1479.548,57.452,215.8,227.291,218.646,52.28,0.899,0
2026-07-27 08:50:52.101419,1003,32.465,5.886,3.627,16.372,5.063,17.966,205.909,873.926,1554.72,56.514,217.505,226.36,222.644,52.092,1.044,0
2026-07-27 08:51:37.453920,1003,32.34,6.024,2.043,12.391,4.743,19.361,198.826,823.659,1470.678,57.354,216.242,228.39,219.038,50.509,1.016,0
2026-07-27 08:52:30.939305,1003,32.197,5.873,2.989,14.253,5.305,19.449,191.156,847.838,1298.552,53.949,214.988,229.434,218.395,51.81,1.021,0
2026-07-27 08:53:24.369196,1003,31.513,6.11,2.963,20.151,5.374,19.047,195.134,854.035,1333.299,60.345,216.888,227.311,219.154,50.783,0.948,0
2026-07-27 08:54:18.600035,1003,31.672,6.145,2.973,14.37,5.425,18.793,196.741,859.909,1384.235,65.54,216.202,238.523,221.036,51.654,1.0,0
2026-07-27 08:55:04.077953,1003,30.665,5.723,3.379,17.629,5.109,18.798,201.508,865.189,1353.285,49.89,215.945,233.631,220.683,51.949,1.023,0
2026-07-27 08:56:00.616628,1003,31.565,6.045,2.789,14.833,4.99,18.698,193.87,853.256,1371.579,62.451,214.382,224.961,222.141,53.613,1.088,0
2026-07-27 08:56:50.868266,1003,31.783,5.744,3.372,16.46,5.047,17.676,197.449,848.494,1464.419,58.516,214.895,232.91,218.786,52.529,1.08,0
2026-07-27 08:57:40.977783,1003,31.358,6.096,4.132,14.166,5.173,18.141,184.925,877.411,1369.397,61.887,215.771,232.455,219.637,51.279,1.141,0
2026-07-27 08:58:35.059193,1003,30.729,5.907,2.913,11.626,5.047,18.438,196.451,847.149,1436.07,55.034,217.657,221.853,221.216,52.14,0.919,0
2026-07-27 08:59:27.315137,1003,32.291,5.839,1.842,14.986,5.683,17.882,189.838,878.751,1262.141,56.738,216.794,218.493,218.741,52.295,1.02,0
2026-07-27 09:00:24.596828,1003,31.703,5.658,2.919,17.016,5.09,19.361,195.257,874.59,1399.108,62.815,215.78,228.286,221.391,52.071,0.983,0
2026-07-27 09:01:18.841998,1003,32.36,5.982,2.863,17.56,5.169,18.8,188.771,893.129,1215.835,57.293,215.262,226.826,220.042,52.013,1.094,0
2026-07-27 09:02:15.653314,1003,31.871,5.768,3.229,16.329,4.975,19.569,197.469,857.315,1453.093,60.965,215.984,216.974,219.042,51.612,0.828,0
2026-07-27 09:03:06.352400,1003,32.184,5.703,1.863,14.212,4.981,18.974,198.828,892.867,1342.104,55.029,215.711,227.926,217.941,52.253,1.12,0
2026-07-27 09:04:02.178983,1003,32.082,6.037,3.185,18.117,4.818,17.662,193.602,842.199,1240.485,56.667,216.908,227.586,220.627,52.183,1.035,0
2026-07-27 09:04:47.249313,1003,31.16,6.194,2.76,14.339,4.891,19.284,189.804,861.023,1334.059,59.639,213.756,224.834,221.772,52.476,1.132,0
2026-07-27 09:05:38.986602,1003,31.246,6.079,3.458,14.48,5.762,18.23,198.443,873.185,1398.076,59.2,215.111,234.019,220.408,52.588,1.005,0
2026-07-27 09:06:26.792958,1003,31.286,5.714,2.704,13.745,5.363,19.319,204.344,821.691,1252.344,60.973,215.98,226.451,220.476,52.565,0.98,0
2026-07-27 09:07:19.203385,1003,31.017,5.973,3.495,15.027,5.098,19.405,206.53,839.61,1282.929,56.068,216.78,225.733,220.316,52.075,0.927,0
2026-07-27 09:08:11.778612,1003,32.383,6.136,2.139,15.32,5.003,19.311,197.375,831.632,1323.995,57.5,217.414,227.393,221.107,51.887,0.955,0
2026-07-27 09:09:06.764745,1003,31.521,5.973,3.01,16.675,5.571,19.144,196.669,849.33,1428.488,61.57,213.322,221.667,221.472,52.519,0.777,0
2026-07-27 09:09:59.564157,1003,31.73,6.065,2.446,12.888,4.949,18.76,187.109,835.552,1186.561,63.559,214.21,223.544,216.539,51.425,0.982,0
2026-07-27 09:10:49.288546,1003,30.834,5.913,2.722,14.941,4.689,18.494,202.883,854.09,1396.607,53.976,214.989,215.556,219.616,50.269,0.942,0
2026-07-27 09:11:39.865906,1003,31.909,5.923,4.55,14.159,5.343,19.631,181.063,848.74,1336.014,62.49,213.585,229.013,219.258,50.784,1.01,0
2026-07-27 09:12:32.509971,1003,31.295,5.868,2.459,16.983,4.922,18.663,202.15,842.896,1448.733,54.272,217.072,231.239,220.226,50.688,0.922,0
2026-07-27 09:13:22.505746,1003,32.13,6.122,2.788,16.696,4.815,18.269,195.16,855.373,1391.74,58.373,215.222,228.576,219.524,52.394,1.038,0
2026-07-27 09:14:18.233536,1003,31.157,6.135,2.348,13.632,4.872,18.765,180.408,831.211,1473.168,58.685,216.482,228.249,220.534,52.093,0.985,0
2026-07-27 09:15:09.076473,1003,32.166,5.889,2.825,17.132,5.325,19.189,197.02,825.996,1392.547,55.453,214.862,227.009,220.401,52.551,0.799,0
2026-07-27 09:16:04.285545,1003,31.97,6.151,2.915,15.88,5.169,19.167,194.061,816.396,1254.63,56.754,215.564,233.689,217.701,52.362,1.005,0
2026-07-27 09:16:54.182351,1003,31.267,5.715,2.581,17.824,4.905,17.848,192.308,799.149,1394.083,50.069,213.438,226.723,217.388,52.726,1.09,0
2026-07-27 09:17:48.137650,1003,32.209,5.966,3.899,14.514,5.341,19.148,193.381,831.289,1399.44,60.544,213.803,231.097,220.908,52.791,1.098,0
2026-07-27 09:18:39.487989,1003,32.074,5.729,3.658,17.358,4.952,18.914,194.886,866.626,1298.213,56.334,213.826,230.669,219.003,52.662,0.901,0
2026-07-27 09:19:35.131037,1003,31.745,5.774,2.46,17.989,4.709,18.293,194.868,845.266,1310.983,57.324,213.019,221.544,222.062,52.677,0.834,0
2026-07-27 09:20:33.106695,1003,31.003,5.727,3.466,16.159,4.808,18.005,186.146,851.353,1152.368,55.096,216.306,230.077,221.023,53.147,1.12,0
2026-07-27 09:21:25.759912,1003,31.9,5.869,2.726,20.825,5.207,19.358,197.417,839.264,1419.187,60.558,215.056,222.637,217.855,53.457,1.045,0
2026-07-27 09:22:23.695818,1003,31.533,6.124,2.299,17.13,4.965,19.417,192.722,907.034,1344.428,58.278,216.343,224.961,219.043,52.052,0.893,0
2026-07-27 09:23:15.222354,1003,31.525,5.984,2.591,20.054,5.232,19.442,204.521,855.801,1307.614,52.674,214.935,226.561,220.288,53.076,0.908,0
2026-07-27 09:24:07.848014,1003,31.537,5.883,2.284,21.8,5.534,17.715,200.16,834.508,1270.418,57.028,216.425,232.58,219.465,51.592,1.003,0
2026-07-27 09:24:59.518152,1003,31.485,5.965,3.536,12.152,5.011,18.374,200.835,820.352,1313.609,53.153,216.218,224.313,219.792,51.63,1.094,0
2026-07-27 09:25:48.389773,1003,31.067,5.589,2.5,18.649,6.0,18.534,206.17,900.683,1392.933,57.585,214.927,228.712,218.67,53.161,0.963,0
2026-07-27 09:26:44.958697,1003,30.742,6.114,3.734,17.188,5.283,19.401,199.416,810.345,1370.956,60.368,215.312,220.767,220.415,52.071,0.835,1
2026-07-27 09:27:37.449548,1003,30.639,5.55,3.08,16.56,5.147,18.985,194.122,827.952,1327.134,58.309,215.496,226.537,220.024,50.834,0.79,0
2026-07-27 09:28:28.141916,1003,31.65,5.859,2.77,14.48,4.8,18.366,179.649,827.969,1251.305,59.324,216.412,225.315,220.907,51.161,0.91,0
2026-07-27 09:29:17.912935,1003,30.288,5.984,2.714,13.95,5.095,18.597,196.445,849.994,1326.132,61.94,215.034,232.622,219.942,51.459,0.908,0
2026-07-27 09:30:15.822210,1003,31.863,6.089,3.999,13.578,5.125,18.928,205.385,861.297,1284.092,54.062,215.502,224.176,219.246,51.178,0.876,0
2026-07-27 09:31:07.376262,1003,31.753,6.048,3.006,21.114,5.428,18.949,200.368,852.985,1336.134,55.658,213.302,220.76,220.164,52.375,1.155,0
2026-07-27 09:31:58.898208,1003,31.349,5.99,2.713,17.121,5.021,19.508,191.955,840.425,1407.349,49.941,214.015,225.514,220.435,51.396,0.827,0
2026-07-27 09:32:54.102304,1003,32.013,6.291,3.486,12.874,5.33,19.374,195.359,810.482,1308.553,55.906,214.192,224.743,220.002,51.804,0.918,0
2026-07-27 09:33:50.932222,1003,31.37,6.403,3.334,13.579,5.213,19.248,191.665,904.842,1496.387,54.924,215.693,228.357,221.474,51.575,1.236,0
2026-07-27 09:34:41.327307,1003,31.709,6.001,2.437,11.342,5.492,18.041,196.834,858.682,1305.6,60.247,214.228,232.885,218.697,51.044,0.911,0
2026-07-27 09:35:35.278699,1003,30.521,5.98,3.003,18.739,5.516,18.078,191.938,867.461,1208.211,59.438,215.209,225.931,221.09,51.078,0.998,0
2026-07-27 09:36:29.223915,1003,30.379,5.968,1.969,16.104,5.3,17.906,203.636,831.396,1334.92,63.804,214.875,228.881,218.537,52.638,1.155,0
2026-07-27 09:37:20.679506,1003,31.382,5.878,2.981,17.171,5.429,18.754,195.722,842.384,1302.426,55.394,215.076,226.931,220.784,52.229,0.987,0
2026-07-27 09:38:11.486442,1003,31.711,6.075,3.179,16.006,5.537,18.218,196.546,885.013,1643.822,59.166,216.113,229.453,217.534,49.761,1.042,0
2026-07-27 09:39:01.590276,1003,31.975,6.254,3.255,18.18,5.361,18.857,190.031,787.049,1314.322,60.609,215.269,223.248,219.641,51.556,0.926,0
2026-07-27 09:39:56.835143,1003,31.411,5.502,2.43,15.087,5.283,18.944,192.494,873.141,1223.675,67.123,214.771,227.258,221.144,52.625,0.904,0
2026-07-27 09:40:49.624234,1003,31.623,5.966,2.579,16.68,5.323,18.648,188.067,843.836,1353.5,59.329,215.555,231.323,219.503,52.395,0.823,0
2026-07-27 09:41:41.872834,1003,31.893,6.298,3.141,16.63,5.684,19.044,203.503,863.064,1336.126,57.298,217.01,224.157,219.875,53.488,0.976,0
2026-07-27 09:42:31.646178,1003,31.436,6.079,3.713,13.331,5.234,18.131,191.92,899.282,1250.919,58.028,215.134,226.626,220.316,51.82,1.041,0
2026-07-27 09:43:26.893801,1003,31.794,6.083,3.052,14.337,5.419,17.631,195.958,837.144,1380.564,59.454,213.531,227.065,217.195,52.263,1.213,0
2026-07-27 09:44:19.884485,1003,30.936,5.68,2.682,15.303,4.997,18.094,185.706,772.642,1398.123,63.268,213.422,221.123,220.338,51.382,0.94,0
2026-07-27 09:45:09.174273,1003,30.672,6.14,3.553,16.738,5.65,19.021,187.609,819.35,1356.894,55.713,214.664,230.382,218.835,50.917,1.131,0
2026-07-27 09:46:00.092980,1003,31.233,6.202,3.074,19.193,5.335,19.622,193.498,851.375,1327.322,54.514,213.631,224.958,221.107,52.255,1.103,0
2026-07-27 09:46:54.468872,1003,31.887,6.04,3.102,16.266,5.096,19.406,193.132,898.824,1318.695,68.512,212.129,227.156,219.851,51.725,0.919,0
2026-07-27 09:47:40.976405,1003,31.144,5.869,3.455,15.798,5.179,18.4,196.468,839.743,1297.015,52.767,214.649,229.931,220.292,53.866,1.003,0
2026-07-27 09:48:32.867691,1003,31.825,6.089,2.945,16.713,5.134,19.097,207.067,895.893,1241.084,61.094,215.457,230.356,218.534,51.588,1.004,0
2026-07-27 09:49:27.476376,1003,30.987,5.792,2.468,15.639,5.201,17.689,182.896,783.586,1476.223,59.248,216.661,222.36,220.915,51.705,0.847,0
2026-07-27 09:50:20.251202,1003,31.209,5.766,2.912,15.948,5.263,19.451,200.871,836.396,1557.195,58.852,214.979,229.093,219.916,52.057,0.972,0
2026-07-27 09:51:14.555301,1003,31.621,6.16,3.634,19.487,5.141,18.838,197.989,881.099,1262.71,52.344,215.372,231.487,218.138,52.658,0.907,0
2026-07-27 09:52:00.044925,1003,31.166,6.219,4.079,15.487,4.724,18.998,191.291,878.372,1298.777,68.878,215.619,224.597,219.331,52.599,0.975,0
2026-07-27 09:52:47.987975,1003,31.251,5.851,2.305,16.602,5.732,17.377,192.398,794.328,1258.06,58.241,215.099,230.691,220.745,50.837,0.982,0
2026-07-27 09:53:42.785044,1003,30.196,5.767,3.933,14.517,5.28,18.803,201.72,826.639,1425.706,55.336,214.199,229.091,220.099,52.915,0.994,0
2026-07-27 09:54:36.043783,1003,31.92,5.824,2.791,18.9,5.281,19.633,194.626,846.987,1263.716,51.915,217.605,229.431,220.789,51.886,0.933,0
2026-07-27 09:55:27.215826,1003,31.441,6.04,3.012,13.904,5.186,18.705,193.068,831.741,1409.367,49.054,213.814,230.991,219.5,50.125,0.883,0
2026-07-27 09:56:20.081264,1003,31.027,5.767,3.969,15.835,5.472,18.473,188.708,884.909,1386.373,60.457,215.5,223.655,221.389,52.002,0.805,0
2026-07-27 09:57:13.965984,1003,32.416,6.257,2.766,18.26,5.214,18.375,189.984,851.373,1336.976,53.982,214.064,223.406,221.627,51.287,1.102,0
2026-07-27 09:58:04.451548,1003,31.105,5.907,2.844,14.008,5.107,18.096,187.702,809.113,1465.59,56.374,215.135,232.259,217.83,52.828,1.002,0
2026-07-27 09:58:54.291489,1003,31.242,6.073,2.634,17.996,5.126,18.583,200.307,864.36,1320.266,54.97,215.491,226.092,220.642,52.241,1.112,0
2026-07-27 09:59:42.131469,1003,31.019,5.851,3.022,11.287,5.575,17.799,190.295,865.897,1350.195,59.759,214.758,221.308,221.751,52.753,0.982,0
2026-07-27 10:00:38.672193,1003,32.052,6.117,3.178,13.489,5.261,18.8,187.836,817.672,1246.576,59.136,213.544,226.743,220.509,52.836,0.997,0
2026-07-27 10:01:30.901417,1003,32.217,6.133,2.608,15.783,5.189,19.196,196.048,825.161,1142.486,60.659,214.583,226.979,219.885,51.68,0.969,0
2026-07-27 10:02:27.651841,1003,32.167,5.664,3.827,21.542,5.069,18.272,190.103,830.361,1440.106,60.819,216.349,228.465,218.345,52.175,0.959,0
2026-07-27 10:03:15.473448,1003,32.162,5.864,2.574,16.335,5.104,18.76,204.28,890.631,1297.444,54.493,213.197,225.822,219.562,52.796,1.026,0
2026-07-27 10:04:07.880327,1003,31.201,5.969,3.284,16.384,5.524,18.492,195.247,848.44,1448.299,51.844,216.957,234.738,219.324,52.156,0.966,0
2026-07-27 10:04:56.168448,1003,32.336,5.895,3.015,18.64,4.925,18.767,196.23,786.929,1320.054,56.876,215.114,223.679,220.992,51.423,1.105,0
2026-07-27 10:05:53.656710,1003,31.402,6.174,3.709,13.501,5.401,19.076,196.247,816.101,1340.748,59.673,215.858,219.289,221.13,53.011,1.152,0
2026-07-27 10:06:54.158727,1003,30.729,5.881,2.542,9.023,5.412,18.779,198.426,871.76,1367.514,57.955,213.735,221.279,219.736,52.018,1.143,0
2026-07-27 10:07:50.070721,1003,31.287,6.143,3.326,19.988,5.265,19.046,199.262,839.162,1304.15,49.649,214.821,224.346,218.796,51.449,1.169,0
2026-07-27 10:08:38.579123,1003,31.663,6.097,4.38,17.391,5.143,18.843,195.176,815.406,1212.7,57.741,214.201,229.436,217.381,53.341,0.874,0
2026-07-27 10:09:26.971535,1003,31.178,5.978,2.178,14.976,4.755,19.048,188.904,840.025,1275.936,53.298,215.354,226.574,220.641,50.666,1.132,0
2026-07-27 10:10:18.669062,1003,31.573,6.151,2.487,16.132,5.399,18.72,194.078,879.458,1269.247,57.593,213.69,228.89,220.539,51.533,1.01,0
2026-07-27 10:11:11.103570,1003,31.768,5.692,4.188,18.42,4.721,18.729,195.356,914.107,1347.15,61.551,214.255,224.614,217.429,51.598,1.011,0
2026-07-27 10:12:04.725310,1003,31.705,5.988,2.924,15.703,5.25,18.945,185.207,849.319,1444.945,47.028,217.481,229.157,220.56,52.614,0.921,0
2026-07-27 10:12:58.206145,1003,31.828,5.845,3.065,16.333,5.216,18.487,182.371,865.198,1288.322,63.83,215.776,220.774,220.982,51.755,0.958,0
2026-07-27 10:13:50.260735,1003,31.41,5.979,2.811,20.681,5.43,18.8,187.724,848.094,1341.536,53.107,215.456,228.092,216.633,51.521,0.757,0
2026-07-27 10:14:41.550405,1003,31.136,5.906,3.943,13.14,4.931,17.995,183.294,857.349,1370.298,61.683,215.436,229.93,218.725,52.73,1.061,0
2026-07-27 10:15:30.988974,1003,30.765,6.012,2.08,17.19,4.916,17.442,192.081,824.175,1282.495,61.032,216.75,223.542,222.921,52.547,0.978,0
2026-07-27 10:16:25.104113,1003,31.456,6.002,3.705,13.189,5.36,18.585,190.363,892.906,1382.754,56.235,214.848,234.475,220.027,51.799,0.943,0
2026-07-27 10:17:09.682045,1003,31.231,6.028,2.158,19.595,5.149,18.05,195.532,837.707,1443.541,59.409,216.124,219.536,222.695,52.163,1.147,0
2026-07-27 10:18:01.992635,1003,31.441,6.036,2.107,16.674,4.595,19.688,199.255,819.116,1383.451,54.554,212.168,230.357,220.232,51.211,1.001,0
2026-07-27 10:18:54.702234,1003,30.465,6.115,2.38,14.42,5.198,18.049,196.736,828.695,1345.731,50.251,214.856,230.92,221.29,51.84,0.898,0
2026-07-27 10:19:46.010936,1003,30.741,5.748,2.927,12.549,5.742,18.987,197.607,870.284,1278.519,62.279,214.629,223.776,219.603,51.951,0.998,0
2026-07-27 10:20:40.551798,1003,31.755,6.102,2.593,15.195,5.365,18.101,200.676,830.732,1339.913,54.631,214.371,228.739,219.17,51.094,1.188,0
2026-07-27 10:21:35.624771,1003,30.682,5.697,2.559,16.427,4.844,18.513,193.043,894.984,1286.008,65.063,215.887,223.801,218.056,50.843,0.986,0
2026-07-27 10:22:28.262452,1003,31.405,5.441,2.471,18.664,5.341,17.857,179.359,869.547,1300.134,61.209,214.839,228.638,220.624,51.721,1.089,0
2026-07-27 10:23:27.480885,1003,31.085,6.394,2.481,13.485,5.495,17.801,184.533,875.984,1339.621,53.953,214.807,226.472,218.957,52.739,0.921,0
2026-07-27 10:24:17.309825,1003,31.053,5.812,2.468,14.103,4.682,18.698,197.99,838.857,1332.307,59.972,214.059,227.409,218.828,52.406,1.054,0
2026-07-27 10:25:07.864745,1003,31.543,5.91,3.134,14.857,5.114,18.288,196.177,832.978,1437.814,59.717,214.528,224.948,218.108,51.58,1.023,0
2026-07-27 10:25:58.568305,1003,31.514,5.627,2.638,14.217,5.59,18.972,199.171,851.955,1300.025,64.735,212.592,224.97,220.024,53.816,1.0,0
2026-07-27 10:26:54.090925,1003,31.773,5.909,1.481,14.817,4.743,19.275,212.055,816.573,1383.035,55.446,214.621,224.155,220.899,51.25,0.946,0
2026-07-27 10:27:47.224713,1003,30.949,6.041,2.979,13.826,5.116,17.57,196.316,864.7,1310.511,56.524,213.302,230.102,219.701,52.385,0.969,0
2026-07-27 10:28:33.225813,1003,31.058,6.049,3.427,16.959,5.135,19.156,194.427,877.601,1272.566,59.32,216.854,234.409,219.597,51.63,0.793,0
2026-07-27 10:29:24.198963,1003,32.062,5.759,2.841,14.889,5.075,17.923,197.077,830.931,1401.564,57.576,215.88,236.968,221.825,52.85,0.822,0
2026-07-27 10:30:14.328776,1003,31.388,5.911,2.281,16.025,5.613,18.3,187.859,871.003,1385.606,51.661,216.096,231.333,218.054,51.92,0.829,0
2026-07-27 10:31:11.610373,1003,31.683,6.074,3.425,16.7,5.567,17.659,199.529,858.385,1298.989,61.762,213.415,227.385,222.164,51.833,0.832,0
2026-07-27 10:32:01.087957,1003,31.251,6.048,2.218,12.827,5.109,17.677,193.972,883.371,1084.361,64.212,216.006,231.596,218.373,52.675,0.969,0
2026-07-27 10:32:53.036835,1003,31.728,6.026,2.817,17.365,4.895,17.333,205.097,898.665,1445.252,58.144,214.199,228.886,219.851,51.884,0.944,0
2026-07-27 10:33:40.124802,1003,30.256,6.152,2.988,16.482,5.582,18.257,185.397,873.671,1416.061,52.155,215.332,225.971,220.438,52.517,0.884,0
2026-07-27 10:34:32.616226,1003,32.076,5.978,3.615,16.484,5.432,18.537,195.027,849.368,1448.11,57.025,214.776,235.7,221.172,51.923,1.132,0
2026-07-27 10:35:30.488292,1003,31.272,6.278,3.329,15.693,5.195,18.277,191.235,885.967,1452.664,53.681,213.346,231.528,218.078,50.161,0.97,0
2026-07-27 10:36:19.889493,1003,30.876,5.941,3.136,15.38,5.396,17.426,188.601,852.372,1351.252,56.412,213.755,224.305,220.196,53.509,1.097,0
2026-07-27 10:37:14.796743,1003,30.969,6.139,3.53,16.124,5.394,17.326,198.736,843.299,1314.605,58.279,215.791,231.475,219.26,52.363,0.837,0
2026-07-27 10:38:06.154217,1003,31.368,6.146,2.34,16.22,4.938,18.506,193.095,833.317,1197.718,60.255,215.753,229.856,221.191,51.784,1.046,0
2026-07-27 10:38:58.093126,1003,31.445,5.672,3.901,13.286,5.022,18.973,202.983,853.835,1361.524,63.402,213.353,223.501,219.245,52.955,1.108,0
2026-07-27 10:39:52.028685,1003,31.571,6.088,1.253,19.623,5.202,18.649,191.815,880.149,1311.806,60.134,216.364,227.754,217.672,51.323,1.043,0
2026-07-27 10:40:40.108765,1003,30.904,5.872,3.814,14.4,4.62,19.621,192.644,821.087,1283.458,53.056,214.542,227.204,220.437,51.362,0.95,0
2026-07-27 10:41:29.716321,1003,31.936,5.798,2.52,16.153,5.097,18.477,207.088,815.036,1234.505,60.364,213.461,216.54,219.961,51.01,0.968,0
2026-07-27 10:42:18.890121,1003,31.238,5.915,3.217,18.68,4.962,18.689,186.895,815.611,1262.423,56.3,214.341,221.529,222.129,51.86,1.037,0
2026-07-27 10:43:16.165684,1003,31.213,6.032,3.826,15.214,5.251,18.487,190.298,880.635,1235.597,56.774,213.373,232.035,221.153,51.537,1.006,0
2026-07-27 10:44:11.455194,1003,31.387,5.687,3.32,16.545,4.862,18.031,176.461,862.549,1434.399,57.441,214.13,224.443,218.944,51.797,1.12,0
2026-07-27 10:45:06.537090,1003,31.831,6.005,3.212,10.96,5.329,18.401,192.319,893.76,1444.83,58.067,214.426,229.944,221.166,50.971,0.896,0
2026-07-27 10:46:01.689352,1003,31.483,5.956,3.494,11.442,5.267,19.003,199.145,835.949,1286.907,61.753,215.619,232.804,220.115,51.52,1.105,0
2026-07-27 10:46:56.212890,1003,31.229,6.208,2.156,15.941,5.169,19.027,197.459,815.541,1454.094,59.587,215.975,218.791,220.855,52.319,1.032,0
2026-07-27 10:47:43.149185,1003,31.338,5.873,2.242,16.436,5.341,18.715,195.865,896.153,1358.732,52.521,216.276,234.258,219.09,52.956,1.021,0
2026-07-27 10:48:33.288455,1003,32.11,6.238,3.155,18.544,5.378,19.449,189.742,829.672,1474.801,51.191,215.943,226.773,219.544,52.031,0.98,0
2026-07-27 10:49:24.610986,1003,32.028,6.077,2.887,17.843,5.129,18.774,193.858,870.6,1400.702,60.231,212.716,229.12,220.78,51.651,1.116,0
2026-07-27 10:50:17.023170,1003,31.683,5.993,2.822,12.338,5.211,18.696,192.615,812.308,1403.734,59.763,213.266,235.635,220.876,52.441,0.902,0
2026-07-27 10:51:05.849778,1003,31.574,6.255,3.706,18.917,4.996,19.401,194.967,856.243,1370.826,62.797,216.317,231.546,217.471,52.824,0.873,0
2026-07-27 10:51:53.527117,1003,32.657,6.385,3.656,13.262,4.993,18.071,196.045,846.269,1288.653,57.086,214.441,226.75,220.694,52.786,1.002,0
2026-07-27 10:52:42.240630,1003,31.732,5.958,2.475,17.984,5.674,19.357,192.895,809.705,1237.773,58.676,214.834,225.256,218.986,52.358,0.924,0
2026-07-27 10:53:31.874223,1003,31.59,5.852,3.252,14.961,5.139,17.916,195.143,905.866,1367.413,59.505,215.759,225.611,220.281,51.472,1.032,0
2026-07-27 10:54:22.726658,1003,31.399,6.086,2.108,22.246,5.196,18.34,194.413,825.238,1341.895,50.972,216.549,225.123,218.015,51.961,1.208,0
2026-07-27 10:55:16.055896,1003,31.678,5.715,2.095,14.642,5.177,17.398,190.95,823.879,1570.954,50.729,215.564,232.801,221.06,52.17,1.008,0
2026-07-27 10:56:07.575222,1003,29.977,5.74,2.491,15.83,5.311,18.651,195.477,832.024,1413.553,60.591,213.968,229.767,220.811,50.282,1.021,0
2026-07-27 10:57:03.376829,1003,32.014,6.261,2.97,16.364,5.037,19.295,187.337,787.806,1278.217,59.051,213.536,228.38,219.01,52.019,1.173,0
2026-07-27 10:57:57.314281,1003,30.864,6.114,2.628,15.442,5.066,17.937,196.088,841.512,1342.827,63.156,213.715,226.579,220.482,53.207,1.042,0
2026-07-27 10:58:48.343454,1003,31.141,5.828,3.257,13.707,5.481,18.33,188.335,832.031,1318.69,65.244,216.469,230.558,219.956,51.552,1.116,0
2026-07-27 10:59:41.744992,1003,30.8,6.627,2.991,21.069,4.754,18.367,194.847,879.777,1346.658,56.238,216.033,219.585,220.726,50.729,0.97,0
2026-07-27 11:00:33.422356,1003,31.132,5.724,3.635,14.595,5.256,18.371,197.793,860.162,1238.525,56.02,215.055,235.323,218.339,51.534,0.993,0
2026-07-27 11:01:23.583440,1003,31.33,6.124,3.311,14.513,4.954,17.871,189.445,814.234,1427.138,51.802,213.29,226.375,218.545,51.509,0.926,1
2026-07-27 11:02:15.766282,1003,31.945,5.841,2.408,15.748,4.597,18.523,201.197,832.052,1316.407,59.676,216.07,223.501,219.122,52.771,1.049,0
2026-07-27 11:03:09.061207,1003,32.145,6.356,3.513,16.444,5.176,19.442,205.73,913.516,1405.617,48.855,215.227,232.315,219.938,53.844,1.052,0
2026-07-27 11:04:04.192027,1003,32.471,5.894,2.509,14.425,4.854,18.199,191.1,824.556,1298.693,53.425,214.08,232.217,221.958,52.109,1.078,0
2026-07-27 11:05:03.072634,1003,31.551,5.943,3.235,18.193,4.8,18.638,194.132,874.883,1316.212,58.796,214.935,227.188,220.207,51.403,1.046,0
2026-07-27 11:05:59.044567,1003,31.39,5.638,2.719,16.351,5.979,18.633,202.272,831.277,1400.429,54.733,215.608,233.075,221.134,51.153,0.984,0
2026-07-27 11:06:47.931809,1003,31.89,6.417,3.755,16.046,5.363,18.263,184.211,821.912,1173.954,57.302,214.465,231.712,218.948,52.722,1.06,0
2026-07-27 11:07:34.953533,1003,31.073,5.876,3.417,17.284,5.37,18.667,195.2,835.286,1433.919,56.631,213.757,229.095,219.313,52.506,1.161,0
2026-07-27 11:08:30.989808,1003,31.017,6.096,2.605,14.048,5.184,18.271,193.188,893.642,1474.936,52.83,215.227,220.611,219.189,52.82,1.014,0
2026-07-27 11:09:22.602455,1003,31.316,6.001,2.78,14.654,4.842,18.751,200.403,808.447,1473.281,48.823,215.302,228.031,219.762,51.63,0.853,0
2026-07-27 11:10:12.405367,1003,31.483,5.89,4.864,15.949,5.15,18.458,193.529,870.041,1290.42,60.44,212.728,227.537,220.8,53.142,0.891,0
2026-07-27 11:11:09.495977,1003,30.467,5.554,2.281,18.139,5.093,17.657,197.712,886.364,1375.647,56.753,214.914,226.455,219.597,52.122,1.026,0
2026-07-27 11:12:00.909708,1003,32.033,5.954,2.59,15.439,4.623,17.421,190.061,834.992,1312.069,58.926,213.989,225.943,219.637,51.501,0.905,0
2026-07-27 11:12:52.564747,1003,31.62,5.946,2.618,15.271,5.737,17.217,200.71,879.914,1223.675,57.254,215.572,230.657,220.697,50.563,0.945,0
2026-07-27 11:13:42.571672,1003,31.899,6.064,2.339,11.151,5.173,18.254,188.27,875.4,1357.541,57.179,212.956,222.271,219.392,51.64,0.942,0
2026-07-27 11:14:28.225484,1003,30.715,6.429,2.399,14.405,4.95,18.998,200.225,827.609,1226.187,58.187,213.471,232.515,219.071,51.632,1.043,0
2026-07-27 11:15:17.346926,1003,31.167,6.129,2.938,12.204,5.237,18.062,195.457,823.456,1400.954,56.692,212.188,227.288,219.597,51.25,1.174,0
2026-07-27 11:16:07.362619,1003,31.142,6.172,3.272,12.777,4.786,18.352,180.873,846.535,1419.596,56.078,215.498,223.963,222.19,52.313,0.836,0
2026-07-27 11:16:54.246197,1003,31.399,5.939,2.092,16.841,4.919,18.108,195.378,854.137,1459.755,53.279,213.201,226.281,221.057,51.515,1.113,0
2026-07-27 11:17:46.494663,1003,31.483,5.737,2.714,23.633,5.661,17.999,198.642,840.277,1393.557,67.927,213.409,228.336,222.277,51.334,1.108,0
2026-07-27 11:18:39.327233,1003,31.935,5.944,2.542,16.447,5.044,19.822,187.624,867.386,1314.839,61.729,214.891,233.558,218.437,51.358,1.029,0
2026-07-27 11:19:34.165648,1003,31.549,5.853,2.333,16.765,5.195,18.021,189.918,828.56,1333.941,63.762,214.809,230.483,220.468,51.007,0.977,0
2026-07-27 11:20:23.804822,1003,31.129,5.99,3.568,14.251,5.231,17.689,195.533,824.563,1360.438,62.83,215.764,232.461,219.553,51.6,1.084,0
2026-07-27 11:21:09.962848,1003,32.594,5.901,2.564,13.589,5.148,17.963,191.931,851.115,1474.343,56.327,215.885,227.235,219.625,51.618,1.006,0
2026-07-27 11:22:00.940770,1003,31.367,5.664,2.219,20.729,5.038,18.545,196.977,857.626,1475.239,56.737,216.356,226.609,218.151,51.829,0.982,0
2026-07-27 11:22:49.037618,1003,31.047,6.253,3.502,14.148,5.881,18.156,193.745,889.046,1342.851,57.512,216.938,235.299,221.56,52.267,0.801,0
2026-07-27 11:23:40.955267,1003,30.557,5.972,3.713,11.4,4.978,18.672,187.082,864.176,1433.545,55.97,216.251,226.921,218.053,53.072,1.051,0
2026-07-27 11:24:35.662274,1003,31.545,5.934,3.135,16.565,4.932,18.062,208.97,871.573,1306.138,61.187,215.399,225.2,221.067,52.707,1.153,0
2026-07-27 11:25:26.007360,1003,31.845,5.779,2.464,15.012,5.347,18.147,192.961,840.995,1387.082,54.083,215.261,224.771,219.527,50.906,0.846,0
2026-07-27 11:26:17.783406,1003,30.93,5.905,2.842,17.37,4.815,18.076,195.746,841.191,1320.297,53.019,215.74,228.738,218.907,52.625,0.903,0
2026-07-27 11:27:03.390196,1003,31.812,5.827,2.627,19.606,5.506,18.445,205.634,832.569,1370.735,52.055,212.575,222.947,218.854,52.758,0.948,0
2026-07-27 11:27:54.176275,1003,31.542,5.761,2.972,16.849,5.14,18.928,200.177,856.301,1280.139,56.139,214.814,228.269,220.06,52.53,0.969,0
2026-07-27 11:28:51.181997,1003,30.613,6.033,3.408,16.522,5.239,18.992,198.285,855.222,1229.266,55.518,212.807,228.188,219.56,51.684,0.921,0
2026-07-27 11:29:44.922900,1003,31.813,5.906,2.986,17.517,5.289,19.345,201.347,853.808,1244.068,54.901,214.118,229.983,220.005,53.025,1.139,0
2026-07-27 11:30:34.485061,1003,31.367,6.15,2.998,22.221,5.098,17.712,198.309,845.124,1399.562,57.852,213.229,220.151,217.617,51.371,1.219,0
2026-07-27 11:31:22.982904,1003,30.937,5.928,2.708,21.241,5.475,17.876,198.308,849.764,1255.288,52.603,215.467,219.106,217.522,52.747,1.024,0
2026-07-27 11:32:14.903321,1003,31.978,6.023,3.379,15.273,5.395,17.949,198.403,899.049,1321.0,60.618,215.721,225.661,217.815,52.726,0.927,0
2026-07-27 11:33:08.490970,1003,31.969,6.017,3.21,18.185,5.355,18.498,193.988,858.956,1425.684,52.892,216.459,226.914,220.963,52.35,1.017,0
2026-07-27 11:33:58.096525,1003,30.926,6.077,1.952,20.108,4.746,17.854,201.449,867.919,1445.23,52.575,213.839,222.808,221.738,50.741,0.876,0
2026-07-27 11:34:49.491396,1003,31.647,5.832,1.985,17.595,5.095,18.087,199.047,864.597,1266.75,54.797,214.211,221.753,219.684,52.141,0.976,0
2026-07-27 11:35:35.467219,1003,31.602,6.18,2.811,15.847,5.167,18.911,181.202,845.947,1145.971,56.92,216.299,229.316,220.893,52.583,1.06,0
2026-07-27 11:36:30.002925,1003,31.466,5.764,3.553,14.855,5.721,19.142,200.105,866.569,1281.696,61.114,214.386,226.19,220.416,52.034,1.072,0
2026-07-27 11:37:19.331293,1003,31.242,6.008,3.665,16.227,4.776,18.916,190.239,851.604,1367.045,57.187,214.138,230.896,221.403,51.942,1.061,0
2026-07-27 11:38:13.309060,1003,31.426,5.759,3.435,13.378,5.009,18.692,196.458,814.742,1407.049,50.76,215.855,221.721,221.446,51.738,0.948,0
2026-07-27 11:39:06.396159,1003,31.969,5.976,2.914,18.059,5.524,18.102,184.966,834.161,1249.72,59.548,215.622,227.046,218.517,51.631,1.014,0
2026-07-27 11:39:59.837974,1003,31.705,6.178,3.835,19.199,4.918,18.513,191.5,908.811,1199.832,59.467,216.149,234.524,220.231,51.933,0.961,0
2026-07-27 11:40:51.030768,1003,30.536,6.111,2.588,15.087,5.003,19.184,192.814,884.838,1272.838,55.062,215.579,226.251,221.028,52.839,1.096,0
2026-07-27 11:41:48.163685,1003,30.428,6.212,2.806,14.964,5.702,18.897,198.22,842.333,1305.87,58.218,214.527,225.05,221.033,51.508,1.045,0
2026-07-27 11:42:38.132959,1003,30.571,5.939,2.19,13.571,5.31,19.031,191.474,870.573,1527.448,63.525,216.649,231.331,220.92,52.275,1.182,0
2026-07-27 11:43:35.313512,1003,30.821,6.182,2.803,17.074,5.457,19.07,182.005,857.342,1359.336,53.87,216.06,232.618,219.961,50.117,1.036,0
2026-07-27 11:44:28.105161,1003,31.122,5.862,2.509,15.975,5.417,18.303,192.058,901.54,1405.134,61.534,214.979,224.832,220.812,51.632,0.906,0
2026-07-27 11:45:20.491037,1003,31.274,5.908,3.877,12.68,5.235,18.88,192.717,847.242,1443.512,62.815,216.063,225.141,218.295,52.5,0.867,0
2026-07-27 11:46:11.771672,1003,31.467,6.026,3.764,22.704,5.227,18.272,198.798,857.51,1311.789,58.238,214.984,231.134,218.354,52.704,1.017,0
2026-07-27 11:47:04.121608,1003,31.483,6.17,3.036,11.91,5.466,18.857,195.888,827.885,1358.539,52.338,213.887,228.76,221.81,51.221,0.743,0
2026-07-27 11:47:56.152241,1003,31.476,5.891,3.266,12.688,4.946,19.236,190.4,847.102,1371.505,62.989,215.133,228.855,221.306,52.198,0.955,0
2026-07-27 11:48:53.590148,1003,32.072,6.139,2.656,18.161,5.72,19.432,196.662,771.506,1401.536,61.347,217.312,228.494,221.899,52.545,0.935,0
2026-07-27 11:49:41.801767,1003,30.662,6.046,1.554,17.511,5.04,18.857,206.002,858.532,1339.07,59.803,216.25,227.287,219.815,51.433,0.911,0
2026-07-27 11:50:33.195634,1003,31.667,6.067,2.565,14.357,5.507,18.736,202.022,880.102,1438.737,57.28,215.499,231.711,218.827,50.826,1.015,0
2026-07-27 11:51:22.242862,1003,31.665,5.829,3.426,14.209,5.352,19.333,183.543,900.075,1443.797,62.361,213.924,233.332,219.776,51.052,0.886,0
2026-07-27 11:52:12.447867,1003,30.869,5.923,3.25,17.053,5.036,17.981,209.851,864.948,1325.908,53.93,213.581,223.175,222.326,50.879,0.826,0
2026-07-27 11:53:04.502284,1003,31.767,5.981,2.777,16.87,5.345,19.368,202.103,840.404,1414.522,61.1,214.707,231.226,218.994,52.492,1.053,0
2026-07-27 11:54:01.197034,1003,31.686,6.067,3.422,14.381,5.238,18.578,204.512,827.178,1383.083,56.149,214.271,227.316,219.792,52.065,0.959,0
2026-07-27 11:54:54.702892,1003,31.478,5.839,2.732,18.286,4.67,18.583,185.881,837.216,1576.253,50.459,215.021,222.099,221.461,51.692,1.036,0
2026-07-27 11:55:43.718549,1003,30.291,5.742,2.349,17.315,5.174,18.229,192.514,804.644,1426.176,53.281,215.181,223.618,220.097,51.369,1.018,0
2026-07-27 11:56:34.802905,1003,31.982,5.573,3.422,19.074,4.825,17.796,198.531,843.697,1382.831,59.196,213.293,225.78,219.535,52.764,1.058,0
2026-07-27 11:57:30.398789,1003,31.613,6.149,2.651,15.885,5.352,19.383,188.271,815.456,1301.611,58.433,213.994,231.944,220.907,51.843,1.023,0
2026-07-27 11:58:20.575221,1003,31.702,6.189,3.585,17.863,5.158,18.742,198.167,833.68,1262.07,59.362,214.575,223.156,219.428,52.215,1.063,0
2026-07-27 11:59:12.997051,1003,29.805,5.598,1.861,15.475,5.463,18.278,204.8,845.074,1394.859,55.958,215.524,219.937,220.573,51.354,1.186,0
2026-07-27 12:00:06.272731,1003,31.234,6.015,2.675,17.244,4.991,18.71,193.001,860.552,1204.796,58.386,215.568,226.388,217.103,51.165,1.036,0
2026-07-27 12:00:57.588380,1003,30.783,5.925,3.34,16.823,4.811,18.298,205.22,803.117,1488.034,60.127,213.76,225.495,217.898,52.7,1.061,0
2026-07-27 12:01:46.740176,1003,32.147,6.243,3.282,17.951,4.877,17.477,199.215,841.05,1174.953,67.412,213.53,231.997,219.72,52.049,1.012,0
2026-07-27 12:02:39.524912,1003,30.947,5.958,2.874,17.195,5.806,18.393,183.848,870.895,1262.521,55.853,213.864,228.579,221.601,52.11,0.791,0
2026-07-27 12:03:38.716788,1003,32.24,6.109,3.164,11.656,6.109,17.656,189.787,891.593,1435.001,61.804,215.956,230.492,219.803,52.218,0.985,0
2026-07-27 12:04:29.262762,1003,31.976,5.915,3.08,14.559,5.8,18.643,201.65,848.844,1346.99,60.216,214.431,225.848,219.937,52.682,1.147,0
2026-07-27 12:05:19.591936,1003,31.611,5.863,2.151,16.191,4.738,19.452,188.807,914.719,1365.558,58.015,215.128,222.386,220.3,52.806,1.053,0
2026-07-27 12:06:13.905564,1003,32.068,6.153,2.793,17.073,4.787,18.115,201.475,871.308,1291.564,52.034,215.5,233.011,219.506,51.208,0.946,0
2026-07-27 12:07:13.341628,1003,31.028,6.216,3.13,17.897,4.88,18.975,198.67,852.788,1339.154,63.337,216.473,225.023,218.069,51.809,1.04,0
2026-07-27 12:08:02.689078,1003,31.117,5.746,3.289,17.262,5.432,18.116,196.875,887.059,1408.158,58.545,213.535,230.219,220.826,51.269,0.877,0
2026-07-27 12:08:51.001275,1003,31.961,6.228,2.963,14.379,5.832,18.488,191.536,836.294,1279.258,55.018,216.455,225.954,220.319,52.115,1.076,0
2026-07-27 12:09:45.485642,1003,31.03,5.805,2.685,18.112,5.471,17.973,196.807,820.612,1327.725,53.786,215.694,230.262,220.411,51.718,0.946,0
2026-07-27 12:10:40.041738,1003,30.837,5.534,2.239,14.139,5.257,18.872,205.095,877.937,1350.45,58.596,217.001,228.769,218.663,51.773,1.019,0
2026-07-27 12:11:28.996050,1003,31.339,6.002,3.429,18.905,4.923,19.308,192.66,866.389,1326.982,53.561,216.686,228.038,221.832,51.834,0.888,0
2026-07-27 12:12:20.068500,1003,31.059,6.101,3.366,19.059,5.114,18.615,198.661,881.283,1413.822,55.111,215.132,229.236,219.485,51.798,1.024,0
2026-07-27 12:13:08.454766,1003,32.433,5.697,3.563,15.977,5.227,18.821,207.038,880.613,1389.052,55.016,214.102,226.488,221.717,53.758,0.736,0
2026-07-27 12:13:59.310276,1003,31.888,5.603,2.385,14.51,5.465,18.82,196.574,909.299,1341.107,57.694,215.793,220.34,217.468,50.638,0.952,0
2026-07-27 12:14:50.410170,1003,31.212,5.901,3.07,14.399,5.05,18.351,192.056,808.908,1204.99,60.022,213.657,228.713,219.488,51.885,0.916,0
2026-07-27 12:15:45.378923,1003,30.999,5.874,2.605,13.484,5.32,19.284,191.991,840.72,1450.456,56.166,215.259,232.311,221.827,50.944,0.92,0
2026-07-27 12:16:41.198593,1003,31.669,6.274,3.026,13.878,5.283,18.189,182.498,842.652,1271.482,56.607,214.107,227.314,219.829,52.107,0.621,0
2026-07-27 12:17:32.899332,1003,32.094,6.002,4.657,15.585,5.23,17.557,187.731,884.835,1500.965,57.955,214.711,226.183,217.053,51.001,0.924,0
2026-07-27 12:18:29.586938,1003,31.645,6.147,3.515,14.713,5.081,17.947,197.03,861.81,1278.189,54.356,212.382,228.597,218.848,51.947,1.028,0
2026-07-27 12:19:24.580091,1003,31.024,6.042,2.569,12.297,5.236,18.869,200.819,884.947,1371.602,55.034,214.899,231.613,220.336,51.48,0.901,0
2026-07-27 12:20:12.462517,1003,30.782,6.314,2.856,14.888,5.171,18.268,192.443,859.211,1404.054,55.537,215.144,226.32,221.723,52.746,1.05,0
2026-07-27 12:21:07.996259,1003,31.311,5.822,2.794,16.214,4.965,18.556,200.742,850.464,1333.288,58.71,214.361,221.223,219.655,50.952,1.098,0
2026-07-27 12:22:02.519933,1003,31.658,5.982,3.071,15.22,5.465,18.357,200.365,870.741,1376.516,64.257,214.899,228.163,221.314,51.043,1.032,0
2026-07-27 12:23:00.516136,1003,31.265,5.686,2.131,13.942,5.672,18.609,190.375,858.577,1325.985,52.268,213.699,229.031,220.474,51.191,1.042,0
2026-07-27 12:23:53.348356,1003,32.004,6.162,3.185,10.5,5.251,19.156,191.425,862.303,1510.581,58.504,215.935,228.231,219.506,52.254,1.029,0
2026-07-27 12:24:50.880286,1003,31.764,6.223,1.793,18.635,5.186,19.415,186.923,869.905,1367.187,56.536,215.03,225.423,220.944,52.137,1.059,0
2026-07-27 12:25:37.473508,1003,31.619,6.175,2.047,15.909,5.428,17.918,199.464,863.579,1340.106,56.787,217.686,228.905,221.153,51.782,0.925,0
2026-07-27 12:26:28.090946,1003,31.754,5.975,4.141,16.738,5.256,19.059,195.022,879.5,1370.759,55.45,215.351,226.531,219.655,52.437,0.905,0
2026-07-27 12:27:13.909508,1003,30.805,5.702,2.794,16.416,5.542,18.618,200.326,852.502,1446.239,62.293,215.459,225.664,219.137,50.402,0.908,0
2026-07-27 12:28:04.948393,1003,31.251,5.983,3.813,17.144,5.232,17.766,194.642,855.919,1383.186,47.311,214.437,226.3,218.059,51.818,1.073,0
2026-07-27 12:28:57.466550,1003,30.98,5.864,2.538,16.553,5.376,18.797,189.357,821.974,1365.59,52.73,216.431,228.227,220.501,51.975,0.906,0
2026-07-27 12:29:49.387183,1003,31.692,6.185,1.802,16.227,5.72,19.609,199.678,879.509,1228.055,62.078,214.486,228.679,219.308,52.113,0.966,0
2026-07-27 12:30:44.291932,1003,30.987,5.915,2.401,17.756,5.58,18.057,183.111,900.628,1448.204,62.392,217.074,225.343,220.627,52.034,0.952,0
2026-07-27 12:31:44.024216,1003,31.541,5.91,4.532,18.249,5.153,18.363,192.977,798.739,1379.774,64.892,217.04,228.336,220.351,52.164,1.018,0
2026-07-27 12:32:34.904306,1003,31.418,6.435,2.196,19.182,5.524,17.536,190.354,869.588,1312.143,58.788,214.385,229.104,220.423,52.302,1.067,0
2026-07-27 12:33:30.873051,1003,31.8,6.16,4.013,14.087,4.88,18.43,204.153,846.767,1377.771,59.525,214.668,229.841,219.803,53.352,1.067,0
2026-07-27 12:34:25.090871,1003,30.902,6.215,3.197,16.574,5.14,18.596,205.499,845.654,1468.226,49.675,214.129,229.524,218.469,52.49,0.802,0
2026-07-27 12:35:18.253713,1003,31.726,5.898,3.068,12.308,5.45,19.684,197.539,869.202,1410.78,57.512,213.396,232.971,220.567,50.935,1.037,0
2026-07-27 12:36:12.925664,1003,30.965,5.78,2.573,14.893,5.659,17.939,191.527,850.138,1517.327,59.85,215.352,230.382,221.006,52.577,0.993,0
2026-07-27 12:37:03.861960,1003,31.018,6.213,2.486,15.547,4.975,19.078,205.327,862.384,1424.32,55.451,215.005,235.918,222.79,51.885,1.018,0
2026-07-27 12:37:59.158859,1003,31.429,6.298,3.322,17.704,5.192,18.68,190.81,840.569,1186.002,57.113,215.794,231.832,219.287,51.59,0.961,0
2026-07-27 12:38:46.658349,1003,32.097,5.743,3.752,15.729,5.201,19.84,186.696,894.639,1457.18,62.675,214.94,231.699,218.743,50.976,0.911,0
2026-07-27 12:39:39.153767,1003,31.079,5.897,3.112,17.547,5.172,18.605,183.077,844.243,1201.827,63.618,216.047,222.35,218.599,51.784,1.105,0
2026-07-27 12:40:30.200315,1003,30.611,5.817,3.422,15.206,4.835,18.469,195.614,828.924,1464.83,58.551,214.943,230.677,219.94,52.129,0.976,0
2026-07-27 12:41:29.965794,1003,31.027,6.096,2.757,14.671,5.35,19.008,184.71,861.062,1425.234,57.286,214.766,231.074,220.963,52.515,1.133,0
2026-07-27 12:42:18.607844,1003,31.307,6.217,4.239,14.155,4.817,18.793,203.513,826.787,1492.797,60.561,215.105,227.314,221.069,51.219,0.995,0
2026-07-27 12:43:12.148788,1003,32.435,5.926,3.136,17.589,5.541,19.061,191.517,857.81,1387.645,55.948,215.912,218.9,221.883,51.699,0.998,0
2026-07-27 12:44:08.095153,1003,31.694,5.926,4.159,15.13,5.605,18.837,187.282,898.766,1374.328,61.885,214.556,217.717,220.463,51.643,0.922,0
2026-07-27 12:44:58.347760,1003,31.123,5.609,2.45,10.419,5.008,17.615,201.694,849.7,1455.285,55.295,216.09,226.326,218.561,51.592,0.997,0
2026-07-27 12:45:50.468680,1003,31.429,5.809,2.974,17.462,4.819,18.813,200.255,811.724,1249.972,60.65,214.115,225.241,220.288,50.925,1.1,0
2026-07-27 12:46:40.888030,1003,32.285,6.301,3.611,13.863,5.19,18.799,204.98,838.962,1353.426,57.417,214.623,221.236,217.481,51.247,0.985,0
2026-07-27 12:47:31.537044,1003,31.38,6.099,3.081,16.444,5.044,18.056,184.803,874.561,1330.449,54.9,212.762,229.126,219.584,51.779,1.022,0
2026-07-27 12:48:28.808425,1003,31.386,6.185,3.295,13.403,5.137,18.674,183.539,854.1,1313.494,59.009,214.59,222.739,219.491,52.43,1.178,0
2026-07-27 12:49:14.925962,1003,31.297,5.927,2.443,16.034,5.227,17.398,204.364,871.337,1301.491,55.852,213.654,220.504,220.552,51.828,0.867,0
2026-07-27 12:50:07.793409,1003,31.848,5.945,2.769,9.398,4.921,18.653,178.163,832.652,1363.434,61.676,215.665,236.166,220.528,51.153,0.897,0
2026-07-27 12:50:53.293083,1003,31.237,6.004,2.501,15.923,5.698,18.911,187.707,839.053,1411.056,53.324,215.611,229.62,219.113,51.808,1.033,0
2026-07-27 12:51:48.273701,1003,31.936,6.065,2.951,13.987,5.008,19.076,195.332,869.376,1476.421,58.444,216.46,225.711,219.148,51.122,0.811,0
2026-07-27 12:52:39.083551,1003,32.031,6.275,2.893,13.084,5.481,18.92,187.023,897.716,1325.792,54.425,216.994,221.567,220.077,52.511,1.056,0
2026-07-27 12:53:25.709006,1003,31.807,5.865,2.698,17.758,4.933,17.968,196.268,839.769,1318.76,62.545,214.805,223.78,220.572,53.039,0.912,0
2026-07-27 12:54:17.259040,1003,31.388,5.972,3.36,15.727,5.218,17.621,188.108,852.085,1110.216,60.502,214.115,224.885,220.883,52.057,0.95,0
2026-07-27 12:55:05.501390,1003,30.801,5.841,2.393,15.439,5.335,19.065,202.74,882.897,1474.483,57.312,215.563,225.217,219.417,52.463,1.093,0
2026-07-27 12:56:00.610404,1003,31.388,5.606,1.775,14.334,5.241,18.743,199.307,854.8,1234.568,57.436,214.534,226.145,219.941,51.491,0.862,0
2026-07-27 12:56:55.867362,1003,31.166,6.184,2.674,18.058,5.124,18.796,196.651,869.495,1390.836,64.574,214.274,222.54,218.75,52.151,0.781,0
2026-07-27 12:57:44.313372,1003,31.11,6.349,4.227,15.0,5.052,19.509,192.87,829.536,1374.869,60.688,214.979,223.831,218.766,51.947,0.767,0
2026-07-27 12:58:38.026427,1003,31.38,6.153,3.291,19.422,5.078,17.536,188.799,851.103,1434.18,54.326,214.294,220.314,217.68,52.665,1.031,0
2026-07-27 12:59:28.023814,1003,31.74,6.046,2.518,18.828,4.997,19.582,194.192,832.98,1275.236,61.426,217.471,219.184,219.241,51.551,1.092,0
2026-07-27 13:00:19.135040,1003,31.189,6.371,3.254,19.278,5.3,18.163,187.609,802.118,1398.802,55.136,214.684,221.051,221.535,51.909,0.882,0
2026-07-27 13:01:17.366469,1003,30.813,6.092,2.924,18.226,5.749,18.995,206.502,825.35,1488.422,58.143,214.963,224.939,221.7,51.193,1.117,0
2026-07-27 13:02:08.209983,1003,31.021,6.161,3.221,14.606,5.308,18.492,196.916,863.998,1369.764,48.687,215.971,226.207,220.681,52.412,0.992,0
2026-07-27 13:03:04.797344,1003,32.345,6.028,3.502,16.121,5.379,18.293,189.779,867.003,1275.525,60.923,217.628,229.454,221.207,51.517,1.004,0
2026-07-27 13:04:02.330183,1003,31.774,6.059,3.11,15.533,5.525,17.595,204.395,873.289,1225.289,54.687,214.729,229.244,220.972,51.737,1.101,0
2026-07-27 13:04:53.367080,1003,31.021,5.973,3.069,17.928,5.065,18.097,194.723,865.76,1476.56,56.628,212.754,230.12,220.208,51.334,0.803,0
2026-07-27 13:05:46.279261,1003,32.145,6.167,3.847,15.976,4.659,18.78,203.393,844.562,1312.669,51.649,214.908,226.219,217.077,51.825,1.07,0
2026-07-27 13:06:36.839310,1003,31.38,5.782,3.308,15.441,5.201,18.713,203.211,797.84,1329.555,58.258,212.953,230.253,222.719,52.458,0.796,0
2026-07-27 13:07:28.928695,1003,32.639,6.084,3.111,19.813,5.456,19.071,197.619,817.821,1564.923,57.796,214.38,218.498,219.751,52.206,0.819,0
2026-07-27 13:08:23.026179,1003,31.631,5.829,3.024,15.247,5.803,18.085,187.384,883.038,1428.45,52.148,216.797,230.036,219.745,52.85,0.837,0
2026-07-27 13:09:14.808018,1003,31.783,6.102,2.677,14.564,4.906,18.948,191.517,826.578,1447.381,57.637,214.038,227.333,221.753,51.498,1.062,0
2026-07-27 13:10:08.080655,1003,31.919,6.479,2.29,15.076,5.53,18.54,216.535,848.84,1489.536,56.386,213.745,231.539,220.192,51.962,1.068,0
2026-07-27 13:10:57.962385,1003,32.243,6.14,3.382,18.464,5.278,18.88,191.693,852.82,1217.402,62.641,216.03,216.244,223.022,52.761,1.092,0
2026-07-27 13:11:47.214077,1003,31.28,6.235,3.728,16.432,5.083,18.808,193.456,810.829,1480.452,54.524,214.738,231.331,219.003,51.3,0.99,0
2026-07-27 13:12:38.118976,1003,32.2,6.18,3.244,17.054,4.886,18.217,192.169,860.634,1492.026,59.512,216.452,220.67,221.244,52.799,0.952,0
2026-07-27 13:13:30.617718,1003,31.188,5.535,3.323,16.543,5.025,18.651,189.362,895.306,1312.077,51.324,214.665,232.201,219.706,53.028,1.048,0
2026-07-27 13:14:26.701077,1003,31.319,5.974,2.494,10.956,5.372,18.777,199.224,850.456,1413.92,57.836,215.774,223.959,220.12,51.19,0.977,0
2026-07-27 13:15:18.186021,1003,31.504,6.09,2.66,13.542,5.567,18.972,186.967,843.191,1432.24,59.002,213.149,229.245,218.943,53.668,1.016,0
2026-07-27 13:16:11.524231,1003,31.96,5.582,2.269,15.359,4.383,19.403,190.015,817.407,1289.834,59.211,213.878,227.138,219.244,51.771,0.984,0
2026-07-27 13:17:00.644099,1003,31.335,5.943,2.858,16.724,5.354,18.119,196.852,843.057,1427.734,57.001,214.778,231.762,221.548,50.782,0.986,0
2026-07-27 13:17:55.381701,1003,32.325,5.984,3.56,13.736,5.028,17.8,193.496,866.697,1296.005,64.773,214.515,228.135,220.622,51.194,1.216,0
2026-07-27 13:18:46.222812,1003,32.163,5.754,2.602,13.665,5.056,19.272,195.979,850.815,1570.324,55.986,217.998,234.095,220.508,51.854,1.092,0
2026-07-27 13:19:37.586104,1003,31.52,5.806,2.957,15.282,5.325,17.728,194.814,838.248,1363.741,59.523,216.219,224.476,218.041,51.676,1.045,0
2026-07-27 13:20:29.832833,1003,31.017,6.267,3.4,19.05,5.776,19.12,187.967,880.171,1398.202,56.178,216.187,223.153,218.075,51.411,0.95,0
2026-07-27 13:21:20.193048,1003,32.001,5.284,3.689,11.048,4.985,17.954,203.787,843.414,1211.656,53.981,214.795,224.755,218.893,51.095,0.999,0
2026-07-27 13:22:08.785258,1003,30.452,6.054,2.061,9.901,5.171,18.122,201.858,838.593,1383.66,52.512,213.328,230.16,219.525,50.98,1.1,0
2026-07-27 13:23:02.261721,1003,31.871,6.233,2.728,19.991,4.727,18.453,189.266,855.095,1453.699,53.659,217.008,230.334,219.877,53.12,1.013,0
2026-07-27 13:23:57.148787,1003,31.088,5.995,2.579,12.48,5.332,17.629,197.861,888.903,1273.959,60.038,213.055,222.094,220.38,52.213,0.948,0
2026-07-27 13:24:45.040901,1003,32.128,6.282,2.5,15.068,4.993,17.918,192.056,846.518,1305.609,63.074,214.34,223.938,221.227,52.666,0.809,0
2026-07-27 13:25:37.873239,1003,30.807,5.915,2.782,12.548,5.673,17.496,201.5,825.319,1289.576,60.025,215.688,228.711,221.764,51.309,0.952,0
2026-07-27 13:26:30.658548,1003,31.169,5.819,1.89,15.304,5.308,18.902,200.154,866.829,1251.892,56.093,218.13,232.731,220.233,51.689,1.068,0
2026-07-27 13:27:21.587538,1003,31.719,5.998,2.79,15.687,5.115,18.493,202.536,841.379,1239.895,54.861,217.089,224.55,218.985,51.255,0.854,0
2026-07-27 13:28:12.501840,1003,31.801,5.924,3.02,19.705,5.117,18.509,189.316,867.09,1437.486,58.19,215.748,221.509,220.875,51.617,1.154,0
2026-07-27 13:29:07.893831,1003,31.187,5.886,2.405,17.658,5.309,18.463,186.871,791.587,1242.417,53.126,217.579,231.713,220.221,52.712,1.02,0
2026-07-27 13:30:06.711906,1003,31.334,5.964,2.725,13.049,5.407,18.489,183.849,852.068,1198.39,61.212,214.407,220.157,220.56,51.664,1.147,0
2026-07-27 13:31:02.817670,1003,31.976,5.842,3.011,11.612,4.849,18.211,211.051,843.79,1304.767,59.052,215.541,229.768,221.447,51.896,0.984,0
2026-07-27 13:31:56.556794,1003,32.003,5.832,3.068,17.149,5.155,19.074,200.437,823.172,1354.265,53.435,216.751,218.392,219.535,51.5,0.75,0
2026-07-27 13:32:52.293503,1003,31.324,5.776,2.068,14.805,5.199,17.442,202.47,815.824,1399.328,63.764,213.317,226.994,221.747,52.51,0.949,0
2026-07-27 13:33:45.816624,1003,31.196,6.083,3.399,14.337,5.264,17.634,186.397,842.878,1274.572,52.434,215.451,226.016,218.29,51.573,0.919,0
2026-07-27 13:34:35.722752,1003,30.815,5.8,3.413,18.725,5.592,19.315,198.813,819.987,1299.999,57.717,215.531,224.214,220.874,52.859,0.897,0
2026-07-27 13:35:28.901449,1003,31.627,5.752,2.577,11.96,4.772,18.66,184.67,764.991,1395.978,61.002,215.493,233.546,219.219,51.727,1.044,0
2026-07-27 13:36:16.749720,1003,31.906,5.785,3.956,15.157,5.487,17.285,197.731,816.917,1426.883,60.584,213.748,227.15,220.27,53.696,0.891,0
2026-07-27 13:37:06.469115,1003,31.576,6.041,3.26,17.451,5.309,18.692,195.123,815.661,1455.697,54.875,215.523,226.793,220.395,52.839,0.832,0
2026-07-27 13:38:01.439716,1003,31.038,6.134,3.177,13.285,5.051,17.546,193.21,851.849,1390.76,55.768,215.353,226.421,219.579,51.963,0.921,0
2026-07-27 13:38:52.879763,1003,32.393,6.15,3.389,18.986,5.442,19.28,191.748,816.524,1209.092,53.486,214.34,224.274,219.23,52.048,1.082,0
2026-07-27 13:39:42.323208,1003,30.448,6.043,2.411,13.673,5.085,19.052,202.055,850.981,1275.61,58.419,215.936,235.176,218.981,52.96,0.961,0
2026-07-27 13:40:32.467505,1003,31.939,6.107,2.799,15.838,4.656,19.758,191.862,823.359,1456.587,60.944,216.621,225.917,220.344,52.228,0.89,0
2026-07-27 13:41:20.678860,1003,31.608,5.989,3.352,14.405,4.17,18.321,203.12,873.693,1500.517,49.481,214.156,235.29,220.761,52.42,0.945,0
2026-07-27 13:42:13.706367,1003,31.734,6.091,2.545,9.698,4.835,17.77,194.716,861.865,1342.546,59.835,215.594,224.033,222.185,53.48,1.109,0
2026-07-27 13:43:04.390209,1003,31.107,6.088,2.799,15.033,5.037,18.176,197.242,842.297,1335.068,55.434,216.657,227.576,219.693,52.144,1.042,0
2026-07-27 13:43:55.637021,1003,31.424,5.854,3.343,17.822,5.252,18.189,198.302,855.174,1264.919,57.109,216.679,225.492,218.158,50.529,1.048,0
2026-07-27 13:44:48.939220,1003,31.647,5.785,3.177,13.621,5.379,18.731,197.758,867.668,1470.727,53.028,214.814,224.125,220.567,52.121,1.041,0
2026-07-27 13:45:42.010084,1003,31.457,6.27,3.012,14.555,5.123,17.401,196.371,852.773,1260.041,54.901,216.287,226.706,217.913,52.821,0.807,0
2026-07-27 13:46:30.315689,1003,30.603,6.025,3.036,14.812,4.777,18.497,207.916,855.094,1516.746,65.868,214.709,234.492,221.922,52.22,0.975,0
2026-07-27 13:47:18.724483,1003,32.356,6.21,2.9,17.233,5.086,17.891,201.773,789.888,1343.059,56.079,215.981,232.908,220.91,51.189,1.099,0
2026-07-27 13:48:10.508754,1003,31.825,5.78,3.486,15.173,5.135,18.192,179.66,835.968,1276.907,57.454,214.113,227.603,218.79,51.94,0.748,0
2026-07-27 13:49:04.540095,1003,31.517,5.919,4.191,16.053,5.721,19.33,193.751,828.421,1198.436,53.658,213.174,221.76,218.098,53.039,0.774,0
2026-07-27 13:49:54.455159,1003,31.55,5.725,3.167,16.083,5.367,19.102,203.916,881.474,1327.011,68.348,215.639,228.852,218.966,51.007,0.87,0
2026-07-27 13:50:44.804288,1003,32.342,6.129,3.731,14.796,4.703,18.938,190.121,839.678,1339.269,59.457,216.056,225.278,220.637,50.796,0.906,0
2026-07-27 13:51:37.245135,1003,31.129,5.877,2.751,19.886,5.105,18.882,195.028,831.433,1322.903,57.41,215.847,223.447,219.077,51.414,0.992,0
2026-07-27 13:52:29.630192,1003,31.016,5.889,2.612,13.642,5.409,18.341,195.476,867.846,1350.429,61.366,214.019,230.182,220.892,52.803,0.845,0
2026-07-27 13:53:21.470894,1003,31.925,6.391,2.551,17.617,5.206,18.471,204.552,806.949,1467.777,58.991,212.032,222.121,221.126,50.567,1.043,0
2026-07-27 13:54:14.670112,1003,31.731,6.133,2.477,18.934,4.713,17.556,188.72,848.501,1402.6,56.777,216.048,227.936,219.314,52.085,1.233,0
2026-07-27 13:55:03.841671,1003,30.995,6.131,2.833,15.682,5.446,17.76,189.58,793.685,1366.557,56.961,216.75,229.375,221.06,52.347,0.925,0
2026-07-27 13:56:00.565849,1003,32.044,5.76,3.505,16.14,5.309,18.576,198.033,830.112,1447.043,51.035,212.726,230.268,221.45,52.001,0.833,0
2026-07-27 13:56:51.630612,1003,31.647,5.628,3.572,17.22,5.153,17.828,197.068,837.575,1272.116,55.965,214.633,222.113,220.679,50.963,0.941,0
2026-07-27 13:57:48.874400,1003,31.051,6.194,2.709,15.146,4.958,18.914,198.132,893.255,1410.636,55.378,213.876,234.522,220.654,52.092,1.048,0
2026-07-27 13:58:34.083946,1003,31.745,5.552,2.815,11.639,5.504,18.47,196.934,846.682,1409.02,58.848,215.295,228.62,219.325,51.237,1.005,0
2026-07-27 13:59:20.798577,1003,31.67,5.9,2.999,15.426,4.656,18.321,194.289,825.176,1477.474,56.611,216.604,227.387,222.437,52.102,1.069,0
2026-07-27 14:00:12.539729,1003,31.456,5.838,3.133,19.785,4.734,18.136,198.362,847.129,1233.497,60.38,214.72,221.818,218.822,51.376,0.957,0
2026-07-27 14:01:07.662622,1003,31.692,5.815,3.334,17.308,4.98,18.77,196.232,892.778,1276.375,57.919,214.393,223.924,219.469,52.232,1.024,0
2026-07-27 14:02:00.391033,1003,31.813,5.912,2.772,16.177,5.291,18.907,193.505,791.418,1281.137,53.967,215.469,225.879,221.126,51.965,1.27,0
2026-07-27 14:02:52.055018,1003,31.957,5.789,2.886,17.739,4.791,17.972,194.62,873.405,1390.646,63.753,212.451,227.259,219.549,51.115,0.944,0
2026-07-27 14:03:44.944796,1003,31.554,5.757,3.772,15.668,5.037,18.185,191.762,862.0,1369.039,55.876,216.005,228.82,219.64,52.387,0.987,0
2026-07-27 14:04:36.879135,1003,31.365,6.051,2.841,16.068,5.098,18.387,190.752,847.617,1398.259,59.828,216.269,225.891,218.367,51.897,1.038,0
2026-07-27 14:05:35.002061,1003,31.62,6.213,2.672,15.008,5.303,18.693,198.345,841.993,1170.916,51.993,215.006,233.456,219.437,52.223,1.263,0
2026-07-27 14:06:25.396036,1003,32.095,5.653,2.951,17.098,5.117,18.685,187.159,892.676,1475.137,60.735,214.472,225.783,222.897,52.137,1.082,0
2026-07-27 14:07:21.372485,1003,31.815,6.039,3.045,14.767,5.118,18.439,199.133,871.833,1369.976,50.629,214.662,228.186,219.568,52.701,1.0,0
2026-07-27 14:08:11.063003,1003,31.337,6.108,2.122,15.275,4.988,18.925,193.417,820.908,1396.968,65.636,214.667,232.149,221.535,52.403,0.937,0
2026-07-27 14:09:02.145529,1003,31.528,6.089,2.747,18.022,5.527,18.419,194.381,851.648,1381.477,60.376,214.931,225.067,219.401,52.283,1.136,0
2026-07-27 14:09:51.116289,1003,32.333,5.956,3.239,15.553,5.398,17.662,193.936,887.112,1296.635,56.586,213.127,221.632,218.721,50.668,0.979,0
2026-07-27 14:10:45.776930,1003,31.875,5.881,4.143,17.3,5.387,19.302,198.019,866.599,1394.032,59.9,215.497,225.632,219.065,51.694,1.156,0
2026-07-27 14:11:41.560932,1003,31.576,6.152,2.699,17.49,4.967,19.088,203.881,858.608,1356.479,52.177,214.559,231.206,220.87,50.153,0.959,0
2026-07-27 14:12:33.018317,1003,32.07,6.067,3.436,15.824,5.046,17.674,205.821,813.21,1355.35,56.65,215.025,227.661,217.381,50.949,0.922,0
2026-07-27 14:13:26.719958,1003,31.228,5.621,3.102,15.196,5.343,18.607,201.286,918.087,1391.921,60.629,214.306,230.214,222.046,52.731,0.828,0
2026-07-27 14:14:19.118711,1003,31.664,5.956,3.661,12.965,5.024,19.28,195.471,871.922,1341.286,59.907,215.457,221.861,220.573,51.591,1.045,0
2026-07-27 14:15:12.972445,1003,32.438,6.011,2.647,13.478,4.922,18.317,199.796,902.72,1234.342,57.467,216.595,220.596,219.551,52.714,0.789,0
2026-07-27 14:16:08.662149,1003,31.827,5.781,3.629,17.401,5.287,18.963,182.868,859.737,1334.572,58.825,215.25,229.812,219.048,51.362,1.126,0
2026-07-27 14:16:57.096799,1003,32.31,5.951,3.799,17.358,4.808,19.166,198.647,850.471,1488.127,62.039,213.036,228.847,219.374,51.816,0.83,0
2026-07-27 14:17:45.801849,1003,31.458,6.098,3.823,13.723,5.137,18.661,197.338,832.313,1302.959,60.537,215.005,223.534,221.381,52.016,0.788,0
2026-07-27 14:18:36.082831,1003,31.262,5.835,3.814,16.912,5.468,19.786,185.732,879.282,1357.997,49.61,215.252,222.565,218.107,52.995,0.983,0
2026-07-27 14:19:26.709568,1003,32.08,6.047,3.109,16.498,5.244,18.89,191.513,894.43,1420.92,57.467,214.934,226.687,219.934,52.615,1.093,0
2026-07-27 14:20:19.364791,1003,30.586,5.802,3.333,18.152,4.886,18.561,196.666,881.198,1530.142,57.578,214.081,227.19,221.355,51.566,0.975,0
2026-07-27 14:21:11.400620,1003,31.59,5.753,2.761,20.981,5.342,18.4,197.29,916.414,1328.262,52.248,214.945,222.258,217.569,51.57,1.072,0
2026-07-27 14:22:02.775926,1003,32.015,6.123,1.733,17.322,5.02,18.472,200.743,854.801,1245.689,53.066,216.01,227.089,219.246,52.049,1.023,0
2026-07-27 14:22:54.545041,1003,31.781,6.235,3.146,14.411,5.454,18.161,205.018,832.994,1407.164,63.788,214.645,221.289,218.184,53.589,1.063,0
2026-07-27 14:23:47.237491,1003,30.449,5.763,2.908,17.71,5.353,17.832,194.105,858.461,1280.957,54.451,216.656,224.707,218.453,51.978,1.161,0
2026-07-27 14:24:36.844903,1003,30.827,6.191,3.549,13.604,5.096,17.961,188.172,874.318,1375.102,55.722,214.22,221.862,220.26,51.35,0.911,0
2026-07-27 14:25:22.240674,1003,31.443,5.997,3.491,21.109,4.975,18.415,199.932,843.38,1401.512,54.141,213.763,226.926,220.779,51.384,1.005,0
2026-07-27 14:26:11.414951,1003,31.737,5.557,2.395,13.179,4.945,18.982,202.727,849.74,1309.254,59.236,214.722,224.697,219.508,51.8,0.773,0
2026-07-27 14:27:06.873209,1003,31.757,5.713,4.333,17.009,5.977,18.696,202.605,857.201,1326.874,58.673,212.56,233.054,218.201,52.152,1.139,0
2026-07-27 14:27:50.794099,1003,31.497,6.122,3.221,16.004,4.513,18.601,197.825,865.314,1419.634,65.641,214.99,228.666,218.961,51.296,0.951,0
2026-07-27 14:28:46.332158,1003,31.865,5.675,2.268,15.049,4.672,19.772,206.999,854.909,1442.872,55.247,214.602,221.874,220.476,52.595,0.994,0
2026-07-27 14:29:36.562631,1003,31.718,5.876,2.348,14.904,5.531,19.51,193.357,857.117,1353.758,59.699,215.824,231.212,219.957,51.472,0.953,0
2026-07-27 14:30:31.219251,1003,31.436,5.984,1.759,19.132,5.466,17.952,204.596,869.441,1364.331,49.575,212.949,226.555,218.584,52.84,0.914,0
2026-07-27 14:31:20.032932,1003,31.769,6.09,3.435,17.303,5.308,18.923,188.039,873.291,1254.465,51.543,215.918,230.56,219.414,52.113,1.071,0
2026-07-27 14:32:04.211148,1003,31.176,6.037,2.7,15.65,4.602,17.788,181.403,836.645,1360.037,63.092,215.185,221.952,220.936,51.698,1.051,0
2026-07-27 14:32:53.532361,1003,31.818,6.314,2.521,19.984,5.362,18.661,187.939,797.747,1316.71,62.141,216.902,229.909,220.241,49.963,0.927,0
2026-07-27 14:33:45.120828,1003,31.077,5.837,2.633,15.727,4.906,17.676,191.553,820.891,1356.686,59.364,214.796,235.994,218.746,51.685,1.179,0
2026-07-27 14:34:38.328410,1003,31.744,6.02,2.829,17.69,5.17,18.136,195.004,864.37,1470.548,62.232,215.409,229.838,220.306,51.946,1.082,0
2026-07-27 14:35:25.918083,1003,31.731,6.091,3.328,12.917,5.322,18.874,189.404,829.806,1254.276,52.982,215.761,224.895,219.326,51.977,1.166,0
2026-07-27 14:36:19.094972,1003,31.351,6.142,2.063,13.04,5.352,18.227,195.767,858.701,1449.905,64.441,212.559,232.215,219.225,52.357,0.783,0
2026-07-27 14:37:11.180637,1003,31.817,6.21,2.39,17.632,5.005,17.853,198.881,849.34,1366.554,53.154,216.333,224.514,220.158,51.674,0.919,0
2026-07-27 14:38:01.255044,1003,32.271,5.913,3.265,16.709,5.585,18.087,197.116,852.941,1347.71,58.861,214.845,229.416,218.682,52.366,1.095,0
2026-07-27 14:38:53.619524,1003,30.99,6.13,2.661,20.937,5.444,17.934,194.173,865.249,1276.158,69.142,213.475,236.823,219.472,51.31,0.854,0
2026-07-27 14:39:45.898782,1003,31.977,5.815,3.332,14.378,4.912,18.747,202.216,885.51,1373.76,53.795,214.91,224.959,221.256,52.651,0.943,0
2026-07-27 14:40:39.542214,1003,32.043,5.984,2.716,17.554,5.056,19.222,190.197,850.517,1534.575,63.164,216.405,229.54,222.964,52.661,0.875,0
2026-07-27 14:41:32.168902,1003,31.396,6.1,3.898,15.435,4.972,18.382,193.553,820.779,1133.457,61.559,214.589,235.814,217.944,52.184,1.033,0
2026-07-27 14:42:24.497692,1003,31.9,6.195,3.119,17.951,5.181,19.118,191.7,860.018,1183.78,55.259,215.125,231.525,218.946,52.494,0.951,0
2026-07-27 14:43:22.668802,1003,31.373,6.114,3.699,17.768,5.389,18.156,198.917,871.676,1334.973,66.278,212.599,230.389,221.356,51.749,0.878,0
2026-07-27 14:44:08.599403,1003,32.128,6.018,3.295,15.937,4.645,18.439,192.447,785.644,1377.796,53.671,213.973,219.142,218.493,51.836,1.18,0
2026-07-27 14:44:56.534277,1003,30.131,5.984,3.33,14.297,4.605,19.57,197.401,830.052,1429.86,57.346,215.849,223.349,219.847,51.794,1.061,0
2026-07-27 14:45:51.935147,1003,32.222,6.11,2.571,15.22,4.95,18.393,199.898,851.848,1388.429,60.194,216.27,231.034,222.157,52.871,1.059,0
2026-07-27 14:46:39.360141,1003,30.944,6.438,3.665,13.441,5.606,19.142,191.959,837.071,1210.941,57.099,215.253,226.092,219.126,52.102,1.011,0
2026-07-27 14:47:34.157506,1003,31.545,6.171,3.123,16.839,5.271,18.068,185.41,854.899,1402.369,70.556,215.701,225.317,219.698,51.426,1.084,0
2026-07-27 14:48:27.154468,1003,31.093,6.076,2.456,9.54,5.673,18.488,193.649,832.902,1335.333,52.216,214.52,232.335,218.455,51.921,1.051,0
2026-07-27 14:49:15.075301,1003,32.248,5.726,1.797,14.663,5.153,17.985,190.226,878.175,1425.252,64.295,215.025,230.172,220.824,51.63,0.79,0
2026-07-27 14:50:10.165494,1003,31.385,5.831,3.08,18.079,4.947,18.54,191.146,852.49,1289.048,47.998,213.727,223.941,217.853,52.087,1.205,0
2026-07-27 14:51:05.873371,1003,31.229,5.935,3.859,18.024,4.697,18.644,180.173,798.807,1219.794,45.358,214.411,230.592,219.17,51.847,1.187,0
2026-07-27 14:51:57.970891,1003,32.06,6.182,2.483,12.292,4.951,18.954,185.278,872.21,1311.661,57.722,214.966,223.352,218.443,51.015,0.944,0
2026-07-27 14:52:49.662443,1003,31.866,5.813,2.464,17.341,5.014,18.153,199.8,874.052,1391.738,60.596,213.124,220.709,219.614,51.212,0.812,0
2026-07-27 14:53:45.710743,1003,31.333,6.128,2.82,13.375,4.472,18.4,189.375,849.917,1382.551,63.758,217.873,228.712,222.227,51.703,0.875,0
2026-07-27 14:54:32.411463,1003,31.004,6.024,3.628,15.13,4.948,19.213,201.936,797.658,1351.436,64.255,214.155,222.168,220.463,52.929,0.879,0
2026-07-27 14:55:26.579534,1003,30.937,6.071,1.953,17.762,4.945,17.775,190.706,877.157,1298.017,58.34,215.252,222.096,220.286,50.683,1.028,0
2026-07-27 14:56:14.081456,1003,32.138,5.957,2.629,13.757,5.207,17.015,197.918,821.362,1338.783,59.593,213.499,223.077,220.355,52.243,0.95,0
2026-07-27 14:57:07.892759,1003,31.709,5.881,2.427,19.282,5.187,18.108,193.481,840.522,1475.949,58.52,211.372,228.045,219.972,53.091,0.929,0
2026-07-27 14:57:59.489792,1003,31.587,5.805,3.32,16.591,5.296,18.866,198.898,834.349,1566.932,63.909,217.055,230.648,221.541,52.676,1.065,0
2026-07-27 14:58:51.383459,1003,31.746,6.122,2.919,17.064,4.713,18.55,193.479,809.254,1386.174,52.311,215.068,226.11,220.929,51.982,0.984,0
2026-07-27 14:59:48.520546,1003,30.526,5.985,2.802,18.478,4.859,17.926,196.28,851.178,1437.139,54.708,212.391,222.279,218.439,51.841,1.102,0
2026-07-27 15:00:35.635294,1003,31.338,5.785,2.897,18.048,5.478,18.543,202.385,856.88,1288.173,61.096,213.769,222.602,221.17,52.449,0.991,0
2026-07-27 15:01:29.877780,1003,31.351,6.045,3.447,17.847,5.122,18.28,197.826,854.288,1465.028,61.922,217.482,220.805,220.282,53.056,1.183,0
2026-07-27 15:02:21.655639,1003,31.991,6.685,3.639,14.487,5.454,17.561,190.871,844.929,1320.318,63.152,215.579,230.338,220.546,52.503,1.244,0
2026-07-27 15:03:13.967491,1003,30.765,5.96,3.584,13.445,5.158,18.296,183.761,829.396,1242.324,57.204,211.904,223.534,217.589,52.13,1.024,0
2026-07-27 15:04:08.645709,1003,32.027,6.331,3.328,15.351,5.256,18.947,194.346,893.604,1447.944,55.408,214.386,228.272,220.001,52.847,0.963,0
2026-07-27 15:05:03.165845,1003,32.397,5.483,3.789,17.091,5.359,18.333,197.582,856.375,1357.62,60.456,214.78,219.732,219.833,52.125,0.99,0
2026-07-27 15:05:57.109572,1003,30.64,5.946,2.469,13.043,5.033,17.592,195.924,823.871,1468.471,52.894,215.63,232.652,219.168,52.065,1.114,0
2026-07-27 15:06:46.393834,1003,31.508,6.191,3.221,17.341,5.0,19.535,189.733,863.773,1420.241,64.498,214.989,227.26,221.288,52.444,1.094,0
2026-07-27 15:07:40.321411,1003,31.75,6.003,4.339,16.861,4.996,17.904,195.91,861.568,1240.04,55.388,212.919,220.721,218.037,51.553,0.788,0
2026-07-27 15:08:34.695225,1003,31.937,5.871,1.953,15.582,5.177,18.724,198.959,868.845,1365.691,56.338,214.239,224.769,223.632,54.094,1.059,0
2026-07-27 15:09:28.265091,1003,30.418,5.995,2.695,16.142,5.372,19.001,203.361,850.066,1273.772,60.655,213.911,228.075,218.659,52.111,0.955,0
2026-07-27 15:10:22.237050,1003,31.669,6.197,2.41,16.15,5.078,18.753,193.644,832.944,1457.422,54.45,215.898,223.588,220.564,51.871,1.028,0
2026-07-27 15:11:14.538861,1003,31.391,6.429,3.165,17.016,5.547,18.361,209.742,811.286,1357.327,52.673,214.348,228.832,220.257,52.591,0.997,0
2026-07-27 15:12:02.913982,1003,31.358,6.213,3.82,17.717,5.725,17.41,203.72,835.621,1294.048,62.342,214.334,232.674,221.402,52.767,0.954,0
2026-07-27 15:12:53.651423,1003,32.535,5.899,3.306,22.604,4.936,19.203,196.01,802.966,1177.434,53.119,214.687,231.143,222.005,51.521,0.814,0
2026-07-27 15:13:44.195558,1003,31.392,5.953,2.876,16.389,5.557,17.8,196.57,859.723,1449.127,58.591,213.966,227.198,219.478,50.804,0.823,0
2026-07-27 15:14:36.286541,1003,31.725,5.955,3.311,14.519,5.195,19.083,203.334,804.421,1320.875,57.59,216.81,233.3,220.211,51.768,0.967,0
2026-07-27 15:15:27.045494,1003,31.44,5.827,2.835,11.616,5.314,19.167,189.221,840.692,1327.746,49.523,216.347,228.119,219.487,52.199,0.983,0
2026-07-27 15:16:24.681125,1003,31.621,5.969,3.111,12.762,5.16,17.767,190.186,872.14,1391.124,53.104,216.403,226.766,218.84,51.481,0.991,0
2026-07-27 15:17:18.102197,1003,31.776,5.945,3.353,14.258,5.566,17.758,187.272,843.98,1274.822,58.989,213.52,226.877,220.041,51.982,1.027,0
2026-07-27 15:18:09.922088,1003,31.947,5.76,3.999,17.586,5.304,18.264,193.469,849.286,1220.957,62.679,215.423,227.664,219.967,51.91,0.907,0
2026-07-27 15:19:02.806595,1003,31.112,6.168,3.256,15.092,5.096,19.052,189.84,863.861,1366.406,54.299,215.946,229.12,220.013,50.855,0.844,0
2026-07-27 15:19:56.133275,1003,31.576,6.084,3.124,16.935,5.075,18.141,192.87,865.886,1270.862,53.779,213.769,223.536,219.546,52.463,1.106,0
2026-07-27 15:20:54.905955,1003,31.594,5.872,4.16,14.316,4.84,18.556,194.792,881.099,1343.471,60.152,213.592,232.051,220.408,52.629,1.059,0
2026-07-27 15:21:48.317077,1003,30.676,6.03,1.885,17.048,5.029,18.199,186.729,867.337,1276.442,60.868,213.81,232.74,220.938,52.138,0.921,0
2026-07-27 15:22:39.065260,1003,31.023,5.807,2.948,18.007,5.566,18.971,203.197,861.377,1234.465,61.423,213.246,237.671,218.553,52.272,1.094,0
2026-07-27 15:23:27.873728,1003,31.945,5.89,2.577,15.075,5.525,18.119,202.151,794.118,1210.482,58.427,216.257,220.084,220.74,51.543,0.887,0
2026-07-27 15:24:20.591065,1003,31.269,6.138,2.864,17.0,5.008,18.068,192.24,858.008,1358.585,55.272,216.145,227.438,221.874,51.916,1.023,0
2026-07-27 15:25:18.995650,1003,32.806,6.094,3.344,14.987,4.871,17.881,203.891,899.099,1443.203,60.792,214.611,223.929,218.469,52.471,1.024,0
2026-07-27 15:26:10.513756,1003,31.982,5.897,3.559,13.167,5.486,17.862,197.331,869.775,1433.128,57.148,214.923,230.021,220.186,51.043,0.928,0
2026-07-27 15:26:59.604865,1003,31.726,6.062,2.703,17.274,5.329,19.138,201.595,879.12,1352.113,60.318,214.182,232.436,220.545,51.285,1.053,0
2026-07-27 15:27:54.705207,1003,32.255,5.985,3.381,16.949,4.607,18.285,186.861,831.446,1471.105,55.321,217.777,227.473,220.94,51.002,0.855,0
2026-07-27 15:28:47.084981,1003,31.886,5.801,2.488,17.365,6.064,17.929,192.982,849.003,1304.47,56.618,214.477,226.026,221.076,53.179,0.995,0
2026-07-27 15:29:33.997966,1003,31.592,5.967,2.27,18.198,5.203,17.497,198.769,867.373,1419.6,59.749,214.365,225.297,221.445,51.806,0.996,0
2026-07-27 15:30:26.652512,1003,30.793,6.086,3.04,15.428,5.71,18.338,194.016,863.848,1308.171,48.86,214.846,226.524,220.163,53.006,0.877,0
2026-07-27 15:31:22.213768,1003,31.833,6.061,2.875,15.597,5.252,18.007,193.945,873.913,1288.298,63.123,213.422,228.918,218.803,51.948,1.068,0
2026-07-27 15:32:07.662627,1003,32.198,5.661,3.85,15.345,4.888,17.894,194.336,818.105,1418.818,57.288,215.321,228.891,219.57,53.256,1.122,0
2026-07-27 15:33:01.905220,1003,31.204,6.033,4.213,16.794,5.258,18.036,197.241,828.0,1386.774,45.663,216.711,233.629,221.732,52.863,0.992,0
2026-07-27 15:33:50.002169,1003,30.587,6.005,2.653,15.681,4.76,18.573,195.669,813.48,1403.513,58.21,214.791,226.679,218.944,51.521,1.008,0
2026-07-27 15:34:41.367916,1003,30.965,5.62,1.967,16.29,5.162,17.803,204.349,858.501,1223.477,55.68,215.961,231.197,220.623,52.079,0.968,0
2026-07-27 15:35:31.890262,1003,32.38,5.838,2.221,14.343,4.874,18.316,189.063,845.569,1437.465,53.122,212.648,223.646,221.014,51.297,0.988,0
2026-07-27 15:36:27.358876,1003,31.54,6.098,2.524,13.637,5.139,19.031,195.567,845.357,1407.559,65.723,213.857,222.07,220.735,52.463,0.942,0
2026-07-27 15:37:22.473663,1003,32.23,6.277,3.118,13.91,5.274,18.168,199.224,831.261,1315.76,61.015,215.116,231.628,221.115,52.754,0.999,0
2026-07-27 15:38:10.250049,1003,31.51,5.672,2.851,16.958,5.289,17.862,187.538,826.54,1399.552,56.837,212.782,229.15,219.962,53.316,0.97,0
2026-07-27 15:38:56.040017,1003,31.252,6.196,2.283,15.901,4.762,19.133,192.938,851.054,1443.176,57.729,215.394,225.231,219.878,52.964,1.178,0
2026-07-27 15:39:43.315775,1003,32.567,5.624,4.018,14.865,5.007,18.447,196.043,883.113,1287.446,58.622,214.63,223.587,222.179,52.303,0.973,0
2026-07-27 15:40:36.643540,1003,31.314,6.28,3.378,17.526,4.607,18.395,204.017,896.455,1288.003,50.661,215.356,225.459,222.367,52.248,0.892,0
2026-07-27 15:41:21.523176,1003,31.375,5.952,4.003,19.353,5.386,18.813,195.818,896.557,1325.477,68.541,214.721,228.374,221.736,51.828,0.807,0
2026-07-27 15:42:11.513954,1003,31.73,5.857,1.973,14.862,5.261,18.448,199.548,837.416,1161.18,57.687,214.803,228.122,220.659,53.277,1.107,0
2026-07-27 15:43:06.416905,1003,31.355,6.071,3.725,13.507,4.848,18.542,199.941,816.692,1378.059,65.096,211.874,221.39,219.309,51.395,1.155,0
2026-07-27 15:44:00.285194,1003,31.889,5.808,2.915,18.174,5.622,17.557,178.465,876.627,1427.421,53.938,213.69,222.133,220.164,51.273,0.868,0
2026-07-27 15:44:46.991585,1003,31.723,6.103,2.777,16.035,5.34,17.996,195.482,887.964,1398.456,59.964,215.609,228.048,219.845,51.232,1.064,0
2026-07-27 15:45:39.609819,1003,31.743,5.975,3.014,15.578,5.168,19.617,192.386,863.111,1390.736,52.529,213.301,229.933,221.321,52.752,1.055,0
2026-07-27 15:46:28.622188,1003,31.192,5.238,2.601,18.341,5.058,17.876,204.019,850.334,1436.996,45.397,213.822,224.166,220.468,52.674,0.998,0
2026-07-27 15:47:18.607254,1003,30.669,5.838,2.918,15.396,5.009,18.541,199.192,832.821,1341.48,61.298,214.476,221.514,220.701,52.311,0.874,0
2026-07-27 15:48:08.822207,1003,31.084,6.038,3.539,16.913,4.963,19.545,200.248,868.561,1216.409,58.319,214.586,227.622,219.96,52.219,1.052,0
2026-07-27 15:48:59.403904,1003,31.128,6.213,1.881,16.369,5.552,18.912,198.118,867.696,1361.002,55.273,215.859,218.227,217.007,51.172,1.141,0
2026-07-27 15:49:51.134966,1003,31.646,6.066,3.853,23.462,5.282,18.674,195.629,859.207,1460.619,43.325,215.275,225.86,221.575,52.19,1.151,0
2026-07-27 15:50:40.835510,1003,31.092,6.21,3.224,15.691,4.885,18.019,200.013,818.913,1380.705,55.524,214.206,229.993,219.923,52.863,1.054,0
2026-07-27 15:51:30.660314,1003,30.767,5.821,2.937,18.155,5.589,18.126,194.872,822.186,1318.387,58.649,212.943,226.464,221.162,51.243,1.092,0
2026-07-27 15:52:25.445147,1003,30.927,6.146,3.533,15.423,5.173,18.314,202.706,848.277,1416.653,52.975,218.668,220.915,219.594,51.146,0.797,0
2026-07-27 15:53:17.458968,1003,31.694,6.149,3.207,17.035,4.924,18.702,188.586,881.215,1382.82,58.054,215.045,233.825,221.947,52.218,1.064,0
2026-07-27 15:54:06.056243,1003,31.844,5.674,2.726,15.549,5.793,19.264,201.227,877.381,1331.658,54.834,216.096,227.524,219.358,52.536,1.065,0
2026-07-27 15:54:58.372413,1003,31.247,6.22,2.559,17.829,4.872,18.571,192.823,839.426,1360.121,52.453,212.14,228.375,219.915,52.571,0.961,0
2026-07-27 15:55:45.734211,1003,31.3,6.065,3.855,15.78,4.952,18.157,199.077,798.021,1323.023,56.902,214.554,231.188,220.019,52.847,1.007,0
2026-07-27 15:56:38.091032,1003,31.807,5.944,2.157,17.158,5.2,18.442,185.57,889.722,1402.261,48.387,214.509,226.737,218.19,52.112,0.939,0
2026-07-27 15:57:31.838737,1003,31.583,5.94,2.888,14.261,5.297,18.812,196.618,886.986,1273.509,59.606,214.443,226.343,220.493,50.84,0.827,0
2026-07-27 15:58:26.356128,1003,32.093,5.792,2.196,14.168,4.974,18.702,194.093,854.594,1378.046,57.913,215.934,232.653,220.993,52.361,1.065,0
2026-07-27 15:59:19.672930,1003,31.421,6.126,3.278,11.671,4.537,18.351,194.728,838.53,1423.888,60.041,214.682,224.063,220.504,52.832,1.206,0
2026-07-27 16:00:08.296718,1003,31.084,6.06,2.945,16.841,5.21,17.828,184.395,842.091,1370.223,62.24,214.485,231.342,222.781,51.565,0.902,0
2026-07-27 16:00:58.531544,1003,32.043,6.117,2.288,14.507,4.886,19.146,195.197,878.003,1371.188,56.439,214.984,222.752,218.931,51.904,1.006,0
2026-07-27 16:01:54.086795,1003,31.344,6.016,2.505,21.05,5.092,18.343,195.778,866.57,1355.951,46.211,215.03,224.44,217.93,50.476,0.852,0
2026-07-27 16:02:45.105410,1003,31.106,6.041,3.025,14.914,4.957,18.647,184.31,838.588,1395.441,56.422,213.547,228.723,218.571,51.804,1.023,0
2026-07-27 16:03:36.835100,1003,31.946,5.941,3.162,18.867,4.875,18.094,188.096,914.847,1319.462,52.691,216.188,233.499,220.101,53.118,0.928,0
2026-07-27 16:04:30.949299,1003,32.225,6.215,1.896,18.632,5.12,18.079,195.946,806.63,1338.905,63.517,214.306,228.119,221.439,51.689,0.983,0
2026-07-27 16:05:27.653782,1003,31.592,6.121,2.598,15.434,5.01,18.798,197.441,833.554,1273.415,55.943,214.876,221.619,220.209,51.261,1.107,0
2026-07-27 16:06:19.416373,1003,30.998,6.035,3.091,14.306,4.948,17.74,194.696,834.202,1327.058,61.034,216.796,230.486,219.408,53.372,1.031,0
2026-07-27 16:07:10.199090,1003,32.267,5.973,3.69,15.69,5.49,17.802,195.27,854.076,1179.613,63.636,218.487,224.164,221.797,52.43,0.986,0
2026-07-27 16:08:08.111223,1003,31.688,5.646,3.478,18.61,4.902,19.405,195.161,883.839,1352.425,54.36,215.562,230.159,219.861,52.333,0.896,0
2026-07-27 16:09:06.246874,1003,31.61,5.603,2.741,21.257,5.124,18.996,191.731,875.031,1402.361,57.817,212.91,228.707,218.351,52.109,1.075,0
2026-07-27 16:09:58.363637,1003,31.298,5.926,3.569,13.16,5.189,18.75,193.931,854.674,1344.305,57.665,214.656,221.195,221.198,51.528,0.876,0
2026-07-27 16:10:50.423462,1003,32.065,6.254,2.82,16.033,4.693,17.856,186.591,812.514,1428.303,66.766,217.059,229.013,220.774,51.816,1.145,0
2026-07-27 16:11:45.254735,1003,30.946,5.859,1.22,14.61,4.865,18.632,191.492,878.7,1463.507,62.818,214.723,222.314,220.285,53.163,1.012,0
2026-07-27 16:12:38.620938,1003,30.898,5.867,3.821,15.168,5.188,18.456,194.745,818.078,1348.634,53.03,216.0,233.179,221.946,51.519,0.886,0
2026-07-27 16:13:30.709482,1003,32.447,5.806,3.261,19.926,5.177,18.235,202.416,839.347,1265.298,54.935,215.982,220.895,219.875,52.956,0.833,0
2026-07-27 16:14:25.011451,1003,31.069,5.742,3.107,14.23,4.964,18.446,194.27,848.809,1442.775,55.552,214.155,226.83,220.336,52.244,0.963,0
2026-07-27 16:15:14.993010,1003,31.98,5.817,3.005,12.303,5.192,17.641,207.369,827.583,1425.584,54.088,217.271,223.526,218.829,52.248,0.96,0
2026-07-27 16:16:10.467101,1003,32.189,6.056,3.173,16.465,5.28,17.258,206.58,827.018,1388.161,56.171,215.515,233.426,219.155,50.831,1.05,0
2026-07-27 16:17:04.537527,1003,31.605,5.902,3.004,16.873,5.376,18.678,195.418,876.717,1305.421,55.274,214.968,220.995,219.431,52.298,0.887,0
2026-07-27 16:17:57.952228,1003,31.059,5.893,2.835,15.032,5.4,18.597,192.517,893.172,1382.125,57.653,214.804,237.288,220.832,51.955,1.086,0
2026-07-27 16:18:49.616073,1003,31.815,5.875,2.628,14.433,5.563,18.651,208.596,848.855,1323.528,57.016,213.594,225.983,219.189,50.871,0.721,0
2026-07-27 16:19:39.677875,1003,32.196,6.047,3.044,16.369,5.232,18.962,199.476,799.408,1287.636,62.346,214.053,225.13,219.884,52.029,1.009,0
2026-07-27 16:20:26.170001,1003,31.671,6.078,2.498,12.895,4.783,18.807,197.632,859.136,1380.528,54.301,213.772,230.745,219.733,51.702,0.92,0
2026-07-27 16:21:12.669914,1003,31.127,5.626,2.349,16.97,5.111,19.391,190.671,830.812,1267.281,50.49,217.729,227.356,219.937,52.185,1.01,0
2026-07-27 16:21:59.451697,1003,31.653,5.848,3.154,15.2,4.819,19.208,192.435,861.457,1414.249,55.428,216.244,223.93,219.083,51.402,1.132,0
2026-07-27 16:22:55.267208,1003,30.808,5.982,3.559,19.19,5.454,18.535,188.997,859.569,1373.933,54.924,213.789,224.291,219.752,51.289,1.099,0
2026-07-27 16:23:45.216036,1003,31.013,6.088,2.546,16.732,5.612,18.595,203.928,796.434,1340.524,63.688,217.212,225.412,218.617,52.066,1.037,0
2026-07-27 16:24:33.442439,1003,31.371,6.026,2.645,15.647,5.198,18.635,198.009,839.679,1346.465,61.051,216.638,224.589,219.952,51.723,1.146,0
2026-07-27 16:25:25.160085,1003,31.531,6.165,2.033,15.472,5.549,17.58,193.138,868.874,1258.781,62.951,214.229,230.903,219.966,51.764,1.151,0
2026-07-27 16:26:14.194568,1003,30.899,5.718,2.25,11.552,5.528,19.052,192.166,848.298,1263.881,61.543,215.637,227.861,220.087,51.146,1.169,0
2026-07-27 16:27:04.969248,1003,31.625,6.083,2.271,15.715,5.291,18.851,189.052,819.205,1497.291,49.216,214.182,229.444,220.671,51.96,0.933,0
2026-07-27 16:27:58.702334,1003,31.761,6.41,3.555,15.533,5.358,17.505,194.581,870.033,1337.173,53.919,216.23,225.742,222.171,52.449,1.082,0
2026-07-27 16:28:49.674946,1003,31.393,6.01,2.01,16.118,5.485,19.43,196.024,802.701,1228.962,51.206,215.591,230.206,218.009,52.192,1.084,0
2026-07-27 16:29:40.650506,1003,30.421,6.018,3.262,15.562,4.781,18.243,181.347,857.787,1428.074,64.082,214.492,224.586,219.555,51.742,1.001,0
2026-07-27 16:30:32.586919,1003,31.552,6.104,2.849,19.285,5.274,18.425,189.215,835.368,1262.931,61.028,213.515,223.632,218.904,50.851,1.114,0
2026-07-27 16:31:20.223938,1003,32.407,5.891,3.345,15.381,5.366,18.414,190.941,863.588,1399.012,59.173,214.922,225.361,220.374,51.404,1.004,0
2026-07-27 16:32:13.125928,1003,31.729,5.811,3.665,14.059,4.77,18.397,201.513,844.384,1475.306,55.111,215.59,233.483,220.85,51.479,0.836,0
2026-07-27 16:33:09.575750,1003,31.508,6.012,2.983,12.171,5.774,19.937,191.677,865.099,1331.546,55.586,216.56,225.081,218.544,52.587,1.14,0
2026-07-27 16:34:00.432439,1003,31.314,5.669,3.646,14.974,5.528,18.343,184.234,890.472,1448.409,53.887,215.755,225.271,220.382,52.562,0.933,0
2026-07-27 16:34:52.739474,1003,31.789,6.079,3.883,13.592,5.53,18.305,188.394,871.132,1412.376,60.229,216.112,228.418,221.038,52.218,0.807,0
2026-07-27 16:35:42.128425,1003,31.604,6.113,3.767,13.015,5.323,18.512,205.347,870.606,1483.729,57.935,214.098,226.951,220.51,51.757,1.351,0
2026-07-27 16:36:31.877270,1003,31.854,5.679,2.617,15.283,4.915,17.991,192.763,867.905,1399.457,60.414,212.626,222.933,219.595,52.912,0.881,0
2026-07-27 16:37:26.945930,1003,30.952,6.033,1.877,18.618,4.819,18.675,188.769,801.214,1305.064,59.258,212.969,222.538,220.811,52.44,1.07,0
2026-07-27 16:38:19.447941,1003,31.561,5.957,2.929,18.151,5.17,18.007,184.959,853.335,1172.946,60.967,214.65,230.646,219.694,50.547,0.883,0
2026-07-27 16:39:13.515389,1003,31.269,6.296,3.102,13.051,5.409,18.8,195.146,858.822,1282.675,59.67,214.072,222.509,221.087,53.107,0.953,0
2026-07-27 16:40:06.348874,1003,31.686,6.262,1.887,16.084,5.363,17.874,195.778,867.033,1307.311,62.129,214.852,231.214,220.423,51.886,0.923,0
2026-07-27 16:40:57.859688,1003,30.527,6.168,3.035,16.973,5.713,18.148,197.647,848.549,1434.377,60.607,215.881,225.538,219.774,52.658,0.89,0
2026-07-27 16:41:53.643779,1003,31.304,6.242,1.534,17.345,5.107,17.897,211.361,871.751,1453.204,55.34,215.753,217.743,218.49,52.329,1.095,0
2026-07-27 16:42:40.072723,1003,31.771,5.927,3.881,19.688,5.092,18.181,187.582,823.195,1256.838,59.555,212.186,230.217,220.021,51.097,1.25,0
2026-07-27 16:43:29.550648,1003,31.852,6.052,3.272,13.31,5.202,17.428,192.785,908.791,1453.948,58.799,218.096,230.866,218.714,51.673,1.001,0
2026-07-27 16:44:20.365713,1003,31.485,5.95,2.534,13.963,4.853,17.033,196.755,867.189,1284.261,56.7,215.47,229.945,218.696,50.652,0.805,0
2026-07-27 16:45:12.507173,1003,30.42,5.801,3.072,14.476,5.651,18.307,192.375,824.31,1279.164,57.427,215.347,225.542,219.582,51.458,0.885,0
2026-07-27 16:46:03.577340,1003,31.821,6.017,3.143,16.843,5.125,17.578,182.606,890.309,1232.394,61.729,214.822,226.007,219.909,52.099,0.908,0
2026-07-27 16:46:56.230004,1003,32.292,5.983,3.275,9.74,5.276,19.54,198.068,818.637,1378.71,59.772,214.664,225.589,218.567,52.048,1.011,0
2026-07-27 16:47:52.502318,1003,31.081,5.96,3.04,15.474,5.444,18.285,191.212,851.274,1300.217,61.409,216.32,224.472,219.802,51.531,0.954,0
2026-07-27 16:48:40.911122,1003,31.287,5.988,3.539,11.9,4.974,18.925,188.616,854.345,1461.607,57.669,213.832,228.679,219.715,51.823,1.233,0
2026-07-27 16:49:37.664997,1003,31.903,6.012,2.277,15.995,5.283,18.685,189.639,839.113,1272.809,62.329,215.368,226.638,219.28,52.077,0.989,0
2026-07-27 16:50:28.985583,1003,31.917,6.178,2.926,20.761,5.198,17.862,204.307,847.459,1412.238,60.749,216.819,225.549,219.692,52.47,1.089,0
2026-07-27 16:51:21.589668,1003,32.049,5.883,4.018,18.072,5.493,18.248,202.794,852.834,1246.952,54.114,215.228,224.51,220.774,51.562,0.981,0
2026-07-27 16:52:13.665207,1003,32.007,5.744,2.8,13.18,5.203,18.944,188.453,819.874,1437.71,55.996,215.616,228.12,219.535,51.895,0.995,0
2026-07-27 16:53:06.535510,1003,30.734,6.136,3.138,15.037,4.343,18.905,184.609,858.928,1359.955,53.931,213.314,232.824,220.698,51.122,0.96,0
2026-07-27 16:54:02.288901,1003,31.26,6.171,2.433,13.953,4.92,19.02,200.39,851.087,1374.902,52.966,215.992,228.0,219.904,51.147,0.999,0
2026-07-27 16:54:50.705335,1003,31.813,6.072,4.229,18.978,4.75,18.106,207.349,907.374,1319.535,68.755,215.443,221.809,221.222,52.791,0.945,0
2026-07-27 16:55:40.463558,1003,31.457,5.772,3.163,10.936,5.778,18.85,208.996,894.033,1314.72,64.506,214.88,227.397,220.974,53.07,1.004,0
2026-07-27 16:56:34.420195,1003,31.683,5.974,2.283,14.99,5.624,18.137,186.504,829.738,1392.226,62.354,215.866,229.521,219.745,52.144,0.939,0
2026-07-27 16:57:23.919235,1003,31.435,6.057,3.622,14.398,4.555,19.107,203.147,846.91,1503.723,59.386,213.628,230.481,219.183,51.772,1.25,0
2026-07-27 16:58:10.088194,1003,31.282,5.786,2.388,13.302,4.897,19.088,194.968,830.884,1260.779,55.223,217.161,229.667,220.582,51.67,1.043,0
2026-07-27 16:59:04.103657,1003,31.379,5.847,3.39,19.815,4.785,17.676,183.421,843.605,1321.046,52.846,218.471,228.062,219.37,52.854,1.064,0
2026-07-27 16:59:53.698027,1003,30.939,5.971,3.587,12.398,5.265,18.666,189.842,875.925,1297.929,56.619,214.279,238.886,218.119,49.278,0.981,0
2026-07-27 17:00:48.442992,1003,31.138,6.237,4.155,13.253,4.913,17.843,190.285,848.025,1221.501,54.475,216.411,222.5,220.883,53.592,0.838,0
2026-07-27 17:01:39.043581,1003,31.467,6.045,3.128,19.67,5.12,18.997,197.853,836.529,1220.431,60.498,214.827,233.757,219.265,52.057,0.852,0
2026-07-27 17:02:34.602602,1003,31.476,5.885,3.028,15.771,4.787,17.823,186.799,868.557,1287.736,58.139,213.523,229.825,217.516,50.219,0.981,0
2026-07-27 17:03:27.396731,1003,31.784,5.96,1.845,15.596,5.329,18.694,200.664,794.837,1316.346,61.096,216.557,237.134,219.908,53.722,0.977,0
2026-07-27 17:04:17.218209,1003,31.357,5.867,2.74,14.562,4.696,18.943,197.853,839.795,1470.368,58.518,214.659,221.416,221.123,50.317,1.043,0
2026-07-27 17:05:05.396196,1003,32.338,5.918,2.593,15.995,5.951,18.54,201.12,890.73,1434.091,50.399,215.734,233.955,219.292,50.42,1.02,0
2026-07-27 17:05:56.670345,1003,32.115,6.144,2.897,15.013,5.651,19.017,191.039,892.11,1280.265,56.776,217.293,234.38,219.582,51.373,0.948,0
2026-07-27 17:06:48.844361,1003,31.249,5.616,2.704,14.31,5.945,18.676,197.379,888.855,1415.691,59.128,215.633,226.84,220.598,51.89,1.292,0
2026-07-27 17:07:38.843090,1003,31.599,6.263,3.448,12.777,5.382,19.44,188.785,815.293,1282.056,58.655,215.251,223.929,219.454,52.841,1.038,0
2026-07-27 17:08:26.809341,1003,32.106,6.438,2.681,16.093,5.667,17.839,199.06,815.076,1342.535,55.171,213.848,236.417,219.875,51.759,0.951,0
2026-07-27 17:09:18.095278,1003,31.18,6.033,3.271,14.627,5.468,18.27,193.576,836.682,1377.522,55.442,213.852,224.039,221.074,51.436,0.959,0
2026-07-27 17:10:14.889244,1003,31.126,5.834,2.934,14.921,4.899,17.348,194.165,851.364,1529.35,54.707,214.836,231.896,220.813,51.784,1.079,0
2026-07-27 17:11:07.662990,1003,32.15,6.233,2.645,17.517,5.088,18.322,194.804,829.742,1372.849,50.486,214.545,233.78,220.271,51.781,0.975,0
2026-07-27 17:11:57.643187,1003,31.846,6.056,2.593,14.837,5.327,17.788,184.552,802.262,1224.37,57.378,215.816,226.825,218.0,53.007,1.105,0
2026-07-27 17:12:50.100097,1003,32.037,5.895,3.133,15.747,5.546,17.668,202.139,877.907,1413.257,60.772,213.693,226.797,220.701,52.739,0.991,0
2026-07-27 17:13:44.063990,1003,31.658,5.806,3.781,19.849,5.198,17.567,195.497,873.074,1446.661,55.502,214.07,234.914,219.526,51.577,0.958,0
2026-07-27 17:14:33.173502,1003,31.373,5.919,2.583,16.882,5.366,18.216,202.163,833.869,1425.53,52.284,214.818,226.209,220.588,51.759,0.842,0
2026-07-27 17:15:24.370306,1003,30.829,6.039,3.027,14.759,5.1,18.652,201.721,871.647,1265.491,61.676,215.116,225.158,218.18,50.698,1.114,0
2026-07-27 17:16:15.911180,1003,31.568,6.179,3.276,13.477,5.076,18.787,190.12,878.361,1360.568,63.224,215.07,216.165,221.125,52.442,0.88,0
2026-07-27 17:17:06.658035,1003,32.116,6.057,2.989,15.695,4.759,19.101,193.381,781.983,1348.477,55.65,214.765,232.211,218.991,51.964,1.083,0
2026-07-27 17:17:54.810871,1003,32.122,6.091,1.997,17.812,5.333,19.067,185.695,869.66,1500.409,53.561,214.059,225.931,220.517,52.271,0.934,0
2026-07-27 17:18:48.874126,1003,32.035,5.933,3.273,14.643,5.052,17.823,202.356,849.235,1402.423,56.892,215.695,230.788,221.12,52.442,1.095,0
2026-07-27 17:19:34.303604,1003,31.894,6.171,2.141,15.9,4.815,18.054,196.948,778.117,1495.921,58.68,216.419,226.882,220.469,53.089,1.141,0
2026-07-27 17:20:24.246553,1003,32.606,5.959,2.149,14.584,5.022,18.616,196.207,880.527,1289.705,55.612,215.372,233.109,220.463,51.727,0.917,0
2026-07-27 17:21:13.979600,1003,30.724,6.368,2.256,15.062,5.286,18.625,193.344,853.304,1331.578,50.906,214.304,233.276,220.106,52.038,0.908,0
2026-07-27 17:22:04.235111,1003,31.615,5.869,2.908,13.062,5.4,19.328,189.181,804.711,1304.307,61.535,212.701,223.319,218.536,53.096,1.244,0
2026-07-27 17:23:00.789842,1003,31.032,6.079,2.451,16.484,5.145,18.327,202.696,862.527,1433.19,58.517,216.992,225.551,221.591,51.878,1.05,0
2026-07-27 17:23:51.825699,1003,32.276,6.438,2.182,16.192,5.52,18.961,207.033,856.249,1446.865,64.005,214.79,229.941,221.315,51.937,1.079,0
2026-07-27 17:24:47.150403,1003,31.224,6.208,3.217,19.252,5.647,18.414,202.929,866.684,1383.218,57.678,216.586,233.41,219.541,53.848,0.851,0
2026-07-27 17:25:39.566965,1003,32.004,6.149,2.985,16.1,5.114,18.715,193.996,794.91,1358.056,63.684,216.97,227.975,215.886,51.968,0.888,0
2026-07-27 17:26:32.963595,1003,31.275,6.059,3.432,14.211,5.492,18.733,197.341,842.286,1385.514,56.549,215.964,228.4,221.208,53.215,1.023,0
2026-07-27 17:27:24.040568,1003,31.71,6.011,2.584,19.19,5.0,18.487,201.42,822.558,1232.484,54.962,216.146,228.964,217.815,51.609,0.958,0
2026-07-27 17:28:18.296770,1003,31.446,5.965,2.964,16.687,4.81,17.914,195.565,846.274,1315.046,55.399,216.05,223.822,220.639,51.682,0.889,0
2026-07-27 17:29:08.375169,1003,31.493,5.888,3.456,16.284,4.917,18.666,206.668,801.752,1321.878,65.162,214.735,225.595,219.126,50.596,1.031,0
2026-07-27 17:29:58.986886,1003,31.667,5.693,2.251,15.816,4.941,18.886,202.49,818.603,1348.844,56.712,213.622,226.722,220.576,52.428,0.812,0
2026-07-27 17:30:49.364188,1003,31.96,6.128,2.623,16.196,5.069,18.564,211.713,895.646,1294.579,64.143,215.958,231.704,218.791,52.502,1.033,0
2026-07-27 17:31:38.101639,1003,31.445,5.692,3.566,13.857,5.795,16.842,196.165,884.684,1277.809,55.562,213.164,235.039,220.007,52.063,0.901,0
2026-07-27 17:32:30.035069,1003,31.946,6.13,3.011,15.648,5.043,18.394,180.511,879.177,1214.17,51.685,214.529,223.678,217.952,52.321,1.078,0
2026-07-27 17:33:24.742893,1003,32.019,5.938,2.914,15.332,5.087,18.907,195.431,893.651,1386.727,60.436,214.232,230.531,220.018,52.613,1.011,0
2026-07-27 17:34:15.687428,1003,31.291,5.809,2.978,16.657,5.246,17.912,192.722,796.783,1233.404,54.806,215.688,228.417,219.995,50.963,1.058,0
2026-07-27 17:35:05.195199,1003,32.443,6.281,3.697,18.404,4.804,19.14,196.036,849.358,1434.954,58.775,215.279,225.393,220.862,52.049,1.147,0
2026-07-27 17:36:03.278959,1003,31.873,5.71,2.986,18.058,5.244,18.132,205.698,858.074,1377.535,58.344,214.23,223.469,219.426,53.161,0.927,0
2026-07-27 17:36:54.062624,1003,31.284,5.867,3.026,17.012,5.397,18.308,191.749,839.765,1425.347,58.282,214.494,228.46,220.34,51.802,0.892,0
2026-07-27 17:37:48.344060,1003,31.807,5.885,2.99,11.872,5.645,18.624,190.01,797.036,1274.2,64.424,217.35,225.043,219.524,51.037,1.132,0
2026-07-27 17:38:40.358756,1003,32.019,6.03,2.079,14.836,5.594,17.947,191.119,876.625,1508.422,58.56,214.058,229.067,220.544,52.757,1.186,0
2026-07-27 17:39:35.715567,1003,31.795,5.877,3.286,11.646,5.309,19.047,207.925,868.917,1538.675,58.002,214.78,223.291,220.469,52.104,1.141,0
2026-07-27 17:40:27.554522,1003,31.601,6.292,2.532,18.325,5.133,19.259,192.235,833.001,1352.554,56.01,215.695,222.864,221.056,51.981,0.744,0
2026-07-27 17:41:19.402981,1003,29.774,5.726,2.281,15.559,5.15,17.84,196.557,875.522,1383.441,59.759,215.084,232.016,218.593,51.715,1.066,0
2026-07-27 17:42:11.223114,1003,31.016,6.817,2.005,15.498,5.322,18.389,206.079,854.606,1348.912,59.373,215.731,228.32,219.89,52.644,0.897,0
2026-07-27 17:43:02.427309,1003,31.839,5.788,2.123,14.259,5.186,19.636,198.982,869.381,1435.623,55.814,216.318,228.223,220.341,51.615,1.099,0
2026-07-27 17:43:54.620741,1003,31.006,6.591,1.706,18.744,5.173,19.16,181.473,824.482,1417.377,61.457,216.727,225.375,222.183,53.012,0.972,0
2026-07-27 17:44:44.217740,1003,31.757,6.219,2.416,16.07,4.92,17.532,192.101,857.921,1199.093,56.641,215.054,230.685,222.379,52.059,0.963,0
2026-07-27 17:45:37.764167,1003,31.942,5.978,2.752,15.574,5.401,19.2,191.083,858.228,1279.736,59.937,215.486,226.733,218.369,52.709,0.957,0
2026-07-27 17:46:38.228836,1003,31.444,6.045,3.605,16.125,5.289,16.447,184.544,844.286,1383.384,51.93,215.252,230.768,219.262,52.627,0.934,0
2026-07-27 17:47:27.312523,1003,30.618,5.924,3.035,16.301,4.973,18.869,192.142,773.456,1415.766,61.337,213.926,225.595,217.001,51.173,0.859,0
2026-07-27 17:48:20.298662,1003,31.132,6.069,3.144,15.527,5.647,17.986,178.667,855.981,1362.696,54.484,215.234,223.038,222.635,52.334,0.958,0
2026-07-27 17:49:12.348662,1003,31.842,5.853,3.729,18.741,5.263,18.776,196.95,857.955,1205.78,60.337,213.023,224.448,220.381,51.812,1.014,0
2026-07-27 17:50:00.816763,1003,32.128,6.142,1.375,18.717,4.773,18.648,195.045,823.577,1397.309,62.88,215.45,229.278,220.697,52.46,1.164,0
2026-07-27 17:50:55.253510,1003,30.459,6.036,3.223,16.053,5.483,18.58,190.751,867.596,1505.112,59.222,212.442,223.349,219.621,51.958,1.056,0
2026-07-27 17:51:45.869676,1003,31.54,5.802,3.179,14.048,4.998,18.851,184.143,858.095,1154.829,62.341,213.813,235.109,219.995,50.682,0.968,0
2026-07-27 17:52:35.723517,1003,30.766,6.085,3.469,16.589,5.077,18.202,203.367,862.876,1429.84,52.971,216.026,221.785,221.355,52.553,0.96,0
2026-07-27 17:53:31.990154,1003,31.545,6.073,1.976,14.468,5.144,18.141,191.59,840.054,1505.728,57.153,215.558,226.871,218.745,50.438,0.672,0
2026-07-27 17:54:22.925451,1003,31.421,5.857,2.673,19.119,5.459,19.058,201.585,801.446,1430.202,54.779,214.979,232.502,218.645,52.099,0.957,0
2026-07-27 17:55:18.567649,1003,32.68,5.914,2.469,19.45,5.183,18.503,194.245,802.089,1343.14,54.725,214.459,228.699,219.711,53.326,1.015,0
2026-07-27 17:56:12.253272,1003,31.231,6.102,2.266,17.495,5.386,18.158,203.756,870.937,1426.235,50.872,213.963,226.018,220.012,52.981,0.933,0
2026-07-27 17:57:04.549741,1003,32.024,6.218,4.318,13.169,4.728,18.393,198.507,819.277,1342.638,57.838,214.315,232.332,220.667,52.282,0.942,0
2026-07-27 17:57:58.535255,1003,32.004,5.972,2.677,14.767,4.869,18.341,195.669,827.858,1396.073,61.451,215.822,223.6,220.024,51.642,0.727,0
2026-07-27 17:58:52.987792,1003,31.403,6.186,3.529,15.378,5.21,18.292,189.962,875.349,1357.083,62.818,214.695,226.289,218.986,51.956,0.847,0
2026-07-27 17:59:44.441145,1003,31.559,6.233,3.402,13.905,4.982,18.766,202.794,789.044,1359.46,53.062,212.498,220.707,219.543,52.736,0.879,0
2026-07-27 18:00:35.292604,1003,31.5,6.261,2.179,15.142,5.139,17.978,193.767,804.41,1285.241,55.485,213.522,231.212,220.212,51.448,0.92,0
2026-07-27 18:01:29.968383,1003,31.128,6.083,2.701,16.375,5.424,19.412,190.111,873.885,1310.618,54.389,214.026,229.852,220.793,52.293,0.666,0
2026-07-27 18:02:30.636862,1003,31.085,5.82,3.034,17.052,4.959,18.634,194.056,853.444,1488.1,54.102,214.683,229.863,221.199,51.404,0.979,0
2026-07-27 18:03:17.578560,1003,31.295,6.178,3.225,18.802,4.979,17.398,194.723,793.189,1297.316,56.254,214.648,228.047,219.67,51.803,0.99,0
2026-07-27 18:04:06.099833,1003,30.931,5.962,3.189,15.791,5.233,18.665,200.245,838.252,1183.759,57.583,213.733,227.841,219.151,51.67,1.045,0
2026-07-27 18:04:55.094616,1003,31.25,6.101,3.999,15.151,4.562,17.942,183.707,856.104,1648.808,56.281,215.738,227.954,218.922,52.29,0.953,0
2026-07-27 18:05:46.082233,1003,31.402,5.874,3.519,12.879,5.502,18.483,209.299,819.044,1312.893,51.651,212.624,228.781,221.4,52.384,1.091,0
2026-07-27 18:06:35.040929,1003,31.581,5.88,3.374,16.64,5.239,18.409,197.78,809.067,1327.176,61.57,214.105,228.047,219.476,53.507,1.196,0
2026-07-27 18:07:28.950646,1003,31.722,5.86,3.552,14.801,5.228,18.907,194.905,802.03,1315.824,58.248,215.942,223.588,219.084,51.893,0.845,0
2026-07-27 18:08:16.433299,1003,31.402,5.735,3.771,15.363,5.038,18.9,197.664,875.545,1351.354,59.153,215.648,218.016,220.201,52.226,0.863,0
2026-07-27 18:09:07.099742,1003,31.115,5.883,2.645,14.542,5.407,18.633,185.811,881.256,1285.474,59.395,214.676,236.27,221.937,52.823,1.037,0
2026-07-27 18:09:57.554002,1003,31.713,5.793,2.1,14.607,5.152,19.646,195.744,872.886,1476.602,60.089,216.126,224.777,218.891,51.982,1.064,0
2026-07-27 18:10:52.656911,1003,31.895,6.113,2.654,17.495,5.568,18.065,198.902,886.737,1333.036,58.145,215.313,226.762,220.71,52.068,0.866,0
2026-07-27 18:11:44.504704,1003,31.257,5.787,2.217,15.713,4.687,19.319,193.233,888.132,1261.129,54.0,215.085,232.177,219.454,52.426,1.186,0
2026-07-27 18:12:32.327198,1003,31.009,5.866,2.44,19.437,5.219,19.336,198.142,807.035,1106.157,63.864,215.721,228.915,220.133,51.526,0.896,0
2026-07-27 18:13:25.252297,1003,31.277,6.001,3.057,13.273,5.213,18.702,199.759,880.038,1443.064,60.182,215.488,221.492,220.973,52.141,0.973,0
2026-07-27 18:14:14.362143,1003,31.409,6.362,2.685,18.721,5.293,18.775,190.629,854.254,1312.541,53.73,216.598,222.608,221.459,51.432,1.073,0
2026-07-27 18:15:02.641547,1003,32.073,5.862,3.369,14.711,5.621,19.07,202.493,906.087,1381.934,53.79,214.669,231.197,219.364,51.777,1.158,0
2026-07-27 18:15:58.100809,1003,31.847,5.724,3.173,15.718,4.791,18.311,194.638,949.192,1271.034,65.858,214.709,230.007,220.9,53.503,0.89,0
2026-07-27 18:16:48.755681,1003,31.498,5.738,3.208,16.982,4.782,18.196,206.439,845.327,1357.973,56.818,215.236,225.331,220.285,51.899,1.082,0
2026-07-27 18:17:42.286277,1003,32.45,5.828,2.279,18.206,5.094,18.228,202.857,842.155,1347.681,54.654,215.026,227.326,220.483,52.155,0.988,0
2026-07-27 18:18:32.800275,1003,31.483,5.869,2.5,18.297,4.632,18.675,197.439,839.873,1428.275,55.272,217.228,227.662,221.483,50.148,0.839,0
2026-07-27 18:19:25.569441,1003,32.207,6.461,1.911,18.252,5.892,18.219,190.129,853.086,1364.071,59.394,215.629,228.54,219.147,52.308,0.933,0
2026-07-27 18:20:21.933755,1003,32.111,6.193,3.324,15.367,5.48,18.067,194.331,857.727,1254.552,55.503,214.132,229.267,220.93,53.383,0.867,0
2026-07-27 18:21:14.521705,1003,32.075,5.937,4.096,20.015,5.355,17.879,201.047,927.504,1554.206,58.06,213.211,225.867,220.188,51.406,1.075,0
2026-07-27 18:22:05.396664,1003,31.661,6.371,3.102,17.261,5.435,17.91,191.642,855.152,1386.938,67.199,216.885,230.444,221.421,52.759,0.843,0
2026-07-27 18:22:53.285336,1003,31.558,5.877,3.153,9.078,5.581,18.116,197.601,838.541,1269.685,50.901,214.55,229.995,220.492,51.566,1.048,0
2026-07-27 18:23:48.060517,1003,31.503,5.918,2.697,15.983,5.016,18.13,198.279,851.38,1366.075,55.795,215.397,231.162,219.819,50.841,0.998,0
2026-07-27 18:24:41.560945,1003,31.925,5.906,2.877,15.03,5.092,18.564,194.325,827.076,1383.242,57.758,214.978,230.737,221.045,51.694,1.036,0
2026-07-27 18:25:34.573982,1003,31.105,6.205,3.727,15.187,5.303,18.034,190.07,802.335,1391.148,50.091,215.968,230.63,219.319,51.522,0.999,0
2026-07-27 18:26:26.324167,1003,31.369,5.986,3.052,17.371,5.049,18.795,204.586,846.708,1380.88,59.672,214.336,225.59,219.52,52.081,0.903,0
2026-07-27 18:27:21.829533,1003,32.333,6.301,3.364,16.614,4.922,19.681,197.85,918.669,1370.855,61.26,215.143,226.979,219.099,51.788,1.041,0
2026-07-27 18:28:12.462667,1003,31.812,6.087,3.741,14.352,5.041,19.25,193.189,876.763,1428.004,51.669,214.345,223.924,219.248,51.301,1.014,0
2026-07-27 18:29:06.181643,1003,31.977,6.182,3.627,19.365,5.315,17.863,190.259,837.089,1411.869,57.158,218.338,228.345,216.718,52.373,0.943,0
2026-07-27 18:30:03.851505,1003,30.889,5.637,3.018,12.952,5.473,18.321,200.391,861.176,1413.449,58.269,214.097,224.134,219.387,52.821,1.281,0
2026-07-27 18:30:56.102631,1003,31.284,5.66,3.06,12.797,4.819,17.738,194.584,923.911,1198.993,59.914,215.672,229.474,219.912,52.455,0.869,0
2026-07-27 18:31:47.050836,1003,31.667,5.667,2.78,13.41,5.143,18.617,200.865,856.769,1202.584,68.71,218.414,232.538,220.912,52.125,1.055,0
2026-07-27 18:32:37.318742,1003,31.479,5.914,3.284,16.93,5.184,18.652,189.467,825.186,1282.579,54.387,216.318,227.497,218.895,51.946,1.065,0
2026-07-27 18:33:27.546321,1003,30.887,5.692,2.764,16.753,4.783,18.604,196.816,852.987,1328.883,59.757,214.974,225.226,219.399,52.41,0.968,0
2026-07-27 18:34:19.660582,1003,31.88,6.248,3.2,14.04,5.335,17.87,192.121,869.615,1285.405,56.965,215.2,229.575,219.788,51.615,1.027,0
2026-07-27 18:35:16.822587,1003,32.039,5.96,3.592,14.539,5.168,18.11,205.449,863.083,1263.657,56.248,214.025,231.836,220.919,52.589,1.049,0
2026-07-27 18:36:10.172983,1003,31.357,6.123,2.039,15.899,4.918,19.073,197.209,893.13,1370.304,57.568,217.016,224.359,220.216,51.103,0.991,0
2026-07-27 18:37:02.810146,1003,31.898,5.902,1.941,13.45,5.055,18.738,189.025,853.894,1275.812,59.225,214.729,227.985,220.449,50.779,0.938,0
2026-07-27 18:37:55.263288,1003,32.515,6.165,2.975,17.745,5.361,17.979,200.61,783.053,1145.698,57.54,214.912,228.817,221.059,52.43,0.991,0
2026-07-27 18:38:42.424671,1003,32.263,5.607,3.381,19.51,5.493,17.73,202.408,864.682,1234.551,58.657,213.946,226.332,220.603,51.249,0.933,0
2026-07-27 18:39:34.122410,1003,31.38,5.99,3.164,15.5,5.302,18.456,192.978,862.71,1298.171,57.162,214.625,229.654,219.277,51.471,1.15,0
2026-07-27 18:40:23.232000,1003,30.948,6.1,2.31,16.706,5.772,18.426,190.141,860.823,1328.048,53.565,215.078,220.622,222.052,51.273,1.096,0
2026-07-27 18:41:19.928031,1003,31.615,6.117,3.513,16.158,5.535,17.728,181.783,826.392,1426.389,60.967,216.307,228.944,217.718,52.418,1.008,0
2026-07-27 18:42:09.206496,1003,32.673,5.936,4.088,19.054,5.365,18.315,201.605,908.806,1386.936,61.812,215.32,235.033,221.078,51.442,0.918,0
2026-07-27 18:42:57.041686,1003,32.169,5.658,2.505,20.372,4.989,18.209,184.482,819.463,1179.558,61.621,216.314,229.854,220.528,52.973,0.965,0
2026-07-27 18:43:43.668546,1003,31.497,6.202,2.587,15.086,5.539,18.148,194.71,822.544,1473.469,60.332,212.258,227.661,221.493,52.538,0.935,0
2026-07-27 18:44:33.252547,1003,32.281,5.922,3.015,15.983,4.969,18.243,184.649,844.364,1333.058,54.241,216.681,222.392,219.72,52.185,0.989,0
2026-07-27 18:45:16.190573,1003,32.084,5.939,2.928,17.882,5.424,18.665,205.806,889.465,1355.879,53.495,213.39,226.059,219.404,53.12,0.823,0
2026-07-27 18:46:08.772430,1003,30.55,6.444,3.686,16.702,4.467,18.554,203.007,890.722,1360.304,61.347,215.923,228.797,218.678,51.346,0.938,0
2026-07-27 18:47:01.505448,1003,32.031,6.019,3.162,13.812,5.052,19.253,196.801,869.566,1277.522,52.442,211.27,227.892,218.724,52.091,0.879,0
2026-07-27 18:47:50.106686,1003,31.559,5.896,2.834,11.748,4.781,18.619,201.286,876.907,1397.891,54.621,215.079,222.317,219.8,50.397,0.922,0
2026-07-27 18:48:44.797977,1003,31.067,5.884,2.664,14.535,5.114,18.983,194.207,813.227,1184.395,66.514,216.137,228.547,218.989,51.631,1.201,0
2026-07-27 18:49:36.275165,1003,31.546,6.129,2.129,16.663,4.738,17.706,190.052,801.706,1463.909,59.633,213.99,223.899,219.146,51.078,0.964,0
2026-07-27 18:50:27.796665,1003,31.707,5.836,3.781,15.003,5.209,18.591,184.941,840.212,1365.94,58.17,215.043,225.087,218.728,52.637,1.021,0
2026-07-27 18:51:22.502957,1003,31.103,6.102,3.358,13.483,5.34,18.277,199.752,876.683,1380.875,49.722,216.112,231.267,221.241,52.882,0.975,0
2026-07-27 18:52:18.032258,1003,31.44,6.22,2.948,14.574,5.005,18.934,188.944,877.438,1394.763,54.681,215.881,226.498,219.133,51.81,1.069,0
2026-07-27 18:53:06.856344,1003,31.335,5.982,3.062,20.12,5.104,18.652,210.159,825.796,1312.477,61.011,213.128,224.786,220.482,53.6,0.957,0
2026-07-27 18:53:54.367814,1003,31.898,6.198,2.939,13.313,5.266,19.445,188.326,822.662,1458.048,51.27,216.199,223.364,219.849,51.409,0.939,0
2026-07-27 18:54:45.182644,1003,31.349,5.986,1.994,15.185,5.186,17.941,201.072,884.89,1288.357,59.191,217.05,224.496,220.416,51.169,0.924,0
2026-07-27 18:55:42.018412,1003,30.65,5.863,2.19,14.722,5.604,18.073,202.656,856.516,1264.95,51.695,216.458,225.234,219.685,51.622,0.918,0
2026-07-27 18:56:31.604414,1003,31.276,5.667,2.884,20.408,4.994,18.705,186.961,790.921,1362.666,54.88,213.524,231.104,220.93,52.267,1.165,0
2026-07-27 18:57:26.625329,1003,31.027,6.055,2.874,12.522,5.361,18.422,192.302,818.399,1232.889,50.892,213.697,227.365,220.736,52.662,1.042,0
2026-07-27 18:58:15.586490,1003,30.853,6.059,2.993,14.103,5.278,17.934,193.62,865.069,1301.865,57.899,215.091,232.558,221.451,52.555,0.932,0
2026-07-27 18:59:07.107053,1003,32.09,6.196,3.968,16.058,4.723,18.724,215.896,816.597,1372.166,50.357,215.703,222.593,219.207,51.763,1.092,0
2026-07-27 18:59:57.313671,1003,31.902,6.177,2.837,16.298,5.226,18.203,193.528,822.454,1412.479,57.148,216.045,232.922,218.984,52.786,1.126,0
2026-07-27 19:00:50.598891,1003,31.017,6.413,2.565,18.492,5.174,18.77,188.171,823.509,1346.819,60.183,214.05,226.871,219.533,51.637,0.921,0
2026-07-27 19:01:43.060902,1003,30.865,5.884,3.03,18.254,5.052,17.48,197.95,876.373,1273.137,58.339,214.911,226.551,220.136,54.036,0.968,0
2026-07-27 19:02:32.269704,1003,31.449,6.071,2.204,14.293,5.732,18.324,188.715,850.724,1321.338,59.452,214.018,226.502,220.632,52.752,1.001,0
2026-07-27 19:03:22.762464,1003,30.838,5.862,3.089,16.633,5.586,18.594,194.631,899.615,1293.215,58.449,213.792,236.99,219.248,50.59,0.915,0
2026-07-27 19:04:11.435381,1003,31.379,6.186,2.587,15.514,4.971,18.602,192.27,838.56,1341.7,57.118,215.488,225.498,220.24,51.659,0.946,0
2026-07-27 19:05:04.152592,1003,31.535,5.815,3.128,14.859,5.391,18.919,198.108,844.883,1297.278,57.213,214.912,236.197,219.781,51.471,0.946,0
2026-07-27 19:05:52.978883,1003,31.652,6.183,2.897,18.249,5.423,18.353,191.633,860.703,1266.929,58.731,215.547,231.127,219.681,53.484,0.984,0
2026-07-27 19:06:45.276680,1003,31.67,5.853,2.919,16.497,5.244,18.769,190.823,832.885,1256.346,52.914,214.314,222.858,219.99,51.347,1.337,0
2026-07-27 19:07:38.516021,1003,31.11,6.153,3.357,19.58,4.871,18.458,201.474,804.644,1193.742,55.837,215.804,223.461,221.801,50.424,0.901,0
2026-07-27 19:08:32.574169,1003,31.535,6.241,3.419,17.007,4.914,18.94,196.734,840.776,1441.908,66.043,213.647,228.306,220.949,52.712,0.838,0
2026-07-27 19:09:26.674660,1003,32.14,5.689,4.159,18.045,5.358,17.577,195.169,829.289,1410.842,59.536,214.453,227.936,221.259,49.988,1.108,0
2026-07-27 19:10:19.722786,1003,30.451,5.731,3.396,9.67,5.352,16.937,183.45,847.324,1245.576,62.746,213.672,225.827,220.435,51.756,1.02,0
2026-07-27 19:11:08.347653,1003,31.663,6.047,2.86,16.121,5.114,19.252,198.731,833.653,1405.315,58.93,215.341,225.252,222.113,52.57,0.966,0
2026-07-27 19:11:57.642074,1003,30.911,6.026,2.639,16.911,5.595,18.159,192.176,864.071,1353.602,54.426,217.175,234.005,221.068,51.736,1.095,0
2026-07-27 19:12:46.922557,1003,32.202,5.942,3.198,17.123,5.648,17.478,196.67,840.794,1240.182,56.221,215.442,228.146,218.289,53.004,0.865,0
2026-07-27 19:13:38.719468,1003,31.909,5.905,3.833,19.474,5.644,18.404,183.934,804.137,1260.707,50.182,214.878,229.475,220.873,52.284,1.035,0
2026-07-27 19:14:34.123037,1003,31.893,5.829,3.488,17.343,5.646,18.189,196.663,832.944,1337.331,63.273,214.763,227.993,220.406,51.37,0.979,0
2026-07-27 19:15:23.947168,1003,31.073,6.066,2.594,13.134,5.195,18.721,196.159,816.135,1413.0,61.261,214.304,227.682,220.747,52.161,1.004,0
2026-07-27 19:16:14.983171,1003,31.632,5.807,3.258,17.162,4.8,18.795,193.623,906.727,1400.501,53.987,216.326,236.549,218.2,53.231,1.006,0
2026-07-27 19:17:10.728529,1003,31.688,6.073,3.127,17.85,5.103,18.25,189.684,852.336,1304.212,60.71,215.494,229.907,218.244,52.181,1.262,0
2026-07-27 19:17:58.452976,1003,30.314,5.885,3.598,14.522,5.166,19.057,201.996,870.348,1389.039,60.333,212.992,238.547,219.886,52.379,0.945,0
2026-07-27 19:18:55.198465,1003,31.573,5.915,3.172,14.979,5.011,17.773,190.521,848.22,1336.173,57.824,216.306,230.769,217.893,52.336,0.907,0
2026-07-27 19:19:49.139416,1003,31.807,6.243,3.15,17.737,5.086,17.09,200.461,904.183,1287.532,59.5,213.955,224.76,220.844,51.505,1.059,0
2026-07-27 19:20:38.954147,1003,30.793,6.191,2.327,15.936,4.853,18.589,201.283,814.433,1431.646,59.894,214.213,232.724,220.177,50.847,1.112,0
2026-07-27 19:21:29.889987,1003,31.801,5.801,3.451,18.447,5.414,18.345,190.007,828.044,1363.239,59.115,215.483,227.177,222.337,52.281,0.851,0
2026-07-27 19:22:27.186168,1003,31.55,5.825,2.207,16.36,5.688,17.363,199.488,883.273,1393.421,58.135,214.282,233.904,220.449,53.028,1.043,0
2026-07-27 19:23:17.625492,1003,32.191,6.156,3.051,10.915,5.915,18.866,192.422,835.988,1256.693,57.86,217.691,224.661,220.833,52.428,0.872,0
2026-07-27 19:24:11.861390,1003,31.293,5.713,2.686,16.07,5.274,17.481,198.831,829.301,1305.829,55.117,214.714,220.843,220.695,51.07,0.851,0
2026-07-27 19:25:10.225471,1003,31.589,6.291,2.652,15.022,5.149,18.433,189.385,834.718,1419.712,61.315,215.76,227.929,220.094,52.308,0.976,0
2026-07-27 19:26:02.094539,1003,31.671,6.027,3.332,17.355,5.189,18.96,194.309,907.023,1326.141,65.822,213.147,233.665,220.141,52.672,0.927,0
2026-07-27 19:26:54.064900,1003,30.096,5.884,2.998,16.913,5.608,18.654,195.462,910.292,1331.054,52.796,214.26,224.851,219.932,52.847,0.858,0
2026-07-27 19:27:52.960407,1003,31.323,6.002,1.636,13.772,5.603,18.62,194.824,862.882,1259.805,57.644,214.843,229.935,217.136,52.446,0.906,0
2026-07-27 19:28:41.564084,1003,31.543,6.272,2.887,16.397,5.128,18.215,197.287,856.704,1366.734,54.755,216.196,224.669,221.347,52.193,0.943,0
2026-07-27 19:29:33.505995,1003,30.322,5.574,2.779,17.174,5.561,18.601,190.147,873.72,1258.272,59.812,213.709,231.466,221.359,51.567,1.068,0
2026-07-27 19:30:26.835299,1003,31.837,6.205,3.717,16.962,5.248,18.805,191.686,862.382,1381.091,59.291,216.439,225.967,221.037,51.885,0.892,0
2026-07-27 19:31:14.021251,1003,31.543,6.239,2.292,18.188,4.979,18.113,199.283,856.096,1265.607,58.066,215.153,228.627,220.107,52.713,1.008,0
2026-07-27 19:32:02.395885,1003,31.54,5.936,4.093,13.59,5.154,17.821,192.526,837.932,1332.201,55.016,215.393,226.101,219.838,51.422,0.797,0
2026-07-27 19:32:52.614259,1003,31.861,5.986,3.488,15.582,5.711,18.973,192.016,833.146,1483.877,55.513,214.106,224.348,218.639,51.396,0.976,0
2026-07-27 19:33:45.887751,1003,31.295,6.027,2.842,10.817,5.417,19.611,189.949,865.388,1381.091,54.305,213.842,219.425,218.497,52.515,1.081,0
2026-07-27 19:34:36.375692,1003,31.522,6.147,2.761,18.655,5.048,19.397,192.24,855.035,1320.551,50.269,212.387,222.041,219.287,52.278,0.947,0
2026-07-27 19:35:28.103829,1003,31.933,5.854,2.636,16.222,5.481,16.924,188.838,893.587,1422.83,62.662,215.36,226.331,220.244,53.038,1.059,0
2026-07-27 19:36:22.542364,1003,31.528,5.997,3.182,15.743,5.414,19.251,199.376,843.489,1288.503,60.308,215.753,229.385,220.448,52.65,0.789,0
2026-07-27 19:37:16.418773,1003,30.578,5.98,2.551,15.705,5.107,18.119,192.306,824.17,1266.171,62.919,214.566,235.287,219.382,51.626,0.877,0
2026-07-27 19:38:02.023238,1003,31.526,6.136,2.933,17.105,4.976,19.58,188.498,808.628,1319.001,56.035,213.1,225.317,218.436,53.097,1.062,0
2026-07-27 19:38:54.591699,1003,31.532,6.535,2.381,18.394,4.867,17.877,193.781,828.723,1443.387,59.558,214.333,224.825,219.2,52.227,1.069,0
2026-07-27 19:39:48.302937,1003,31.95,5.853,3.406,15.33,4.707,17.823,186.621,809.297,1438.612,53.94,215.448,221.935,219.857,52.508,1.206,0
2026-07-27 19:40:40.048252,1003,31.328,6.016,3.097,16.942,5.004,18.47,189.865,884.28,1307.783,55.108,215.221,231.093,218.126,51.768,1.078,0
2026-07-27 19:41:33.687725,1003,31.011,5.848,2.733,16.915,5.147,18.259,203.127,838.671,1325.865,66.107,215.806,229.9,220.22,52.374,1.127,0
2026-07-27 19:42:28.088580,1003,31.013,5.902,2.862,10.944,5.578,18.289,188.471,828.733,1385.727,55.933,213.059,229.379,221.935,51.652,0.895,0
2026-07-27 19:43:21.101165,1003,32.221,5.785,2.605,14.372,5.447,19.066,194.139,864.913,1556.395,61.479,214.514,228.948,219.036,50.53,0.999,0
2026-07-27 19:44:12.801202,1003,31.645,5.694,3.179,17.002,5.259,19.242,208.238,907.523,1329.805,58.555,214.88,225.932,222.543,53.29,0.848,0
2026-07-27 19:45:05.586252,1003,32.196,6.237,2.285,18.838,4.638,17.934,196.496,838.623,1467.515,51.641,215.76,233.205,219.155,51.413,1.119,0
2026-07-27 19:45:50.325748,1003,32.268,6.071,3.514,19.126,5.289,19.484,191.935,818.113,1371.205,56.935,214.276,224.238,219.733,51.628,0.968,0
2026-07-27 19:46:46.727952,1003,31.128,6.019,3.099,13.183,4.706,17.762,183.074,839.527,1422.528,59.087,215.642,225.51,220.58,51.583,1.053,0
2026-07-27 19:47:42.856058,1003,31.09,5.825,2.744,18.299,5.462,18.137,196.002,797.096,1436.153,60.481,213.861,223.231,219.944,53.294,0.747,0
2026-07-27 19:48:38.762620,1003,31.436,5.985,3.335,18.376,5.47,20.02,190.394,865.926,1364.958,49.994,215.26,226.959,217.966,52.361,0.723,0
2026-07-27 19:49:31.162507,1003,31.807,5.769,3.222,16.949,5.215,18.722,198.347,867.731,1347.591,53.445,214.648,224.243,220.3,52.467,1.194,0
2026-07-27 19:50:24.945747,1003,30.799,5.995,2.404,11.354,5.445,18.106,190.942,838.257,1332.389,58.804,214.578,224.857,220.093,52.7,1.38,0
2026-07-27 19:51:17.382990,1003,31.727,6.067,3.745,14.765,5.504,18.658,196.663,818.508,1379.804,53.548,217.896,222.461,219.685,52.553,1.039,0
2026-07-27 19:52:10.389523,1003,31.702,5.891,1.577,16.249,5.233,18.923,203.678,920.609,1450.965,62.619,214.601,223.475,220.086,52.179,1.17,0
2026-07-27 19:53:06.657595,1003,30.937,5.849,3.621,15.457,5.157,18.702,199.028,815.348,1462.432,57.239,214.493,220.744,220.531,52.156,0.919,0
2026-07-27 19:53:53.134247,1003,30.955,5.902,2.907,11.012,4.801,19.268,187.09,829.244,1452.898,59.543,213.29,229.004,218.936,53.073,0.827,0
2026-07-27 19:54:46.504683,1003,31.722,6.163,3.565,15.399,5.093,17.981,195.534,851.989,1310.395,62.942,216.188,223.879,220.643,51.176,1.182,0
2026-07-27 19:55:35.903903,1003,32.537,6.04,3.821,13.859,4.901,18.108,200.781,875.964,1301.705,52.399,214.348,234.267,219.269,51.405,0.985,0
2026-07-27 19:56:24.309511,1003,31.353,5.679,2.756,17.359,4.898,17.966,185.882,846.63,1279.613,59.442,214.962,231.477,221.842,52.478,0.977,0
2026-07-27 19:57:15.913472,1003,31.665,6.145,2.783,17.104,4.98,18.002,205.123,852.026,1363.092,58.066,213.987,227.793,221.248,52.255,1.183,0
2026-07-27 19:58:04.004859,1003,31.197,6.109,3.179,17.203,4.612,18.525,195.846,868.748,1429.297,58.194,215.499,229.894,218.804,51.781,0.962,0
2026-07-27 19:58:52.090257,1003,31.618,6.037,2.354,15.15,5.494,17.862,198.459,943.965,1301.973,56.56,216.119,231.106,221.476,53.688,0.87,0
2026-07-27 19:59:38.906389,1003,31.187,6.329,2.811,16.047,5.266,18.674,192.937,834.204,1334.446,58.169,216.57,225.421,220.489,51.193,0.847,0
2026-07-27 20:00:29.402440,1003,31.371,6.005,2.763,15.807,5.548,18.88,195.278,836.212,1404.967,45.212,214.86,226.645,220.636,52.056,1.0,0
2026-07-27 20:01:23.061540,1003,32.725,6.086,2.324,18.101,5.441,17.766,189.633,847.879,1322.702,62.726,214.288,232.028,219.782,52.218,1.096,0
2026-07-27 20:02:17.636754,1003,31.554,6.094,2.733,14.773,5.35,18.122,204.282,870.691,1333.82,51.888,214.21,232.3,219.589,51.736,0.968,0
2026-07-27 20:03:15.807938,1003,30.718,6.175,3.429,14.258,5.438,18.194,205.758,924.23,1444.719,64.953,215.021,224.261,219.675,51.553,0.988,0
2026-07-27 20:04:06.544861,1003,31.821,5.955,3.388,18.212,5.245,18.368,207.88,847.789,1352.014,53.513,215.304,237.143,218.856,51.804,0.914,0
2026-07-27 20:05:01.033745,1003,32.065,5.871,2.899,17.888,5.592,18.401,184.406,867.086,1288.778,53.33,215.653,221.819,217.755,53.131,0.943,0
2026-07-27 20:05:53.595684,1003,31.838,6.195,3.036,17.072,5.047,19.043,196.977,788.386,1358.19,59.201,213.984,217.901,219.235,51.75,1.173,0
2026-07-27 20:06:46.066477,1003,31.412,6.184,2.827,19.633,5.194,19.088,197.593,852.874,1386.834,58.64,215.161,234.735,219.229,52.291,0.985,0
2026-07-27 20:07:39.232610,1003,31.041,6.255,1.996,20.803,5.116,18.015,190.767,850.591,1562.885,59.393,213.777,230.561,218.692,51.592,0.915,0
2026-07-27 20:08:33.732332,1003,31.054,6.083,2.42,18.83,5.805,18.915,197.237,880.554,1479.122,59.02,214.845,228.279,220.698,52.514,1.181,0
2026-07-27 20:09:27.224040,1003,31.405,5.67,3.547,14.281,5.01,19.325,186.38,835.998,1621.351,56.91,216.675,230.902,220.293,52.77,0.969,0
2026-07-27 20:10:17.988952,1003,31.317,6.033,3.682,17.912,5.586,19.226,203.83,815.55,1259.446,55.956,214.726,224.648,219.289,51.882,0.98,0
2026-07-27 20:11:11.812885,1003,31.221,6.007,3.247,16.254,4.791,18.623,185.801,857.661,1438.951,59.946,213.939,220.2,219.626,52.495,0.971,0
2026-07-27 20:12:01.850022,1003,32.108,6.246,4.623,14.707,5.23,18.467,196.503,805.787,1662.1,54.595,215.421,225.611,220.268,51.923,0.821,0
2026-07-27 20:12:55.682179,1003,31.961,6.212,2.844,14.295,5.146,17.658,199.735,827.692,1348.176,58.001,216.073,224.572,219.128,52.033,0.953,0
2026-07-27 20:13:48.044992,1003,32.133,6.123,1.75,16.619,4.894,18.252,191.403,852.595,1455.225,50.383,214.077,223.348,216.935,52.318,1.022,0
2026-07-27 20:14:34.214905,1003,31.106,5.585,4.229,17.879,5.001,17.604,203.236,781.495,1302.688,58.567,213.374,224.969,221.436,52.222,0.952,0
2026-07-27 20:15:25.783084,1003,31.04,5.835,3.615,19.172,5.351,19.184,184.05,843.585,1493.411,57.914,214.026,225.028,219.862,52.167,1.107,0
2026-07-27 20:16:20.690214,1003,31.539,5.927,2.313,17.55,5.099,18.342,194.816,896.834,1349.059,57.328,214.472,225.518,220.324,50.969,0.889,0
2026-07-27 20:17:12.295599,1003,31.707,5.932,3.644,17.32,4.91,18.448,184.88,804.282,1267.972,64.666,216.822,229.101,220.206,51.135,1.03,0
2026-07-27 20:18:05.010001,1003,31.536,6.033,5.027,15.527,5.469,18.13,190.36,831.181,1340.353,63.778,213.315,229.843,218.268,50.79,0.942,0
2026-07-27 20:18:55.516432,1003,31.673,6.296,1.262,16.498,5.194,17.654,192.037,868.065,1299.97,61.341,212.967,228.758,219.176,51.019,1.101,0
2026-07-27 20:19:46.661529,1003,32.293,6.156,1.817,12.562,5.299,18.928,191.671,874.647,1427.029,61.248,215.326,216.828,219.984,52.322,1.167,0
2026-07-27 20:20:41.621031,1003,31.391,5.816,2.789,17.3,5.528,18.801,202.625,852.68,1125.041,57.944,214.146,223.227,219.761,51.753,1.133,0
2026-07-27 20:21:32.276557,1003,31.904,5.834,0.813,16.993,5.664,19.06,187.966,845.597,1272.572,58.791,213.81,223.284,218.639,51.558,1.006,0
2026-07-27 20:22:20.685733,1003,31.759,5.816,2.322,20.403,4.514,17.449,185.674,898.95,1253.88,59.317,215.78,232.526,220.411,53.262,0.995,0
2026-07-27 20:23:05.883459,1003,31.548,5.977,3.105,15.909,5.168,19.291,192.414,857.169,1274.988,60.031,215.109,223.936,220.683,52.842,0.987,0
2026-07-27 20:23:55.507328,1003,31.881,6.161,4.647,18.74,4.697,18.425,195.68,820.327,1242.43,57.8,216.206,219.531,219.543,50.887,0.88,0
2026-07-27 20:24:44.079271,1003,31.116,6.193,3.829,14.909,6.018,18.966,198.019,854.484,1668.146,59.777,215.881,230.394,221.203,51.392,1.097,0
2026-07-27 20:25:31.442357,1003,31.015,5.925,4.316,19.903,5.245,16.919,201.923,847.088,1380.085,57.771,213.55,227.883,220.639,51.336,0.765,0
2026-07-27 20:26:20.093158,1003,31.716,5.994,3.882,19.334,5.492,18.746,182.1,838.279,1544.837,59.271,212.985,238.06,220.464,52.044,0.955,0
2026-07-27 20:27:09.002890,1003,30.681,6.335,1.837,18.603,5.012,18.456,205.132,802.245,1046.062,61.354,216.343,221.699,219.401,51.096,1.176,0
2026-07-27 20:27:57.702302,1003,31.756,5.703,2.468,16.139,5.093,18.368,190.089,850.794,1391.178,54.744,214.851,226.585,219.796,51.523,0.819,0
2026-07-27 20:28:54.017855,1003,30.936,6.128,2.463,15.489,5.53,18.441,193.329,867.893,1150.676,58.056,218.618,223.144,221.0,52.292,1.051,0
2026-07-27 20:29:40.869535,1003,32.259,6.106,0.5,15.147,5.355,18.142,195.139,872.764,1426.642,57.819,216.16,223.152,218.261,51.906,1.082,0
2026-07-27 20:30:34.671980,1003,31.302,5.941,3.438,13.763,5.703,17.653,181.978,851.323,1551.2,53.223,216.645,224.045,218.339,51.083,0.935,0
2026-07-27 20:31:28.342171,1003,32.227,5.996,2.742,17.076,4.95,17.741,192.405,852.031,1266.561,63.343,213.867,222.887,219.511,52.071,0.883,0
2026-07-27 20:32:22.260633,1003,31.395,6.084,3.901,15.429,5.135,18.516,200.952,834.762,1294.04,54.033,214.899,228.281,219.976,52.091,0.813,0
2026-07-27 20:33:14.111684,1003,31.373,5.941,4.423,16.88,5.354,19.287,198.789,879.071,1581.223,63.517,215.97,227.765,219.883,52.15,0.946,0
2026-07-27 20:34:10.059991,1003,31.933,5.872,3.375,16.391,5.4,19.164,191.997,816.516,1582.347,51.862,214.899,227.368,220.626,51.015,0.911,0
2026-07-27 20:35:02.061886,1003,31.646,5.857,1.813,13.53,5.326,18.638,196.278,835.89,1333.585,51.214,215.067,232.827,220.29,52.687,0.839,0
2026-07-27 20:35:53.403528,1003,31.467,6.372,4.246,18.441,4.803,18.207,197.769,827.63,1132.17,56.088,215.292,229.844,220.025,51.652,1.107,0
2026-07-27 20:36:49.041934,1003,31.298,5.912,1.955,16.221,4.917,19.738,193.447,847.761,1103.941,59.171,214.131,231.009,219.638,51.194,0.902,0
2026-07-27 20:37:40.499934,1003,31.303,6.04,3.165,17.983,5.302,18.909,197.955,889.071,1225.601,59.147,213.94,228.178,220.98,52.049,1.048,0
2026-07-27 20:38:27.536561,1003,32.679,6.157,4.062,13.32,4.737,18.857,190.197,816.556,989.454,62.93,214.78,228.799,221.44,52.464,0.902,0
2026-07-27 20:39:21.099594,1003,30.662,5.958,2.508,14.243,4.934,17.701,189.328,859.098,1376.295,54.266,214.503,231.396,219.645,52.417,1.056,0
2026-07-27 20:40:16.484378,1003,30.899,6.007,3.113,15.098,5.211,18.653,193.218,859.745,1105.888,61.389,213.947,222.699,220.467,52.901,1.02,0
2026-07-27 20:41:09.398388,1003,32.088,6.101,4.811,16.559,4.967,17.757,180.514,823.042,1363.54,50.535,214.848,224.753,219.691,51.555,1.112,0
2026-07-27 20:42:00.268718,1003,32.051,5.83,4.326,15.762,5.269,19.749,199.16,845.415,1616.801,53.439,213.433,227.807,218.548,50.866,0.822,0
2026-07-27 20:42:53.084120,1003,31.039,5.693,4.217,19.138,5.173,17.995,195.499,824.994,1489.274,56.394,215.915,227.674,217.999,51.771,0.913,0
2026-07-27 20:43:47.214728,1003,30.624,5.854,3.804,18.38,4.964,18.136,193.667,853.92,1599.55,52.879,215.708,221.531,221.411,50.021,1.099,0
2026-07-27 20:44:35.993506,1003,32.136,6.346,2.369,14.319,4.971,18.11,199.779,847.571,1423.422,59.798,215.82,230.701,220.96,51.416,0.926,0
2026-07-27 20:45:21.625920,1003,30.977,5.885,0.722,22.776,5.583,18.278,197.323,894.64,1739.028,54.766,213.994,233.546,220.483,51.766,0.955,0
2026-07-27 20:46:13.198169,1003,31.254,6.026,0.5,15.805,5.315,18.902,201.383,828.806,1431.661,61.713,213.842,233.227,221.198,51.655,1.058,0
2026-07-27 20:47:08.435027,1003,31.548,5.735,1.376,18.97,5.274,18.502,204.479,846.013,1381.104,61.148,216.586,224.588,219.039,52.357,0.965,0
2026-07-27 20:47:56.889520,1003,30.964,6.268,1.546,15.346,5.216,18.525,196.983,840.165,1280.546,54.664,214.765,231.07,221.069,51.985,1.01,0
2026-07-27 20:48:44.894637,1003,31.962,5.94,3.612,17.437,4.928,18.931,190.682,890.345,1343.535,56.021,215.684,225.807,220.418,52.313,0.984,0
2026-07-27 20:49:37.526298,1003,31.51,5.909,2.815,18.185,5.031,17.59,199.349,836.722,1644.896,57.125,213.617,227.796,219.483,52.197,0.96,0
2026-07-27 20:50:28.801603,1003,31.059,5.973,4.412,12.54,4.48,18.949,190.701,825.156,1424.714,63.188,214.657,232.129,217.235,50.961,0.846,0
2026-07-27 20:51:18.640668,1003,31.103,6.503,4.726,20.018,5.009,18.581,190.426,828.497,1382.175,53.542,216.43,233.131,218.284,52.421,0.946,0
2026-07-27 20:52:14.270069,1003,32.148,6.088,3.845,14.203,5.014,18.078,193.244,828.018,1288.83,47.53,215.16,225.644,222.064,51.622,1.057,0
2026-07-27 20:53:04.175355,1003,31.361,5.969,1.89,15.197,5.365,18.579,201.949,834.144,1231.646,55.721,214.7,225.319,222.022,52.151,0.963,0
2026-07-27 20:53:57.294738,1003,31.807,5.423,3.541,14.608,5.019,18.568,199.501,826.183,1181.782,53.638,215.68,233.793,218.298,52.323,1.052,0
2026-07-27 20:54:51.914183,1003,31.495,6.271,0.5,14.695,5.436,16.926,200.315,851.449,1037.992,51.067,215.379,227.076,217.604,51.443,0.962,0
2026-07-27 20:55:43.266133,1003,30.623,5.861,0.537,14.804,5.122,19.325,195.737,813.34,1294.597,57.345,217.501,214.897,221.564,51.516,1.051,0
2026-07-27 20:56:37.892585,1003,31.873,5.829,3.099,13.254,5.245,19.225,198.416,867.721,1397.138,52.572,215.049,229.348,219.903,52.024,0.93,0
2026-07-27 20:57:31.977192,1003,32.037,5.847,2.428,17.751,5.191,17.716,198.605,852.194,1421.368,58.919,215.777,224.134,219.135,51.663,0.869,0
2026-07-27 20:58:24.549630,1003,32.421,6.293,3.901,16.265,5.41,18.047,190.87,898.031,1330.609,52.448,214.838,226.306,218.519,53.204,1.093,0
2026-07-27 20:59:15.380611,1003,30.55,5.992,6.138,15.682,5.562,19.312,198.53,864.539,1204.601,69.904,213.814,229.991,218.51,52.007,0.877,0
2026-07-27 21:00:11.846648,1003,29.921,5.696,5.864,18.337,4.904,18.899,194.976,861.611,1537.02,61.949,215.506,219.734,221.565,51.186,0.921,0
2026-07-27 21:01:06.677361,1003,31.82,5.959,4.615,20.063,5.728,18.733,192.57,909.277,1333.704,54.421,213.24,230.71,220.299,53.459,0.999,0
2026-07-27 21:02:00.982000,1003,31.2,5.834,3.836,12.412,4.943,18.762,192.858,863.599,1371.693,54.261,216.184,221.137,217.849,52.246,0.799,0
2026-07-27 21:02:53.161778,1003,30.785,6.072,1.651,19.734,5.145,18.724,191.685,844.772,1421.068,56.702,213.42,224.38,219.158,51.974,0.934,0
2026-07-27 21:03:43.479155,1003,31.554,5.923,1.144,15.947,5.041,17.861,193.314,825.793,1243.569,60.592,213.937,228.836,221.899,53.063,0.925,0
2026-07-27 21:04:29.442688,1003,31.275,5.686,0.5,12.893,5.652,18.161,194.951,893.134,1421.612,55.619,213.837,222.332,220.362,52.216,0.968,0
2026-07-27 21:05:23.077048,1003,30.862,5.984,2.8,16.949,4.882,19.098,198.99,821.757,1241.893,52.621,215.745,222.347,218.324,51.943,0.971,0
2026-07-27 21:06:14.037490,1003,31.459,5.989,3.04,15.731,5.415,18.894,204.056,817.953,1157.204,51.406,213.656,228.907,219.22,50.881,0.945,0
2026-07-27 21:07:06.728091,1003,31.783,5.749,6.17,17.979,4.537,18.67,198.411,818.083,1630.731,57.421,215.611,229.723,219.869,50.396,0.978,0
2026-07-27 21:08:06.425667,1003,31.587,5.608,5.548,16.334,5.444,18.111,195.703,829.179,1433.251,54.457,214.192,226.754,221.139,52.854,1.158,0
2026-07-27 21:09:02.327667,1003,31.591,6.057,2.799,16.821,5.143,19.094,182.999,852.259,1522.419,58.689,214.86,230.102,219.882,52.21,1.256,0
2026-07-27 21:09:55.724193,1003,31.722,5.944,5.302,14.999,5.088,17.92,209.514,843.399,1564.685,48.569,214.356,244.419,221.653,51.859,1.053,0
2026-07-27 21:10:47.409613,1003,30.654,5.957,1.512,13.635,4.992,19.389,190.752,866.236,1175.053,59.485,217.792,221.243,220.315,51.901,0.962,0
2026-07-27 21:11:41.845610,1003,31.474,6.149,1.211,17.706,5.18,18.065,190.946,819.389,1087.577,56.152,213.003,218.095,217.25,52.215,0.898,0
2026-07-27 21:12:36.670255,1003,31.62,5.612,2.352,14.793,5.094,17.977,202.585,825.718,1285.016,50.132,215.588,232.218,220.642,52.444,0.916,0
2026-07-27 21:13:27.461753,1003,31.311,6.012,2.103,16.925,4.753,18.518,188.393,855.453,1318.206,59.021,214.988,222.533,219.781,51.456,0.971,0
2026-07-27 21:14:18.645398,1003,31.085,6.133,3.17,19.417,4.965,18.628,197.231,823.039,1445.682,59.594,214.064,229.052,219.393,52.135,1.122,0
2026-07-27 21:15:11.377527,1003,31.127,5.963,2.498,15.632,5.44,18.558,192.223,811.497,1468.47,54.112,215.474,230.05,220.473,52.368,0.884,0
2026-07-27 21:16:01.016807,1003,31.353,5.717,6.391,17.61,5.079,17.706,193.484,806.634,1300.596,60.215,213.847,227.354,219.702,51.649,1.037,0
2026-07-27 21:16:50.874698,1003,31.957,5.868,5.443,15.93,4.963,18.753,195.298,849.593,1454.686,51.763,213.712,228.667,220.241,50.442,0.94,0
2026-07-27 21:17:39.356989,1003,32.264,5.91,3.657,15.161,5.214,19.088,187.838,849.004,1524.196,47.861,213.624,234.679,219.372,51.461,1.103,0
2026-07-27 21:18:36.792139,1003,32.162,5.684,5.038,12.407,5.347,18.451,194.259,847.637,1357.11,56.787,215.099,224.929,219.324,51.088,0.956,0
2026-07-27 21:19:24.584708,1003,30.72,6.074,4.29,15.909,5.395,17.572,201.156,886.292,1342.569,53.775,214.281,232.862,221.329,52.83,0.914,0
2026-07-27 21:20:12.491271,1003,31.03,6.001,1.299,15.622,5.301,18.373,194.552,859.764,956.299,52.267,213.96,221.998,220.137,51.326,0.921,1
2026-07-27 21:20:57.370143,1003,31.829,5.871,1.797,13.997,5.563,17.82,215.991,851.01,1125.731,59.897,215.412,228.974,220.491,51.302,1.188,1
2026-07-27 21:21:51.299979,1003,32.15,6.197,0.5,11.319,5.215,17.341,195.55,890.092,1381.779,58.402,216.294,229.545,219.307,51.546,0.992,1
2026-07-27 21:22:40.345204,1003,31.017,5.896,3.488,12.159,5.129,18.171,187.82,879.275,1222.754,64.389,213.297,227.179,221.277,52.585,1.117,1
2026-07-27 21:23:34.708486,1003,31.592,6.296,3.147,20.106,5.462,19.474,191.871,829.832,1282.711,59.251,215.397,231.575,220.247,52.615,1.035,1
2026-07-27 21:24:26.556023,1003,30.934,5.946,4.441,16.087,4.987,18.45,183.393,875.202,1310.198,59.822,215.629,227.682,219.595,51.436,1.063,1
2026-07-27 21:25:22.526544,1003,31.638,5.809,4.624,12.697,5.079,18.336,201.466,902.416,1467.057,53.832,216.528,228.897,221.52,51.685,0.955,1
2026-07-27 21:26:11.873821,1003,31.178,5.815,3.177,14.615,4.722,18.926,204.633,902.523,1234.857,48.511,214.653,224.535,219.594,51.877,0.984,1
2026-07-27 21:27:04.057290,1003,31.591,6.018,4.376,16.023,5.744,18.867,200.058,879.325,1511.937,65.807,216.854,223.307,220.217,52.974,0.88,1
2026-07-27 21:27:59.524485,1003,30.894,5.786,2.081,17.032,5.826,17.621,189.959,862.252,1376.532,59.569,215.7,223.202,218.557,50.564,0.886,1
2026-07-27 21:28:55.315057,1003,30.683,6.029,0.565,15.464,5.147,19.621,189.765,859.417,1215.805,64.236,212.745,224.925,219.249,51.006,0.97,1
2026-07-27 21:29:50.704367,1003,33.049,5.92,0.897,20.649,5.429,18.619,199.42,893.259,1114.709,52.537,215.36,222.119,220.932,53.702,0.959,1
2026-07-27 21:30:44.433851,1003,31.535,5.915,0.895,20.757,5.41,19.044,191.874,812.207,1305.558,61.727,214.979,235.344,219.939,52.824,0.98,1
2026-07-27 21:31:36.354015,1003,32.567,5.992,0.5,16.881,5.257,18.143,189.836,887.761,1406.574,58.713,216.181,226.206,220.111,50.957,1.081,0
2026-07-27 21:32:30.176607,1003,32.255,6.201,1.857,15.158,5.565,17.327,189.165,854.782,1359.487,61.962,216.416,227.462,219.892,54.195,1.2,0
2026-07-27 21:33:18.090617,1003,30.682,5.891,4.274,16.88,4.821,18.43,206.214,824.242,1347.173,59.938,213.834,222.679,219.941,52.447,0.887,0
2026-07-27 21:34:08.913052,1003,31.681,6.037,4.253,12.944,5.145,17.839,192.215,816.722,1408.741,56.538,216.088,236.086,219.352,52.079,1.038,0
2026-07-27 21:35:05.313432,1003,30.853,6.089,5.64,18.299,4.574,19.203,199.99,801.537,1420.854,58.68,214.845,226.43,219.435,53.034,0.931,0
2026-07-27 21:36:00.192111,1003,31.352,5.758,5.107,16.395,4.897,17.65,198.297,867.37,1628.015,56.017,214.149,225.026,219.647,51.388,0.813,0
2026-07-27 21:36:48.386350,1003,30.558,6.105,4.04,13.224,4.712,18.516,189.908,906.751,1611.733,61.016,216.739,225.412,219.652,51.66,1.255,0
2026-07-27 21:37:41.484690,1003,30.713,6.163,2.181,14.656,4.649,18.86,195.243,836.524,1361.959,54.157,214.429,226.614,220.555,52.054,0.988,0
2026-07-27 21:38:30.671047,1003,31.073,6.193,1.421,17.319,5.051,18.755,188.993,826.235,1511.332,54.55,215.039,226.224,220.515,52.353,0.954,0
2026-07-27 21:39:21.782826,1003,31.227,5.778,2.179,12.17,5.309,18.199,203.688,886.046,1538.709,56.825,214.91,221.847,221.581,52.236,1.094,0
2026-07-27 21:40:18.405517,1003,31.519,5.792,3.452,13.945,5.0,17.432,189.535,854.292,1027.701,60.083,215.618,231.113,220.831,52.144,1.26,0
2026-07-27 21:41:04.728349,1003,30.982,5.989,4.686,14.929,5.036,17.596,197.192,887.377,1218.826,57.724,216.584,222.822,218.937,51.723,1.029,0
2026-07-27 21:41:52.742415,1003,31.575,5.978,3.796,18.243,4.98,18.046,192.035,822.7,1460.739,56.126,216.931,230.9,219.196,52.247,1.275,0
2026-07-27 21:42:45.214083,1003,32.068,6.004,4.714,19.943,5.242,17.654,189.451,869.925,1475.181,61.936,216.086,221.912,221.117,52.188,0.994,0
2026-07-27 21:43:38.679410,1003,31.637,5.929,4.703,16.871,5.019,18.455,201.464,903.64,1507.483,59.972,212.972,228.228,220.792,51.993,1.108,0
2026-07-27 21:44:29.739897,1003,31.466,6.037,1.926,8.732,4.898,18.042,191.873,820.552,1226.298,55.571,216.749,223.198,221.247,51.814,0.907,0
2026-07-27 21:45:25.354677,1003,31.671,5.489,2.403,13.431,5.48,17.724,184.022,841.698,1498.813,53.122,215.721,224.443,219.995,51.636,0.909,0
2026-07-27 21:46:16.641008,1003,30.783,6.132,2.274,24.04,4.938,17.646,197.546,840.514,1527.266,56.762,216.317,229.52,219.688,50.975,1.031,0
2026-07-27 21:47:09.487806,1003,31.976,6.294,2.822,16.362,4.818,17.545,190.755,872.736,1119.94,54.881,214.638,232.46,220.411,52.997,1.142,0
2026-07-27 21:48:01.668230,1003,30.901,5.889,0.919,10.005,5.422,18.466,195.946,887.559,1276.057,54.257,214.985,235.155,218.351,52.525,0.942,0
2026-07-27 21:48:52.872094,1003,32.276,6.04,1.908,21.457,4.695,18.06,200.137,831.229,1352.687,60.648,216.14,229.067,219.763,52.705,1.1,0
2026-07-27 21:49:47.202122,1003,31.885,6.336,3.088,12.927,5.569,18.515,197.14,923.444,1291.333,62.235,217.414,227.477,222.351,51.189,1.039,0
2026-07-27 21:50:36.682827,1003,31.778,6.007,2.618,17.319,4.892,18.454,200.333,852.638,1377.763,57.251,215.232,223.454,219.604,51.65,0.968,0
2026-07-27 21:51:32.717112,1003,31.8,6.061,2.968,13.364,5.224,18.378,187.211,834.538,1542.318,57.476,213.502,219.985,219.981,51.951,1.078,0
2026-07-27 21:52:27.728279,1003,31.499,6.368,4.057,21.065,4.902,18.888,202.191,892.402,1372.002,54.393,215.716,230.105,219.756,52.25,0.911,0
2026-07-27 21:53:22.788030,1003,31.107,6.407,4.214,12.741,5.204,17.616,193.215,855.062,1516.418,53.034,214.776,226.436,221.803,51.461,1.112,0
2026-07-27 21:54:21.907444,1003,31.029,5.788,3.84,14.654,5.044,18.892,186.44,840.09,1516.112,60.842,213.733,227.538,218.578,53.214,0.974,0
2026-07-27 21:55:15.222499,1003,32.376,5.918,3.204,18.413,4.905,18.736,180.273,835.272,1256.469,52.164,214.842,225.828,220.81,52.616,1.079,0
2026-07-27 21:56:07.609845,1003,31.552,6.179,2.282,14.728,4.719,18.381,193.15,911.964,880.587,54.898,215.573,224.485,219.52,52.127,1.023,0
2026-07-27 21:57:01.070644,1003,30.943,6.099,1.743,17.119,5.038,18.015,190.283,822.177,1211.295,54.764,216.263,230.342,219.22,52.212,1.01,0
2026-07-27 21:57:51.788944,1003,31.758,6.141,1.128,17.911,5.343,18.524,190.376,883.649,943.151,59.281,214.42,234.661,217.989,51.845,0.627,0
2026-07-27 21:58:43.522054,1003,31.671,5.476,3.19,16.407,5.402,18.769,197.006,827.463,1300.318,56.671,214.472,222.461,222.057,51.523,0.938,0
2026-07-27 21:59:32.927349,1003,31.335,5.609,3.04,13.445,4.984,17.66,205.322,832.941,1381.723,55.108,214.878,219.629,220.868,50.312,0.89,0
2026-07-27 22:00:29.168476,1003,31.051,6.357,2.253,14.19,4.985,18.866,189.59,848.624,1392.374,63.209,217.107,226.513,218.408,52.613,1.061,0
2026-07-27 22:01:18.031247,1003,31.868,6.155,3.513,15.118,5.148,19.543,195.552,864.497,1448.214,64.347,216.611,224.485,218.489,52.041,0.975,0
2026-07-27 22:02:07.480387,1003,31.973,6.071,2.354,17.351,5.2,18.461,191.593,803.303,1646.349,59.136,215.677,232.471,219.225,52.828,0.816,0
2026-07-27 22:02:58.818154,1003,31.661,5.752,3.659,17.867,5.199,19.282,189.078,835.211,1286.515,58.103,215.632,229.625,220.599,52.407,1.062,0
2026-07-27 22:03:47.377927,1003,31.536,5.917,2.072,16.472,5.07,18.785,188.904,880.844,1371.305,55.386,214.622,235.462,219.846,51.98,0.982,0
2026-07-27 22:04:37.347334,1003,31.109,6.114,1.304,17.615,5.09,18.658,204.854,880.712,1029.542,57.423,215.927,232.027,218.904,52.063,0.993,0
2026-07-27 22:05:28.240241,1003,31.74,5.723,2.976,12.339,5.114,18.08,195.08,842.58,1223.522,52.439,213.808,227.94,219.903,51.485,1.051,0
2026-07-27 22:06:22.722749,1003,31.183,5.859,2.509,16.685,4.475,18.295,193.859,816.916,1306.285,61.653,215.575,228.12,221.521,51.164,1.028,0
2026-07-27 22:07:10.207586,1003,30.864,6.075,3.984,15.851,5.078,17.912,190.888,857.25,1326.353,56.947,212.562,229.143,220.714,51.307,1.221,0
2026-07-27 22:08:00.581004,1003,32.063,6.118,4.567,17.139,5.435,19.066,195.403,875.172,1185.476,54.612,213.031,223.677,217.832,51.328,1.1,0
2026-07-27 22:08:53.517230,1003,30.985,5.895,4.886,17.73,5.618,18.053,191.172,856.265,1411.921,56.108,212.679,229.328,218.738,51.864,1.008,0
2026-07-27 22:09:47.079061,1003,30.552,6.196,3.809,13.582,5.553,19.557,206.58,891.756,1445.284,60.466,217.258,233.257,219.843,52.548,1.036,0
2026-07-27 22:10:47.172845,1003,32.155,6.19,0.593,15.747,5.227,18.763,196.511,843.177,1230.595,56.423,214.81,224.846,220.161,52.479,0.976,0
2026-07-27 22:11:43.737668,1003,30.628,5.641,1.122,19.069,4.843,18.736,195.837,812.779,1300.956,54.193,213.377,226.484,221.571,50.937,0.947,0
2026-07-27 22:12:40.892397,1003,31.305,6.328,4.428,16.699,5.036,17.706,195.701,833.751,1359.023,48.725,217.925,230.258,219.988,52.602,1.097,0
2026-07-27 22:13:28.102415,1003,30.952,6.233,3.604,15.769,4.971,18.899,202.847,851.045,1290.893,57.173,214.07,233.795,220.647,52.099,1.178,0
2026-07-27 22:14:21.147528,1003,31.138,6.041,2.172,13.199,4.777,18.368,194.868,830.6,1360.94,59.077,215.631,224.383,217.375,52.49,0.982,0
2026-07-27 22:15:15.109867,1003,32.612,5.973,3.05,17.249,4.917,18.162,192.141,835.932,1329.942,55.44,214.06,228.527,219.523,52.36,1.06,0
2026-07-27 22:16:03.295225,1003,31.449,6.158,2.403,12.802,4.981,18.106,195.966,878.89,1196.774,54.165,215.953,227.368,220.839,50.828,0.9,0
2026-07-27 22:16:54.559128,1003,31.68,6.107,2.754,15.59,4.782,17.755,199.748,827.442,1292.254,52.774,214.982,226.349,222.266,52.139,1.071,0
2026-07-27 22:17:49.091576,1003,31.895,5.946,4.14,14.87,5.48,18.506,202.098,812.34,1396.262,55.92,214.104,219.692,218.392,53.03,0.898,0
2026-07-27 22:18:43.803405,1003,31.177,6.321,3.546,16.905,5.383,18.4,196.29,874.489,1421.287,52.82,213.397,224.374,219.794,51.169,1.023,0
2026-07-27 22:19:39.784461,1003,32.038,5.579,2.134,14.623,5.185,17.712,196.376,869.716,1245.293,52.793,214.149,222.344,217.886,51.353,1.049,0
2026-07-27 22:20:32.197320,1003,31.688,5.867,2.564,15.245,5.315,18.809,200.956,820.922,1285.048,55.488,213.794,226.935,219.755,50.608,1.145,0
2026-07-27 22:21:22.512229,1003,31.877,6.09,3.0,13.905,5.292,19.777,178.595,871.516,1311.983,65.412,212.886,225.597,221.25,51.685,0.774,0
2026-07-27 22:22:16.407741,1003,31.138,5.99,2.849,15.429,4.98,17.646,195.529,818.213,1449.58,67.308,215.881,222.505,221.108,50.97,1.177,0
2026-07-27 22:23:09.042053,1003,31.722,6.14,3.179,16.494,5.74,18.432,191.493,830.018,1389.878,62.446,216.339,226.381,219.941,51.398,1.134,0
2026-07-27 22:24:02.508183,1003,31.496,5.721,2.559,15.201,4.969,19.495,195.348,818.972,1241.204,60.206,214.183,235.336,219.69,52.172,1.058,0
2026-07-27 22:24:48.704220,1003,32.065,5.949,2.791,15.279,4.7,18.034,197.134,837.706,1391.828,49.361,212.501,224.716,223.121,52.571,0.966,0
2026-07-27 22:25:40.726481,1003,31.23,6.23,2.552,16.378,5.248,18.764,202.47,867.358,1457.843,68.74,215.436,225.872,219.739,50.642,1.118,0
2026-07-27 22:26:34.061896,1003,32.516,5.701,2.79,18.303,5.369,18.736,186.693,858.826,1368.394,59.147,215.186,226.55,219.339,51.678,1.208,0
2026-07-27 22:27:26.080309,1003,31.669,5.952,3.401,17.713,5.109,18.895,190.684,827.402,1284.124,52.882,213.8,224.441,219.323,51.837,0.971,0
2026-07-27 22:28:17.675056,1003,31.437,5.894,3.169,13.024,5.573,19.6,189.663,856.494,1422.095,68.783,214.929,220.874,218.237,51.909,1.161,0
2026-07-27 22:29:09.265623,1003,31.379,6.073,2.6,17.765,5.254,17.426,191.359,862.081,1365.724,57.086,211.691,235.099,220.526,52.56,1.109,0
2026-07-27 22:29:58.536750,1003,31.497,6.079,3.645,19.146,4.954,18.615,186.779,878.708,1328.778,61.004,215.01,219.81,220.777,52.561,1.138,0
2026-07-27 22:30:53.229426,1003,31.186,6.019,3.606,17.623,5.022,18.199,207.825,861.419,1425.914,56.179,214.816,220.3,220.735,52.62,1.087,0
2026-07-27 22:31:44.314225,1003,31.833,5.942,2.999,10.449,5.245,18.476,200.224,872.393,1349.668,59.884,216.595,230.645,220.928,52.17,1.003,0
2026-07-27 22:32:28.480447,1003,31.494,6.013,2.853,16.609,5.224,18.527,190.348,852.879,1356.858,60.382,215.305,218.893,219.283,51.824,0.871,0
2026-07-27 22:33:18.575328,1003,32.472,5.967,4.005,19.182,5.564,18.324,195.093,827.369,1423.117,61.112,215.109,230.738,219.801,51.643,0.948,0
2026-07-27 22:34:08.191565,1003,31.283,5.994,3.916,14.968,5.45,17.848,192.392,855.693,1307.417,62.89,217.357,231.117,221.38,52.422,1.076,0
2026-07-27 22:34:59.177612,1003,31.44,6.291,2.136,22.67,4.73,17.888,195.937,886.253,1251.712,58.152,214.048,224.133,219.434,51.41,0.979,0
2026-07-27 22:35:49.158194,1003,31.283,5.76,3.681,10.985,5.149,19.775,190.394,887.767,1377.646,58.381,213.205,227.674,219.324,51.415,0.791,0
2026-07-27 22:36:40.816440,1003,32.435,6.068,3.983,16.336,4.827,17.671,185.862,776.138,1482.33,57.299,216.096,227.288,221.192,52.349,0.936,0
2026-07-27 22:37:33.433207,1003,30.777,5.812,3.374,17.664,5.638,19.236,191.567,869.239,1156.666,53.115,216.254,224.118,219.043,52.523,0.879,0
2026-07-27 22:38:22.963742,1003,31.547,6.391,2.734,16.396,4.908,17.879,203.288,836.668,1412.338,53.7,216.283,224.916,218.625,52.001,1.029,0
2026-07-27 22:39:15.126106,1003,31.656,6.018,2.803,16.354,5.261,18.557,186.09,862.618,1352.956,56.206,214.721,226.841,218.739,52.444,1.096,0
2026-07-27 22:40:09.199396,1003,30.936,5.746,3.975,13.608,4.991,19.681,201.583,811.389,1304.598,62.801,214.147,225.539,223.241,51.813,1.025,0
2026-07-27 22:41:00.087400,1003,32.822,5.954,3.476,14.677,4.606,18.977,198.36,838.526,1295.062,59.477,213.508,229.918,221.206,51.896,0.838,0
2026-07-27 22:41:54.145224,1003,31.035,5.708,3.312,17.319,4.823,17.637,192.602,804.48,1426.752,57.109,213.935,226.869,220.744,52.257,0.959,0
2026-07-27 22:42:50.274286,1003,31.517,5.873,4.33,11.138,5.125,18.298,199.5,838.453,1407.79,56.393,213.194,229.396,218.872,51.451,0.886,0
2026-07-27 22:43:39.333475,1003,32.342,6.123,2.426,18.082,5.371,18.484,196.252,868.62,1261.846,52.599,214.472,225.871,220.597,52.503,0.986,0
2026-07-27 22:44:32.255631,1003,31.312,6.272,2.948,15.738,5.359,19.118,182.175,863.906,1375.893,53.725,216.991,230.189,222.032,51.831,1.085,0
2026-07-27 22:45:30.606858,1003,31.572,6.216,3.108,17.27,4.801,18.528,192.573,913.232,1466.646,58.15,214.346,231.212,220.433,51.876,1.012,0
2026-07-27 22:46:23.357123,1003,31.328,5.979,2.879,17.947,5.294,18.405,192.749,836.064,1409.28,57.535,215.154,219.185,218.672,52.062,1.005,0
2026-07-27 22:47:12.779037,1003,31.473,6.114,1.951,24.58,5.485,19.532,203.67,825.529,1208.23,60.769,215.657,229.088,220.641,52.582,1.175,0
2026-07-27 22:48:06.303700,1003,32.041,6.162,3.572,19.217,5.354,19.448,192.595,891.192,1404.91,56.591,214.567,224.583,219.807,50.456,0.903,0
2026-07-27 22:48:57.779502,1003,31.289,6.45,2.572,13.236,5.091,18.919,193.735,801.227,1243.967,59.883,214.558,225.657,220.164,51.113,1.125,0
2026-07-27 22:49:45.829076,1003,30.173,5.879,2.562,20.972,5.214,18.124,188.033,856.603,1368.537,51.069,216.543,228.815,218.841,52.719,0.969,0
2026-07-27 22:50:37.299912,1003,31.484,6.302,2.795,9.759,5.246,16.909,194.62,865.583,1286.448,53.512,215.224,228.014,219.086,52.342,1.278,0
2026-07-27 22:51:25.725271,1003,31.531,5.782,2.869,14.979,5.619,17.733,187.867,784.004,1384.212,58.607,216.355,226.519,219.432,51.692,1.033,0
2026-07-27 22:52:12.599617,1003,31.598,6.236,2.931,16.399,5.71,17.574,201.516,819.382,1293.073,57.569,217.865,230.277,219.066,52.048,0.804,0
2026-07-27 22:53:07.306280,1003,31.408,5.876,3.549,15.255,5.393,18.463,192.477,811.408,1261.058,60.598,213.956,228.253,219.929,52.418,0.96,0
2026-07-27 22:53:52.004980,1003,31.069,5.863,3.666,16.648,5.216,19.063,187.852,875.162,1376.767,62.438,214.813,224.315,219.179,53.087,0.862,0
2026-07-27 22:54:48.363136,1003,31.377,5.943,2.852,15.612,5.191,19.685,202.353,832.368,1359.808,62.63,214.8,232.115,221.964,51.706,1.236,0
2026-07-27 22:55:42.137207,1003,32.383,5.845,2.659,18.955,5.222,19.264,187.164,843.449,1419.837,64.161,214.405,231.971,220.59,52.922,0.923,0
2026-07-27 22:56:38.800522,1003,31.479,6.085,2.927,14.891,5.262,18.074,196.532,804.207,1304.928,65.148,214.482,227.556,220.91,52.397,1.139,0
2026-07-27 22:57:35.996680,1003,31.826,6.245,2.491,15.734,5.045,18.652,186.076,827.514,1221.315,56.004,216.683,225.155,219.833,51.353,1.106,0
2026-07-27 22:58:31.503562,1003,30.983,5.578,2.984,20.074,5.79,18.741,196.758,828.087,1407.464,67.158,215.119,224.26,217.594,51.575,0.873,0
2026-07-27 22:59:22.167827,1003,31.354,5.965,2.461,18.227,4.962,17.564,201.405,844.674,1472.986,69.635,217.987,234.526,221.007,52.847,0.834,0
2026-07-27 23:00:12.233431,1003,31.0,5.783,4.213,15.609,5.589,17.976,191.111,842.128,1300.886,52.03,214.512,226.726,219.868,52.99,1.11,0
2026-07-27 23:01:04.587847,1003,32.147,6.181,3.073,17.086,4.541,18.242,187.921,893.636,1391.322,55.027,216.807,228.111,220.5,51.966,0.963,0
2026-07-27 23:01:59.689061,1003,30.722,6.284,2.693,20.307,5.117,19.778,188.108,871.059,1323.505,59.013,217.111,229.273,219.914,52.77,1.002,0
2026-07-27 23:02:57.595669,1003,31.686,5.965,3.402,12.815,5.098,18.732,194.668,799.484,1514.266,58.475,214.9,215.898,217.328,52.248,1.019,0
2026-07-27 23:03:46.461679,1003,31.67,5.859,2.298,13.499,5.269,17.711,206.568,880.508,1305.297,50.417,215.537,223.653,219.484,51.953,0.679,0
2026-07-27 23:04:40.993732,1003,31.638,5.677,2.594,14.678,5.091,18.245,201.408,876.522,1346.082,53.511,216.059,236.747,219.008,52.133,0.992,0
2026-07-27 23:05:33.118605,1003,30.328,6.39,3.242,16.5,5.616,18.769,202.023,852.976,1178.126,58.41,214.332,215.753,220.249,51.024,1.126,0
2026-07-27 23:06:25.250616,1003,30.489,6.264,3.077,18.227,5.127,18.349,188.581,879.586,1483.712,56.586,216.996,221.215,220.55,51.81,0.807,0
2026-07-27 23:07:19.279705,1003,31.559,5.604,3.598,14.241,4.891,18.286,201.582,885.874,1304.579,60.108,214.026,225.612,222.586,51.632,1.09,0
2026-07-27 23:08:03.247225,1003,31.038,6.131,1.444,13.834,4.91,18.939,200.922,836.912,1460.37,65.714,214.375,223.333,220.56,52.701,0.976,0
2026-07-27 23:08:55.336359,1003,31.179,5.778,3.466,12.983,5.058,19.341,196.83,815.627,1293.04,52.273,214.388,224.346,219.328,52.174,0.875,0
2026-07-27 23:09:43.478168,1003,31.288,5.898,2.69,13.833,5.417,19.23,191.211,867.38,1343.309,67.22,215.27,222.648,219.492,51.834,1.038,0
2026-07-27 23:10:37.770895,1003,30.974,5.75,2.333,14.492,5.472,18.32,200.833,827.35,1283.585,65.401,215.393,226.778,220.619,52.779,0.998,0
2026-07-27 23:11:30.747292,1003,30.887,5.6,2.018,11.024,4.839,18.401,190.933,858.665,1270.556,50.251,214.236,229.0,221.014,50.942,1.15,0
2026-07-27 23:12:28.032483,1003,31.5,5.991,2.683,14.709,4.96,18.315,198.943,820.898,1325.088,52.486,214.864,229.183,218.505,51.333,0.939,0
2026-07-27 23:13:24.697201,1003,30.547,6.379,3.906,13.586,4.88,19.134,192.716,879.247,1338.229,55.804,213.663,224.048,219.703,52.885,1.142,0
2026-07-27 23:14:14.817024,1003,31.247,5.815,3.552,15.623,5.114,18.267,189.087,828.977,1318.989,53.496,216.397,231.585,219.814,52.449,0.996,0
2026-07-27 23:15:07.679133,1003,31.166,6.178,3.932,19.906,5.489,17.346,192.568,844.882,1220.639,59.944,215.834,228.101,218.061,50.891,1.048,0
2026-07-27 23:16:04.711373,1003,31.488,6.21,2.935,12.335,5.251,18.789,206.807,843.02,1374.112,60.167,214.583,231.999,220.864,52.153,0.961,0
2026-07-27 23:16:58.209637,1003,32.694,6.144,3.061,18.332,5.365,18.818,188.005,809.928,1183.674,58.094,214.769,228.711,220.27,51.113,0.894,0
2026-07-27 23:17:52.470411,1003,31.009,6.399,2.1,19.836,5.424,18.257,200.949,882.306,1321.279,59.071,214.204,226.401,219.764,51.702,1.104,0
2026-07-27 23:18:49.630028,1003,31.703,6.191,2.1,18.219,5.024,19.612,200.042,888.268,1215.661,56.938,213.885,226.505,220.292,52.32,0.995,0
2026-07-27 23:19:46.296326,1003,31.61,6.361,2.916,16.788,4.816,18.175,193.894,846.84,1426.526,59.166,213.703,228.98,220.784,51.976,0.964,0
2026-07-27 23:20:38.991610,1003,31.78,5.771,2.216,19.022,5.024,19.351,191.687,828.973,1454.73,65.534,213.889,232.802,222.321,51.952,1.109,0
2026-07-27 23:21:34.439283,1003,31.393,6.149,2.511,17.456,5.446,17.697,187.51,844.214,1400.31,47.475,216.15,228.026,220.786,51.424,1.165,0
2026-07-27 23:22:29.367822,1003,32.221,6.302,3.025,18.555,5.381,18.666,202.732,836.325,1309.519,57.575,216.243,228.378,218.626,52.808,0.942,0
2026-07-27 23:23:26.769902,1003,31.843,5.846,3.725,16.273,5.224,18.015,187.862,850.341,1286.969,59.452,213.357,229.874,223.384,52.348,1.181,0
2026-07-27 23:24:19.229416,1003,31.851,5.303,3.006,13.561,5.485,18.456,178.27,841.96,1328.436,57.085,215.838,220.045,218.653,51.436,0.914,0
2026-07-27 23:25:15.326605,1003,30.793,5.747,2.225,18.677,5.244,18.957,196.848,824.691,1345.339,58.814,213.535,221.492,220.468,52.086,1.023,0
2026-07-27 23:26:06.231958,1003,31.548,5.855,1.962,22.002,5.1,18.158,186.895,883.811,1391.024,62.535,215.917,228.415,219.752,51.783,1.095,0
2026-07-27 23:26:59.875660,1003,31.245,6.112,3.068,15.217,4.729,18.081,194.342,844.791,1383.818,55.332,215.101,223.484,219.858,51.616,0.621,0
2026-07-27 23:27:54.868567,1003,31.069,5.887,2.641,16.052,5.581,18.366,186.937,907.018,1176.744,66.778,214.375,226.391,220.455,52.101,0.893,0
2026-07-27 23:28:49.233865,1003,31.187,6.001,3.066,16.258,5.171,20.756,191.512,854.023,1406.282,51.264,215.535,227.444,220.546,53.17,0.953,0
2026-07-27 23:29:42.427489,1003,31.472,5.879,2.884,12.621,5.065,18.621,195.416,839.261,1382.777,60.106,216.618,237.633,221.656,51.393,1.029,0
2026-07-27 23:30:34.566242,1003,31.728,5.974,2.96,14.049,5.169,18.586,196.629,842.818,1283.545,57.443,212.75,226.758,219.21,52.394,1.0,0
2026-07-27 23:31:29.024207,1003,31.991,5.987,3.685,16.7,5.65,18.761,203.033,840.35,1267.762,58.592,216.366,218.62,220.48,52.599,0.728,0
2026-07-27 23:32:22.865654,1003,31.967,5.874,3.601,15.784,5.498,17.47,195.008,847.922,1355.238,60.698,214.046,228.356,220.729,52.342,0.957,0
2026-07-27 23:33:15.434405,1003,31.646,6.164,3.21,16.038,5.092,19.053,195.643,857.496,1365.307,54.904,216.708,231.773,222.824,52.639,0.827,0
2026-07-27 23:34:09.768345,1003,31.528,6.276,2.49,16.061,5.341,18.927,193.561,818.463,1256.328,62.13,216.04,229.736,220.6,51.952,0.931,0
2026-07-27 23:34:57.315565,1003,31.338,5.77,2.686,15.733,5.568,17.43,200.544,821.381,1354.953,65.795,213.654,229.452,218.62,52.344,0.961,0
2026-07-27 23:35:50.854711,1003,31.376,6.043,3.435,14.239,5.304,19.943,188.214,873.625,1365.683,56.282,214.302,224.405,221.649,52.086,1.023,0
2026-07-27 23:36:37.741126,1003,31.11,5.714,3.742,17.0,5.236,18.502,192.375,865.867,1422.934,55.326,215.576,225.734,219.468,51.102,0.95,0
2026-07-27 23:37:27.187618,1003,31.286,5.649,2.274,16.756,4.573,17.83,194.992,805.323,1340.563,62.814,216.136,223.934,218.967,51.271,1.002,0
2026-07-27 23:38:20.415791,1003,31.677,6.207,3.871,13.975,5.574,18.688,189.563,866.155,1177.619,61.626,215.571,224.413,221.592,52.738,0.939,0
2026-07-27 23:39:12.446696,1003,32.27,6.401,2.556,16.954,4.892,17.955,203.375,875.371,1371.423,50.924,215.468,226.625,220.159,51.679,1.035,0
2026-07-27 23:39:59.353742,1003,31.425,5.934,3.381,14.566,4.639,17.534,196.911,858.321,1206.293,59.821,214.233,231.364,219.761,51.773,0.855,0
2026-07-27 23:40:45.640255,1003,31.096,6.367,4.597,17.502,4.659,18.336,187.646,803.032,1277.754,60.757,215.041,239.6,222.023,52.536,0.991,0
2026-07-27 23:41:36.732118,1003,31.985,5.87,2.094,15.901,4.943,18.363,197.45,812.224,1235.185,57.27,214.912,228.116,219.385,51.914,0.873,0
2026-07-27 23:42:23.205668,1003,30.499,5.953,3.288,16.907,5.346,17.555,202.861,849.637,1391.979,63.802,213.199,229.77,219.376,52.497,0.954,0
2026-07-27 23:43:11.046927,1003,32.022,6.334,2.821,16.405,5.548,18.032,190.682,905.588,1257.676,50.763,215.403,217.369,220.596,51.925,1.021,0
2026-07-27 23:44:01.303128,1003,30.784,5.817,3.255,15.87,5.302,17.88,203.17,835.387,1434.943,48.469,214.56,225.653,217.292,51.279,0.9,0
2026-07-27 23:44:56.107141,1003,31.829,6.183,2.647,16.752,5.721,18.286,196.541,868.559,1251.576,61.973,216.651,233.933,220.193,52.712,0.984,0
2026-07-27 23:45:44.519324,1003,31.262,5.93,1.587,17.937,5.079,18.889,196.21,832.325,1178.849,54.086,216.404,227.893,220.095,51.424,0.959,0
2026-07-27 23:46:29.831944,1003,31.66,5.856,2.57,16.277,5.13,18.585,202.19,900.298,1320.427,57.354,215.221,227.059,218.975,52.883,1.224,0
2026-07-27 23:47:26.048768,1003,32.542,5.898,3.198,16.24,4.64,18.48,196.222,852.203,1237.128,52.741,216.325,239.684,219.979,52.401,1.037,0
2026-07-27 23:48:20.726953,1003,31.081,5.566,3.769,15.186,5.027,17.405,197.342,815.833,1461.909,61.08,215.738,232.497,220.311,51.635,1.053,0
2026-07-27 23:49:13.864229,1003,31.0,6.252,3.231,11.817,4.587,18.483,195.554,827.349,1292.239,58.931,214.973,230.741,219.948,52.416,0.902,0
2026-07-27 23:50:05.759853,1003,31.539,6.045,3.839,16.078,4.797,17.847,184.477,825.008,1448.107,56.943,213.301,227.233,220.98,51.675,0.722,0
2026-07-27 23:51:04.289255,1003,32.263,5.97,2.719,13.087,5.389,17.469,197.469,854.374,1323.998,52.314,214.809,228.642,220.324,51.465,0.931,0
2026-07-27 23:51:57.294806,1003,31.59,5.861,2.672,14.698,4.694,19.027,196.513,830.807,1380.275,56.827,214.599,236.479,219.797,52.148,0.819,0
2026-07-27 23:52:49.562944,1003,31.522,6.062,3.196,14.008,4.724,17.701,192.72,836.639,1305.004,58.902,214.867,236.876,220.842,52.545,1.022,0
2026-07-27 23:53:41.010725,1003,31.585,6.177,2.786,14.35,4.673,18.556,179.703,907.443,1552.058,55.266,214.725,225.243,220.322,52.194,1.027,0
2026-07-27 23:54:34.371546,1003,30.998,5.945,3.64,14.493,5.433,18.208,198.732,833.995,1252.348,55.41,216.324,220.68,223.602,51.484,1.02,0
2026-07-27 23:55:24.092708,1003,31.59,6.193,2.199,17.117,5.692,17.928,189.838,856.117,1090.563,57.544,216.457,227.708,221.228,51.057,0.989,0
2026-07-27 23:56:19.569594,1003,31.304,6.055,3.492,16.765,5.178,19.232,188.239,843.084,1372.117,60.33,214.414,230.708,219.365,51.877,0.899,0
2026-07-27 23:57:15.637121,1003,32.161,5.981,3.689,16.255,5.483,18.14,187.669,849.573,1262.88,59.281,213.411,235.086,217.937,51.234,0.916,0
2026-07-27 23:58:11.613056,1003,31.899,6.182,3.208,18.782,4.851,18.18,183.246,870.339,1367.366,62.44,213.835,227.059,219.186,51.931,1.042,0
2026-07-27 23:59:03.469954,1003,30.838,5.898,3.52,23.035,5.569,18.059,197.77,787.252,1344.109,57.123,216.49,226.036,217.549,51.976,1.216,0
2026-07-27 23:59:56.645932,1003,31.358,5.75,2.63,17.167,4.985,18.606,209.136,855.359,1305.001,61.754,216.148,232.17,220.798,52.498,1.024,0
2026-07-28 00:00:44.512332,1003,31.764,5.989,2.526,18.089,5.4,18.404,191.521,840.091,1315.409,52.603,213.632,223.624,219.651,52.452,1.037,0
2026-07-28 00:01:32.602394,1003,31.009,6.007,3.201,16.645,5.192,18.079,199.926,856.09,1384.786,59.173,213.24,226.503,219.078,52.688,1.206,0
2026-07-28 00:02:27.007455,1003,30.96,5.956,2.588,17.49,4.625,17.946,194.438,845.102,1319.292,58.949,214.29,227.523,220.718,51.988,0.995,0
2026-07-28 00:03:21.863644,1003,31.269,6.238,3.171,12.264,4.934,18.475,196.654,845.362,1337.015,67.402,217.155,227.199,219.557,51.719,0.894,0
2026-07-28 00:04:08.425556,1003,31.672,6.1,3.172,9.779,5.251,18.11,194.6,859.571,1307.686,54.685,215.503,232.873,220.473,52.307,1.039,0
2026-07-28 00:04:56.419318,1003,32.019,5.977,2.962,11.138,4.645,19.535,199.694,835.044,1488.413,52.456,214.716,229.749,219.681,52.296,1.179,0
2026-07-28 00:05:45.514445,1003,31.616,5.999,3.161,14.563,5.289,18.185,187.751,908.046,1461.316,54.265,214.849,225.231,220.092,52.265,1.096,0
2026-07-28 00:06:38.594836,1003,32.731,6.016,3.362,19.144,4.775,18.701,195.597,823.1,1224.844,54.845,212.742,226.512,221.548,53.337,1.021,0
2026-07-28 00:07:29.251605,1003,31.162,6.105,2.943,16.587,5.362,18.445,201.809,892.735,1350.216,59.222,214.65,239.251,221.098,52.465,0.788,0
2026-07-28 00:08:17.620857,1003,31.87,6.011,2.728,15.101,4.792,18.327,199.207,815.004,1280.763,52.206,216.488,221.437,221.72,52.828,0.83,0
2026-07-28 00:09:08.641293,1003,30.945,5.969,3.469,17.31,5.333,19.04,196.958,843.356,1244.155,58.951,214.527,219.61,220.413,51.241,1.037,0
2026-07-28 00:09:59.612267,1003,32.305,5.733,3.156,16.812,5.445,18.848,195.585,860.012,1078.14,57.644,214.707,222.287,217.828,51.318,0.961,0
2026-07-28 00:10:54.446125,1003,32.18,5.858,3.257,12.883,5.15,18.837,192.835,823.949,1322.337,61.341,215.395,228.777,219.179,51.458,0.989,0
2026-07-28 00:11:45.616131,1003,31.856,6.055,3.332,17.078,5.176,18.83,192.884,821.949,1328.864,60.101,213.651,232.275,218.062,52.011,1.107,0
2026-07-28 00:12:42.176050,1003,30.632,6.038,3.085,17.914,5.646,17.531,185.68,842.855,1465.252,60.979,215.4,227.017,221.102,51.9,0.862,0
2026-07-28 00:13:27.797565,1003,31.851,5.703,2.804,20.832,4.965,18.764,198.019,876.978,1439.032,59.563,214.007,225.131,220.018,52.185,0.931,0
2026-07-28 00:14:21.223972,1003,31.09,5.888,2.648,15.817,5.04,18.352,203.189,853.377,1391.806,62.405,214.401,224.415,221.511,53.157,1.132,0
2026-07-28 00:15:19.774709,1003,31.727,5.814,2.95,19.896,5.392,18.192,196.764,905.948,1412.722,51.24,214.546,220.221,221.245,51.937,0.862,0
2026-07-28 00:16:11.351930,1003,30.773,6.273,3.275,15.069,5.327,20.576,195.1,867.376,1422.396,51.387,214.547,234.217,219.849,52.339,1.128,0
2026-07-28 00:17:02.481558,1003,31.635,6.05,3.301,21.351,5.127,17.616,198.594,837.738,1391.446,57.414,215.123,226.649,222.095,52.054,1.039,0
2026-07-28 00:17:52.413661,1003,31.323,6.086,3.082,14.632,4.835,18.446,182.289,772.871,1467.704,57.854,214.912,228.435,221.151,52.758,0.986,0
2026-07-28 00:18:39.871688,1003,31.111,5.987,3.201,17.478,5.492,18.397,191.957,806.025,1242.086,53.199,214.782,231.082,220.098,52.446,1.016,0
2026-07-28 00:19:35.173872,1003,31.796,5.875,2.37,16.659,4.829,18.451,194.557,843.305,1308.57,59.853,215.146,233.325,220.522,51.965,1.041,0
2026-07-28 00:20:24.710598,1003,31.474,5.911,2.735,19.426,5.883,17.892,184.759,805.617,1296.566,52.022,213.911,226.551,221.697,52.673,1.072,0
2026-07-28 00:21:19.538112,1003,31.398,6.099,3.382,19.116,4.841,18.635,195.963,845.414,1303.125,56.374,212.411,223.669,220.537,52.427,0.776,0
2026-07-28 00:22:12.759915,1003,31.869,5.948,2.525,13.602,4.868,17.826,183.895,857.476,1337.112,57.425,214.99,227.409,219.201,52.605,1.139,0
2026-07-28 00:23:06.812242,1003,32.452,6.101,3.081,15.227,5.303,18.67,199.147,842.514,1488.769,59.903,214.175,226.947,218.588,52.031,1.027,0
2026-07-28 00:23:55.864944,1003,31.638,6.029,3.029,20.891,5.365,18.594,196.355,843.132,1426.104,55.383,215.546,225.157,219.682,52.465,1.127,0
2026-07-28 00:24:48.934028,1003,30.597,6.059,2.935,16.228,4.908,18.353,193.855,907.771,1453.966,62.605,214.338,222.199,219.183,51.841,1.049,0
2026-07-28 00:25:40.948385,1003,30.721,6.069,3.387,17.872,5.708,18.456,199.569,852.907,1343.376,64.557,212.723,229.134,220.245,51.288,1.24,0
2026-07-28 00:26:33.543373,1003,31.534,5.895,3.129,13.538,5.299,19.45,195.882,847.005,1339.528,63.96,214.856,233.066,219.382,51.679,0.922,0
2026-07-28 00:27:17.701354,1003,32.013,5.938,2.317,15.434,5.126,18.847,197.852,822.165,1399.162,65.093,216.262,234.857,219.54,52.429,1.178,0
2026-07-28 00:28:11.340971,1003,31.567,6.182,3.294,14.37,5.316,18.604,196.701,850.906,1386.724,61.978,215.375,224.323,221.455,52.374,0.905,0
2026-07-28 00:29:10.307893,1003,31.756,6.365,2.711,18.13,5.563,18.755,189.84,837.123,1386.673,60.084,213.295,234.886,221.987,51.52,1.06,0
2026-07-28 00:29:58.326779,1003,31.471,6.184,2.223,17.696,5.683,18.524,204.41,903.25,1547.064,54.353,214.25,222.877,219.067,52.963,1.117,0
2026-07-28 00:30:53.279369,1003,31.981,5.442,3.423,18.814,5.258,18.831,202.474,867.512,1399.798,55.131,214.404,228.127,219.569,51.305,1.002,0
2026-07-28 00:31:44.544351,1003,31.808,5.848,2.324,13.504,4.818,18.136,197.572,892.191,1283.096,61.485,214.779,231.891,219.724,52.115,0.786,0
2026-07-28 00:32:33.309258,1003,30.99,6.023,2.798,17.262,4.822,19.826,195.902,857.046,1290.168,50.02,214.296,229.821,220.377,51.71,1.015,0
2026-07-28 00:33:23.116698,1003,31.724,5.78,3.167,16.046,4.776,18.613,199.502,887.13,1421.558,63.059,212.893,233.43,220.413,52.137,0.948,0
2026-07-28 00:34:19.668099,1003,30.729,5.771,2.958,10.377,5.007,20.196,202.561,821.979,1414.921,54.954,214.835,223.196,219.391,51.124,1.099,0
2026-07-28 00:35:12.570610,1003,31.724,5.916,2.644,17.065,5.211,19.83,206.424,858.239,1433.192,55.257,216.719,226.733,220.612,50.833,0.902,0
2026-07-28 00:36:04.178260,1003,31.359,6.069,2.434,18.972,5.264,18.198,191.751,825.792,1394.275,60.759,214.216,226.647,219.446,51.574,0.94,0
2026-07-28 00:36:51.269364,1003,31.58,6.124,2.567,19.613,5.538,18.644,201.275,838.251,1261.592,58.678,213.508,232.285,219.552,52.475,0.926,0
2026-07-28 00:37:44.985818,1003,31.662,5.927,2.386,15.919,4.578,18.719,194.477,852.207,1480.618,55.738,216.71,226.528,218.909,52.131,0.966,0
2026-07-28 00:38:40.354425,1003,31.641,5.911,2.928,17.908,5.197,19.06,185.345,823.242,1464.145,53.675,217.305,228.482,221.243,51.052,1.009,0
2026-07-28 00:39:33.296226,1003,32.209,5.831,2.689,17.254,5.338,18.579,200.028,808.598,1317.222,51.195,214.511,226.415,221.091,52.677,1.063,0
2026-07-28 00:40:21.733013,1003,31.517,6.101,2.214,14.252,4.358,19.224,203.804,879.527,1381.152,48.415,215.285,229.02,220.416,52.155,1.054,0
2026-07-28 00:41:15.376024,1003,31.594,6.088,2.835,13.938,5.336,17.445,200.838,802.263,1365.793,63.645,215.265,224.345,220.796,52.528,0.859,0
2026-07-28 00:42:13.179420,1003,32.165,6.181,2.633,15.89,6.019,18.134,193.985,900.012,1318.419,56.59,216.067,222.798,221.33,51.763,0.905,0
2026-07-28 00:43:04.681845,1003,32.448,6.026,3.153,15.458,5.432,18.385,197.325,827.346,1251.469,53.767,213.66,225.406,220.902,50.745,0.935,0
2026-07-28 00:43:59.913540,1003,31.491,5.738,3.206,16.203,5.292,18.1,199.193,867.429,1398.831,60.656,214.964,223.644,220.873,53.041,0.962,0
2026-07-28 00:44:51.220493,1003,31.244,5.93,3.765,15.039,5.118,17.461,198.438,869.127,1223.181,54.227,213.692,226.648,219.485,51.88,0.905,0
2026-07-28 00:45:42.662087,1003,31.269,6.171,3.369,16.489,5.27,19.03,202.38,818.937,1299.393,54.309,215.414,230.783,218.196,52.692,0.918,0
2026-07-28 00:46:35.302766,1003,31.725,5.653,2.38,13.547,5.661,17.836,200.658,864.343,1495.505,62.497,216.816,221.882,219.051,51.731,1.143,0
2026-07-28 00:47:26.177086,1003,31.398,5.983,1.761,19.504,5.096,18.095,191.527,855.978,1385.389,60.614,215.4,225.762,222.634,52.065,1.034,0
2026-07-28 00:48:16.751494,1003,30.625,6.057,2.134,11.814,5.558,18.953,195.159,869.307,1382.568,58.269,213.98,236.615,219.715,50.861,0.878,0
2026-07-28 00:49:08.810211,1003,32.062,6.401,2.714,15.814,5.339,19.235,191.971,886.078,1324.965,55.172,216.195,219.962,221.921,51.421,1.044,0
2026-07-28 00:50:03.824042,1003,31.908,5.88,2.083,15.532,5.688,18.161,195.967,874.597,1217.284,58.481,214.267,222.809,220.65,53.038,0.955,0
2026-07-28 00:50:56.083793,1003,32.073,5.976,2.649,15.688,5.527,17.878,183.787,825.817,1385.214,59.938,215.568,228.769,219.964,52.611,1.203,0
2026-07-28 00:51:47.972157,1003,32.172,6.338,3.018,14.059,5.257,18.012,206.57,847.055,1392.407,58.584,214.068,220.764,218.917,52.829,0.931,0
2026-07-28 00:52:40.587307,1003,31.595,5.882,2.679,12.525,5.238,19.169,190.322,827.103,1417.505,62.6,213.406,226.95,219.156,52.341,0.946,0
2026-07-28 00:53:37.535745,1003,31.63,6.215,3.159,16.553,5.106,19.203,191.921,834.301,1316.628,53.294,214.088,234.527,219.842,52.176,0.967,0
2026-07-28 00:54:26.465941,1003,32.003,6.079,2.653,15.529,5.493,18.702,195.496,865.151,1315.262,56.416,211.757,224.871,219.838,52.668,0.878,0
2026-07-28 00:55:20.561303,1003,30.892,5.956,2.566,16.884,5.023,18.648,186.734,868.548,1398.288,59.839,213.699,223.739,220.656,52.64,1.051,0
2026-07-28 00:56:15.188845,1003,31.324,6.09,3.974,12.205,5.234,17.709,192.988,867.879,1243.083,55.095,217.57,220.661,219.186,52.211,1.005,0
2026-07-28 00:57:06.677574,1003,31.47,5.97,2.981,19.948,5.142,18.779,196.012,859.346,1419.111,61.502,211.617,223.8,219.23,52.067,1.037,0
2026-07-28 00:58:02.513124,1003,31.961,6.452,3.064,15.816,4.798,18.971,204.892,863.778,1336.378,63.14,213.115,226.49,221.047,52.671,1.003,0
2026-07-28 00:58:57.443931,1003,31.231,5.587,3.481,9.004,5.266,18.599,195.853,837.813,1374.908,57.749,217.09,236.466,222.278,51.275,1.02,0
2026-07-28 00:59:52.054833,1003,31.144,5.944,3.5,16.434,4.742,18.621,192.566,890.183,1546.154,59.108,213.849,226.716,220.103,51.79,1.178,0
2026-07-28 01:00:40.088340,1003,31.285,5.949,2.791,14.915,5.066,17.881,188.246,870.373,1326.887,56.623,214.516,226.915,220.532,51.024,1.06,0
2026-07-28 01:01:30.418339,1003,31.735,5.973,3.596,13.394,5.4,19.201,207.83,850.39,1361.841,56.271,214.982,227.295,219.824,51.334,0.802,0
2026-07-28 01:02:20.336449,1003,31.466,6.216,2.744,18.834,5.251,17.684,195.46,883.662,1352.547,62.89,213.022,223.834,219.923,52.147,1.034,0
2026-07-28 01:03:14.595229,1003,30.775,5.911,3.579,18.138,5.246,18.49,195.495,836.06,1181.797,53.988,216.253,217.586,219.746,52.542,1.128,0
2026-07-28 01:04:09.409525,1003,30.873,6.098,2.297,16.786,4.941,18.775,186.771,854.468,1401.975,60.972,214.855,233.561,219.58,53.278,0.745,0
2026-07-28 01:05:00.622178,1003,31.568,6.046,2.825,16.177,5.515,19.185,198.148,876.952,1151.285,55.43,214.238,230.035,220.666,51.921,0.872,0
2026-07-28 01:05:51.844063,1003,31.585,6.168,3.127,17.161,4.934,19.132,191.472,815.676,1414.385,53.949,216.133,232.164,220.74,51.718,1.066,0
2026-07-28 01:06:50.775030,1003,31.514,5.973,3.206,12.371,5.412,19.184,203.83,915.458,1291.213,61.734,213.403,228.486,219.707,51.948,1.107,0
2026-07-28 01:07:43.402995,1003,31.265,6.064,2.519,16.441,5.59,18.319,197.786,833.923,1287.249,60.425,215.046,232.367,219.311,52.169,1.019,0
2026-07-28 01:08:36.835452,1003,31.894,5.975,2.06,18.846,4.741,19.894,195.75,837.877,1346.732,54.756,213.782,221.017,219.427,53.262,1.048,0
2026-07-28 01:09:28.107360,1003,31.684,5.803,3.262,18.392,5.078,19.153,187.063,851.583,1237.306,56.793,213.493,227.713,220.782,52.006,1.151,0
2026-07-28 01:10:24.266893,1003,31.667,6.32,2.882,13.584,5.05,18.288,194.411,872.461,1340.478,56.977,217.403,229.667,219.037,51.234,0.943,0
2026-07-28 01:11:17.559031,1003,31.685,5.848,2.777,16.427,5.282,18.327,193.717,875.233,1256.85,58.487,215.151,233.038,218.78,52.27,0.896,0
2026-07-28 01:12:10.130183,1003,32.299,5.904,3.943,13.418,4.917,18.956,195.738,894.475,1240.407,55.444,216.137,229.248,220.339,52.059,0.972,0
2026-07-28 01:13:02.832805,1003,30.988,5.829,2.833,16.361,4.85,18.22,183.18,849.148,1331.433,64.794,214.376,229.251,219.92,51.974,1.019,0
2026-07-28 01:13:53.550066,1003,31.289,6.08,2.705,14.27,5.184,17.734,189.543,860.572,1453.999,52.844,213.765,228.45,219.833,51.813,1.035,0
2026-07-28 01:14:42.609654,1003,31.332,5.904,1.974,13.999,5.032,18.55,192.025,806.393,1411.391,51.133,211.26,221.291,221.0,53.45,1.085,0
2026-07-28 01:15:34.636489,1003,32.129,6.303,2.383,16.824,5.156,17.137,198.001,819.948,1303.779,57.008,214.62,225.007,219.938,51.647,1.183,0
2026-07-28 01:16:31.489177,1003,31.313,6.107,3.499,14.331,5.468,18.715,183.418,848.352,1336.084,49.153,213.01,225.381,219.214,50.925,1.02,0
2026-07-28 01:17:22.594709,1003,31.104,5.945,2.587,14.172,4.715,18.883,203.29,861.378,1303.846,54.238,215.113,230.999,220.205,51.58,0.862,0
2026-07-28 01:18:17.890247,1003,31.447,5.818,3.358,16.809,5.166,18.34,202.452,849.661,1248.49,54.842,213.449,229.658,219.217,51.657,0.915,0
2026-07-28 01:19:08.673209,1003,31.552,5.978,2.263,12.593,5.023,19.19,189.034,866.203,1260.988,57.564,215.561,233.826,221.062,51.114,1.015,0
2026-07-28 01:19:54.824085,1003,32.098,6.104,2.505,15.259,5.207,19.011,209.814,849.354,1372.499,56.671,217.47,229.55,220.027,51.868,1.16,0
2026-07-28 01:20:45.196408,1003,31.31,5.991,2.49,12.465,5.024,17.889,196.43,844.215,1287.925,58.491,218.391,226.604,218.766,53.129,1.072,0
2026-07-28 01:21:32.134795,1003,31.156,5.972,3.272,12.883,4.846,18.527,194.346,920.607,1344.846,54.224,215.385,232.887,220.187,51.111,0.902,0
2026-07-28 01:22:26.473089,1003,31.045,5.796,2.879,18.693,5.318,18.188,198.565,843.367,1263.243,55.911,214.986,222.274,219.046,51.03,0.928,0
2026-07-28 01:23:12.755387,1003,31.328,6.449,2.367,15.042,6.031,18.306,197.509,880.361,1417.3,59.931,214.159,226.278,221.233,52.522,0.968,0
2026-07-28 01:24:05.016035,1003,32.782,5.96,3.407,14.35,5.17,19.188,195.703,813.134,1404.315,47.969,214.062,223.523,219.881,51.859,1.008,0
2026-07-28 01:24:54.676958,1003,31.691,5.725,3.282,17.957,4.982,18.875,188.493,854.575,1482.314,59.267,213.898,222.793,220.756,51.733,0.97,0
2026-07-28 01:25:44.737131,1003,31.799,5.785,3.194,19.717,4.981,18.069,192.377,831.439,1465.737,48.492,216.779,222.936,219.258,52.756,0.904,0
2026-07-28 01:26:39.446262,1003,31.5,5.931,3.168,16.579,5.48,18.635,197.144,908.42,1271.66,57.545,214.53,224.722,219.768,51.612,0.917,0
2026-07-28 01:27:31.081261,1003,31.569,6.389,2.513,18.348,4.937,18.047,200.005,834.83,1276.904,59.684,217.592,228.299,220.498,50.904,0.992,0
2026-07-28 01:28:22.991240,1003,31.893,5.966,3.717,14.731,5.59,18.209,203.637,850.104,1379.866,58.792,213.885,226.027,219.811,52.56,1.023,0
2026-07-28 01:29:14.703341,1003,31.781,5.925,2.942,16.125,4.709,19.424,192.257,827.119,1274.662,54.895,214.831,228.591,218.93,51.958,0.893,0
2026-07-28 01:30:05.473981,1003,31.675,6.169,3.153,16.017,5.258,20.028,195.475,825.374,1369.996,58.579,213.478,228.429,220.862,51.92,1.035,0
2026-07-28 01:30:54.990804,1003,31.508,6.184,3.218,16.745,5.399,19.567,191.038,848.791,1320.572,53.542,215.639,217.685,220.339,50.635,1.2,0
2026-07-28 01:31:41.792841,1003,31.324,6.132,2.461,18.219,5.429,18.666,201.563,861.514,1427.914,63.305,214.757,228.15,218.71,51.3,1.023,0
2026-07-28 01:32:34.990197,1003,31.712,6.04,4.081,12.62,5.408,18.61,193.132,881.671,1430.347,60.991,214.96,224.35,219.565,51.861,1.03,0
2026-07-28 01:33:27.931482,1003,31.542,5.779,2.985,13.953,5.28,19.112,191.472,834.207,1323.956,53.514,214.628,220.601,219.016,51.255,0.849,0
2026-07-28 01:34:23.504621,1003,32.566,5.85,3.019,14.884,5.546,18.561,195.372,833.722,1194.497,63.283,215.668,228.451,219.417,52.669,1.081,0
2026-07-28 01:35:16.765149,1003,32.025,5.682,2.765,13.769,4.903,17.644,184.962,888.268,1435.881,58.317,215.805,227.767,219.458,51.955,0.936,0
2026-07-28 01:36:07.365412,1003,31.163,5.955,3.655,16.529,5.007,19.591,198.246,897.223,1298.057,52.755,215.997,228.118,219.715,51.832,1.118,0
2026-07-28 01:36:58.870229,1003,30.915,5.915,3.68,16.5,5.079,17.787,193.141,848.56,1348.004,62.404,213.871,230.413,218.297,52.682,1.198,0
2026-07-28 01:37:52.660874,1003,31.301,5.894,3.09,16.135,5.645,19.225,211.605,864.505,1338.379,64.403,215.385,224.638,219.501,51.592,0.926,0
2026-07-28 01:38:48.099976,1003,30.958,6.056,2.164,15.074,5.34,18.956,191.291,899.418,1382.65,56.426,214.403,223.332,221.156,52.27,0.929,0
2026-07-28 01:39:38.852037,1003,31.271,5.869,2.906,19.1,5.405,19.616,193.396,927.816,1297.097,59.037,216.594,227.328,222.069,52.001,1.059,0
2026-07-28 01:40:34.311245,1003,31.015,5.932,2.963,16.498,5.146,19.018,201.103,863.147,1254.914,57.445,215.297,225.559,218.631,52.588,0.86,0
2026-07-28 01:41:26.082679,1003,31.336,5.903,2.743,15.655,5.445,18.147,199.692,872.846,1362.882,59.933,215.36,238.834,221.294,52.307,1.011,0
2026-07-28 01:42:16.022490,1003,31.342,5.994,2.44,16.153,4.734,19.151,201.215,854.854,1420.252,60.838,214.668,226.83,222.683,52.439,0.968,0
2026-07-28 01:43:06.035067,1003,31.574,6.073,2.114,17.712,5.077,18.282,193.322,808.076,1339.528,61.641,214.024,227.367,219.765,51.643,0.991,0
2026-07-28 01:43:57.150378,1003,31.397,5.731,3.839,16.492,5.135,17.914,188.118,861.049,1339.268,49.739,215.088,223.656,220.613,51.608,0.778,0
2026-07-28 01:44:49.117627,1003,31.049,6.091,3.423,14.012,5.058,17.401,211.009,890.764,1249.146,55.323,216.47,222.95,221.218,51.937,1.056,0
2026-07-28 01:45:44.709628,1003,32.107,6.053,3.02,20.055,5.104,18.426,198.098,829.159,1393.696,61.554,214.077,220.285,219.477,52.435,1.27,0
2026-07-28 01:46:42.605170,1003,31.701,6.084,2.63,17.063,5.364,17.487,196.354,797.22,1399.841,54.568,216.584,225.863,221.141,52.267,0.954,0
2026-07-28 01:47:33.944411,1003,31.228,6.027,3.205,13.35,5.272,19.362,199.835,868.134,1340.883,58.958,215.683,226.351,219.771,52.546,0.842,0
2026-07-28 01:48:21.637954,1003,31.057,6.072,3.116,11.823,5.558,17.557,187.181,800.068,1267.18,53.651,212.564,231.812,221.149,51.412,1.088,0
2026-07-28 01:49:11.798046,1003,30.766,5.917,2.771,17.584,4.574,18.272,192.261,805.41,1356.956,60.347,213.901,226.137,221.82,51.069,0.904,0
2026-07-28 01:50:02.865061,1003,30.73,6.089,3.222,18.973,5.646,18.298,188.742,803.598,1364.1,57.657,217.746,225.47,221.51,51.666,1.003,0
2026-07-28 01:50:55.740971,1003,32.024,6.229,3.292,17.04,5.005,18.603,196.001,792.916,1346.517,60.037,214.854,228.15,219.624,51.545,0.922,0
2026-07-28 01:51:42.144834,1003,31.971,5.901,3.392,17.409,5.595,17.98,186.731,881.664,1257.934,59.159,213.915,226.687,220.718,51.341,0.843,0
2026-07-28 01:52:37.447612,1003,31.208,5.908,2.494,17.467,5.075,19.181,199.043,855.011,1371.561,51.598,213.953,231.138,219.438,51.854,1.034,0
2026-07-28 01:53:26.648521,1003,32.183,6.126,3.246,16.011,5.311,18.598,202.101,910.644,1363.827,66.299,214.837,233.137,218.632,51.107,0.924,0
2026-07-28 01:54:19.612055,1003,31.808,5.889,3.671,12.133,4.877,18.489,201.88,872.306,1385.595,52.007,216.102,226.935,219.735,51.611,0.824,0
2026-07-28 01:55:11.235352,1003,31.602,5.856,3.169,14.393,4.835,18.11,197.643,910.782,1338.417,67.939,214.595,223.003,220.981,51.324,1.032,0
2026-07-28 01:56:01.157032,1003,31.931,6.084,4.259,17.828,5.374,18.83,196.153,832.324,1459.102,48.427,214.069,226.469,219.674,51.183,1.316,0
2026-07-28 01:56:57.347420,1003,31.809,5.914,2.897,17.348,4.401,19.338,192.492,861.51,1349.839,57.786,212.281,227.965,221.747,51.139,1.112,0
2026-07-28 01:57:47.950547,1003,31.577,6.244,2.021,15.55,4.835,20.117,197.691,814.05,1468.576,51.588,213.908,221.408,220.093,51.314,0.996,0
2026-07-28 01:58:36.977493,1003,31.38,5.907,2.516,14.739,5.43,17.935,194.341,842.958,1368.944,64.286,214.162,225.85,218.716,52.361,1.334,0
2026-07-28 01:59:30.645422,1003,31.446,5.836,2.618,16.4,5.076,18.418,183.782,892.603,1251.543,53.239,215.386,220.779,219.671,51.802,0.807,0
2026-07-28 02:00:25.396893,1003,30.696,5.999,3.318,15.211,4.935,17.356,191.3,849.825,1421.044,52.901,215.487,228.828,219.232,52.078,1.063,0
2026-07-28 02:01:16.785896,1003,31.1,6.087,3.474,15.817,5.657,18.908,199.754,844.19,1319.043,57.643,216.727,222.422,221.581,51.857,1.202,0
2026-07-28 02:02:09.364511,1003,32.4,6.064,3.078,16.304,5.762,17.681,188.246,850.357,1312.251,63.507,213.572,225.711,220.606,52.445,0.888,0
2026-07-28 02:03:04.371525,1003,31.086,6.108,3.167,14.212,5.2,18.665,188.128,855.163,1438.238,62.678,215.16,226.428,219.926,52.351,1.033,0
2026-07-28 02:03:55.721894,1003,30.575,5.889,4.092,17.84,5.582,19.241,193.802,855.2,1243.8,56.565,215.193,221.669,220.894,52.371,0.931,0
2026-07-28 02:04:46.959596,1003,31.952,6.227,2.526,15.621,5.655,18.253,181.987,889.659,1201.098,56.154,213.8,227.265,219.073,51.87,0.963,0
2026-07-28 02:05:41.420807,1003,31.624,5.669,2.958,17.121,5.195,17.941,199.378,830.09,1331.375,59.69,216.095,222.549,218.637,51.975,1.045,0
2026-07-28 02:06:32.963503,1003,31.652,5.844,2.742,16.146,5.046,19.291,198.847,845.005,1375.623,57.255,217.045,233.332,218.493,51.174,0.806,0
2026-07-28 02:07:22.558171,1003,31.421,6.008,2.331,19.547,5.227,18.926,200.683,853.84,1423.742,57.839,215.029,232.697,217.806,51.508,0.889,0
2026-07-28 02:08:14.553413,1003,31.955,5.861,1.846,17.249,4.764,17.822,196.327,824.799,1362.312,56.905,214.427,232.05,218.727,52.515,1.004,0
2026-07-28 02:09:03.558015,1003,32.265,5.938,3.739,16.937,5.37,18.584,189.883,838.045,1158.692,60.064,216.793,227.735,220.678,51.613,0.807,0
2026-07-28 02:09:55.354458,1003,31.239,5.804,2.564,16.854,5.101,17.988,187.62,873.226,1267.466,59.394,215.524,228.543,220.876,51.821,0.959,0
2026-07-28 02:10:50.380366,1003,31.816,5.958,2.857,20.793,5.217,19.136,198.306,827.101,1242.928,63.89,213.542,226.378,218.958,52.418,0.833,0
2026-07-28 02:11:38.584603,1003,32.059,6.093,3.245,15.898,5.213,18.574,199.293,931.439,1189.759,54.825,214.767,229.375,217.589,52.164,0.839,0
2026-07-28 02:12:30.452164,1003,31.211,5.893,2.322,16.377,4.946,19.417,188.299,898.462,1335.537,54.786,214.566,233.999,219.514,52.003,1.101,0
2026-07-28 02:13:24.318607,1003,32.255,5.824,2.524,16.241,5.189,17.941,187.496,856.131,1393.427,57.111,213.985,223.01,220.6,51.826,1.011,0
2026-07-28 02:14:16.139271,1003,32.058,5.908,2.988,11.478,4.792,18.636,194.886,867.693,1432.553,56.651,214.041,228.973,221.0,52.564,0.976,0
2026-07-28 02:15:12.491645,1003,30.879,6.221,2.75,16.214,5.055,18.493,195.82,873.346,1392.195,61.124,214.197,219.93,220.292,51.533,0.952,0
2026-07-28 02:16:04.675770,1003,32.297,6.219,2.273,18.337,4.866,18.653,200.609,867.241,1302.563,53.069,215.973,225.391,218.792,52.219,1.035,0
2026-07-28 02:16:57.900310,1003,30.905,5.904,3.346,17.184,4.937,18.16,198.974,853.768,1442.001,62.834,214.647,226.861,220.874,51.8,0.947,0
2026-07-28 02:17:54.227983,1003,31.156,6.102,2.735,19.475,4.523,17.149,194.52,930.804,1332.118,56.305,215.103,228.458,220.473,52.372,0.917,0
2026-07-28 02:18:47.847195,1003,31.842,5.996,3.078,17.807,5.071,18.907,201.213,830.168,1355.139,62.462,216.161,229.966,220.888,52.433,1.115,0
2026-07-28 02:19:39.802809,1003,32.021,6.257,3.032,17.155,5.346,18.532,192.903,839.777,1293.707,68.131,214.641,232.625,218.931,52.073,0.932,0
2026-07-28 02:20:30.466407,1003,31.549,6.038,3.553,18.044,5.253,18.001,193.149,853.107,1329.172,61.811,213.557,221.241,220.616,52.731,1.148,0
2026-07-28 02:21:21.998837,1003,31.185,5.96,3.201,16.839,5.525,18.199,200.09,869.706,1314.199,60.124,216.133,230.777,221.042,52.48,0.939,0
2026-07-28 02:22:15.078352,1003,31.37,6.32,2.508,15.355,4.914,17.798,200.745,909.342,1232.572,62.186,214.543,234.701,218.379,51.793,1.083,0
2026-07-28 02:23:04.678605,1003,31.311,5.815,3.662,15.704,5.056,17.385,200.902,850.952,1404.148,56.264,217.138,225.555,219.261,52.146,1.028,0
2026-07-28 02:24:00.794846,1003,31.921,6.064,2.73,10.519,5.475,19.123,193.923,867.778,1364.253,58.605,216.21,225.031,218.175,52.176,1.062,0
2026-07-28 02:24:59.986124,1003,31.297,6.273,2.536,19.669,5.174,18.843,195.43,862.182,1417.566,54.677,215.635,228.003,219.025,52.661,1.032,0
2026-07-28 02:25:52.025887,1003,31.174,6.133,2.452,15.544,5.255,17.689,189.802,848.603,1290.163,54.944,215.272,226.866,219.876,50.975,1.078,0
2026-07-28 02:26:38.695593,1003,30.761,5.847,1.664,13.6,5.834,20.015,200.4,887.011,1409.965,58.795,216.347,226.584,218.263,52.746,1.16,0
2026-07-28 02:27:33.128128,1003,31.203,5.837,2.653,15.157,5.124,17.824,191.452,863.424,1216.654,57.902,215.299,233.527,221.335,50.908,0.903,0
2026-07-28 02:28:25.471965,1003,31.441,5.718,3.226,20.041,5.055,18.929,183.021,879.671,1396.022,59.312,212.394,237.483,221.352,52.306,1.164,0
2026-07-28 02:29:19.565202,1003,30.935,6.297,2.224,16.165,4.902,18.502,192.354,842.5,1407.443,58.064,214.878,226.133,219.844,52.302,0.967,0
2026-07-28 02:30:11.473838,1003,30.628,5.773,3.974,16.591,5.113,17.742,189.865,835.32,1261.728,56.314,215.686,237.211,219.212,51.857,0.801,0
2026-07-28 02:31:06.448754,1003,31.99,6.143,1.723,20.798,5.507,18.71,178.758,841.048,1444.924,61.38,213.795,226.007,219.947,52.405,1.075,0
2026-07-28 02:31:56.220574,1003,31.0,5.715,2.554,17.921,5.372,18.389,191.559,859.67,1482.471,54.907,218.111,230.678,221.751,51.168,1.091,0
2026-07-28 02:32:49.537446,1003,30.845,6.511,2.152,15.337,5.63,18.118,199.695,883.413,1301.139,58.555,214.824,223.107,220.75,51.442,1.055,0
2026-07-28 02:33:42.547613,1003,32.285,5.729,3.523,12.09,5.308,19.291,197.482,911.804,1473.199,62.32,215.674,223.79,217.841,51.258,0.963,0
2026-07-28 02:34:35.819573,1003,31.924,6.009,3.372,17.47,4.528,18.874,197.471,856.075,1205.355,60.48,216.407,226.133,217.295,51.536,0.897,0
2026-07-28 02:35:30.280806,1003,32.013,6.242,2.848,14.44,5.389,18.932,203.554,905.035,1338.417,57.379,215.725,230.992,218.913,52.722,0.942,0
2026-07-28 02:36:25.169182,1003,31.753,5.859,2.19,17.518,5.231,18.371,191.527,869.16,1127.8,49.957,214.872,228.372,219.948,52.857,1.018,0
2026-07-28 02:37:13.646556,1003,32.156,6.113,2.317,15.889,5.201,18.711,188.128,831.616,1429.02,56.072,215.481,220.592,217.957,51.933,0.97,0
2026-07-28 02:38:08.148891,1003,31.942,5.944,3.142,16.94,5.565,18.484,197.964,854.448,1219.92,66.423,214.768,221.9,219.753,52.126,0.885,0
2026-07-28 02:39:00.738255,1003,31.328,6.078,2.615,18.06,5.118,18.8,197.142,873.309,1184.147,56.458,214.887,220.241,217.988,53.334,0.971,0
2026-07-28 02:39:52.146497,1003,30.967,6.216,2.68,12.023,5.374,17.917,187.403,875.552,1372.298,57.479,213.623,228.832,220.01,51.707,0.909,0
2026-07-28 02:40:45.042972,1003,30.858,5.914,2.958,16.296,4.877,17.075,193.943,837.091,1438.084,58.212,214.688,228.117,220.261,51.527,0.926,0
2026-07-28 02:41:37.800989,1003,31.43,6.299,2.765,15.958,4.745,19.314,198.231,840.674,1315.618,59.295,213.557,228.037,222.045,52.636,1.08,0
2026-07-28 02:42:30.115484,1003,30.95,6.07,2.003,16.662,5.02,18.491,196.649,841.28,1361.586,54.748,214.994,227.992,219.841,51.631,0.869,0
2026-07-28 02:43:16.629479,1003,31.101,6.39,2.241,17.16,5.106,18.843,199.391,845.269,1499.762,60.684,214.512,224.312,219.574,51.322,1.036,0
2026-07-28 02:44:09.072236,1003,31.424,5.834,2.255,16.35,5.364,18.089,190.967,859.856,1269.192,59.217,215.602,228.207,221.6,52.606,0.94,0
2026-07-28 02:45:00.457358,1003,32.199,5.872,2.585,14.51,4.871,18.366,186.489,905.754,1266.578,50.266,213.205,233.517,220.784,52.948,1.03,0
2026-07-28 02:45:53.541245,1003,30.745,5.954,3.051,13.402,5.652,19.412,189.52,838.786,1442.278,46.814,213.886,229.886,220.051,51.654,0.898,0
2026-07-28 02:46:45.379303,1003,31.515,5.757,3.028,12.348,4.91,18.718,200.186,803.452,1369.068,55.245,213.896,222.583,219.635,51.976,0.976,0
2026-07-28 02:47:44.019292,1003,30.874,6.185,3.676,16.275,5.174,19.823,201.214,801.586,1471.111,52.414,214.982,226.091,222.041,52.62,0.905,0
2026-07-28 02:48:35.403400,1003,31.222,5.985,2.198,17.211,5.203,19.035,193.995,874.688,1239.862,58.799,214.706,224.858,219.121,51.468,1.032,0
2026-07-28 02:49:22.646357,1003,31.965,5.771,3.175,15.213,5.29,18.099,204.076,835.191,1197.945,55.928,216.316,231.2,218.227,52.655,0.799,0
2026-07-28 02:50:14.343293,1003,31.076,5.835,2.552,17.911,5.335,18.765,194.027,858.819,1228.101,59.475,215.05,223.056,219.77,53.013,0.989,0
2026-07-28 02:51:04.956787,1003,31.368,5.826,4.126,15.737,5.879,19.509,191.925,830.481,1410.071,59.529,215.0,228.259,219.62,51.136,0.854,0
2026-07-28 02:51:57.606733,1003,31.571,6.185,2.94,15.803,5.019,18.632,186.534,846.701,1452.048,53.276,213.734,226.055,221.447,51.061,0.927,0
2026-07-28 02:52:48.204969,1003,31.851,6.091,2.68,12.692,5.294,18.887,194.546,841.574,1441.008,55.97,214.653,224.229,220.187,50.87,0.962,0
2026-07-28 02:53:42.184133,1003,31.226,5.973,3.156,14.98,5.175,19.348,201.363,831.082,1397.209,55.176,213.399,228.368,221.098,51.637,1.078,0
2026-07-28 02:54:34.142958,1003,32.13,5.927,3.112,18.118,5.495,17.093,202.611,886.855,1456.489,61.419,215.592,226.566,216.928,51.119,0.813,0
2026-07-28 02:55:27.248671,1003,31.277,5.952,2.783,19.214,5.335,18.921,201.416,888.987,1298.372,56.762,215.997,230.623,219.599,52.759,0.793,0
2026-07-28 02:56:23.844665,1003,31.742,6.356,3.339,15.562,5.266,19.308,197.997,869.554,1181.204,62.754,213.191,225.447,221.771,51.326,1.122,0
2026-07-28 02:57:16.055639,1003,31.405,5.953,3.861,17.994,4.752,18.039,204.58,910.272,1212.565,62.988,215.053,222.53,218.705,51.716,0.961,0
2026-07-28 02:58:03.895889,1003,31.87,6.172,3.523,19.253,5.064,19.127,189.188,812.848,1226.476,56.931,214.875,226.629,219.665,52.252,0.807,0
2026-07-28 02:58:54.399076,1003,32.514,5.934,2.915,13.844,4.907,18.497,202.11,844.882,1185.514,55.012,216.445,228.55,221.007,51.422,0.952,0
2026-07-28 02:59:42.101490,1003,31.361,6.336,4.013,16.73,5.066,17.485,196.687,840.874,1234.356,53.822,213.8,230.064,219.394,52.005,0.946,0
2026-07-28 03:00:32.262159,1003,31.492,5.756,3.275,16.438,4.952,18.974,196.263,871.572,1271.334,60.482,214.088,226.718,220.939,52.452,0.935,0
2026-07-28 03:01:13.297375,1003,31.284,6.161,2.374,18.473,5.045,18.494,186.462,814.442,1401.576,57.079,215.317,231.041,219.275,54.168,1.023,0
2026-07-28 03:02:07.914610,1003,31.207,5.848,3.031,14.079,5.077,18.455,197.048,870.356,1375.015,54.439,214.415,221.866,219.955,52.265,0.812,0
2026-07-28 03:02:55.283171,1003,31.15,6.443,2.876,16.726,5.082,18.888,201.924,809.154,1478.221,61.268,214.478,231.615,220.805,50.893,1.003,0
2026-07-28 03:03:49.533568,1003,31.491,6.139,2.691,15.406,5.112,17.93,182.228,872.688,1244.633,61.345,214.455,229.89,218.69,52.483,0.946,0
2026-07-28 03:04:39.532328,1003,31.112,5.659,3.179,16.977,4.922,18.963,199.773,884.492,1381.716,53.516,215.627,225.637,219.023,52.214,0.991,0
2026-07-28 03:05:30.687776,1003,31.127,5.814,1.929,18.809,5.211,17.953,181.29,818.174,1461.866,59.018,216.363,231.902,221.097,52.35,1.096,0
2026-07-28 03:06:27.762970,1003,29.917,6.137,3.914,19.398,4.929,19.408,186.496,840.352,1306.574,59.973,214.901,228.807,219.055,51.931,1.108,0
2026-07-28 03:07:18.787000,1003,32.192,6.132,3.349,18.829,5.02,19.183,194.434,885.517,1312.157,64.647,214.675,232.865,220.152,52.615,1.172,0
2026-07-28 03:08:07.752884,1003,32.322,6.117,1.95,13.722,5.185,19.423,204.496,891.365,1467.448,56.807,215.797,224.237,221.169,51.824,0.787,0
2026-07-28 03:08:58.190304,1003,31.824,6.031,3.342,14.912,4.426,18.779,194.231,809.598,1319.749,57.501,215.248,224.633,220.111,52.214,1.036,0
2026-07-28 03:09:46.308424,1003,31.063,5.936,3.253,18.315,5.947,18.246,197.82,861.922,1471.825,60.276,215.191,229.809,220.327,52.142,1.082,0
2026-07-28 03:10:40.959677,1003,30.868,6.217,3.835,17.391,5.357,18.067,189.541,869.955,1224.074,62.83,216.36,227.783,221.859,52.073,0.932,0
2026-07-28 03:11:34.677250,1003,30.718,5.827,3.983,15.396,5.296,18.032,193.834,850.732,1487.628,59.183,213.72,221.453,222.761,51.771,0.994,0
2026-07-28 03:12:25.739806,1003,31.82,6.011,4.079,13.892,5.043,18.396,194.671,892.646,1456.881,58.447,214.684,235.354,220.163,52.781,1.143,0
2026-07-28 03:13:20.135498,1003,32.133,5.876,2.842,7.014,5.228,18.088,204.775,835.139,1268.707,55.142,213.823,234.858,219.491,52.964,0.974,0
2026-07-28 03:14:14.001058,1003,31.583,5.86,3.308,12.333,4.837,18.695,190.516,838.968,1323.801,56.141,214.356,228.304,221.0,53.353,1.139,0
2026-07-28 03:15:05.139079,1003,31.929,5.908,2.726,15.297,5.347,18.017,191.045,831.884,1244.509,56.874,213.47,224.615,219.068,52.091,0.99,0
2026-07-28 03:15:57.899222,1003,31.722,5.853,3.558,15.332,4.695,18.127,201.461,858.121,1308.046,60.445,214.546,224.71,221.576,52.16,1.046,0
2026-07-28 03:16:49.155841,1003,31.115,6.11,1.768,16.945,4.819,18.271,193.519,843.21,1217.074,59.385,215.444,229.124,219.343,52.203,1.098,0
2026-07-28 03:17:39.095312,1003,32.005,5.705,2.273,17.384,4.987,18.034,195.679,876.297,1198.689,54.605,211.843,233.533,219.492,51.448,0.876,0
2026-07-28 03:18:23.126244,1003,31.973,6.086,2.753,21.196,5.653,18.295,197.611,840.922,1243.418,61.069,214.608,238.61,218.769,52.621,1.043,0
2026-07-28 03:19:14.225606,1003,31.005,5.873,2.966,14.229,4.869,18.85,191.181,846.192,1438.131,56.79,214.892,226.234,218.981,51.815,0.943,0
2026-07-28 03:20:06.175131,1003,31.904,6.006,3.093,11.512,5.3,17.97,182.686,858.333,1191.889,56.85,214.669,226.005,221.416,52.416,1.13,0
2026-07-28 03:20:53.794293,1003,31.426,5.967,3.726,13.864,4.581,17.778,201.451,828.453,1466.685,60.726,212.989,226.805,220.411,51.195,0.963,0
2026-07-28 03:21:48.383817,1003,31.37,5.9,2.629,19.856,5.207,18.393,195.697,882.016,1427.736,61.25,216.147,229.216,219.937,52.399,0.961,0
2026-07-28 03:22:39.641192,1003,31.695,6.243,2.263,16.03,5.721,17.816,187.338,872.43,1461.98,58.953,216.131,223.91,222.46,52.902,0.905,0
2026-07-28 03:23:32.907158,1003,31.68,5.926,2.779,18.328,5.35,19.302,199.669,871.485,1379.301,65.361,216.372,221.776,220.142,51.55,0.992,0
2026-07-28 03:24:25.712585,1003,31.944,6.141,2.655,14.705,4.578,18.081,207.055,822.955,1490.177,49.626,214.33,226.522,219.979,51.703,1.058,0
2026-07-28 03:25:17.315181,1003,31.075,6.143,3.315,14.847,5.213,18.529,202.156,897.377,1228.085,61.556,215.207,228.802,218.665,51.684,1.006,0
2026-07-28 03:26:07.464070,1003,31.783,5.945,3.869,12.057,5.061,18.772,207.486,798.858,1466.309,53.303,214.124,234.7,219.029,51.685,1.242,0
2026-07-28 03:26:57.175503,1003,30.92,5.748,3.818,15.239,5.568,17.743,187.633,874.032,1608.523,57.429,213.713,222.967,218.877,52.956,0.95,0
2026-07-28 03:27:43.815188,1003,31.411,5.824,3.621,16.025,5.17,17.993,196.497,856.629,1327.601,57.603,213.65,232.244,219.177,52.105,0.904,0
2026-07-28 03:28:40.311147,1003,31.444,6.256,2.675,17.995,4.768,18.122,197.129,871.938,1345.295,57.292,215.241,227.071,219.438,51.352,0.985,0
2026-07-28 03:29:33.255643,1003,31.985,6.099,2.908,17.29,5.159,18.969,194.299,846.347,1271.68,53.709,216.003,226.475,219.658,51.455,1.037,0
2026-07-28 03:30:22.153439,1003,31.505,6.028,3.242,20.57,4.991,19.599,193.034,855.05,1355.643,51.833,216.544,220.982,220.839,50.595,0.86,0
2026-07-28 03:31:15.839317,1003,31.369,5.887,2.561,15.646,4.552,19.614,177.243,872.898,1365.822,49.461,214.941,229.146,219.97,51.492,1.144,0
2026-07-28 03:32:04.142377,1003,32.213,6.346,2.614,16.558,5.148,19.264,205.155,852.582,1149.145,56.663,214.181,228.655,222.146,51.151,0.972,0
2026-07-28 03:32:57.941831,1003,31.286,5.826,3.213,15.964,5.201,17.756,185.299,858.864,1402.023,58.103,214.884,237.025,220.756,51.183,1.187,0
2026-07-28 03:33:51.210058,1003,31.264,6.028,2.222,14.401,5.314,17.974,200.422,859.807,1444.316,60.033,216.166,226.416,219.152,51.734,1.147,0
2026-07-28 03:34:41.103862,1003,30.562,6.1,3.623,16.942,5.505,19.332,195.066,916.254,1275.101,62.414,216.947,234.025,220.543,51.271,1.073,0
2026-07-28 03:35:28.082525,1003,31.392,5.739,2.771,15.366,5.116,19.415,194.817,806.297,1313.925,61.066,216.413,226.22,220.181,51.915,0.998,0
2026-07-28 03:36:18.439228,1003,31.03,5.848,3.308,19.825,4.75,18.977,193.767,890.223,1422.097,61.686,216.295,226.065,221.676,52.278,0.889,0
2026-07-28 03:37:10.672421,1003,31.375,5.908,3.118,14.184,4.949,18.983,196.194,865.758,1271.018,53.334,216.634,220.442,220.986,52.233,0.931,0
2026-07-28 03:37:57.698278,1003,31.62,6.172,3.715,15.218,5.194,18.243,198.845,862.158,1413.178,62.174,215.088,232.329,220.081,52.173,0.882,0
2026-07-28 03:38:47.443455,1003,30.957,5.912,1.787,13.139,5.565,19.53,200.71,815.746,1374.316,59.108,215.338,228.079,222.098,50.246,0.877,0
2026-07-28 03:39:43.427810,1003,31.089,5.713,3.718,16.778,5.201,18.061,194.245,886.057,1548.466,52.08,216.272,227.48,220.669,51.669,1.032,0
2026-07-28 03:40:35.113945,1003,30.7,5.694,3.706,12.947,5.16,17.534,187.767,819.758,1339.104,62.034,215.618,226.281,220.721,52.895,1.036,0
2026-07-28 03:41:35.277773,1003,31.245,5.847,3.16,15.981,5.129,18.981,187.561,895.335,1304.626,53.832,216.04,228.489,221.804,53.495,0.829,0
2026-07-28 03:42:28.554171,1003,31.028,5.702,3.297,13.311,5.198,18.15,201.234,836.858,1371.006,53.185,214.271,224.513,221.028,52.566,0.946,0
2026-07-28 03:43:19.867121,1003,32.572,6.154,3.34,13.738,5.773,17.721,193.372,895.334,1359.832,64.015,216.678,229.389,220.259,52.041,0.911,1
2026-07-28 03:44:08.975313,1003,32.252,6.162,2.486,14.241,5.175,19.027,188.851,832.05,1488.716,58.541,214.401,223.491,219.906,51.417,1.16,0
2026-07-28 03:44:57.319495,1003,32.171,6.001,3.031,17.678,5.121,17.403,190.549,825.544,1484.254,53.156,216.335,226.938,217.577,52.875,0.769,0
2026-07-28 03:45:49.705939,1003,30.853,5.947,3.507,15.783,5.211,18.773,194.437,849.769,1287.987,55.276,214.893,229.589,217.785,51.892,1.211,0
2026-07-28 03:46:40.119155,1003,31.411,6.148,1.981,15.718,4.997,18.232,187.3,831.039,1333.661,61.979,214.36,233.412,219.859,51.826,1.064,0
2026-07-28 03:47:31.031964,1003,30.898,6.14,3.268,17.294,4.732,19.461,194.813,845.705,1290.958,52.492,212.608,228.381,219.334,52.804,0.718,0
2026-07-28 03:48:23.532329,1003,32.421,5.803,3.05,14.482,4.678,18.774,202.518,901.459,1275.902,56.94,214.739,232.946,220.023,49.842,0.929,0
2026-07-28 03:49:13.323022,1003,31.916,5.83,3.358,11.479,4.982,19.144,194.288,836.499,1072.837,56.937,213.503,227.447,221.22,51.951,1.049,0
2026-07-28 03:50:07.932707,1003,30.974,6.141,2.275,13.472,5.554,17.849,184.395,857.596,1493.551,68.969,213.893,223.573,219.073,50.968,0.925,0
2026-07-28 03:51:00.723939,1003,31.685,6.054,2.576,15.342,5.55,17.484,200.207,898.706,1293.022,51.412,215.611,236.243,218.108,52.387,0.97,0
2026-07-28 03:51:50.810305,1003,30.759,6.122,2.204,15.887,4.865,18.283,201.661,859.458,1312.081,51.585,213.178,227.015,218.441,53.132,1.25,0
2026-07-28 03:52:43.466943,1003,31.432,5.821,2.198,17.285,5.153,18.867,201.978,885.193,1585.463,55.152,216.477,231.477,218.819,52.346,0.953,0
2026-07-28 03:53:28.261840,1003,31.412,5.85,3.474,15.666,5.239,18.543,195.354,868.678,1295.583,54.845,218.024,224.893,218.632,53.379,0.881,0
2026-07-28 03:54:21.415047,1003,31.87,6.093,2.664,18.339,4.983,19.19,208.989,881.513,1334.439,57.68,214.42,229.687,220.052,52.146,1.101,0
2026-07-28 03:55:14.516036,1003,31.994,5.864,2.622,16.832,5.593,18.828,199.416,850.59,1372.708,55.552,216.445,228.947,221.847,53.01,0.846,0
2026-07-28 03:56:00.051266,1003,31.51,5.696,3.622,12.761,5.429,17.87,212.939,869.408,1378.737,61.09,213.324,227.499,220.738,50.887,1.077,0
2026-07-28 03:56:46.213542,1003,31.388,5.867,2.804,10.141,5.308,18.779,203.11,904.969,1297.413,57.902,215.48,236.022,220.827,52.147,1.064,0
2026-07-28 03:57:37.197890,1003,29.882,5.959,3.549,13.683,5.221,18.603,202.191,842.937,1445.479,53.478,215.426,229.301,220.263,51.073,1.201,0
2026-07-28 03:58:27.177465,1003,32.281,6.34,2.402,16.317,4.731,19.262,191.264,864.661,1363.65,56.535,218.69,225.942,218.513,52.268,1.046,0
2026-07-28 03:59:18.966706,1003,31.171,5.832,2.803,16.853,5.607,17.944,189.312,832.846,1359.548,56.4,214.553,234.111,222.689,51.776,0.974,0
2026-07-28 04:00:11.103246,1003,31.551,5.988,2.484,15.757,5.374,18.102,195.693,882.591,1292.732,62.34,215.555,219.893,219.618,51.862,0.997,0
2026-07-28 04:01:07.849326,1003,32.63,6.409,3.312,16.277,5.323,18.738,193.845,804.078,1338.9,61.172,214.779,221.376,220.931,51.85,1.235,0
2026-07-28 04:01:58.700116,1003,30.903,5.781,2.882,19.037,4.979,19.348,191.775,843.921,1432.85,60.536,214.554,231.196,217.314,52.735,1.007,0
2026-07-28 04:02:52.567643,1003,31.511,6.132,3.417,16.032,5.005,18.38,194.219,881.691,1433.13,54.486,214.834,228.452,219.893,52.135,0.976,0
2026-07-28 04:03:43.068606,1003,31.748,5.858,3.087,16.805,5.348,18.858,193.812,848.081,1313.526,58.855,214.774,225.205,219.794,52.132,0.993,0
2026-07-28 04:04:36.251876,1003,32.046,6.08,1.891,19.672,5.531,18.521,191.159,800.564,1284.209,52.705,214.24,229.147,219.679,52.012,1.052,0
2026-07-28 04:05:26.927746,1003,31.501,6.467,2.849,11.834,5.717,18.475,198.943,830.147,1424.675,60.282,215.321,231.979,218.318,52.503,0.959,0
2026-07-28 04:06:14.788216,1003,32.088,6.158,2.125,19.932,4.979,19.191,190.49,832.644,1375.612,62.65,213.925,223.062,220.238,51.846,0.886,0
2026-07-28 04:07:04.840325,1003,31.292,6.03,3.198,10.114,5.152,18.566,194.741,898.115,1424.532,48.777,214.521,227.132,221.464,51.226,0.926,0
2026-07-28 04:07:57.993772,1003,31.772,5.81,3.316,14.1,4.572,18.234,187.714,875.396,1267.642,57.189,217.306,227.662,222.52,52.672,0.903,0
2026-07-28 04:08:46.344340,1003,31.707,5.965,3.376,14.714,4.462,18.199,195.601,878.357,1348.176,57.185,214.861,228.786,221.979,51.692,0.983,0
2026-07-28 04:09:38.557522,1003,31.454,5.887,2.93,12.243,5.357,18.316,196.208,816.746,1424.743,61.372,216.064,230.206,221.518,52.196,0.932,0
2026-07-28 04:10:31.525533,1003,31.662,5.71,2.07,15.621,4.944,18.085,189.232,852.559,1289.47,55.087,214.909,219.234,222.051,52.534,0.98,0
2026-07-28 04:11:24.543890,1003,31.063,5.574,3.119,15.882,4.608,18.357,195.423,897.565,1510.418,55.028,215.922,229.752,222.191,51.251,0.983,0
2026-07-28 04:12:18.820240,1003,31.351,5.834,3.232,17.702,4.851,18.535,194.413,878.417,1488.569,58.251,214.79,219.484,218.892,51.428,1.029,0
2026-07-28 04:13:17.130991,1003,30.857,5.994,2.896,17.628,5.303,18.672,192.235,837.701,1332.673,60.133,211.897,227.345,220.302,50.998,0.894,0
2026-07-28 04:14:05.122181,1003,31.279,6.224,3.049,16.399,5.315,17.909,192.292,875.216,1333.279,58.446,214.963,223.068,218.468,51.756,1.187,0
2026-07-28 04:14:55.900953,1003,32.069,5.852,1.924,18.572,4.709,18.248,197.687,815.181,1377.3,61.284,213.798,228.326,220.646,52.741,1.137,0
2026-07-28 04:15:47.686908,1003,31.71,6.038,3.038,17.483,5.571,18.277,195.17,827.564,1364.448,60.477,214.64,230.296,219.705,51.983,1.059,0
2026-07-28 04:16:38.078886,1003,31.654,5.66,2.938,15.253,4.991,18.042,200.746,797.811,1453.241,55.412,215.826,227.74,219.814,52.989,1.081,0
2026-07-28 04:17:33.692188,1003,30.701,5.84,2.309,16.274,5.282,18.152,188.782,849.166,1275.129,57.685,217.18,224.757,219.672,52.228,0.875,0
2026-07-28 04:18:29.541259,1003,31.66,5.511,3.301,14.538,5.211,19.04,193.875,870.79,1276.031,59.895,213.31,221.973,217.005,51.601,0.936,0
2026-07-28 04:19:28.491718,1003,31.469,6.447,2.718,13.181,5.197,19.318,191.314,824.471,1373.034,54.262,214.713,227.345,217.709,51.523,0.948,0
2026-07-28 04:20:20.018299,1003,31.769,6.04,3.131,16.984,4.919,18.312,195.363,849.755,1392.07,54.736,215.02,225.79,221.027,53.108,0.844,0
2026-07-28 04:21:08.400802,1003,32.192,6.033,3.278,12.553,5.193,18.073,196.615,828.075,1346.95,51.464,215.059,228.913,219.191,52.547,0.958,0
2026-07-28 04:21:59.653871,1003,31.296,6.107,3.187,15.569,5.281,18.451,187.909,835.269,1426.118,62.55,215.067,225.691,221.227,51.874,1.25,0
2026-07-28 04:22:48.607393,1003,31.342,6.506,2.236,10.715,5.14,18.551,198.558,822.073,1466.225,66.7,215.676,233.389,219.807,52.095,1.012,0
2026-07-28 04:23:43.169262,1003,31.959,5.913,2.781,16.163,5.23,18.915,207.977,888.41,1413.507,54.753,214.475,227.696,218.097,51.689,1.168,0
2026-07-28 04:24:37.495320,1003,31.198,5.804,4.214,14.328,5.531,18.262,196.024,832.371,1381.554,60.016,214.762,231.362,218.319,50.232,1.161,0
2026-07-28 04:25:31.875620,1003,31.544,6.4,3.795,17.307,5.059,18.175,189.793,845.184,1331.593,62.845,215.473,225.404,219.194,52.061,0.896,1
2026-07-28 04:26:30.371030,1003,30.502,5.754,3.476,15.488,5.396,19.971,193.248,837.181,1356.377,52.698,214.161,230.587,218.887,51.129,1.004,0
2026-07-28 04:27:22.396258,1003,31.346,6.26,3.156,15.707,5.137,17.724,193.055,861.554,1233.868,59.066,214.291,230.12,219.894,51.747,0.956,0
2026-07-28 04:28:12.370909,1003,32.153,5.985,2.437,16.12,5.627,19.041,190.996,924.637,1248.887,63.181,214.92,224.641,220.303,51.118,1.103,0
2026-07-28 04:29:04.212469,1003,31.668,6.087,2.907,14.594,4.778,19.394,199.336,933.214,1456.991,56.505,214.291,221.211,220.408,51.87,1.052,0
2026-07-28 04:29:53.164905,1003,31.95,5.713,2.759,14.697,5.591,18.348,184.061,846.071,1499.057,57.286,213.827,232.827,220.274,51.303,1.183,0
2026-07-28 04:30:42.994108,1003,31.978,6.519,2.952,14.698,5.041,18.764,196.635,864.54,1233.872,63.43,213.686,225.736,221.061,52.048,1.023,0
2026-07-28 04:31:35.018329,1003,32.175,5.924,2.176,15.712,5.834,17.494,202.743,880.341,1396.453,55.854,214.948,224.786,221.203,52.486,1.091,0
2026-07-28 04:32:28.542036,1003,31.326,5.86,3.544,14.719,5.331,18.515,202.356,888.875,1220.411,55.225,216.644,226.239,218.885,52.219,0.929,0
2026-07-28 04:33:17.924861,1003,31.971,6.11,1.469,17.036,5.455,19.196,201.147,870.911,1490.077,56.864,215.471,223.524,217.762,50.969,0.839,0
2026-07-28 04:34:05.811096,1003,32.624,5.871,3.489,11.93,5.152,18.572,191.039,884.555,1348.582,65.295,213.857,230.146,219.186,50.835,1.074,0
2026-07-28 04:35:00.019827,1003,31.487,6.085,3.499,12.552,5.404,18.523,203.745,864.446,1564.139,61.006,216.858,227.462,220.1,51.102,1.016,0
2026-07-28 04:35:49.268575,1003,30.84,5.748,4.326,20.344,5.404,19.541,197.2,834.232,1295.887,59.924,214.398,227.72,219.369,52.718,1.061,0
2026-07-28 04:36:41.717442,1003,31.203,6.029,2.858,15.001,5.157,18.991,203.54,884.374,1306.672,59.88,216.905,232.281,220.76,53.532,1.156,0
2026-07-28 04:37:37.269181,1003,31.734,5.879,2.704,13.666,5.429,18.925,201.489,856.516,1383.965,52.987,214.911,227.919,218.401,51.529,1.037,0
2026-07-28 04:38:31.780544,1003,30.669,5.843,3.069,15.941,4.192,18.014,196.886,862.207,1426.815,60.049,215.319,234.117,221.896,51.283,1.091,0
2026-07-28 04:39:25.613777,1003,31.119,5.812,3.319,17.764,5.007,17.033,193.532,813.218,1418.955,55.921,214.561,227.417,220.941,52.971,1.112,0
2026-07-28 04:40:20.994326,1003,31.335,6.177,2.949,17.474,5.206,18.724,209.185,830.212,1432.79,56.912,214.642,221.175,219.538,51.707,0.984,0
2026-07-28 04:41:13.722477,1003,31.555,5.93,2.326,14.279,5.351,18.503,184.321,841.373,1330.789,56.696,216.659,223.776,219.084,51.945,0.934,0
2026-07-28 04:42:02.254691,1003,32.398,5.963,3.318,14.821,5.492,18.958,193.959,867.819,1433.769,61.705,214.785,224.445,219.818,52.114,1.218,0
2026-07-28 04:43:01.916650,1003,31.844,6.085,3.0,15.232,5.124,18.575,186.568,904.604,1539.002,65.443,216.131,227.974,221.377,51.521,1.042,0
2026-07-28 04:43:55.286238,1003,30.943,6.228,2.425,16.716,5.083,18.527,195.702,875.121,1418.103,53.928,215.057,233.893,219.521,51.457,1.032,0
2026-07-28 04:44:48.755613,1003,33.434,5.815,2.074,16.105,5.461,18.518,197.14,847.231,1280.471,62.271,214.861,228.292,219.302,51.946,0.892,0
2026-07-28 04:45:41.289391,1003,31.492,6.044,4.407,13.891,5.545,17.834,191.142,823.868,1386.291,57.162,215.749,226.54,219.994,51.712,1.027,0
2026-07-28 04:46:27.966270,1003,30.66,5.818,3.474,14.828,5.422,17.393,191.594,888.697,1183.594,61.119,214.858,226.227,218.494,50.754,1.035,0
2026-07-28 04:47:17.232688,1003,30.981,5.958,3.319,15.39,5.154,17.969,187.076,861.764,1409.701,59.197,214.055,229.791,221.291,51.371,0.897,0
2026-07-28 04:48:14.335110,1003,30.984,6.213,2.934,19.409,5.965,17.838,197.711,759.703,1208.268,55.359,214.09,229.245,220.746,51.903,1.081,0
2026-07-28 04:49:00.315300,1003,30.826,5.531,3.393,15.592,5.224,18.473,192.202,882.741,1411.054,55.296,215.695,230.85,221.087,51.612,0.972,0
2026-07-28 04:49:51.936479,1003,31.756,5.815,2.4,23.61,5.265,17.52,197.534,863.351,1346.572,57.051,212.349,224.545,221.663,52.348,0.757,0
2026-07-28 04:50:44.766748,1003,30.167,5.954,3.114,15.381,5.69,18.214,191.857,790.176,1435.408,59.461,215.451,236.953,219.051,51.455,0.942,0
2026-07-28 04:51:35.661880,1003,31.991,6.076,3.139,12.129,5.658,19.658,196.483,870.549,1354.124,60.043,213.275,226.053,220.019,53.269,1.107,0
2026-07-28 04:52:33.963553,1003,31.907,6.244,2.414,16.808,5.412,18.455,199.437,854.958,1470.131,70.436,215.21,224.832,219.886,52.037,0.901,0
2026-07-28 04:53:21.155262,1003,31.272,5.661,2.94,18.409,4.929,18.529,197.871,814.338,1398.662,60.259,216.606,232.518,221.901,52.052,1.266,1
2026-07-28 04:54:10.876519,1003,31.958,6.283,2.765,17.093,5.234,18.509,196.264,911.624,1443.638,52.524,213.939,231.291,219.503,51.64,1.053,0
2026-07-28 04:55:03.872218,1003,30.954,6.104,2.565,16.452,5.355,18.627,194.38,865.215,1317.352,63.262,215.629,224.796,217.852,51.814,1.246,0
2026-07-28 04:55:57.101306,1003,31.079,5.952,2.693,15.127,5.786,18.184,197.863,838.436,1312.877,60.486,216.349,230.347,219.448,50.677,0.879,0
2026-07-28 04:56:49.406340,1003,31.775,5.706,2.027,15.344,6.085,18.401,191.384,829.757,1231.525,57.302,214.309,225.711,221.063,52.0,0.867,0
2026-07-28 04:57:42.242057,1003,31.395,5.886,3.606,10.647,5.02,18.175,193.827,846.909,1253.307,53.332,214.224,229.259,220.64,53.378,0.974,0
2026-07-28 04:58:32.243108,1003,31.187,6.205,3.891,17.976,5.456,17.604,197.08,847.855,1358.24,56.817,215.45,228.486,219.888,52.628,0.86,0
2026-07-28 04:59:23.174346,1003,31.443,6.005,2.472,15.128,4.956,19.204,204.223,869.164,1355.569,62.907,216.5,238.192,219.544,50.858,0.95,0
2026-07-28 05:00:11.890636,1003,32.159,5.964,3.633,18.637,5.163,17.971,191.328,845.505,1384.173,60.085,217.739,233.339,220.409,52.203,1.175,0
2026-07-28 05:01:05.126420,1003,32.14,5.806,2.982,14.775,4.94,19.46,189.689,840.45,1291.432,63.691,214.111,231.98,220.679,52.312,0.966,0
2026-07-28 05:01:51.806207,1003,31.713,6.147,2.994,15.877,5.701,18.041,196.711,857.027,1364.467,63.468,215.777,230.715,220.26,53.063,0.825,0
2026-07-28 05:02:39.535910,1003,31.322,5.97,2.262,18.873,5.271,17.685,202.243,839.773,1464.461,58.855,214.424,222.236,219.581,51.448,1.033,0
2026-07-28 05:03:34.266604,1003,31.761,5.953,2.682,19.073,5.288,19.662,199.871,849.068,1386.874,44.763,213.645,228.277,219.963,53.6,1.145,0
2026-07-28 05:04:24.414847,1003,31.069,5.981,3.304,17.935,5.215,17.612,195.131,892.494,1353.407,54.198,214.719,225.657,219.344,52.079,0.794,0
2026-07-28 05:05:23.932444,1003,32.084,5.871,2.444,11.696,5.313,17.141,202.354,838.394,1374.318,51.513,214.723,227.285,221.241,51.42,0.851,0
2026-07-28 05:06:14.477862,1003,31.975,5.837,2.577,13.063,5.323,17.632,184.139,847.337,1455.739,63.941,215.104,227.861,219.842,50.858,1.006,0
2026-07-28 05:07:05.040717,1003,32.466,5.696,2.71,17.613,4.994,18.417,201.069,828.856,1364.796,60.147,215.502,220.298,218.878,51.917,0.868,0
2026-07-28 05:08:01.145039,1003,31.099,5.876,1.058,14.394,4.694,17.697,193.115,883.05,1305.858,57.076,215.279,226.308,222.711,52.145,0.982,0
2026-07-28 05:08:56.194425,1003,31.037,5.64,3.187,16.17,4.802,18.162,198.78,802.003,1306.703,55.794,216.458,228.034,219.126,51.2,1.158,0
2026-07-28 05:09:47.580630,1003,31.776,6.097,3.363,16.477,4.717,17.28,201.048,826.915,1303.749,62.533,217.254,231.387,218.928,52.437,0.958,0
2026-07-28 05:10:39.290076,1003,31.363,5.866,3.208,16.589,5.258,19.152,196.162,871.7,1301.619,54.204,215.019,224.209,218.556,52.368,1.05,0
2026-07-28 05:11:34.422753,1003,32.0,5.922,3.537,13.572,4.955,18.752,195.421,846.639,1417.124,52.557,214.409,224.181,219.175,52.006,1.058,0
2026-07-28 05:12:27.050337,1003,32.159,5.993,2.747,18.353,5.494,17.74,192.651,876.601,1494.549,52.195,214.761,223.902,220.895,51.399,0.913,0
2026-07-28 05:13:18.005620,1003,32.351,5.84,4.032,14.794,5.272,17.111,205.149,845.399,1315.27,58.427,214.723,226.164,218.103,52.014,0.884,0
2026-07-28 05:14:09.429041,1003,31.529,5.765,2.518,17.357,4.649,17.958,197.067,831.508,1273.316,54.549,214.29,222.764,220.193,53.289,1.109,0
2026-07-28 05:15:07.581597,1003,31.94,6.044,2.872,15.523,5.077,18.89,196.334,847.453,1242.023,62.159,213.201,233.073,219.301,51.353,1.005,0
2026-07-28 05:15:58.607096,1003,31.242,6.378,2.816,20.418,4.563,19.146,204.057,813.541,1496.747,57.898,213.383,230.759,219.026,50.77,1.023,0
2026-07-28 05:16:49.623173,1003,31.609,6.182,3.106,19.332,4.857,18.359,191.985,827.053,1432.15,52.053,215.821,238.903,217.913,51.74,0.996,0
2026-07-28 05:17:41.494758,1003,31.473,6.256,2.863,20.903,5.053,18.199,193.501,877.464,1292.114,56.882,215.9,225.268,219.947,51.433,0.986,0
2026-07-28 05:18:33.682916,1003,31.447,5.74,2.941,19.801,4.916,18.153,200.625,843.496,1361.925,53.775,215.39,231.114,217.944,50.702,1.021,0
2026-07-28 05:19:23.370328,1003,32.412,5.962,2.613,15.691,5.765,18.683,205.646,850.123,1469.253,57.326,214.71,222.403,219.663,52.285,0.877,0
2026-07-28 05:20:20.352051,1003,30.829,5.96,2.75,14.772,5.425,19.029,195.267,854.614,1344.586,62.417,214.394,233.672,220.41,51.077,1.043,0
2026-07-28 05:21:11.211661,1003,31.498,6.286,1.726,13.389,5.102,18.414,197.32,805.516,1423.324,57.177,213.353,226.599,217.289,51.004,0.89,0
2026-07-28 05:22:04.781264,1003,31.527,6.183,3.457,16.612,5.628,18.276,185.469,805.797,1336.73,55.01,214.218,227.146,220.833,52.574,1.256,0
2026-07-28 05:23:01.915727,1003,31.822,5.967,2.417,16.056,4.908,18.968,202.693,862.066,1324.887,59.668,214.122,232.857,217.627,52.981,1.067,0
2026-07-28 05:23:52.888432,1003,30.951,5.542,2.72,15.901,5.1,19.397,188.501,839.098,1124.85,56.004,213.303,232.601,222.179,53.811,1.031,0
2026-07-28 05:24:46.158292,1003,31.351,5.768,2.396,14.093,5.456,18.328,191.763,844.616,1315.611,60.037,215.261,223.384,219.767,50.91,0.883,0
2026-07-28 05:25:34.356376,1003,31.202,6.127,3.325,16.83,4.865,18.551,196.13,868.843,1304.429,59.164,214.113,227.055,218.964,52.275,1.121,0
2026-07-28 05:26:23.965644,1003,30.374,5.936,2.69,15.122,5.406,18.049,191.106,823.895,1394.235,53.357,215.049,233.485,220.246,51.019,0.948,0
2026-07-28 05:27:16.442079,1003,32.081,5.978,1.607,14.89,5.288,18.548,183.363,834.564,1371.228,52.265,213.225,225.955,218.919,52.05,1.067,0
2026-07-28 05:28:07.242508,1003,30.765,6.123,3.16,16.377,5.376,17.944,187.586,840.774,1366.811,56.22,215.705,228.785,217.085,51.89,0.926,0
2026-07-28 05:29:01.644479,1003,30.698,6.226,2.574,15.821,5.739,19.353,195.591,860.761,1430.964,59.495,215.515,229.76,221.366,50.501,0.789,0
2026-07-28 05:29:52.094805,1003,31.974,5.844,2.987,12.72,5.337,19.032,203.978,840.576,1151.318,65.034,214.384,233.418,219.583,52.37,1.17,0
2026-07-28 05:30:43.337930,1003,31.333,6.118,3.474,14.188,5.238,19.542,203.495,832.648,1345.792,53.004,216.648,230.305,220.091,51.999,1.064,0
2026-07-28 05:31:33.449934,1003,31.35,6.322,2.437,17.225,4.751,18.164,197.292,900.113,1250.568,53.513,214.903,226.477,219.802,52.423,0.957,0
2026-07-28 05:32:28.976381,1003,31.359,6.286,2.971,15.89,5.263,19.742,195.94,852.158,1243.617,61.827,215.163,219.254,219.003,51.118,1.216,0
2026-07-28 05:33:20.421035,1003,32.037,5.894,2.56,11.532,5.056,18.647,199.786,869.988,1325.301,58.52,213.126,230.455,218.66,53.48,0.998,0
2026-07-28 05:34:10.465122,1003,31.224,6.059,3.562,17.607,5.163,18.42,202.954,798.53,1351.84,56.948,214.061,228.224,220.875,52.185,1.133,0
2026-07-28 05:34:59.808831,1003,31.798,6.15,3.045,15.886,5.058,19.255,195.702,813.644,1392.7,60.52,214.219,234.959,220.615,52.234,0.82,0
2026-07-28 05:35:48.470359,1003,30.929,6.004,2.987,13.558,5.347,17.888,195.909,867.985,1387.06,62.908,215.938,229.918,219.948,52.967,0.964,0
2026-07-28 05:36:42.675576,1003,31.665,5.95,2.293,14.461,4.903,18.52,196.221,844.013,1279.748,62.052,216.156,225.12,221.226,51.99,0.968,0
2026-07-28 05:37:34.474576,1003,31.951,5.654,3.428,16.38,5.264,18.406,201.058,839.797,1333.253,54.742,214.316,222.265,219.911,51.374,0.891,0
2026-07-28 05:38:35.703580,1003,32.203,5.827,3.5,10.92,4.888,18.751,186.789,823.437,1472.151,59.536,215.204,226.776,221.341,52.763,0.903,0
2026-07-28 05:39:26.050040,1003,30.725,5.861,2.563,16.967,4.66,18.234,195.098,879.254,1487.182,62.441,216.028,229.024,221.771,51.894,1.016,0
2026-07-28 05:40:13.255341,1003,31.352,5.748,3.088,18.269,5.097,18.176,197.404,869.978,1323.914,56.476,214.592,227.94,221.299,52.676,0.981,0
2026-07-28 05:41:04.635252,1003,32.299,6.022,3.335,18.048,5.339,18.272,183.64,849.109,1357.892,59.262,213.245,222.199,220.493,51.918,0.978,0
2026-07-28 05:42:03.737119,1003,31.961,6.173,4.264,18.655,4.967,18.326,200.503,858.129,1273.816,55.23,215.853,215.795,218.788,53.52,0.944,0
2026-07-28 05:42:56.872343,1003,31.4,5.916,3.223,14.206,5.241,18.547,201.457,842.156,1437.319,53.692,215.51,223.481,220.532,51.961,1.112,0
2026-07-28 05:43:48.656193,1003,31.502,5.559,3.0,18.378,5.091,19.273,183.323,831.168,1546.861,59.438,215.349,217.255,219.431,51.553,0.863,0
2026-07-28 05:44:39.032298,1003,31.649,5.976,2.911,16.626,4.889,17.206,192.52,835.955,1304.511,61.579,216.152,223.377,220.864,52.227,1.006,0
2026-07-28 05:45:30.048674,1003,31.314,6.055,2.945,14.079,5.367,18.96,192.72,873.168,1449.979,60.911,216.25,228.514,221.938,51.66,0.95,0
2026-07-28 05:46:25.811491,1003,31.774,6.041,3.437,17.074,5.005,18.217,189.667,839.557,1412.612,52.091,215.745,233.574,219.892,51.382,0.942,0
2026-07-28 05:47:15.220852,1003,31.745,5.856,2.497,17.004,5.312,18.393,190.494,852.665,1335.737,63.228,213.595,217.22,218.656,52.932,0.76,0
2026-07-28 05:48:07.329260,1003,30.943,5.759,3.532,19.543,4.762,17.848,191.866,838.544,1290.833,60.161,213.185,223.194,220.842,51.096,0.996,0
2026-07-28 05:48:59.800667,1003,31.255,6.177,2.121,18.753,5.241,18.528,198.66,878.251,1560.663,62.461,215.421,229.16,219.99,52.71,0.932,0
2026-07-28 05:49:51.844443,1003,31.273,6.07,3.38,14.412,5.387,18.265,202.485,832.146,1415.122,53.829,215.078,225.608,221.844,53.11,1.03,0
2026-07-28 05:50:42.890895,1003,31.372,5.864,3.539,16.784,5.306,18.365,198.311,895.286,1431.482,61.275,215.168,228.183,220.065,51.75,1.338,0
2026-07-28 05:51:30.375171,1003,31.635,5.7,3.46,16.759,5.468,18.85,189.517,834.37,1332.017,60.434,217.029,229.084,219.916,52.177,1.019,0
2026-07-28 05:52:23.058721,1003,31.59,6.045,3.154,16.578,5.394,18.881,199.746,834.404,1355.185,52.44,216.101,225.77,220.115,51.404,1.051,0
2026-07-28 05:53:14.211831,1003,31.14,5.82,3.225,15.299,5.29,19.352,198.624,909.099,1246.573,59.612,214.779,232.56,220.37,52.788,0.914,0
2026-07-28 05:54:10.063815,1003,32.17,6.077,2.772,20.036,5.454,18.145,177.401,820.07,1414.675,53.434,214.117,237.702,217.622,51.084,1.019,0
2026-07-28 05:55:01.539160,1003,31.503,6.032,2.359,14.567,5.088,18.909,202.439,849.916,1318.165,57.833,215.774,223.018,219.026,52.684,0.988,0
2026-07-28 05:55:53.381558,1003,32.232,6.415,3.142,19.833,5.356,18.88,195.801,880.338,1262.746,67.506,215.555,231.393,221.328,51.99,0.909,0
2026-07-28 05:56:45.877076,1003,32.22,5.984,3.039,12.723,5.207,18.553,196.024,806.24,1277.331,58.988,214.742,236.353,219.218,51.391,0.9,0
2026-07-28 05:57:39.361156,1003,30.97,6.4,3.527,15.123,5.755,19.511,184.543,858.488,1554.902,57.295,211.717,233.578,219.965,51.496,1.052,0
2026-07-28 05:58:25.750786,1003,31.255,6.016,2.919,17.759,5.282,18.117,204.684,806.368,1324.714,51.539,213.85,224.606,219.725,52.327,0.926,0
2026-07-28 05:59:18.727698,1003,31.291,5.867,3.091,13.578,4.814,18.591,197.022,852.062,1381.297,58.992,216.017,226.122,219.176,51.15,0.896,0
2026-07-28 06:00:05.439062,1003,31.657,5.789,3.164,14.31,5.276,18.683,199.651,910.042,1248.428,57.138,213.449,220.223,219.807,52.368,1.145,0
2026-07-28 06:00:56.289275,1003,31.863,5.825,3.326,17.23,4.915,17.781,187.057,782.817,1333.928,49.333,215.695,225.106,218.774,52.103,1.168,0
2026-07-28 06:01:50.291557,1003,31.573,6.086,3.541,12.025,5.419,19.259,198.071,848.809,1233.506,53.195,215.532,225.233,218.223,51.706,0.898,1
2026-07-28 06:02:48.748301,1003,31.225,6.026,2.456,18.541,5.424,18.436,198.19,837.811,1381.606,61.517,213.811,229.422,220.247,52.324,1.116,0
2026-07-28 06:03:37.651468,1003,32.326,5.632,3.4,19.401,5.017,18.762,194.067,821.788,1272.606,63.202,216.08,222.728,221.934,51.423,0.82,0
2026-07-28 06:04:27.060047,1003,31.281,6.204,2.897,19.499,4.889,19.448,187.241,806.631,1417.842,58.089,214.905,227.803,220.897,51.788,0.895,0
2026-07-28 06:05:13.806213,1003,31.871,6.295,3.366,16.749,5.24,18.629,194.631,882.871,1197.875,62.026,214.822,228.375,220.922,51.711,0.866,0
2026-07-28 06:06:03.548922,1003,31.481,5.63,3.843,15.016,4.929,18.524,189.27,856.735,1296.274,57.922,213.621,225.543,221.265,51.093,0.945,0
2026-07-28 06:07:02.698438,1003,31.467,6.202,1.798,15.166,4.948,18.54,190.811,797.093,1450.022,54.606,216.557,231.021,220.247,51.748,1.0,0
2026-07-28 06:07:49.741412,1003,31.837,6.337,3.692,16.661,5.048,17.897,201.96,823.696,1480.312,67.027,213.569,225.601,220.028,50.884,0.862,0
2026-07-28 06:08:32.038510,1003,32.272,5.641,2.933,16.298,5.387,18.272,195.52,835.084,1350.508,51.852,213.556,228.867,218.969,51.591,0.952,0
2026-07-28 06:09:26.790192,1003,31.652,5.907,2.512,15.125,4.755,18.409,194.515,805.432,1316.992,59.561,215.17,222.044,220.946,50.771,0.896,0
2026-07-28 06:10:21.470403,1003,31.256,5.83,2.751,19.643,4.974,18.559,187.947,853.543,1359.902,55.05,213.824,224.23,220.333,51.266,1.026,0
2026-07-28 06:11:13.623302,1003,32.24,6.195,2.412,15.434,5.92,19.327,194.725,858.397,1524.42,56.908,217.482,231.533,219.174,51.336,1.013,0
2026-07-28 06:12:06.024857,1003,31.747,5.917,3.289,19.306,5.786,19.057,194.099,857.985,1327.182,64.457,213.814,220.482,219.622,52.273,1.153,0
2026-07-28 06:13:00.478765,1003,31.585,5.909,2.41,16.23,5.563,18.147,189.11,909.601,1350.294,57.972,215.952,230.661,218.648,51.31,0.807,0
2026-07-28 06:13:54.996425,1003,32.014,6.084,3.686,16.087,5.213,18.486,201.51,823.717,1260.504,56.424,216.972,226.125,220.63,51.106,1.124,0
2026-07-28 06:14:43.809091,1003,31.661,6.312,3.394,17.192,5.426,19.34,201.223,837.284,1292.397,55.49,215.859,218.966,221.854,51.713,1.125,0
2026-07-28 06:15:31.908952,1003,32.728,5.988,3.129,17.162,5.085,17.466,190.353,835.715,1387.452,60.144,214.094,225.632,218.644,53.311,0.94,0
2026-07-28 06:16:20.772432,1003,31.501,5.906,1.839,15.668,4.389,18.364,197.375,875.784,1425.915,53.807,215.412,230.584,221.254,50.819,0.959,0
2026-07-28 06:17:10.368199,1003,32.075,5.943,2.246,17.299,5.029,17.716,183.884,872.61,1375.703,58.18,216.626,237.189,221.451,52.471,1.036,0
2026-07-28 06:18:04.628928,1003,31.721,6.132,2.954,17.581,5.058,19.966,196.909,818.209,1420.608,57.218,213.201,235.336,218.604,52.23,1.11,0
2026-07-28 06:18:59.920993,1003,31.719,5.734,2.985,19.802,5.208,18.963,199.688,892.91,1264.957,54.496,216.317,223.592,217.519,53.446,0.774,0
2026-07-28 06:19:50.852097,1003,31.319,5.997,3.536,16.164,5.345,18.202,188.263,824.668,1256.533,51.768,215.589,230.856,220.075,52.19,0.949,0
2026-07-28 06:20:43.733304,1003,31.321,5.812,1.34,14.204,5.695,18.479,195.09,875.763,1417.525,57.926,217.268,225.619,219.792,52.015,1.048,0
2026-07-28 06:21:35.443691,1003,31.748,5.759,2.567,14.441,5.21,18.007,195.766,874.014,1309.526,56.219,215.514,224.932,219.736,52.012,1.007,0
2026-07-28 06:22:24.838655,1003,31.066,5.611,3.477,21.446,4.899,19.695,212.335,862.542,1250.166,58.722,215.183,231.725,221.352,51.96,1.002,0
2026-07-28 06:23:14.092254,1003,31.212,5.897,2.808,11.677,5.141,17.124,210.485,841.448,1367.241,48.676,215.821,228.454,219.578,52.477,0.82,0
2026-07-28 06:24:06.297002,1003,31.508,6.216,2.734,13.263,5.393,18.696,196.932,841.983,1357.297,55.854,213.512,228.47,222.903,51.611,0.945,0
2026-07-28 06:25:00.658248,1003,32.12,5.603,2.081,16.06,5.166,18.457,191.018,864.957,1333.863,61.364,214.021,220.455,218.157,54.112,0.957,0
2026-07-28 06:25:53.933978,1003,31.54,6.109,3.603,14.585,4.959,17.883,196.467,866.264,1484.896,50.855,215.083,223.442,218.959,52.588,0.902,0
2026-07-28 06:26:45.307054,1003,31.532,5.87,2.724,17.883,5.357,18.349,201.758,871.577,1509.346,65.655,214.372,223.717,218.953,51.853,1.122,0
2026-07-28 06:27:41.655528,1003,30.971,5.787,3.623,17.682,4.857,17.528,184.956,871.588,1431.581,59.305,214.266,229.653,219.775,51.812,0.959,0
2026-07-28 06:28:38.531848,1003,32.348,6.069,3.835,14.77,4.936,19.442,182.451,860.931,1386.507,57.183,217.445,230.574,221.704,51.975,0.906,0
2026-07-28 06:29:25.820963,1003,32.054,6.262,3.751,19.459,5.325,18.515,188.124,891.987,1467.308,58.23,217.153,234.789,218.66,51.955,1.215,0
2026-07-28 06:30:14.119000,1003,32.11,6.3,2.982,13.462,4.964,19.049,199.574,833.594,1363.412,54.195,211.95,223.547,218.916,52.437,1.049,0
2026-07-28 06:31:01.595962,1003,30.774,6.057,2.724,14.304,5.094,18.209,199.924,852.231,1333.531,63.736,215.048,234.889,219.238,52.196,1.018,0
2026-07-28 06:31:56.409430,1003,31.676,5.986,2.685,19.617,5.205,19.307,197.654,834.811,1300.393,58.525,213.57,226.407,219.892,53.013,0.985,0
2026-07-28 06:32:47.532302,1003,31.031,6.078,4.122,12.998,5.187,18.521,201.665,921.865,1283.51,58.052,216.381,227.832,220.194,51.318,0.926,0
2026-07-28 06:33:39.714703,1003,31.886,6.495,2.879,16.798,4.91,19.144,193.91,873.165,1428.882,61.986,215.267,227.009,219.532,51.966,0.908,0
2026-07-28 06:34:33.596359,1003,31.661,5.941,3.6,19.607,5.299,18.84,193.374,880.388,1222.342,59.401,216.758,228.564,218.453,51.31,0.871,0
2026-07-28 06:35:25.560440,1003,31.759,6.227,3.275,10.022,4.925,18.48,197.311,863.944,1299.485,54.919,213.966,230.428,219.883,51.66,0.963,0
2026-07-28 06:36:15.553521,1003,31.142,5.882,2.765,15.223,5.695,19.1,205.268,849.363,1319.935,57.632,213.86,231.858,221.72,51.632,0.833,0
2026-07-28 06:37:04.128108,1003,30.98,5.834,2.856,18.179,5.08,21.011,197.467,928.452,1230.372,60.157,214.737,226.474,221.099,52.541,1.099,0
2026-07-28 06:37:55.392258,1003,31.18,6.354,3.675,15.379,5.382,17.821,194.426,886.249,1316.731,58.019,214.283,227.873,219.452,51.547,0.926,0
2026-07-28 06:38:49.890366,1003,31.654,6.001,3.018,16.136,5.42,18.427,197.417,841.698,1357.969,52.115,214.889,223.673,220.086,52.974,1.094,0
2026-07-28 06:39:36.617113,1003,31.379,6.045,2.741,16.432,5.094,17.724,203.537,843.111,1437.318,63.651,216.424,230.347,220.599,53.013,0.908,0
2026-07-28 06:40:27.094489,1003,31.627,6.109,2.54,16.719,4.91,18.749,192.841,857.438,1306.988,58.444,215.561,228.617,221.062,52.498,1.042,0
2026-07-28 06:41:13.060606,1003,30.988,5.821,3.182,14.146,5.419,18.635,192.312,835.316,1358.559,56.109,214.644,224.236,221.841,51.198,0.845,0
2026-07-28 06:42:07.935716,1003,31.497,5.912,2.706,17.762,4.773,19.666,192.156,840.919,1222.99,60.501,215.065,222.278,220.322,53.003,0.93,0
2026-07-28 06:42:54.740085,1003,32.198,5.872,3.339,16.587,4.819,18.346,199.892,806.928,1246.598,55.691,213.101,228.175,218.593,51.697,0.943,0
2026-07-28 06:43:41.725688,1003,31.666,6.066,4.45,13.364,5.382,19.071,190.324,781.533,1188.194,51.331,212.656,232.987,218.163,51.765,1.027,0
2026-07-28 06:44:36.327693,1003,31.697,6.073,3.295,14.929,5.14,17.252,198.844,908.331,1433.205,57.744,216.453,234.162,220.723,52.36,0.862,0
2026-07-28 06:45:26.314350,1003,31.701,5.88,4.028,12.75,4.988,18.591,186.173,836.317,1322.132,60.572,214.086,222.067,218.263,51.397,1.159,0
2026-07-28 06:46:12.644508,1003,31.244,6.406,2.593,16.492,5.05,17.978,193.442,842.184,1368.781,56.622,216.721,231.425,220.979,52.872,0.997,0
2026-07-28 06:47:06.294483,1003,32.316,5.995,3.39,17.128,4.961,18.855,194.65,853.002,1394.497,56.784,214.632,230.849,219.284,52.557,0.993,0
2026-07-28 06:47:58.645139,1003,31.679,6.021,3.716,16.488,5.854,19.191,205.727,871.184,1418.72,56.973,215.161,233.316,218.542,54.079,0.84,0
2026-07-28 06:48:56.695335,1003,31.589,6.269,3.786,17.265,5.506,18.14,200.822,873.501,1520.455,57.32,215.997,229.497,220.616,52.209,1.033,0
2026-07-28 06:49:44.871818,1003,31.843,5.825,3.729,16.307,4.953,18.824,192.864,880.844,1346.487,58.368,216.137,226.096,218.772,51.907,1.12,0
2026-07-28 06:50:33.777316,1003,31.97,5.896,3.009,17.753,5.106,18.286,191.888,867.672,1289.519,61.101,214.383,230.801,220.567,53.403,0.897,0
2026-07-28 06:51:23.452083,1003,30.877,6.057,3.507,15.706,5.379,18.528,190.955,843.229,1409.359,60.842,215.085,216.677,220.219,50.694,0.933,0
2026-07-28 06:52:18.507578,1003,31.528,5.705,2.42,17.614,4.907,18.747,188.267,887.674,1550.846,66.285,214.978,223.335,217.718,52.16,0.971,0
2026-07-28 06:53:04.325698,1003,32.618,5.953,3.916,13.042,5.032,17.898,204.694,845.822,1304.17,65.072,215.454,223.848,221.699,51.905,0.964,0
2026-07-28 06:53:55.172661,1003,32.328,6.41,2.457,12.786,5.111,17.901,190.464,880.917,1282.427,54.131,215.232,224.675,221.552,52.862,0.895,0
2026-07-28 06:54:47.914641,1003,31.447,6.366,3.715,16.199,4.936,19.02,205.325,806.345,1132.828,56.786,214.124,221.116,221.142,54.175,1.044,0
2026-07-28 06:55:43.542231,1003,31.864,6.179,3.595,17.574,5.529,18.094,195.596,888.74,1174.296,60.776,215.179,225.13,221.167,51.528,1.129,0
2026-07-28 06:56:32.760676,1003,31.337,6.237,3.591,15.363,4.986,19.268,194.505,825.145,1470.647,50.218,213.244,225.175,219.126,52.809,0.992,0
2026-07-28 06:57:25.560889,1003,31.677,6.099,4.177,17.468,5.165,17.435,195.586,808.949,1335.251,59.063,215.004,226.393,221.391,52.975,0.9,0
2026-07-28 06:58:15.490654,1003,31.271,5.914,3.6,16.713,5.235,19.061,202.26,813.327,1253.29,54.145,215.142,228.692,220.91,52.92,0.877,0
2026-07-28 06:59:03.536438,1003,31.262,6.329,2.244,11.288,5.676,18.505,189.874,856.883,1350.258,57.516,213.823,222.245,217.489,52.171,1.266,0
2026-07-28 06:59:55.073290,1003,31.204,5.81,3.336,21.344,5.174,18.444,198.049,917.292,1571.11,57.79,214.662,225.598,218.841,52.501,0.951,0
2026-07-28 07:00:46.083071,1003,32.341,6.194,1.923,13.105,5.841,18.588,194.767,845.314,1350.356,50.305,214.384,227.116,219.09,51.334,1.055,0
2026-07-28 07:01:39.540675,1003,31.26,5.898,2.948,13.827,5.091,17.632,197.42,847.743,1512.749,67.895,214.407,219.714,221.773,53.242,0.817,0
2026-07-28 07:02:37.576324,1003,32.071,5.91,2.759,18.644,5.134,19.173,193.773,873.284,1270.361,55.468,215.909,227.191,218.841,51.245,0.917,0
2026-07-28 07:03:30.827779,1003,31.284,6.108,3.364,16.045,5.481,18.242,192.834,834.302,1474.125,63.778,215.555,228.503,219.296,51.321,1.118,0
2026-07-28 07:04:22.697904,1003,31.227,6.407,2.531,14.234,5.776,17.999,198.151,846.661,1302.309,50.871,216.154,230.684,218.459,51.802,0.903,0
2026-07-28 07:05:16.288262,1003,31.695,6.286,2.548,14.92,5.121,19.799,186.717,840.892,1284.582,54.982,217.494,221.956,219.427,51.601,0.909,0
2026-07-28 07:06:05.850893,1003,30.851,6.068,3.286,13.975,5.571,18.291,203.364,908.051,1270.137,61.021,216.317,226.863,221.241,52.304,1.039,0
2026-07-28 07:07:00.181393,1003,31.832,6.013,3.67,14.159,5.454,17.982,195.648,853.193,1322.465,56.653,213.157,232.707,218.292,51.779,0.927,0
2026-07-28 07:07:49.987522,1003,31.432,6.156,3.001,17.815,4.972,18.988,191.703,872.711,1432.951,61.024,214.213,220.209,220.566,51.392,1.06,0
2026-07-28 07:08:42.859074,1003,31.225,6.273,4.324,14.854,5.195,18.658,197.212,830.346,1309.056,60.328,216.61,227.472,218.948,51.216,0.927,0
2026-07-28 07:09:34.018578,1003,31.117,5.648,2.804,13.543,5.188,19.106,190.833,817.97,1440.921,54.178,214.526,221.105,222.26,52.832,0.989,0
2026-07-28 07:10:25.036038,1003,32.486,5.975,3.387,14.252,4.891,18.55,195.473,870.253,1289.024,62.802,214.446,225.696,220.138,52.37,1.071,0
2026-07-28 07:11:21.855139,1003,31.483,5.79,3.195,15.643,5.249,19.073,195.51,858.332,1343.025,60.073,215.401,224.119,219.899,51.089,0.949,0
2026-07-28 07:12:10.912680,1003,31.462,5.956,2.805,14.277,5.224,19.731,202.549,880.872,1304.886,51.577,214.658,229.072,219.303,52.447,0.862,0
2026-07-28 07:13:04.265626,1003,31.936,5.748,3.747,15.292,5.312,18.045,196.673,825.284,1504.014,58.084,217.051,226.26,220.258,51.776,0.952,0
2026-07-28 07:13:54.768561,1003,31.079,5.639,2.493,16.801,5.221,18.225,188.282,848.319,1393.99,60.385,214.806,222.138,218.235,50.895,0.89,0
2026-07-28 07:14:49.419173,1003,32.067,5.736,1.817,14.894,5.0,17.538,198.487,813.639,1374.158,57.223,217.894,233.898,220.117,51.132,0.945,0
2026-07-28 07:15:37.148762,1003,31.482,5.889,2.928,14.023,5.934,18.728,199.326,836.661,1326.296,57.846,214.328,228.248,219.296,52.711,1.001,0
2026-07-28 07:16:27.948820,1003,30.808,6.117,2.854,14.397,5.265,18.575,185.326,809.084,1300.455,59.684,214.211,231.645,219.244,52.946,1.0,0
2026-07-28 07:17:16.919967,1003,31.235,5.837,3.606,19.202,5.59,19.258,187.871,842.753,1264.44,50.776,213.998,222.9,222.472,52.493,1.099,0
2026-07-28 07:18:13.676376,1003,30.952,5.827,2.288,21.002,5.331,18.483,207.059,888.927,1462.369,56.798,214.056,225.849,221.685,51.487,0.914,0
2026-07-28 07:19:09.547036,1003,31.541,6.079,3.299,16.106,5.652,18.449,193.01,826.113,1212.766,56.068,215.868,231.696,221.752,52.36,0.998,0
2026-07-28 07:19:59.185354,1003,31.103,6.057,3.23,17.667,4.967,18.617,193.151,825.749,1319.202,60.813,213.387,224.35,221.02,52.344,1.15,0
2026-07-28 07:20:47.443026,1003,31.048,6.34,3.184,13.838,5.173,18.36,194.79,846.158,1425.017,55.272,213.795,227.479,220.49,50.25,1.036,0
2026-07-28 07:21:37.902429,1003,31.646,6.187,3.595,14.643,5.066,18.721,191.155,845.661,1207.596,65.819,215.624,227.225,221.761,52.408,1.104,0
2026-07-28 07:22:32.272940,1003,31.522,5.795,2.987,17.035,5.028,18.636,184.365,873.332,1365.153,55.174,212.396,217.576,220.394,52.135,0.994,0
2026-07-28 07:23:25.041718,1003,32.105,5.866,3.03,10.564,5.28,18.823,188.267,813.329,1275.999,52.902,213.233,227.211,220.742,53.641,1.088,0
2026-07-28 07:24:15.716251,1003,32.082,6.149,3.257,17.777,5.126,18.363,191.166,778.39,1352.265,62.788,214.938,225.741,221.664,53.392,0.98,0
2026-07-28 07:25:11.155514,1003,31.531,5.823,2.942,14.701,4.772,18.83,191.982,852.842,1335.673,60.128,215.49,226.803,220.979,51.945,0.845,0
2026-07-28 07:26:04.149711,1003,31.75,5.935,2.229,13.521,5.109,18.87,190.384,900.029,1158.335,59.231,214.597,224.478,220.532,52.312,1.071,0
2026-07-28 07:26:53.405876,1003,30.796,5.658,2.766,16.893,5.084,18.304,186.049,845.378,1404.229,56.587,215.523,222.087,220.955,52.087,1.04,0
2026-07-28 07:27:38.856689,1003,31.848,5.739,2.852,19.318,5.464,18.451,191.679,862.484,1266.036,56.12,213.967,224.083,220.133,51.673,1.004,0
2026-07-28 07:28:37.219776,1003,31.705,6.252,2.679,15.28,4.766,18.394,201.692,848.693,1303.36,59.529,216.817,225.288,220.609,51.046,0.896,0
2026-07-28 07:29:28.267839,1003,31.977,6.033,2.82,16.672,5.046,17.764,190.968,872.621,1354.309,55.216,216.093,230.049,220.725,51.532,1.171,0
2026-07-28 07:30:12.797951,1003,31.347,5.874,3.102,17.043,4.975,18.209,193.906,842.463,1381.935,65.073,214.023,225.149,218.519,51.682,1.087,0
2026-07-28 07:31:05.698340,1003,31.351,5.902,2.844,16.552,5.423,18.956,203.663,848.863,1388.028,58.597,214.774,227.962,219.116,52.836,0.93,0
2026-07-28 07:31:52.440942,1003,31.354,6.343,3.487,13.708,5.036,19.008,190.876,898.507,1417.224,56.46,212.643,228.345,220.873,52.149,1.156,0
2026-07-28 07:32:48.405779,1003,32.217,5.869,3.496,16.514,5.514,18.703,213.343,884.178,1140.251,55.859,216.116,225.228,220.158,51.604,1.15,0
2026-07-28 07:33:44.181737,1003,31.641,6.095,1.644,16.424,5.186,17.892,200.352,830.939,1391.036,52.482,213.465,231.58,219.979,51.485,0.978,0
2026-07-28 07:34:35.430577,1003,30.752,6.174,2.183,9.722,5.347,19.087,195.464,831.696,1350.932,60.565,214.354,225.925,220.352,52.308,0.906,0
2026-07-28 07:35:23.951452,1003,31.822,6.289,1.629,17.972,5.532,19.611,193.512,833.715,1302.962,54.274,214.648,225.143,217.621,51.781,1.052,0
2026-07-28 07:36:17.448764,1003,31.268,5.83,2.844,12.542,4.839,18.856,203.053,818.408,1372.32,56.959,213.348,232.14,219.797,51.263,0.978,0
2026-07-28 07:37:13.212695,1003,32.042,5.72,2.808,16.295,5.126,18.498,190.841,834.983,1428.247,68.199,214.0,228.075,219.807,51.349,1.296,0
2026-07-28 07:38:04.879635,1003,31.769,5.779,3.086,19.491,5.326,17.982,192.404,847.477,1275.494,49.925,215.447,217.455,220.216,53.234,0.886,0
2026-07-28 07:38:55.688734,1003,32.12,6.146,3.48,15.439,5.259,18.492,204.644,828.571,1469.169,57.083,214.402,216.333,221.026,51.911,1.172,0
2026-07-28 07:39:45.341868,1003,32.019,6.398,2.976,13.594,4.811,18.203,192.747,865.832,1447.438,51.752,216.046,234.192,219.562,52.771,0.955,0
2026-07-28 07:40:36.246599,1003,31.969,6.153,2.656,17.286,5.409,18.381,192.2,802.467,1381.462,55.244,215.89,227.848,221.613,50.764,0.974,0
2026-07-28 07:41:27.745912,1003,32.067,5.868,2.998,19.224,5.214,19.274,191.026,816.783,1246.036,56.902,213.981,226.77,218.832,52.828,0.907,0
2026-07-28 07:42:18.193107,1003,31.908,6.238,2.718,13.45,5.238,19.03,183.406,870.115,1533.173,52.025,214.456,218.182,220.833,52.545,1.013,0
2026-07-28 07:43:07.159202,1003,31.153,5.906,2.158,10.573,5.134,18.294,201.089,906.127,1374.176,59.218,214.456,226.886,219.377,52.624,0.904,0
2026-07-28 07:44:04.308881,1003,30.928,5.834,3.546,18.72,4.245,18.553,194.742,858.333,1362.607,63.667,214.515,223.07,221.401,50.881,0.974,0
2026-07-28 07:44:55.546293,1003,31.085,5.934,3.242,17.965,5.364,18.497,201.418,826.808,1359.657,58.898,216.77,226.175,220.265,52.022,0.861,0
2026-07-28 07:45:45.885568,1003,31.865,5.884,3.826,16.885,5.376,18.24,193.987,818.72,1396.968,61.029,215.23,224.441,218.553,51.427,0.78,0
2026-07-28 07:46:38.491457,1003,30.388,5.86,2.295,11.86,5.074,17.694,192.467,840.118,1428.79,64.322,213.009,226.284,220.124,51.18,0.975,0
2026-07-28 07:47:31.234641,1003,31.492,6.244,2.08,17.375,4.755,18.997,191.019,887.731,1347.863,60.05,214.214,228.313,220.481,50.684,1.143,0
2026-07-28 07:48:23.033894,1003,31.367,5.897,2.467,18.377,5.039,19.209,199.104,865.913,1244.364,47.607,214.445,229.066,220.271,51.246,1.027,0
2026-07-28 07:49:11.477038,1003,32.112,5.683,3.227,20.96,5.498,18.136,190.175,815.126,1437.969,58.252,215.508,227.226,220.395,51.195,0.981,0
2026-07-28 07:50:03.447011,1003,31.441,6.117,3.49,15.353,5.078,18.108,197.307,861.508,1280.699,46.99,217.163,227.948,219.73,52.55,1.287,0
2026-07-28 07:50:55.898545,1003,31.316,5.809,3.163,16.366,5.207,19.045,195.229,892.607,1264.595,54.466,215.945,220.005,219.329,51.575,0.744,0
2026-07-28 07:51:48.900642,1003,32.158,5.816,3.082,11.049,5.1,18.1,188.744,885.244,1344.586,51.204,214.878,227.148,218.027,51.891,1.03,0
2026-07-28 07:52:41.725180,1003,31.454,6.14,3.487,18.227,5.295,17.668,192.31,889.586,1311.257,58.646,213.979,228.369,220.7,52.841,0.902,0
2026-07-28 07:53:34.304255,1003,31.373,5.855,2.738,18.172,4.805,18.234,195.06,874.208,1382.302,53.731,216.705,227.167,220.609,52.05,1.004,0
2026-07-28 07:54:22.956536,1003,31.255,5.909,3.602,16.929,5.139,19.314,193.137,813.816,1398.46,58.762,214.644,233.741,222.292,51.499,0.913,1
2026-07-28 07:55:22.883688,1003,31.643,6.008,4.131,18.732,5.529,18.186,206.372,827.586,1310.044,60.781,213.295,226.39,219.95,52.143,0.925,0
2026-07-28 07:56:16.298641,1003,31.334,5.943,2.394,14.202,4.925,18.111,196.41,901.447,1360.308,53.475,215.429,221.938,220.333,51.451,1.029,0
2026-07-28 07:57:10.666401,1003,31.336,5.914,2.855,15.498,5.118,18.217,193.823,841.137,1308.747,58.555,213.517,227.498,220.181,50.771,0.979,0
2026-07-28 07:58:04.572022,1003,32.225,5.531,2.208,15.588,5.516,17.81,192.821,796.001,1415.18,46.5,215.792,225.088,221.04,52.262,0.919,0
2026-07-28 07:58:56.197043,1003,31.524,5.965,2.45,18.528,5.424,17.709,193.625,868.585,1391.672,51.231,214.527,220.255,219.383,52.453,0.851,0
2026-07-28 07:59:45.075559,1003,31.276,6.323,3.224,18.58,5.336,18.343,191.353,881.8,1410.986,62.824,214.633,226.221,220.181,51.864,1.083,0
2026-07-28 08:00:36.390082,1003,31.002,6.126,2.039,16.731,5.317,17.658,190.061,848.668,1325.844,53.796,211.705,233.698,220.033,51.909,0.973,0
2026-07-28 08:01:25.399891,1003,31.599,5.925,2.556,16.61,5.312,18.261,198.592,866.943,1371.958,55.295,216.293,225.951,220.892,51.704,0.863,0
2026-07-28 08:02:12.650412,1003,31.22,6.094,3.601,17.267,5.131,18.658,204.24,826.983,1393.354,54.065,213.585,232.05,222.666,53.083,0.812,0
2026-07-28 08:03:11.159862,1003,31.316,6.125,3.127,15.226,5.531,18.726,192.296,837.535,1413.653,50.22,214.133,230.514,220.397,52.21,1.029,1
2026-07-28 08:04:05.693761,1003,31.074,5.832,3.438,19.132,5.059,18.416,197.576,798.542,1406.342,53.157,215.229,237.441,218.266,51.911,0.965,0
2026-07-28 08:04:58.002927,1003,31.598,6.251,2.263,14.961,4.902,17.781,191.014,819.867,1339.56,57.476,214.825,229.406,218.593,52.678,1.017,0
2026-07-28 08:05:50.206668,1003,30.848,6.033,3.039,16.988,4.785,18.253,195.623,892.665,1252.275,55.882,217.755,227.821,221.266,52.741,1.278,0
2026-07-28 08:06:44.101941,1003,31.706,5.938,4.075,14.629,5.015,18.707,187.149,754.871,1392.639,62.008,212.93,227.875,218.003,52.311,1.088,0
2026-07-28 08:07:35.696832,1003,31.227,6.318,2.623,18.178,5.011,18.872,189.879,839.767,1388.422,54.902,214.54,228.67,220.38,52.677,0.995,0
2026-07-28 08:08:25.751915,1003,31.858,5.586,2.722,15.771,4.987,18.336,189.665,835.521,1256.512,57.449,215.943,226.408,219.123,52.389,0.814,0
2026-07-28 08:09:21.973185,1003,31.743,5.765,3.332,20.753,4.847,18.078,194.129,868.24,1421.969,55.215,214.468,225.365,223.238,52.035,1.178,0
2026-07-28 08:10:11.081313,1003,31.552,6.128,2.487,15.709,5.312,18.55,187.981,789.133,1363.277,61.423,214.996,229.436,218.545,52.695,1.007,0
2026-07-28 08:11:06.742660,1003,31.923,6.135,3.409,18.156,4.916,18.288,181.557,828.86,1339.044,51.481,218.102,224.843,219.206,51.346,1.268,0
2026-07-28 08:11:58.783040,1003,32.278,6.329,1.976,14.55,5.365,17.889,186.78,833.935,1368.145,59.506,215.079,219.659,220.938,51.332,0.91,0
2026-07-28 08:12:51.531611,1003,32.134,5.549,1.617,15.293,5.416,18.684,193.953,862.752,1429.141,59.201,216.681,221.997,219.722,52.347,0.857,0
2026-07-28 08:13:42.389374,1003,30.845,6.172,3.179,15.903,5.972,18.511,190.245,850.72,1482.474,54.051,215.78,234.417,219.137,51.525,1.157,0
2026-07-28 08:14:30.753439,1003,31.197,5.751,2.441,16.808,5.064,17.835,191.525,802.975,1345.442,57.083,215.885,226.16,218.841,52.575,1.027,0
2026-07-28 08:15:20.402608,1003,31.259,6.084,2.678,14.283,5.152,18.121,196.587,841.176,1330.418,59.125,214.762,230.727,219.212,52.175,1.136,0
2026-07-28 08:16:13.290370,1003,31.819,5.987,3.5,14.687,4.976,18.386,190.074,828.454,1401.662,54.595,213.045,224.569,218.913,53.449,0.865,0
2026-07-28 08:17:02.518637,1003,31.239,6.17,3.356,16.205,4.849,17.586,194.52,864.442,1236.096,54.507,216.305,231.235,219.985,51.308,0.864,0
2026-07-28 08:17:51.787311,1003,31.087,5.953,2.3,16.917,5.074,18.064,207.82,843.862,1423.297,52.335,215.668,229.19,222.31,52.652,0.753,0
2026-07-28 08:18:45.976791,1003,30.652,6.202,3.296,15.917,4.967,18.879,192.714,901.709,1234.845,65.994,215.643,235.862,222.475,51.653,0.439,0
2026-07-28 08:19:39.183263,1003,30.06,5.834,2.829,15.587,4.845,18.206,193.767,831.746,1233.179,55.539,214.82,233.03,222.454,52.205,0.938,0
2026-07-28 08:20:27.063684,1003,32.47,5.984,3.238,12.947,5.271,18.021,197.283,834.532,1482.03,52.351,214.222,230.59,219.844,52.51,1.003,0
2026-07-28 08:21:22.686318,1003,31.061,6.039,2.989,17.151,4.878,19.15,190.094,835.57,1172.97,50.074,216.587,225.027,220.859,52.277,0.824,0
2026-07-28 08:22:18.584316,1003,30.081,6.335,2.143,17.939,5.37,18.71,191.45,845.403,1461.115,54.128,215.392,222.562,220.152,52.355,0.825,0
2026-07-28 08:23:09.718552,1003,32.304,6.167,2.594,18.211,5.457,18.917,194.428,875.412,1482.577,58.621,212.805,226.911,219.015,52.295,0.594,0
2026-07-28 08:23:56.319578,1003,31.264,6.041,1.625,16.345,4.941,18.029,196.165,838.176,1378.863,56.427,214.936,227.58,217.835,51.833,1.122,0
2026-07-28 08:24:43.881512,1003,32.755,6.128,3.106,14.612,5.62,18.329,189.417,839.532,1401.488,58.973,214.635,225.782,217.885,52.6,0.888,0
2026-07-28 08:25:34.062923,1003,31.121,6.217,3.226,15.26,5.32,18.494,198.349,861.354,1216.202,60.504,211.848,230.462,220.186,52.638,1.258,0
2026-07-28 08:26:29.727299,1003,30.645,6.075,2.598,16.355,5.178,18.636,204.28,823.556,1308.144,56.866,214.102,227.826,218.364,51.768,1.263,0
2026-07-28 08:27:22.148349,1003,31.748,5.795,2.934,15.957,4.666,19.871,183.522,869.291,1380.468,56.964,218.115,227.49,219.045,51.453,1.162,0
2026-07-28 08:28:10.290119,1003,29.506,6.126,2.445,14.056,4.686,18.55,197.349,840.04,1377.992,64.076,212.168,233.901,220.443,52.193,1.133,0
2026-07-28 08:29:06.807022,1003,29.182,5.994,3.716,12.131,5.672,19.15,194.452,824.819,1387.77,60.594,213.615,227.94,217.201,52.148,0.782,0
2026-07-28 08:29:58.618104,1003,29.975,5.929,2.267,14.722,5.596,19.873,193.218,797.665,1377.947,59.115,212.08,221.808,221.761,50.879,1.151,0
2026-07-28 08:30:53.092598,1003,28.821,5.843,2.823,15.363,5.68,19.53,196.958,819.04,1351.786,56.059,213.1,231.8,220.063,52.162,1.028,0
2026-07-28 08:31:44.067702,1003,33.113,6.116,2.26,16.711,5.757,18.594,203.276,845.008,1246.147,60.337,212.794,228.38,219.548,51.439,0.798,0
2026-07-28 08:32:30.038369,1003,34.094,6.102,3.134,15.058,5.612,19.189,196.543,848.321,1379.922,58.98,213.579,226.355,219.234,50.659,0.868,0
2026-07-28 08:33:16.510649,1003,33.59,5.809,3.592,15.422,5.272,18.577,200.755,842.759,1253.367,58.822,217.059,223.485,220.567,52.276,1.005,0
2026-07-28 08:34:05.862239,1003,33.524,5.779,1.817,16.257,5.368,18.477,194.766,808.084,1318.993,60.512,216.087,232.797,218.842,51.154,0.979,0
2026-07-28 08:34:58.785373,1003,30.457,6.378,3.373,19.603,4.995,19.005,197.19,844.857,1468.333,58.87,214.689,234.599,221.585,52.903,0.923,0
2026-07-28 08:35:52.100786,1003,29.453,6.172,3.93,15.617,5.272,19.03,191.737,805.962,1217.03,51.119,217.009,224.676,221.041,52.55,0.874,0
2026-07-28 08:36:49.882662,1003,28.571,6.017,3.074,12.438,5.424,18.804,195.227,814.173,1339.435,57.73,214.429,228.75,219.131,52.173,0.813,0
2026-07-28 08:37:41.794213,1003,27.778,6.121,2.615,14.426,5.429,18.399,193.368,882.468,1423.8,52.817,213.854,229.344,219.765,52.974,0.951,0
2026-07-28 08:38:33.468535,1003,28.492,5.906,2.978,20.158,5.162,18.21,195.641,847.081,1404.291,60.16,214.48,220.177,221.456,52.675,0.926,0
2026-07-28 08:39:22.414671,1003,29.429,5.966,2.689,19.298,4.591,17.776,185.069,863.237,1375.978,50.913,213.1,227.316,220.487,51.375,1.468,0
2026-07-28 08:40:17.251989,1003,33.251,6.004,4.12,18.161,4.746,18.597,188.309,891.607,1292.431,57.37,212.737,220.187,219.729,52.709,0.915,0
2026-07-28 08:41:13.759293,1003,33.842,6.193,3.476,17.614,5.343,18.642,202.129,848.407,1461.421,57.743,215.792,227.423,219.107,51.521,0.931,0
2026-07-28 08:42:03.783567,1003,34.068,5.717,3.513,17.64,5.048,18.998,203.364,877.931,1245.962,52.683,215.398,237.005,219.865,52.644,0.832,0
2026-07-28 08:42:55.393069,1003,34.574,5.796,4.228,15.45,5.4,17.624,184.611,861.299,1408.899,57.159,213.455,221.414,219.504,51.706,1.05,0
2026-07-28 08:43:48.467278,1003,32.803,5.755,3.766,17.995,4.835,18.562,191.598,829.203,1363.008,60.724,215.561,235.38,220.371,51.117,1.169,0
2026-07-28 08:44:37.931132,1003,29.468,6.171,2.931,18.084,5.608,18.379,190.513,845.87,1283.131,55.162,215.609,234.961,219.623,52.299,0.992,0
2026-07-28 08:45:24.371972,1003,29.267,5.98,3.014,17.942,4.919,18.465,196.52,828.267,1316.925,58.716,214.275,227.477,218.839,51.663,0.69,0
2026-07-28 08:46:16.799353,1003,29.11,5.817,4.345,14.623,5.643,19.247,194.497,867.782,1503.946,59.632,213.857,229.664,221.317,52.756,0.473,0
2026-07-28 08:47:10.575848,1003,29.455,5.956,2.579,15.253,4.735,19.269,199.081,878.965,1251.219,53.017,215.95,226.31,220.652,52.915,0.978,0
2026-07-28 08:47:59.650656,1003,28.661,5.874,2.902,14.524,5.381,19.109,186.892,810.396,1200.408,57.674,215.537,225.622,218.803,50.791,0.958,0
2026-07-28 08:48:51.585125,1003,30.555,5.713,2.423,18.293,4.921,18.556,197.1,824.544,1295.774,56.614,217.088,228.354,219.292,52.0,1.018,0
2026-07-28 08:49:50.009723,1003,34.223,6.252,1.964,16.697,5.197,18.386,192.997,839.667,1385.101,57.438,215.523,224.246,220.852,52.455,1.27,0
2026-07-28 08:50:45.438651,1003,32.676,5.97,2.499,16.902,5.523,19.222,190.577,826.394,1471.025,50.763,212.873,229.487,218.993,52.088,1.092,0
2026-07-28 08:51:38.998014,1003,35.035,6.257,2.51,17.324,5.471,19.526,197.65,843.238,1352.15,51.589,213.161,227.674,219.796,52.102,1.216,0
2026-07-28 08:52:29.309850,1003,32.506,5.71,2.644,12.752,4.953,19.459,193.517,860.56,1211.574,62.624,214.739,223.017,219.651,52.189,1.07,0
2026-07-28 08:53:23.265128,1003,33.849,6.101,3.349,18.028,5.016,18.794,194.396,887.33,1358.125,60.676,215.971,230.48,219.132,50.879,1.087,0
2026-07-28 08:54:10.140556,1003,31.867,5.711,2.993,14.756,4.728,18.524,203.018,835.371,1422.755,58.424,215.385,230.59,218.726,53.118,1.068,0
2026-07-28 08:55:01.813066,1003,30.927,6.489,3.576,14.965,4.662,18.915,195.425,834.018,1377.245,61.287,214.26,232.217,219.934,52.463,1.317,0
2026-07-28 08:55:52.165332,1003,27.186,5.654,3.086,14.078,4.95,18.953,206.67,860.818,1391.971,51.931,212.981,225.485,218.883,51.545,0.889,0
2026-07-28 08:56:46.492589,1003,29.055,6.359,3.102,16.184,4.944,18.26,181.021,848.525,1190.881,56.547,216.763,231.822,219.284,51.476,0.304,0
2026-07-28 08:57:31.679707,1003,27.884,5.996,2.834,15.846,4.748,18.385,194.943,804.808,1235.919,56.152,216.705,236.6,221.019,52.607,1.039,0
2026-07-28 08:58:31.498397,1003,31.969,5.963,4.11,12.801,5.138,20.328,188.33,824.994,1338.616,54.265,213.311,227.625,219.139,52.184,1.214,0
2026-07-28 08:59:22.106705,1003,31.335,6.118,2.759,11.885,5.19,18.26,189.431,839.833,1446.347,52.739,215.797,227.998,220.549,52.255,1.047,0
2026-07-28 09:00:19.129946,1003,35.487,5.812,3.523,15.534,5.196,19.011,191.067,872.506,1282.898,63.028,215.306,230.35,221.149,52.388,0.945,0
2026-07-28 09:01:13.385574,1003,35.142,6.157,2.326,17.872,4.96,18.191,200.535,882.13,1367.401,54.857,215.821,218.404,219.871,52.159,1.294,0
2026-07-28 09:02:06.385366,1003,35.374,6.172,2.861,17.65,5.026,18.425,192.56,819.154,1364.13,59.393,216.822,221.762,220.612,50.684,1.003,0
2026-07-28 09:02:59.119109,1003,33.197,6.002,4.144,18.301,5.105,17.947,188.151,827.574,1261.37,58.895,216.71,225.187,218.972,51.713,0.991,0
2026-07-28 09:03:51.348287,1003,30.797,6.05,3.39,15.545,5.445,17.948,198.958,874.92,1287.419,61.891,215.608,226.068,220.889,52.391,0.691,0
2026-07-28 09:04:41.830482,1003,31.097,6.386,2.202,15.187,4.997,18.87,187.906,836.491,1347.858,60.584,214.707,227.971,220.774,52.451,0.681,0
2026-07-28 09:05:35.140477,1003,29.573,6.13,2.412,15.745,4.696,18.799,205.032,860.237,1318.923,56.208,214.641,228.622,221.746,51.668,1.127,0
2026-07-28 09:06:26.504712,1003,28.91,5.844,3.913,17.85,5.104,19.604,187.254,844.33,1419.75,52.187,214.737,221.733,221.406,51.975,0.641,0
2026-07-28 09:07:20.207287,1003,29.576,6.15,3.05,19.709,5.069,18.516,193.276,850.776,1314.233,61.248,218.276,232.339,220.317,52.814,1.226,0
2026-07-28 09:08:13.485961,1003,32.64,5.892,2.843,14.941,4.715,18.593,206.546,837.829,1425.402,62.632,215.054,228.899,223.312,52.984,1.272,0
2026-07-28 09:09:04.232642,1003,33.163,5.854,2.556,15.389,5.08,18.474,193.052,882.219,1319.249,67.845,215.936,227.751,221.061,52.232,1.043,0
2026-07-28 09:09:54.657099,1003,34.154,6.103,2.819,16.071,4.935,17.916,197.542,804.841,1352.034,61.608,215.499,229.56,221.527,52.622,1.227,0
2026-07-28 09:10:47.487863,1003,35.072,5.798,3.806,15.39,5.177,18.854,194.343,838.328,1417.992,54.817,213.813,224.916,219.447,52.249,1.212,0
2026-07-28 09:11:40.799330,1003,34.026,6.009,2.601,14.664,5.326,18.398,194.992,879.52,1340.888,55.362,215.573,226.498,219.558,52.494,1.174,0
2026-07-28 09:12:31.255487,1003,34.384,6.135,2.657,15.711,5.039,17.639,190.089,843.636,1313.781,48.779,214.205,222.953,220.087,51.993,0.96,0
2026-07-28 09:13:20.108019,1003,30.827,6.382,3.342,14.181,5.353,19.164,197.719,846.447,1344.119,54.091,213.864,218.243,218.797,51.579,0.996,0
2026-07-28 09:14:12.898987,1003,29.769,6.128,2.407,17.669,5.108,18.155,202.964,877.437,1425.928,52.171,215.713,226.507,220.045,53.295,0.875,0
2026-07-28 09:15:06.001737,1003,29.494,5.706,2.467,19.39,5.121,18.698,183.347,863.025,1378.191,59.97,213.482,234.743,219.953,53.26,0.752,0
2026-07-28 09:15:58.363210,1003,28.858,5.737,3.004,15.347,5.107,18.72,189.454,874.08,1167.707,61.522,216.053,225.112,221.313,52.02,0.942,0
2026-07-28 09:16:50.068134,1003,29.694,6.345,3.018,19.825,5.142,18.626,191.684,884.253,1288.621,66.984,215.684,220.962,221.401,52.277,1.032,0
2026-07-28 09:17:44.545189,1003,30.916,5.873,2.539,15.752,4.787,17.897,189.676,807.668,1289.354,70.467,216.518,229.872,220.145,52.12,0.839,0
2026-07-28 09:18:33.510013,1003,33.181,5.697,3.27,14.396,4.651,19.338,198.856,836.238,1399.598,58.545,215.576,225.489,219.553,52.037,1.103,0
2026-07-28 09:19:22.895464,1003,35.158,5.799,3.125,17.579,5.535,18.063,191.364,825.588,1187.118,55.052,213.853,229.337,222.149,52.068,1.389,0
2026-07-28 09:20:13.107269,1003,35.102,6.159,1.875,13.874,5.263,17.026,195.486,858.825,1373.778,55.858,216.337,230.275,218.176,52.822,1.085,0
2026-07-28 09:21:04.743264,1003,35.011,6.023,3.445,17.435,5.037,19.009,203.947,879.544,1404.062,54.592,216.399,225.373,218.138,51.252,1.251,0
2026-07-28 09:21:54.761640,1003,31.82,6.129,2.675,16.584,5.519,18.989,184.231,776.85,1404.074,67.344,216.072,229.242,220.577,51.573,1.134,0
2026-07-28 09:22:44.846000,1003,30.966,5.993,3.459,15.072,6.059,17.783,196.902,803.435,1342.802,45.865,215.88,227.351,219.917,52.654,1.012,1
2026-07-28 09:23:39.674163,1003,29.885,5.779,4.185,14.828,4.75,18.497,194.264,789.2,1212.648,64.305,213.227,219.235,219.631,52.131,1.101,0
2026-07-28 09:24:31.416659,1003,28.332,5.643,2.962,13.993,5.188,19.148,194.281,824.207,1328.137,53.58,216.027,225.297,217.805,52.907,0.878,0
2026-07-28 09:25:25.919121,1003,28.674,5.833,2.632,18.373,5.4,19.347,189.57,850.04,1475.275,55.857,213.501,224.015,218.946,52.078,0.899,0
2026-07-28 09:26:17.933827,1003,30.389,6.024,3.786,15.488,4.711,18.867,192.716,895.644,1299.351,46.663,214.254,221.166,221.774,52.277,0.759,0
2026-07-28 09:27:07.711519,1003,30.42,5.763,2.522,16.716,4.742,18.996,194.952,810.678,1535.371,61.931,214.002,223.941,221.569,51.884,1.185,0
2026-07-28 09:28:03.166060,1003,32.132,6.197,4.079,15.975,5.486,18.93,193.895,917.955,1418.948,60.831,213.118,230.319,220.949,52.975,1.264,0
2026-07-28 09:28:53.906143,1003,33.463,5.8,2.736,15.512,5.184,18.418,199.183,863.683,1337.843,52.908,215.213,227.559,219.021,52.638,0.916,0
2026-07-28 09:29:46.962734,1003,34.961,5.67,2.643,16.751,4.992,17.847,188.436,864.742,1369.187,62.152,214.963,219.706,219.6,51.239,1.375,0
2026-07-28 09:30:41.255599,1003,33.578,6.0,4.349,17.178,4.708,18.343,186.619,869.147,1381.823,61.343,216.594,222.834,219.517,52.464,1.18,0
2026-07-28 09:31:32.665114,1003,32.844,6.152,3.207,16.319,5.298,19.175,182.963,807.39,1300.941,55.273,216.446,227.564,219.188,52.754,1.006,0
2026-07-28 09:32:23.875264,1003,31.512,6.299,3.925,15.566,4.78,19.169,195.848,831.214,1314.823,48.88,215.212,227.488,219.347,52.005,0.997,0
2026-07-28 09:33:13.429818,1003,28.426,5.678,2.985,13.501,4.894,18.622,199.539,818.677,1519.544,56.58,215.946,226.154,219.879,52.517,1.05,0
2026-07-28 09:34:05.754154,1003,28.445,6.285,2.945,14.612,4.913,18.3,187.96,866.985,1476.796,61.875,214.875,230.664,218.229,52.941,0.916,0
2026-07-28 09:34:55.360755,1003,28.69,6.037,1.333,15.296,5.098,19.541,187.425,821.938,1317.889,53.657,214.867,229.05,221.417,51.961,0.805,0
2026-07-28 09:35:46.493156,1003,28.506,5.876,3.577,16.037,4.87,18.574,206.331,841.943,1283.799,62.041,215.151,225.1,219.837,52.271,0.992,0
2026-07-28 09:36:37.367490,1003,30.169,6.136,3.22,12.0,4.915,18.882,202.664,828.806,1214.581,53.885,214.819,224.664,219.397,51.696,1.174,0
2026-07-28 09:37:27.586559,1003,32.245,6.271,2.936,17.425,5.483,17.776,203.003,889.539,1533.309,57.12,215.254,226.653,218.108,52.407,1.433,0
2026-07-28 09:38:20.401725,1003,32.038,5.664,3.337,16.739,5.25,18.466,197.095,830.436,1437.065,54.407,215.796,218.749,220.939,51.373,1.106,0
2026-07-28 09:39:15.951284,1003,35.449,5.914,3.022,14.662,5.205,19.152,199.232,816.166,1455.947,58.157,213.536,228.727,218.749,52.5,1.094,0
2026-07-28 09:40:10.366872,1003,34.288,5.891,2.462,13.893,5.331,17.678,193.278,862.03,1303.812,60.949,214.51,222.223,220.578,53.11,1.356,0
2026-07-28 09:40:56.291721,1003,34.718,6.125,3.207,14.421,4.882,18.477,186.458,846.256,1298.216,64.349,215.931,232.58,218.943,51.417,1.177,0
2026-07-28 09:41:48.405202,1003,31.84,6.292,2.891,12.956,5.309,18.745,186.761,888.781,1271.673,58.375,214.335,220.31,220.137,52.972,1.236,0
2026-07-28 09:42:47.313685,1003,30.861,6.015,3.422,15.22,5.328,19.357,195.019,856.984,1081.401,50.953,214.36,229.052,218.461,52.026,0.803,0
2026-07-28 09:43:39.588028,1003,29.159,5.942,2.84,15.587,4.893,19.086,200.55,856.016,1275.662,60.155,216.219,219.137,219.796,51.601,1.296,0
2026-07-28 09:44:30.543733,1003,29.551,6.089,2.733,18.112,5.379,19.516,193.995,873.563,1377.165,56.249,214.112,224.788,219.907,51.904,0.652,0
2026-07-28 09:45:26.520515,1003,30.331,5.953,2.69,17.091,5.271,18.999,198.654,861.435,1371.114,56.159,215.52,229.161,220.194,52.075,1.01,0
2026-07-28 09:46:18.429153,1003,31.35,5.566,2.496,18.868,5.279,19.034,194.462,871.067,1297.626,57.944,215.18,231.353,221.06,51.777,1.052,0
2026-07-28 09:47:14.070380,1003,33.002,6.103,2.702,16.258,5.7,17.927,196.826,868.637,1405.646,59.849,216.065,231.141,220.62,52.852,0.695,0
2026-07-28 09:48:05.536537,1003,32.768,6.197,3.246,13.904,5.237,17.91,199.625,838.591,1292.697,55.763,214.921,230.387,221.876,51.862,1.138,0
2026-07-28 09:48:58.823134,1003,32.998,6.215,2.573,20.004,4.923,19.508,202.985,813.275,1415.256,59.94,214.051,230.853,218.283,52.277,0.749,0
2026-07-28 09:49:48.829065,1003,33.056,5.769,2.33,15.267,5.239,18.228,196.712,842.97,1414.161,59.2,214.217,231.208,222.51,53.538,0.844,0
2026-07-28 09:50:43.930702,1003,32.928,6.121,3.45,12.445,5.204,18.175,206.636,789.918,1419.629,59.943,216.987,225.123,221.128,51.934,1.273,0
2026-07-28 09:51:35.765911,1003,30.86,6.307,2.921,16.507,4.867,17.115,193.601,826.732,1356.277,61.195,214.36,225.869,219.469,51.714,1.151,0
2026-07-28 09:52:28.162253,1003,30.298,6.506,3.438,12.343,4.593,19.136,202.942,836.656,1280.626,48.234,214.281,230.312,221.187,51.788,1.372,0
2026-07-28 09:53:23.069580,1003,32.062,6.096,2.874,15.805,5.18,17.829,198.495,885.751,1248.653,55.85,214.446,232.066,222.12,52.835,0.845,0
2026-07-28 09:54:16.497418,1003,30.444,6.197,2.674,14.907,5.483,18.008,184.016,843.723,1165.666,56.859,214.675,226.79,221.335,51.986,0.974,0
2026-07-28 09:55:07.957923,1003,31.412,5.801,2.006,17.204,5.486,19.157,203.482,898.984,1414.359,56.454,214.51,225.161,218.815,52.235,1.152,0
2026-07-28 09:55:55.617780,1003,32.353,5.775,2.356,18.193,5.285,17.175,189.491,861.795,1206.704,53.862,215.678,225.021,220.049,51.56,1.039,0
2026-07-28 09:56:47.266967,1003,32.399,6.197,2.503,15.253,5.671,19.315,193.507,800.863,1338.52,54.76,215.122,223.918,220.906,51.841,0.994,0
2026-07-28 09:57:38.145265,1003,31.514,5.593,3.16,15.089,5.252,18.002,200.239,881.403,1368.53,59.689,214.292,229.366,219.962,52.722,0.756,0
2026-07-28 09:58:30.192112,1003,31.452,6.031,2.938,17.744,5.141,18.412,190.533,878.39,1259.125,59.435,215.867,232.152,220.528,51.025,0.884,0
2026-07-28 09:59:21.530797,1003,31.18,6.286,2.415,14.236,5.261,18.034,194.574,799.504,1339.526,57.637,215.338,229.429,220.612,50.801,0.745,0
2026-07-28 10:00:17.434644,1003,31.346,6.143,1.415,16.148,4.98,17.702,198.943,869.205,1377.114,53.283,216.592,227.315,218.816,51.693,1.286,0
2026-07-28 10:01:11.099843,1003,30.782,6.141,3.264,17.245,4.82,18.045,190.067,890.046,1326.765,61.11,215.38,235.446,221.51,51.762,1.174,1
2026-07-28 10:02:02.008971,1003,29.72,5.99,3.5,14.182,4.906,18.004,193.585,786.016,1389.133,60.807,214.846,227.421,220.11,51.853,1.263,1
2026-07-28 10:02:56.169130,1003,32.526,5.918,3.55,15.309,5.056,17.761,192.879,816.927,1312.208,62.172,214.756,233.252,219.946,51.872,1.171,1
2026-07-28 10:03:52.654919,1003,33.423,6.431,2.45,16.232,5.46,19.425,200.784,875.741,1326.388,54.217,215.174,222.888,218.921,52.048,1.144,1
2026-07-28 10:04:42.665038,1003,31.481,6.247,3.585,19.061,4.766,17.918,204.41,843.075,1274.454,72.733,215.44,228.377,219.71,51.75,0.878,1
2026-07-28 10:05:33.948503,1003,31.666,6.169,3.323,13.218,4.908,17.368,188.4,891.235,1338.473,58.424,214.998,223.345,221.124,52.991,0.841,1
2026-07-28 10:06:23.831316,1003,31.931,6.006,3.32,15.657,5.442,17.261,195.466,875.859,1350.516,54.319,214.471,223.606,220.288,52.615,0.833,1
2026-07-28 10:07:16.971706,1003,31.428,5.883,2.653,19.114,5.093,18.761,191.855,872.611,1271.473,67.492,215.752,224.081,220.849,51.955,0.951,1
2026-07-28 10:08:15.473401,1003,31.595,6.216,2.924,18.234,5.14,17.46,195.186,882.439,1386.461,60.64,215.52,227.757,219.959,52.675,0.842,1
2026-07-28 10:09:11.162260,1003,31.392,5.939,4.044,15.366,5.088,18.393,205.6,824.833,1140.435,58.352,215.022,225.551,220.106,50.226,0.998,1
2026-07-28 10:10:02.169239,1003,31.225,6.016,3.956,15.836,5.78,19.682,197.279,839.602,1441.97,58.859,215.802,218.802,218.03,52.274,0.904,1
2026-07-28 10:10:56.165892,1003,31.761,6.123,2.972,17.057,5.368,18.609,191.622,905.028,1229.514,62.886,214.908,225.669,220.47,52.639,0.94,1
2026-07-28 10:11:52.012304,1003,31.756,6.042,3.109,17.104,5.276,18.694,186.79,838.432,1438.437,58.559,215.015,224.871,219.766,51.642,1.001,0
2026-07-28 10:12:38.935281,1003,31.961,6.31,1.749,19.17,5.259,18.182,200.995,880.327,1402.741,50.256,215.758,220.154,220.381,52.41,1.045,0
2026-07-28 10:13:27.821181,1003,31.498,5.736,3.686,18.602,5.323,18.492,192.245,842.857,1436.071,57.424,215.961,229.401,217.419,51.595,0.914,0
2026-07-28 10:14:22.727495,1003,30.9,6.013,3.425,12.821,5.754,18.371,190.344,826.376,1254.275,61.278,215.784,230.294,223.04,52.272,0.954,0
2026-07-28 10:15:10.131813,1003,32.054,6.428,3.197,12.331,5.088,18.685,196.824,819.972,1332.694,57.299,214.083,230.09,220.088,51.123,1.04,0
2026-07-28 10:16:02.355595,1003,31.133,6.179,2.657,14.75,5.251,19.494,198.474,864.638,1374.975,53.362,215.451,234.654,220.554,52.669,0.987,0
2026-07-28 10:16:56.619836,1003,31.124,5.961,3.038,11.739,5.209,18.244,192.789,886.422,1386.376,57.347,215.052,222.787,220.465,52.04,0.984,0
2026-07-28 10:17:49.623293,1003,31.234,6.16,3.835,19.019,5.471,18.027,189.324,862.795,1421.413,61.13,215.47,222.891,219.621,52.2,1.076,0
2026-07-28 10:18:41.329493,1003,30.628,5.99,3.206,12.559,5.711,18.455,203.211,855.986,1405.365,62.859,217.188,227.355,220.506,51.987,0.902,0
2026-07-28 10:19:37.621078,1003,31.391,6.293,4.5,15.312,5.024,19.076,199.101,815.311,1390.44,52.841,214.747,227.0,221.425,52.796,1.092,0
2026-07-28 10:20:32.225549,1003,31.81,6.164,3.463,13.996,5.336,18.297,200.924,848.647,1391.766,52.555,215.026,228.061,220.214,52.214,1.252,0
2026-07-28 10:21:31.107680,1003,31.283,5.827,2.476,12.35,5.253,18.66,192.858,853.855,1408.119,57.253,214.325,231.011,221.03,52.697,1.032,0
2026-07-28 10:22:19.614176,1003,32.169,6.048,2.766,18.716,4.782,18.807,190.022,823.107,1351.687,54.59,214.77,226.426,220.923,51.657,0.951,0
2026-07-28 10:23:09.971178,1003,32.138,6.084,2.595,14.674,5.491,19.792,191.803,861.216,1447.4,55.072,214.187,231.838,220.848,52.433,0.841,0
2026-07-28 10:24:01.766565,1003,31.945,6.094,3.489,20.386,5.669,19.054,185.858,828.649,1343.458,56.371,213.712,224.26,222.221,53.138,0.946,0
2026-07-28 10:24:57.827346,1003,30.533,6.064,3.658,19.232,5.446,17.976,192.993,837.25,1206.239,60.718,212.653,225.371,220.423,53.169,1.04,0
2026-07-28 10:25:52.144011,1003,32.217,6.113,3.978,15.993,5.01,17.185,190.948,871.072,1455.857,53.956,214.166,222.833,219.908,50.245,0.987,0
2026-07-28 10:26:42.878947,1003,31.381,6.084,2.811,11.181,4.793,18.59,194.534,895.016,1389.782,52.602,214.248,213.172,219.949,52.15,0.994,0
2026-07-28 10:27:31.825872,1003,32.339,5.856,3.267,15.218,5.392,18.077,195.294,892.49,1337.338,54.396,214.929,220.149,220.49,51.003,0.988,0
2026-07-28 10:28:20.428796,1003,31.198,5.909,3.73,21.258,4.876,18.209,195.544,844.562,1359.695,51.146,214.353,231.259,218.377,51.764,0.946,0
2026-07-28 10:29:17.868729,1003,31.43,5.949,3.883,16.985,4.906,17.902,191.488,864.599,1478.098,57.721,216.239,232.131,221.679,51.652,0.994,0
2026-07-28 10:30:09.794574,1003,31.545,6.019,2.299,15.615,5.263,18.197,187.871,867.109,1358.505,57.958,215.272,222.128,219.707,52.458,0.911,0
2026-07-28 10:31:02.416141,1003,31.034,5.95,3.353,14.594,5.421,18.185,186.347,866.938,1479.12,61.742,215.89,231.412,219.89,51.938,1.011,0
2026-07-28 10:31:51.314125,1003,30.69,6.221,2.32,18.041,5.099,18.431,196.172,852.427,1390.092,53.054,216.18,217.301,218.436,51.517,1.017,0
2026-07-28 10:32:43.411423,1003,30.301,5.808,2.657,16.85,5.138,18.096,195.812,886.338,1319.159,58.016,216.664,223.168,220.131,52.406,1.154,0
2026-07-28 10:33:32.739045,1003,32.976,5.653,2.255,16.653,5.166,18.07,186.648,830.986,1238.672,58.907,216.168,225.536,218.373,51.309,0.915,0
2026-07-28 10:34:25.149995,1003,30.666,6.393,2.646,18.613,4.925,18.818,203.559,815.683,1357.767,50.998,213.939,231.926,217.981,51.494,1.081,0
2026-07-28 10:35:16.112397,1003,30.673,5.836,2.174,18.49,5.086,18.498,200.009,859.047,1461.702,58.42,216.031,235.087,219.124,51.767,1.093,0
2026-07-28 10:36:05.883370,1003,31.786,6.22,2.326,17.006,4.715,18.503,188.871,839.76,1301.678,58.576,215.384,225.555,219.704,51.894,0.972,0
2026-07-28 10:37:01.620530,1003,30.788,6.122,2.484,12.35,5.421,18.47,196.593,904.39,1381.159,56.963,216.616,227.213,218.971,52.158,0.927,0
2026-07-28 10:37:57.612393,1003,30.695,5.844,3.173,13.741,6.036,17.963,194.179,835.306,1480.48,52.118,215.031,231.871,220.343,52.167,1.147,0
2026-07-28 10:38:51.159867,1003,30.063,5.973,3.019,14.582,5.218,19.362,196.582,878.791,1199.307,57.18,216.373,236.941,221.471,51.599,0.857,0
2026-07-28 10:39:37.559029,1003,31.646,5.944,2.063,15.914,5.557,19.719,196.032,862.543,1383.792,49.284,215.12,232.489,220.262,52.2,0.911,0
2026-07-28 10:40:26.262543,1003,30.965,6.071,4.563,19.448,5.122,19.243,199.03,808.241,1397.094,58.866,215.168,222.417,217.34,52.088,0.882,0
2026-07-28 10:41:15.097122,1003,31.822,5.847,2.722,20.721,4.796,17.441,203.875,866.036,1380.267,60.615,215.799,231.179,219.978,52.035,0.926,0
2026-07-28 10:42:12.964291,1003,31.462,5.965,2.242,16.901,5.875,18.103,196.795,829.928,1205.165,56.58,214.623,224.787,220.697,50.954,0.974,0
2026-07-28 10:43:08.270639,1003,31.543,5.993,3.332,17.265,4.946,18.925,198.198,918.509,1285.463,62.874,215.663,233.384,219.556,52.343,1.163,0
2026-07-28 10:44:04.510575,1003,31.273,6.22,2.997,12.524,5.484,18.05,203.789,825.947,1172.705,54.572,213.178,230.159,220.379,52.432,0.954,0
2026-07-28 10:44:54.175384,1003,31.362,5.918,2.537,15.028,5.265,18.079,191.773,822.084,1237.998,54.442,215.58,223.204,220.318,52.545,1.231,0
2026-07-28 10:45:41.389728,1003,31.053,5.805,3.223,14.728,5.556,17.677,189.402,785.558,1421.715,56.33,213.474,232.142,218.68,52.12,1.099,0
2026-07-28 10:46:36.561606,1003,31.1,5.891,2.617,14.536,5.18,18.283,199.032,826.637,1321.951,67.007,215.665,229.722,221.445,52.761,0.945,0
2026-07-28 10:47:21.487412,1003,30.953,6.073,2.831,17.333,4.851,18.007,187.663,869.912,1419.636,56.306,211.255,229.173,219.653,52.351,0.946,0
2026-07-28 10:48:13.739778,1003,32.257,5.646,3.835,14.963,5.001,17.065,190.154,818.936,1414.986,66.502,212.822,227.626,219.605,51.722,1.022,0
2026-07-28 10:49:07.624423,1003,31.302,6.239,3.07,11.641,5.906,19.191,204.03,863.781,1254.492,57.338,215.063,225.301,220.542,51.967,1.008,0
2026-07-28 10:49:56.129746,1003,30.368,6.004,3.35,17.938,5.296,18.75,184.693,856.336,1364.388,54.11,215.084,230.093,218.074,51.61,0.872,0
2026-07-28 10:50:52.839984,1003,31.629,6.087,2.702,18.768,5.853,17.699,196.817,820.561,1215.168,65.702,214.697,236.747,221.519,51.318,0.92,0
2026-07-28 10:51:43.951339,1003,31.098,6.044,3.087,16.663,5.09,19.021,186.347,845.403,1373.351,58.276,215.867,235.514,218.821,52.499,0.83,0
2026-07-28 10:52:36.970125,1003,31.478,5.867,2.561,15.613,5.414,18.576,197.463,821.549,1386.017,56.265,216.119,226.726,222.171,51.83,1.193,0
2026-07-28 10:53:30.632782,1003,31.365,5.784,2.535,13.931,4.815,19.196,205.994,873.764,1330.669,61.116,218.037,218.664,221.352,52.492,1.015,0
2026-07-28 10:54:23.224874,1003,32.245,5.86,2.765,14.074,5.209,18.941,188.924,796.019,1207.022,62.739,215.053,225.2,218.787,53.313,0.966,0
2026-07-28 10:55:13.470814,1003,31.308,5.699,2.604,18.463,5.867,18.035,182.38,870.231,1223.545,55.059,216.241,228.114,220.4,52.739,0.926,0
2026-07-28 10:56:02.939315,1003,31.908,6.07,3.592,14.279,4.965,18.901,197.14,827.919,1566.123,61.287,214.006,228.698,218.853,51.334,0.939,0
2026-07-28 10:56:56.128036,1003,31.855,5.967,3.33,20.629,4.993,18.927,191.235,852.234,1402.818,56.548,214.344,231.274,218.688,51.613,0.839,0
2026-07-28 10:57:50.085878,1003,30.817,5.693,1.693,18.184,5.448,19.133,193.895,862.364,1326.299,53.379,214.015,230.55,217.003,52.408,1.018,0
2026-07-28 10:58:45.137145,1003,31.594,5.877,3.983,16.781,5.234,19.098,197.188,852.946,1431.593,54.529,214.868,230.612,220.761,52.3,1.085,0
2026-07-28 10:59:36.674616,1003,31.121,6.13,3.365,22.243,5.769,19.747,198.378,908.645,1475.089,52.578,215.268,224.84,219.452,52.935,1.172,0
2026-07-28 11:00:28.923009,1003,30.896,6.259,3.652,18.934,5.128,19.072,198.437,836.739,1452.895,57.866,216.25,225.303,220.942,51.752,1.087,0
2026-07-28 11:01:18.169224,1003,30.898,5.743,2.903,15.01,5.221,18.029,194.835,809.165,1333.553,57.881,215.415,222.958,220.271,51.123,1.082,0
2026-07-28 11:02:13.359543,1003,31.911,6.432,2.148,13.646,5.295,18.606,197.614,911.866,1321.621,62.297,216.604,228.592,218.539,51.358,1.128,0
2026-07-28 11:03:02.718177,1003,32.822,5.808,2.245,15.025,4.877,17.871,193.872,859.625,1417.65,61.147,216.624,231.134,221.009,52.84,0.983,0
2026-07-28 11:03:56.557816,1003,31.097,5.659,3.973,15.764,4.81,19.226,193.026,853.327,1329.989,55.804,215.048,231.99,220.623,52.12,0.852,0
2026-07-28 11:04:51.721096,1003,31.608,6.351,2.072,14.256,4.783,17.986,194.902,913.917,1451.886,56.689,214.875,216.965,219.424,52.591,1.086,0
2026-07-28 11:05:46.831791,1003,31.655,5.792,2.176,13.414,4.208,19.839,198.464,811.023,1359.528,54.774,213.17,229.476,221.17,51.772,0.921,0
2026-07-28 11:06:34.583269,1003,31.235,6.305,2.753,16.541,5.174,18.325,191.118,846.585,1417.447,57.961,214.349,223.123,219.675,51.496,0.99,0
2026-07-28 11:07:21.765558,1003,32.204,5.867,2.211,18.043,4.81,18.474,196.289,817.552,1438.363,56.573,214.029,229.979,219.057,52.468,0.889,0
2026-07-28 11:08:10.898246,1003,32.598,5.941,3.304,20.273,5.038,18.221,192.246,845.892,1239.591,57.708,214.081,223.096,219.771,51.078,1.127,0
2026-07-28 11:08:59.596802,1003,31.201,5.739,3.348,16.176,5.506,18.07,190.584,807.57,1362.384,63.641,214.491,230.585,219.556,52.35,1.094,0
2026-07-28 11:09:58.185632,1003,32.367,6.255,3.236,17.386,4.916,18.182,201.308,851.734,1447.605,63.858,215.631,224.781,218.219,53.144,0.846,0
2026-07-28 11:10:51.340319,1003,31.227,6.228,2.65,11.742,5.407,18.639,197.227,849.645,1281.43,54.877,215.348,224.87,216.836,50.426,1.011,0
2026-07-28 11:11:39.391883,1003,31.015,5.868,3.165,17.975,4.726,18.511,197.282,848.172,1303.426,60.763,216.186,230.875,221.976,51.351,1.114,0
2026-07-28 11:12:28.286353,1003,31.43,5.985,4.017,13.68,4.994,18.244,189.328,783.395,1452.12,60.244,215.462,225.183,221.359,51.992,0.986,0
2026-07-28 11:13:25.169428,1003,31.935,6.132,2.183,16.701,5.722,18.684,193.52,871.485,1479.872,55.193,214.29,231.527,221.774,51.681,0.998,0
2026-07-28 11:14:21.208598,1003,31.448,5.906,3.637,15.901,5.072,18.174,198.604,842.553,1050.666,63.43,215.908,230.616,221.082,51.919,1.106,0
2026-07-28 11:15:09.076752,1003,31.869,6.273,3.461,15.444,5.586,18.497,197.233,925.482,1451.888,51.29,213.355,227.033,219.503,53.555,0.971,0
2026-07-28 11:16:03.494789,1003,31.613,5.979,2.94,12.587,5.907,19.559,210.388,835.656,1152.388,62.017,216.173,225.595,219.789,51.55,0.991,0
2026-07-28 11:16:54.512435,1003,32.176,5.896,3.095,14.259,5.074,18.156,196.319,830.879,1344.634,57.009,214.081,232.86,219.261,51.858,1.086,0
2026-07-28 11:17:45.876809,1003,31.765,5.683,3.203,13.805,5.0,18.318,191.01,854.024,1232.209,53.0,212.245,230.986,220.649,51.315,0.889,0
2026-07-28 11:18:33.649554,1003,32.265,5.741,2.443,14.634,4.552,17.807,192.389,813.58,1303.458,56.727,215.653,234.398,220.568,51.022,0.925,0
2026-07-28 11:19:24.420238,1003,31.071,6.118,2.07,18.72,5.288,18.297,189.861,884.922,1358.922,65.387,214.629,220.18,219.589,52.312,0.812,0
2026-07-28 11:20:13.188959,1003,31.398,6.047,3.517,15.189,5.314,18.725,191.122,822.318,1395.116,68.046,216.41,226.286,220.526,50.869,1.221,0
2026-07-28 11:21:09.136986,1003,31.499,6.163,2.29,14.452,5.431,18.183,195.598,825.451,1471.5,54.23,216.155,225.587,221.392,51.092,1.013,0
2026-07-28 11:21:58.114914,1003,31.073,5.887,2.377,17.494,5.617,17.819,192.217,873.894,1235.652,57.336,213.817,229.651,219.997,52.032,1.116,0
2026-07-28 11:22:53.730414,1003,30.996,5.672,2.706,16.751,4.892,18.717,203.016,857.144,1448.28,56.719,216.828,223.514,218.604,52.411,0.869,0
2026-07-28 11:23:44.520678,1003,31.691,5.901,3.162,20.674,5.761,18.78,200.286,856.589,1326.391,57.42,212.739,224.106,220.548,51.393,1.136,0
2026-07-28 11:24:30.524872,1003,31.833,6.408,2.715,18.326,5.115,18.868,200.184,811.567,1328.2,64.325,215.558,227.672,218.532,51.483,0.968,0
2026-07-28 11:25:20.461858,1003,31.556,5.807,2.587,11.426,5.309,17.757,193.489,879.168,1494.537,55.858,216.71,219.622,219.029,50.856,1.151,0
2026-07-28 11:26:08.491862,1003,32.03,5.993,3.543,17.852,5.18,19.322,200.483,821.093,1421.608,54.216,213.781,219.051,220.331,52.357,0.978,0
2026-07-28 11:27:01.841476,1003,30.948,5.517,2.81,17.578,4.969,18.207,201.139,800.974,1207.002,55.633,217.534,227.016,220.742,52.025,0.881,0
2026-07-28 11:27:50.016497,1003,31.304,5.896,2.545,19.817,4.84,17.895,204.575,861.721,1343.342,56.713,215.195,238.647,220.114,52.007,1.12,0
2026-07-28 11:28:40.424405,1003,30.91,5.917,3.225,15.543,5.263,19.115,191.753,844.768,1286.445,60.734,215.447,227.977,218.784,51.082,1.007,0
2026-07-28 11:29:33.230607,1003,31.57,6.066,3.033,18.522,4.911,19.301,195.07,844.064,1313.056,58.028,216.409,225.919,223.342,52.568,0.871,0
2026-07-28 11:30:21.273073,1003,31.744,5.936,3.016,15.184,5.134,18.311,190.495,870.405,1338.829,60.294,215.502,229.312,219.374,51.65,0.819,0
2026-07-28 11:31:17.391883,1003,32.171,5.696,3.253,16.668,5.076,18.0,210.836,841.729,1389.375,61.946,213.41,229.929,220.546,52.623,1.046,0
2026-07-28 11:32:09.805045,1003,30.911,5.867,2.922,13.574,5.091,18.765,193.789,800.273,1243.297,56.319,211.14,226.962,219.299,51.541,0.997,0
2026-07-28 11:33:01.854050,1003,31.686,5.959,3.481,12.839,4.66,17.701,202.655,841.149,1331.151,57.206,213.829,224.66,218.872,52.228,1.023,0
2026-07-28 11:33:48.927715,1003,32.218,5.801,2.186,18.0,4.25,20.031,195.94,859.348,1316.45,59.562,213.935,220.913,220.062,51.472,1.026,0
2026-07-28 11:34:39.077541,1003,30.999,5.83,3.708,16.008,5.452,17.881,200.277,856.169,1382.653,54.912,213.862,231.283,219.469,52.673,0.984,0
2026-07-28 11:35:29.983615,1003,30.882,6.201,2.479,13.054,5.538,18.714,194.913,845.806,1345.497,57.686,214.241,225.523,220.114,51.153,1.042,0
2026-07-28 11:36:17.909052,1003,30.763,5.875,2.067,17.873,4.431,18.404,200.539,920.92,1429.71,61.946,211.583,229.492,219.213,52.211,1.079,0
2026-07-28 11:37:12.354416,1003,31.812,6.088,2.551,9.708,5.325,17.948,196.658,899.13,1371.98,58.013,213.57,231.938,220.162,51.145,0.984,0
2026-07-28 11:38:04.197872,1003,31.137,5.965,2.801,14.137,5.265,17.939,205.231,816.177,1401.279,62.857,215.656,226.211,219.1,51.701,1.057,0
2026-07-28 11:38:53.230692,1003,31.739,5.754,2.581,12.18,4.803,19.177,196.837,811.287,1369.796,53.674,216.251,221.345,221.292,52.447,1.063,0
2026-07-28 11:39:43.881807,1003,31.392,5.933,2.45,18.758,5.469,18.72,190.665,889.455,1252.288,58.92,214.126,226.549,220.357,51.201,1.118,0
2026-07-28 11:40:35.713406,1003,32.4,6.058,3.576,15.003,5.541,18.082,198.109,881.896,1318.152,59.928,215.829,226.847,219.85,52.328,0.754,0
2026-07-28 11:41:33.642457,1003,31.894,6.347,2.504,16.181,5.518,18.164,195.056,893.906,1293.156,58.83,211.893,229.579,219.98,52.529,0.953,0
2026-07-28 11:42:26.594774,1003,31.098,5.846,1.713,16.7,5.723,18.012,189.08,838.119,1414.506,56.291,215.324,225.098,219.548,50.599,1.061,0
2026-07-28 11:43:15.769936,1003,31.349,5.983,2.8,17.86,5.5,19.029,197.275,846.35,1422.376,51.373,216.422,224.884,220.143,52.333,1.231,0
2026-07-28 11:44:05.392620,1003,31.894,6.182,4.166,17.599,4.951,19.053,191.299,799.43,1343.04,62.197,215.619,225.881,221.797,52.788,1.13,0
2026-07-28 11:44:55.821738,1003,30.966,6.252,2.393,17.843,5.205,18.816,193.585,855.174,1362.347,51.574,214.968,229.062,219.314,51.476,1.132,0
2026-07-28 11:45:49.312128,1003,32.091,5.87,2.487,15.389,5.316,18.652,195.247,832.477,1215.743,51.889,211.94,231.28,220.192,51.398,1.292,0
2026-07-28 11:46:42.230560,1003,31.375,5.969,2.77,17.962,5.656,18.876,182.836,828.361,1316.87,59.941,217.269,237.3,219.079,50.862,0.991,0
2026-07-28 11:47:35.393009,1003,31.904,6.223,3.88,14.493,5.125,17.511,192.412,877.789,1137.324,55.949,217.329,235.601,217.022,51.327,1.228,0
2026-07-28 11:48:26.768971,1003,31.402,6.102,2.795,15.075,5.01,18.665,200.543,846.478,1418.777,58.103,215.841,226.939,220.735,52.713,1.075,0
2026-07-28 11:49:13.592819,1003,31.238,6.207,2.417,12.465,4.704,19.141,193.846,874.919,1539.46,52.112,216.598,224.481,221.294,51.708,0.892,0
2026-07-28 11:50:06.959919,1003,31.156,6.234,3.207,19.856,5.462,18.639,183.589,847.871,1304.678,58.724,215.002,224.882,220.523,52.35,0.812,0
2026-07-28 11:50:56.218341,1003,32.366,6.111,3.165,13.715,5.263,18.532,194.51,866.897,1369.451,61.012,215.914,221.987,222.802,51.563,0.975,0
2026-07-28 11:51:49.576275,1003,31.352,6.029,3.277,19.245,4.94,18.118,197.898,812.937,1385.465,50.943,216.007,228.022,219.568,51.922,1.073,0
2026-07-28 11:52:37.402501,1003,33.04,5.866,2.394,17.236,5.431,18.158,193.213,822.377,1253.392,58.559,214.924,223.34,218.925,52.872,0.971,0
2026-07-28 11:53:29.033332,1003,31.576,5.951,2.678,16.458,5.098,18.186,193.407,864.147,1338.825,61.29,214.008,222.851,221.421,52.943,1.013,0
2026-07-28 11:54:23.014950,1003,31.075,5.964,3.642,16.844,4.803,18.634,192.322,900.082,1389.757,51.897,216.05,223.128,221.495,52.107,1.211,0
2026-07-28 11:55:20.892732,1003,30.707,6.24,3.233,13.55,5.599,18.209,198.724,864.523,1364.365,58.108,217.254,231.232,221.318,51.855,1.005,0
2026-07-28 11:56:10.906732,1003,32.116,6.035,3.461,19.693,4.581,17.406,190.068,851.447,1355.064,57.716,216.49,227.153,218.703,51.447,1.216,0
2026-07-28 11:57:07.135229,1003,31.403,6.037,2.969,15.168,5.243,18.979,198.278,894.567,1324.808,58.998,215.409,221.777,219.161,52.561,1.085,0
2026-07-28 11:58:02.059603,1003,31.911,5.801,3.602,18.33,5.167,18.813,193.392,844.676,1280.631,56.355,215.317,231.201,218.029,51.916,1.117,0
2026-07-28 11:58:52.648758,1003,32.661,6.241,3.167,14.75,4.708,18.713,202.519,827.9,1407.458,51.382,215.386,232.503,222.368,52.907,0.975,0
2026-07-28 11:59:44.401552,1003,31.834,5.847,2.702,12.708,5.298,17.938,192.088,851.2,1499.631,55.832,212.258,225.569,218.896,50.822,0.992,0
2026-07-28 12:00:34.420727,1003,31.669,5.943,3.425,20.562,4.992,18.205,188.335,861.81,1179.541,55.166,214.872,224.209,218.552,51.698,1.002,0
2026-07-28 12:01:23.877773,1003,32.113,6.262,2.501,14.612,5.705,18.811,198.713,814.279,1166.974,57.215,214.741,223.836,219.875,51.897,0.99,0
2026-07-28 12:02:11.075047,1003,31.902,6.177,3.88,17.062,5.501,18.516,197.957,854.744,1246.766,62.562,213.551,228.614,220.141,52.358,1.072,0
2026-07-28 12:02:59.719895,1003,30.869,5.83,3.575,9.036,5.266,18.081,197.471,800.996,1312.498,51.257,216.265,231.329,220.799,51.095,1.142,0
2026-07-28 12:03:43.546813,1003,32.166,5.784,2.833,15.837,4.452,19.28,200.079,842.285,1327.707,61.535,215.338,228.208,219.844,51.905,1.271,0
2026-07-28 12:04:35.724866,1003,31.477,5.959,2.895,17.389,5.033,17.992,188.989,846.458,1360.809,64.926,211.86,221.848,219.185,52.682,0.923,0
2026-07-28 12:05:32.212536,1003,32.271,5.885,3.075,16.328,5.01,16.709,190.27,850.065,1356.162,64.669,215.282,231.969,219.525,52.22,1.0,0
2026-07-28 12:06:24.768848,1003,31.754,5.707,2.901,15.775,5.563,18.552,202.918,794.218,1338.214,65.021,216.532,227.272,219.276,52.234,1.109,0
2026-07-28 12:07:16.726493,1003,32.096,5.849,3.752,15.515,5.253,18.578,197.613,853.915,1458.133,58.309,214.285,226.656,221.672,51.431,1.007,0
2026-07-28 12:08:06.635025,1003,31.388,5.45,2.693,18.002,5.295,18.535,192.266,876.344,1271.304,57.803,213.77,229.31,219.992,51.848,0.857,0
2026-07-28 12:09:04.391607,1003,30.741,6.181,2.144,13.025,5.505,18.741,184.418,891.834,1427.117,49.905,213.453,231.882,220.762,51.283,1.087,0
2026-07-28 12:09:59.468833,1003,31.782,6.168,2.853,15.456,5.689,18.166,187.535,893.135,1518.734,56.587,215.12,222.718,219.749,52.709,0.912,0
2026-07-28 12:10:47.342319,1003,31.988,6.282,3.429,19.3,5.638,19.116,189.255,851.736,1225.002,62.257,214.129,221.865,217.808,52.296,1.022,0
2026-07-28 12:11:45.710545,1003,31.222,6.071,3.578,12.59,5.364,17.68,191.633,922.878,1184.27,51.531,213.235,227.299,221.972,52.09,1.189,0
2026-07-28 12:12:42.340394,1003,31.398,5.91,3.065,15.755,5.118,18.487,196.833,828.958,1365.777,53.888,216.944,227.348,220.697,52.125,1.078,0
2026-07-28 12:13:30.929380,1003,30.393,6.205,2.639,13.462,5.33,18.125,186.805,829.877,1404.98,57.96,215.245,231.29,220.465,52.85,1.069,0
2026-07-28 12:14:25.250497,1003,31.422,5.86,2.975,16.692,5.19,19.104,191.833,851.525,1353.078,50.553,214.371,232.825,217.456,53.412,1.164,0
2026-07-28 12:15:16.550659,1003,30.875,5.735,2.627,16.076,5.436,18.023,187.419,874.988,1169.307,65.158,217.008,225.387,219.833,52.057,0.986,0
2026-07-28 12:16:02.289325,1003,31.759,5.971,1.686,13.829,5.03,18.543,192.472,869.655,1206.621,59.952,215.329,228.879,221.851,52.058,1.038,0
2026-07-28 12:16:51.323128,1003,31.667,6.082,2.514,16.056,5.471,18.551,209.308,782.319,1306.817,58.942,214.838,229.43,221.555,52.278,0.98,0
2026-07-28 12:17:45.584348,1003,31.508,5.838,3.291,16.151,5.214,18.617,202.136,823.036,1385.338,60.898,215.262,229.839,219.739,53.017,1.086,0
2026-07-28 12:18:39.452292,1003,32.161,5.79,2.846,14.599,5.316,18.062,198.441,873.248,1319.865,56.077,214.366,220.691,221.463,52.543,0.854,0
2026-07-28 12:19:39.952162,1003,31.62,5.917,2.824,15.042,4.841,18.719,191.866,825.23,1368.137,58.676,214.832,229.691,221.884,52.28,0.902,0
2026-07-28 12:20:32.407663,1003,31.597,6.082,3.631,14.51,5.118,18.517,188.538,847.267,1365.748,53.397,215.701,224.008,219.815,52.541,1.004,0
2026-07-28 12:21:18.648774,1003,31.661,5.971,2.451,10.755,5.334,18.706,194.48,861.414,1429.147,47.77,217.018,229.902,221.582,52.292,1.066,0
2026-07-28 12:22:07.469247,1003,31.209,6.527,2.506,18.132,5.145,19.445,185.679,865.026,1251.329,57.364,214.341,222.642,221.528,51.023,1.209,0
2026-07-28 12:22:57.948176,1003,31.996,5.973,3.189,18.748,4.496,18.57,198.889,875.96,1357.493,64.145,215.753,227.746,221.007,52.749,0.902,0
2026-07-28 12:23:48.887859,1003,31.042,6.15,2.594,11.975,4.83,17.903,193.811,887.862,1472.291,64.533,213.23,226.2,221.123,51.443,0.993,0
2026-07-28 12:24:39.712815,1003,31.711,5.71,2.591,18.778,5.303,19.677,194.835,869.345,1282.85,56.707,215.607,236.445,218.952,51.94,1.028,0
2026-07-28 12:25:32.561198,1003,32.109,6.117,3.883,16.923,5.651,19.087,185.015,815.404,1296.714,56.338,217.164,223.733,220.942,51.458,0.874,0
2026-07-28 12:26:29.067303,1003,30.987,5.908,2.389,13.465,5.13,18.892,195.299,868.007,1357.332,50.967,215.028,223.418,219.849,51.816,0.918,0
2026-07-28 12:27:22.132002,1003,30.829,5.998,2.582,15.519,5.053,18.39,193.566,882.371,1260.136,61.961,214.307,233.649,218.915,52.168,0.803,0
2026-07-28 12:28:07.945848,1003,30.978,6.337,3.25,14.377,5.516,18.944,189.26,864.151,1251.034,59.277,214.362,231.059,221.825,52.951,1.061,0
2026-07-28 12:29:00.908968,1003,32.409,5.926,2.972,18.124,5.203,17.266,196.347,888.402,1320.493,56.706,215.581,228.498,219.859,51.705,0.911,0
2026-07-28 12:29:47.097590,1003,31.195,5.738,2.217,13.89,5.423,19.428,192.609,857.889,1329.256,49.216,215.072,225.317,220.281,53.024,1.135,0
2026-07-28 12:30:36.854688,1003,30.9,5.77,4.017,20.883,5.111,19.038,196.768,847.317,1413.875,49.929,214.515,222.49,220.169,50.879,1.046,0
2026-07-28 12:31:34.097380,1003,31.683,6.035,2.547,18.665,5.078,18.394,198.71,826.436,1273.779,58.044,215.784,225.509,218.132,51.138,0.979,0
2026-07-28 12:32:19.531188,1003,30.138,6.024,2.86,13.183,5.447,19.023,188.491,909.996,1352.591,51.021,213.947,225.066,219.645,51.407,0.917,1
2026-07-28 12:33:17.419062,1003,31.023,6.015,3.249,19.768,5.402,18.871,195.642,820.686,1454.917,59.76,216.038,224.37,220.928,52.536,1.042,0
2026-07-28 12:34:10.826031,1003,32.207,5.743,4.233,17.679,5.104,17.894,195.529,850.861,1449.859,59.965,214.622,225.162,220.017,51.349,0.972,0
2026-07-28 12:35:03.614354,1003,31.022,6.405,2.766,15.654,4.863,18.607,202.462,840.668,1340.634,51.978,215.791,224.966,219.576,51.127,1.059,0
2026-07-28 12:35:51.147937,1003,31.37,6.293,2.476,17.554,4.699,18.725,200.046,812.308,1366.058,57.703,216.008,231.365,220.4,53.258,1.127,0
2026-07-28 12:36:43.142216,1003,31.647,6.026,3.284,18.127,4.739,18.42,192.91,876.757,1273.055,53.556,212.669,221.469,221.289,51.907,0.916,0
2026-07-28 12:37:33.321804,1003,31.647,5.696,4.19,14.256,5.01,18.368,192.446,865.47,1374.553,61.454,214.915,228.975,218.039,53.041,0.952,0
2026-07-28 12:38:22.342545,1003,31.234,6.317,3.077,17.92,5.295,19.041,195.898,858.075,1480.079,71.321,213.165,228.451,219.874,52.722,1.141,0
2026-07-28 12:39:13.669952,1003,31.773,6.227,2.837,15.005,4.7,18.606,188.258,832.806,1460.443,57.001,212.923,227.05,220.023,52.564,1.153,0
2026-07-28 12:40:12.742770,1003,32.223,6.021,3.223,17.873,4.72,19.627,189.158,867.338,1348.109,63.707,214.719,230.129,222.123,52.881,0.894,0
2026-07-28 12:41:06.921165,1003,30.969,6.24,1.817,15.686,5.313,18.108,192.193,843.428,1379.402,61.817,215.369,229.131,221.448,51.812,0.908,0
2026-07-28 12:41:57.956954,1003,31.258,5.901,2.649,13.683,5.671,18.746,180.71,864.95,1287.482,57.174,213.146,227.753,218.343,51.192,0.907,0
2026-07-28 12:42:50.845016,1003,31.447,5.808,1.96,17.45,5.527,17.948,189.062,892.648,1270.972,59.735,215.326,231.964,221.608,52.363,1.026,0
2026-07-28 12:43:41.228634,1003,31.85,6.031,2.795,15.129,4.648,18.906,193.006,780.136,1319.038,52.185,213.951,217.016,219.819,51.754,0.847,0
2026-07-28 12:44:35.156124,1003,31.517,5.689,2.708,16.355,5.318,17.831,211.536,880.062,1373.014,58.078,215.081,236.535,218.069,52.421,1.004,0
2026-07-28 12:45:23.045888,1003,31.436,5.778,1.497,16.94,5.487,18.673,191.135,919.831,1411.364,56.24,218.035,232.262,218.388,52.632,0.996,0
2026-07-28 12:46:17.443067,1003,30.725,6.109,3.102,19.379,5.051,19.208,198.961,900.904,1343.263,63.21,214.619,234.585,221.638,51.436,0.932,0
2026-07-28 12:47:04.400156,1003,30.933,6.048,3.352,14.998,5.129,18.531,193.812,873.417,1387.413,54.869,213.634,223.673,220.545,51.586,1.01,0
2026-07-28 12:47:55.233183,1003,31.596,5.724,2.89,14.049,5.3,17.906,197.64,886.48,1133.097,53.072,214.979,227.661,218.82,51.938,1.01,0
2026-07-28 12:48:50.421588,1003,31.243,5.918,2.129,19.785,5.346,19.067,188.505,826.361,1364.488,53.234,214.772,228.676,221.9,52.889,0.961,0
2026-07-28 12:49:47.818518,1003,31.329,5.732,3.721,16.007,5.313,18.716,185.726,857.97,1297.281,61.094,214.585,225.814,220.852,51.45,1.185,0
2026-07-28 12:50:32.530805,1003,31.469,5.902,4.081,14.746,5.417,18.449,203.264,846.651,1243.679,56.727,215.041,228.132,219.693,53.284,0.955,0
2026-07-28 12:51:20.562231,1003,32.671,5.88,3.228,16.833,5.265,17.919,187.02,837.452,1388.589,50.428,214.778,228.486,220.359,50.849,1.005,0
2026-07-28 12:52:12.353311,1003,31.251,6.198,2.798,15.21,5.012,17.534,203.902,879.661,1473.009,61.761,213.515,222.347,218.948,53.133,0.934,0
2026-07-28 12:53:06.360563,1003,32.193,5.969,2.806,15.384,5.066,19.851,192.774,845.273,1348.834,51.156,215.989,230.504,222.399,52.168,1.107,0
2026-07-28 12:53:56.217562,1003,32.157,5.951,3.247,21.919,4.966,18.156,190.038,797.225,1424.782,55.196,216.576,230.157,218.576,52.374,0.875,0
2026-07-28 12:54:47.900335,1003,31.902,5.922,3.051,13.728,5.062,17.904,191.902,863.715,1314.495,56.615,214.553,224.549,218.454,52.403,1.016,0
2026-07-28 12:55:39.782130,1003,31.076,5.656,3.248,12.692,5.369,18.689,204.613,850.196,1524.493,52.898,215.421,221.938,220.234,50.379,0.9,0
2026-07-28 12:56:31.345086,1003,31.569,5.98,3.256,18.819,4.968,17.889,190.809,871.101,1216.023,50.373,212.545,227.938,223.457,51.802,0.811,0
2026-07-28 12:57:23.075322,1003,31.305,6.097,2.579,15.128,5.521,18.799,192.707,839.118,1341.426,60.916,214.978,223.954,218.313,51.897,0.926,0
2026-07-28 12:58:15.019933,1003,32.507,6.046,2.531,16.734,4.904,19.311,200.851,801.038,1413.872,60.238,217.308,228.629,220.978,52.848,0.93,0
2026-07-28 12:59:12.023209,1003,31.705,6.139,2.84,17.468,5.261,17.865,197.843,822.743,1347.376,57.726,215.96,224.168,220.084,51.942,1.059,0
2026-07-28 13:00:03.303316,1003,31.393,6.148,3.266,11.975,5.451,18.321,207.465,824.456,1466.995,59.034,215.185,233.79,220.479,52.998,0.907,0
2026-07-28 13:00:59.191492,1003,32.392,6.44,2.111,18.623,5.335,18.759,201.992,821.198,1173.789,50.355,214.947,224.613,221.37,53.275,0.772,0
2026-07-28 13:01:50.990628,1003,31.324,5.774,2.87,14.709,4.646,17.769,190.822,834.683,1340.549,59.692,214.641,223.746,219.177,52.411,0.781,0
2026-07-28 13:02:40.742738,1003,31.776,6.047,2.979,20.367,5.24,17.953,202.815,872.09,1328.807,59.237,215.504,227.601,219.691,52.136,1.018,0
2026-07-28 13:03:31.865762,1003,31.851,6.069,2.723,14.169,4.979,18.43,183.467,810.944,1340.624,59.358,216.234,220.786,219.173,51.285,1.051,1
2026-07-28 13:04:18.451379,1003,31.674,5.936,3.8,19.601,4.803,19.676,199.621,876.608,1215.45,59.343,214.398,223.864,221.682,52.452,1.019,0
2026-07-28 13:05:07.010766,1003,31.447,5.874,3.702,20.017,5.267,17.988,191.072,814.178,1325.236,61.676,215.901,220.544,221.527,51.788,0.953,0
2026-07-28 13:05:56.688028,1003,31.919,6.1,3.237,14.874,4.825,18.33,198.574,839.947,1321.311,57.013,214.03,228.392,218.651,52.988,1.035,0
2026-07-28 13:06:49.070765,1003,31.185,6.081,4.009,15.562,5.273,19.988,206.781,849.967,1370.669,57.764,214.475,231.396,220.457,50.988,0.797,0
2026-07-28 13:07:46.171683,1003,32.057,5.789,3.501,15.278,5.637,18.977,184.978,842.309,1443.352,51.894,213.666,225.695,221.258,51.543,0.779,0
2026-07-28 13:08:37.035481,1003,31.359,5.64,3.076,19.495,5.291,17.483,200.537,869.034,1359.476,60.38,215.192,232.768,218.092,52.666,0.84,0
2026-07-28 13:09:25.768477,1003,32.169,5.902,2.728,16.413,5.13,18.36,200.041,847.856,1385.51,54.692,215.1,223.929,221.666,53.221,0.98,0
2026-07-28 13:10:20.383612,1003,32.023,5.865,2.775,17.225,5.152,18.851,198.961,846.45,1456.889,54.994,215.476,225.541,219.922,52.523,1.086,0
2026-07-28 13:11:12.955525,1003,31.775,6.121,3.217,15.67,5.474,19.368,189.119,782.085,1451.083,55.782,215.37,231.258,219.456,52.913,0.889,0
2026-07-28 13:12:08.573354,1003,31.455,5.815,2.788,17.086,5.108,19.336,194.463,862.622,1147.325,52.996,215.868,230.508,221.676,52.148,0.902,0
2026-07-28 13:13:03.605087,1003,32.051,5.964,2.135,17.235,5.06,18.836,189.222,905.481,1417.779,57.053,217.502,229.417,221.357,53.216,1.069,0
2026-07-28 13:13:57.361970,1003,31.786,5.659,2.783,14.627,4.921,18.93,197.58,836.734,1417.245,60.962,215.88,232.162,218.358,52.198,0.954,0
2026-07-28 13:14:50.470161,1003,29.892,5.69,3.586,20.077,4.932,17.721,187.174,870.154,1327.712,52.83,212.632,227.284,220.865,52.391,1.02,0
2026-07-28 13:15:45.509279,1003,31.091,5.846,1.533,15.531,5.468,18.084,192.376,827.109,1311.026,57.43,214.702,228.772,220.817,52.18,1.011,0
2026-07-28 13:16:40.324596,1003,31.584,5.95,3.8,18.369,5.054,17.722,198.781,879.577,1254.025,60.299,214.958,224.639,217.383,51.852,0.863,0
2026-07-28 13:17:35.278477,1003,31.64,5.836,3.327,13.098,5.367,19.118,190.604,866.05,1184.997,47.083,213.098,235.589,220.673,52.338,1.197,0
2026-07-28 13:18:30.167474,1003,31.854,6.029,2.866,17.573,5.391,18.726,192.622,840.369,1422.232,65.288,215.996,225.61,219.505,52.216,0.903,0
2026-07-28 13:19:21.950585,1003,32.274,5.66,3.164,18.449,4.913,18.564,189.561,838.459,1415.035,55.56,217.146,226.606,221.355,52.358,1.209,0
2026-07-28 13:20:11.424330,1003,31.793,5.957,3.548,16.612,4.961,19.426,196.54,869.715,1341.503,53.573,213.96,228.38,218.974,50.471,1.06,0
2026-07-28 13:21:03.510292,1003,30.458,5.959,3.019,18.475,5.373,18.823,194.174,852.187,1410.338,57.842,216.516,230.302,220.147,51.432,1.03,0
2026-07-28 13:21:54.251071,1003,31.599,5.71,3.541,14.373,5.242,19.183,190.604,815.29,1437.004,54.665,216.288,230.259,219.358,51.676,0.836,0
2026-07-28 13:22:43.361012,1003,32.108,6.046,3.485,17.087,5.146,18.954,191.216,806.686,1197.358,57.203,215.329,216.122,219.237,50.995,1.038,0
2026-07-28 13:23:40.345606,1003,31.556,5.566,3.1,12.502,5.339,19.012,195.949,868.059,1371.192,54.354,215.997,234.921,217.374,51.385,0.991,0
2026-07-28 13:24:32.310164,1003,31.602,5.863,2.367,16.342,5.504,17.874,188.651,828.87,1329.369,62.233,214.083,234.261,221.279,52.534,0.975,0
2026-07-28 13:25:21.032197,1003,31.253,6.157,2.944,14.176,5.188,19.085,194.734,852.023,1386.741,68.772,216.381,232.76,221.393,52.259,0.857,0
2026-07-28 13:26:17.209618,1003,31.975,5.555,1.836,15.842,5.029,18.784,195.199,868.055,1365.84,60.537,216.519,228.115,220.086,52.722,1.096,0
2026-07-28 13:27:09.567289,1003,31.323,6.134,3.254,19.172,5.235,18.255,195.937,816.129,1415.441,58.338,215.573,232.74,220.445,52.674,1.101,0
2026-07-28 13:28:04.671217,1003,31.796,5.767,2.761,19.997,4.959,18.911,191.818,821.588,1215.458,55.181,215.367,228.601,219.12,52.729,0.812,0
2026-07-28 13:28:55.520402,1003,31.714,5.882,2.649,13.05,5.243,19.272,198.631,898.056,1461.687,61.957,214.048,228.548,221.29,52.066,0.934,0
2026-07-28 13:29:49.375934,1003,31.527,6.281,3.374,18.864,5.201,18.441,200.77,839.044,1305.489,54.273,216.136,230.432,220.296,52.98,0.968,0
2026-07-28 13:30:43.370248,1003,31.742,5.875,2.276,19.218,4.955,18.05,198.884,880.551,1338.588,58.838,215.017,229.782,220.075,51.637,1.037,0
2026-07-28 13:31:35.696265,1003,31.601,6.323,3.064,16.747,5.079,18.078,196.259,923.711,1200.438,55.316,214.836,231.801,221.766,52.944,1.016,0
2026-07-28 13:32:25.736956,1003,32.139,5.939,2.806,19.123,5.103,17.663,186.441,857.937,1341.198,52.223,216.133,218.463,218.439,52.655,0.992,0
2026-07-28 13:33:18.986648,1003,31.838,5.983,2.897,15.046,5.42,18.399,205.053,826.001,1348.455,56.605,214.654,227.127,217.67,52.491,1.053,0
2026-07-28 13:34:12.858240,1003,32.02,6.168,3.162,14.818,4.937,18.854,195.352,854.684,1343.217,53.362,214.153,222.372,220.534,52.021,1.205,0
2026-07-28 13:35:01.108708,1003,31.118,6.109,4.039,14.828,4.957,19.54,196.871,845.525,1287.446,63.698,216.305,231.41,219.75,51.558,0.968,0
2026-07-28 13:36:00.663482,1003,31.087,6.031,3.227,17.642,5.088,18.017,190.77,852.947,1246.332,54.333,213.189,223.669,218.638,52.033,1.114,0
2026-07-28 13:36:57.746190,1003,31.531,5.907,3.774,15.776,5.369,18.716,193.711,871.796,1404.511,56.953,215.873,226.312,220.206,50.968,1.193,0
2026-07-28 13:37:50.202688,1003,31.875,5.69,3.795,14.354,5.418,18.514,202.076,875.117,1202.343,54.772,213.523,231.432,220.436,52.758,1.168,0
2026-07-28 13:38:44.864287,1003,31.766,5.7,3.439,14.464,5.279,18.495,199.696,792.862,1418.39,52.312,212.827,232.995,221.055,51.695,1.072,0
2026-07-28 13:39:36.809841,1003,31.124,6.263,1.949,16.003,5.414,17.582,193.132,885.509,1494.034,60.375,215.789,231.208,218.676,51.738,1.072,0
2026-07-28 13:40:26.837437,1003,31.89,6.34,2.863,14.047,5.549,17.893,204.166,858.936,1538.426,57.103,215.389,230.663,219.509,50.752,1.047,0
2026-07-28 13:41:21.803065,1003,31.186,6.026,2.378,17.537,5.247,19.589,188.944,834.367,1257.897,67.342,214.241,222.513,220.359,51.293,1.186,0
2026-07-28 13:42:11.257473,1003,31.837,5.645,4.632,18.749,4.96,19.106,184.915,872.29,1400.221,61.899,213.613,223.228,221.33,53.863,0.957,0
2026-07-28 13:43:04.414850,1003,31.643,5.846,2.428,18.24,5.177,18.67,183.425,820.537,1302.183,57.794,215.406,221.87,221.092,51.577,0.959,0
2026-07-28 13:43:54.358205,1003,31.387,5.836,2.147,22.696,4.791,18.777,199.77,821.888,1454.084,59.041,214.438,223.065,219.409,52.741,0.928,0
2026-07-28 13:44:43.743230,1003,31.232,5.889,1.421,16.945,5.318,18.946,190.824,881.71,1383.408,57.122,215.949,228.164,220.623,51.119,1.268,0
2026-07-28 13:45:36.200600,1003,31.567,5.823,2.409,19.899,5.053,18.231,194.158,852.944,1325.158,53.185,214.309,231.723,219.375,51.073,1.169,0
2026-07-28 13:46:31.454060,1003,31.542,6.104,3.07,16.423,5.234,18.256,201.566,896.463,1272.617,51.465,214.49,231.708,219.505,51.993,0.934,0
2026-07-28 13:47:24.270433,1003,30.977,6.049,3.62,15.36,5.175,18.13,196.972,831.102,1318.587,53.067,216.331,219.723,219.626,52.051,0.867,0
2026-07-28 13:48:16.469833,1003,31.801,6.316,2.39,16.274,5.085,18.601,187.883,859.449,1292.682,63.117,213.767,227.347,219.229,51.585,0.978,0
2026-07-28 13:49:02.869027,1003,32.078,5.922,3.668,16.383,5.268,17.81,204.745,862.235,1347.933,58.58,213.253,226.349,220.882,52.002,1.008,0
2026-07-28 13:49:54.244370,1003,31.93,6.04,2.964,15.716,5.163,18.102,193.254,862.771,1352.311,59.756,213.878,217.768,221.117,51.463,1.028,0
2026-07-28 13:50:41.843437,1003,31.658,6.148,2.723,13.51,5.011,18.804,194.622,869.002,1302.864,60.806,215.29,230.985,219.52,52.855,0.831,0
2026-07-28 13:51:34.023802,1003,31.275,6.204,3.099,13.747,4.871,18.288,190.723,864.329,1295.251,56.66,217.294,230.868,220.209,53.413,0.919,0
2026-07-28 13:52:26.007388,1003,31.564,5.753,3.808,18.606,5.307,17.45,188.306,851.556,1403.331,54.957,215.183,224.948,219.539,52.738,1.134,0
2026-07-28 13:53:17.826034,1003,31.434,6.081,3.029,17.918,4.838,18.272,196.382,794.693,1409.542,65.983,213.954,226.2,218.875,51.049,1.067,0
2026-07-28 13:54:09.729360,1003,31.562,6.029,2.368,20.091,5.738,18.827,186.352,876.061,1280.915,59.729,214.005,228.111,218.691,52.318,0.923,0
2026-07-28 13:55:03.296744,1003,31.968,6.061,3.242,15.097,5.586,18.57,194.502,782.16,1345.364,50.51,215.493,229.238,222.098,51.598,1.106,0
2026-07-28 13:55:57.064224,1003,31.446,6.012,3.233,14.882,4.723,17.486,204.512,815.223,1276.541,50.128,212.92,224.775,219.107,51.598,1.108,0
2026-07-28 13:56:50.118801,1003,30.581,6.343,2.892,13.357,5.388,19.119,199.508,830.564,1571.671,60.65,212.742,223.892,220.762,52.501,1.245,0
2026-07-28 13:57:45.142948,1003,31.9,5.822,3.582,18.429,5.541,18.352,196.218,877.193,1270.047,53.79,215.236,222.939,220.468,52.08,0.976,0
2026-07-28 13:58:29.607481,1003,31.699,5.81,1.695,13.948,5.024,18.703,188.41,844.556,1371.531,56.953,216.062,233.753,218.571,52.084,0.926,0
2026-07-28 13:59:18.479735,1003,31.575,5.836,3.204,15.929,5.305,19.127,194.636,905.374,1387.832,48.311,216.092,232.622,220.509,52.036,0.984,0
2026-07-28 14:00:11.854197,1003,30.913,5.942,3.447,16.72,5.162,18.426,190.224,810.783,1293.446,55.555,215.416,222.912,220.354,51.374,1.102,0
2026-07-28 14:01:03.872154,1003,31.084,6.059,2.174,12.404,5.405,17.355,203.653,819.11,1276.872,61.331,216.436,223.738,219.971,51.291,0.862,1
2026-07-28 14:01:53.183966,1003,31.142,5.909,2.155,17.787,5.066,19.553,192.156,785.737,1326.246,55.252,214.773,223.045,219.477,51.805,1.0,0
2026-07-28 14:02:46.543915,1003,31.208,6.201,3.569,18.323,5.504,17.175,190.284,817.744,1276.471,52.585,214.546,221.263,219.997,51.866,1.004,0
2026-07-28 14:03:40.837172,1003,31.255,5.999,3.669,16.637,5.157,18.3,193.694,832.654,1366.015,56.474,214.938,235.694,220.567,52.291,1.146,0
2026-07-28 14:04:30.475032,1003,30.909,5.981,3.775,15.8,5.105,19.277,190.31,893.483,1277.774,57.646,215.354,224.416,218.967,52.622,0.941,0
2026-07-28 14:05:20.463217,1003,32.576,5.734,2.605,15.926,5.395,18.082,196.414,881.328,1362.463,56.02,219.669,230.69,221.725,51.877,0.984,0
2026-07-28 14:06:07.358543,1003,32.251,6.364,3.115,19.22,5.47,18.117,205.928,857.915,1174.527,50.871,214.764,226.078,220.825,52.124,1.057,0
2026-07-28 14:06:59.048277,1003,31.639,5.991,3.19,16.123,4.499,18.37,195.043,841.974,1281.409,59.152,215.215,226.578,217.113,52.644,0.932,0
2026-07-28 14:07:50.905989,1003,31.483,6.327,2.027,15.954,4.329,18.392,189.463,873.177,1314.297,55.09,217.085,226.286,219.731,51.825,0.912,0
2026-07-28 14:08:39.599816,1003,32.413,5.876,3.09,14.421,5.303,17.984,194.052,887.91,1435.057,58.232,215.665,229.043,222.556,52.303,1.206,0
2026-07-28 14:09:29.972657,1003,32.312,6.166,3.079,9.562,5.001,18.118,187.375,832.244,1192.94,53.399,212.984,226.724,220.429,52.152,1.061,0
2026-07-28 14:10:21.812695,1003,31.13,5.887,3.425,18.522,4.804,19.145,212.241,835.13,1436.304,62.733,217.063,230.631,219.13,51.777,1.134,0
2026-07-28 14:11:16.680822,1003,31.624,6.364,2.674,15.993,5.088,18.181,205.805,838.488,1406.076,60.493,215.389,232.353,220.768,51.111,1.08,0
2026-07-28 14:12:07.482918,1003,31.409,6.224,3.713,13.987,6.073,18.801,202.482,800.7,1198.229,55.989,211.594,224.895,217.458,51.338,0.987,0
2026-07-28 14:12:56.663289,1003,31.365,6.17,3.046,20.854,4.801,17.952,199.508,886.117,1395.735,58.778,214.512,228.358,220.323,52.728,0.933,0
2026-07-28 14:13:53.284923,1003,31.417,5.855,3.975,17.011,5.466,19.331,194.007,834.081,1270.945,64.37,214.136,220.639,219.398,50.869,0.938,0
2026-07-28 14:14:47.447996,1003,31.457,6.381,3.426,15.526,4.972,19.063,194.14,842.609,1398.553,62.435,214.431,225.307,220.051,53.243,0.919,0
2026-07-28 14:15:35.393838,1003,31.605,6.408,3.158,18.342,4.764,18.446,193.678,893.223,1403.598,63.839,214.958,227.577,218.404,51.526,0.92,0
2026-07-28 14:16:29.619277,1003,31.608,5.924,2.326,16.846,5.016,18.885,209.261,835.352,1417.418,60.041,215.867,226.664,219.483,50.762,0.914,0
2026-07-28 14:17:19.981399,1003,32.219,6.032,2.248,16.802,4.774,19.413,193.847,887.716,1301.425,55.224,216.521,227.043,216.866,51.621,1.086,0
2026-07-28 14:18:15.179715,1003,31.097,6.185,3.912,14.6,4.73,17.899,191.615,800.303,1407.979,59.971,216.564,229.67,219.257,50.422,0.894,0
2026-07-28 14:19:05.882670,1003,31.983,5.606,3.5,17.602,4.983,17.866,194.373,867.282,1480.896,64.637,216.923,230.547,220.145,50.806,1.153,0
2026-07-28 14:19:52.279126,1003,30.962,6.229,2.838,18.163,4.873,18.724,198.102,838.081,1325.241,60.044,214.76,218.571,221.337,52.07,1.083,0
2026-07-28 14:20:42.499445,1003,31.618,6.205,2.762,14.612,5.156,17.724,174.106,805.197,1336.038,54.026,212.493,228.269,222.957,50.904,1.074,0
2026-07-28 14:21:31.756528,1003,32.022,5.887,3.126,11.642,5.251,17.569,197.36,818.07,1410.384,57.778,211.997,226.178,219.017,50.94,1.026,0
2026-07-28 14:22:21.680152,1003,31.785,5.562,2.233,18.185,4.963,17.538,179.745,855.072,1108.035,60.694,215.929,225.477,220.607,52.038,1.046,0
2026-07-28 14:23:06.518326,1003,31.342,6.067,2.733,17.445,5.389,18.589,203.832,823.161,1266.57,58.222,214.928,233.363,219.597,52.051,0.953,0
2026-07-28 14:23:58.147178,1003,31.642,5.773,3.349,17.937,5.001,17.279,184.655,862.107,1435.609,60.706,216.797,220.122,219.641,52.348,0.907,0
2026-07-28 14:24:43.795420,1003,32.326,5.682,3.425,16.106,5.154,18.258,190.181,829.385,1363.07,54.898,215.556,227.277,220.107,52.161,0.951,0
2026-07-28 14:25:35.399395,1003,31.204,6.074,2.79,18.214,4.549,16.442,183.498,804.036,1331.684,56.597,212.895,233.544,219.81,51.96,0.856,0
2026-07-28 14:26:19.870664,1003,31.783,6.264,3.912,14.498,5.225,18.763,205.805,879.124,1269.964,58.933,214.275,227.802,222.241,52.399,1.05,0
2026-07-28 14:27:08.449273,1003,31.983,5.956,3.596,15.571,5.876,18.803,194.926,859.537,1352.261,59.132,215.514,223.51,219.642,52.635,0.89,0
2026-07-28 14:28:02.159892,1003,31.306,6.237,2.562,13.592,5.438,18.373,208.359,798.713,1304.874,54.842,213.664,226.591,218.628,52.044,1.072,0
2026-07-28 14:28:56.339100,1003,32.368,6.133,2.273,18.662,5.148,19.209,206.927,869.938,1201.517,47.211,216.806,234.939,220.22,52.354,1.075,0
2026-07-28 14:29:45.857690,1003,32.537,5.725,3.339,15.892,4.853,18.977,202.496,854.544,1460.723,45.399,214.471,232.422,218.711,50.169,1.029,1
2026-07-28 14:30:39.559893,1003,32.047,5.889,2.743,16.533,5.69,18.025,186.59,838.484,1290.936,57.304,214.614,225.324,219.557,51.692,0.944,0
2026-07-28 14:31:25.860629,1003,32.048,6.216,2.635,16.997,5.152,17.974,195.993,839.634,1326.895,58.269,213.075,233.946,221.272,53.005,0.907,0
2026-07-28 14:32:20.904999,1003,30.636,5.888,3.127,15.451,4.998,19.03,203.197,889.872,1198.434,56.63,217.445,230.176,219.702,51.606,0.92,0
2026-07-28 14:33:16.578705,1003,30.84,6.164,3.41,17.892,5.005,18.911,197.333,860.254,1304.514,57.648,214.765,216.822,220.624,52.351,0.898,0
2026-07-28 14:34:07.918764,1003,31.458,5.918,3.451,19.813,5.822,18.339,192.781,891.286,1435.505,64.224,215.349,227.054,219.749,52.162,0.999,0
2026-07-28 14:34:58.542067,1003,31.171,6.144,3.031,18.253,5.165,17.444,197.109,864.798,1429.13,55.415,214.073,235.166,220.313,51.558,0.988,0
2026-07-28 14:35:43.216259,1003,31.813,6.086,1.692,12.036,5.335,19.058,197.686,857.81,1352.148,59.033,214.526,226.842,219.164,52.315,1.21,0
2026-07-28 14:36:35.025925,1003,30.076,5.95,3.544,16.253,5.139,18.54,186.137,829.039,1296.89,64.572,215.369,233.887,220.974,51.679,1.204,0
2026-07-28 14:37:29.081861,1003,31.81,6.139,2.541,16.357,5.18,18.465,191.599,855.576,1352.195,53.148,215.52,221.475,218.419,51.655,1.168,0
2026-07-28 14:38:22.211602,1003,31.412,5.568,3.176,18.857,5.073,16.797,198.919,880.609,1392.983,64.935,215.691,222.003,219.039,51.647,0.978,0
2026-07-28 14:39:14.678469,1003,31.229,5.783,2.93,14.737,5.627,18.82,200.246,853.355,1222.757,61.579,216.213,232.257,220.098,51.39,0.844,0
2026-07-28 14:40:02.206775,1003,32.453,5.907,4.279,13.607,5.213,18.463,196.46,907.155,1371.301,56.197,215.832,231.079,220.99,51.296,1.02,0
2026-07-28 14:40:54.611215,1003,31.346,6.235,4.173,17.922,4.778,18.176,192.553,880.566,1415.152,46.853,215.655,227.39,220.254,51.656,0.973,0
2026-07-28 14:41:43.919355,1003,30.692,5.711,2.738,15.956,5.318,17.998,193.848,816.251,1344.876,63.341,214.211,231.149,220.615,52.045,1.004,0
2026-07-28 14:42:40.348688,1003,31.728,5.993,2.234,14.565,5.166,18.567,190.474,836.938,1348.344,64.935,214.729,225.011,218.538,51.733,1.048,0
2026-07-28 14:43:34.226513,1003,31.691,6.063,2.278,15.402,5.314,18.781,194.376,870.527,1288.257,54.582,213.527,222.769,219.621,51.687,1.077,0
2026-07-28 14:44:27.056716,1003,31.413,6.05,3.155,12.754,5.101,18.271,200.1,806.719,1375.26,65.199,214.4,229.124,220.286,53.795,0.804,0
2026-07-28 14:45:19.181474,1003,32.676,5.98,2.692,16.391,5.038,18.836,209.569,847.623,1486.701,50.4,215.512,226.295,220.067,52.505,1.143,0
2026-07-28 14:46:08.218918,1003,31.605,5.876,2.367,15.301,5.468,17.809,187.775,823.953,1469.537,58.725,215.481,229.25,218.702,50.843,1.105,0
2026-07-28 14:46:57.670064,1003,32.007,5.951,2.702,17.226,5.758,18.109,202.601,852.18,1301.073,56.754,215.795,228.367,218.988,52.175,0.937,0
2026-07-28 14:47:55.637818,1003,31.662,6.195,3.257,15.529,4.642,18.912,197.297,824.186,1318.163,51.884,216.765,226.092,219.842,52.203,1.098,0
2026-07-28 14:48:44.844534,1003,32.135,5.862,2.955,16.082,5.225,18.257,185.393,881.549,1466.071,56.45,213.424,235.414,220.896,54.456,0.972,0
2026-07-28 14:49:36.895624,1003,31.335,5.568,2.725,14.953,5.038,19.53,194.414,836.233,1400.575,57.37,212.76,223.142,222.52,52.237,1.004,0
2026-07-28 14:50:29.205895,1003,30.968,6.093,2.797,15.414,4.926,18.666,193.908,870.275,1398.863,52.503,214.684,228.143,218.692,53.474,0.984,0
2026-07-28 14:51:21.210340,1003,31.883,6.299,2.908,13.402,4.553,17.799,194.99,807.687,1196.299,60.336,216.77,227.108,220.061,51.718,0.92,0
2026-07-28 14:52:13.765830,1003,31.65,5.79,3.127,18.374,5.308,17.559,201.287,842.164,1427.759,54.637,216.73,228.791,218.777,51.456,0.862,0
2026-07-28 14:53:11.596141,1003,31.898,6.272,3.16,15.904,5.055,18.971,206.849,813.893,1326.16,55.991,215.238,227.696,219.971,51.19,1.301,0
2026-07-28 14:54:04.041571,1003,31.192,6.104,2.06,11.425,5.037,18.136,202.77,885.608,1369.846,63.577,214.658,232.035,219.538,52.618,1.069,0
2026-07-28 14:54:57.589121,1003,31.74,5.769,3.095,12.354,5.561,19.05,196.277,828.543,1290.037,54.751,215.314,228.813,220.49,51.359,1.015,0
2026-07-28 14:55:48.637644,1003,30.703,5.859,2.794,18.386,5.068,18.176,196.943,848.469,1490.216,48.001,216.344,224.767,217.614,51.547,1.199,0
2026-07-28 14:56:40.028434,1003,31.26,5.85,2.422,15.901,5.055,18.645,207.474,861.205,1267.13,56.444,214.065,223.187,219.601,52.36,0.815,0
2026-07-28 14:57:33.486524,1003,31.148,6.034,2.788,15.954,4.799,18.299,188.648,829.353,1515.964,57.958,214.315,224.269,220.13,51.771,0.973,0
2026-07-28 14:58:29.866202,1003,31.748,5.964,3.659,15.994,4.928,18.653,202.452,816.191,1352.436,56.486,215.115,224.084,220.246,52.106,0.932,0
2026-07-28 14:59:25.886436,1003,31.258,6.221,3.461,17.121,5.64,18.938,188.116,856.382,1335.774,61.113,216.343,230.35,220.394,51.12,0.946,0
2026-07-28 15:00:08.024312,1003,30.814,6.17,3.055,19.52,5.383,18.511,185.847,794.964,1274.94,59.181,216.002,227.153,220.19,50.331,1.003,0
2026-07-28 15:00:54.788226,1003,31.216,5.691,2.489,17.024,5.586,18.897,198.787,889.912,1305.568,54.982,212.636,229.161,221.508,52.899,0.952,0
2026-07-28 15:01:53.264811,1003,31.799,5.716,2.225,16.707,4.948,17.481,185.054,847.036,1332.719,60.425,216.005,221.714,221.596,52.811,0.804,0
2026-07-28 15:02:43.602326,1003,31.566,6.123,2.463,14.686,5.308,18.749,192.643,808.249,1361.456,59.447,214.983,226.173,219.749,51.827,0.888,0
2026-07-28 15:03:34.403961,1003,31.127,5.897,3.007,12.452,5.514,18.514,203.246,843.325,1395.855,59.32,215.764,229.529,219.375,52.074,0.899,0
2026-07-28 15:04:24.589016,1003,31.92,5.965,3.019,17.091,5.374,18.343,189.517,867.756,1332.269,56.829,214.741,231.868,220.241,51.342,0.951,0
2026-07-28 15:05:12.515067,1003,32.283,6.109,2.629,17.277,5.674,17.065,205.781,827.305,1395.787,58.699,215.599,221.262,220.969,51.817,0.895,0
2026-07-28 15:06:02.102097,1003,31.954,6.172,3.5,18.529,5.321,17.499,181.455,794.682,1450.535,57.958,215.056,234.085,220.05,53.696,0.98,0
2026-07-28 15:06:52.407864,1003,30.346,5.753,3.219,19.938,5.199,18.636,201.266,847.422,1439.991,56.239,214.347,233.552,218.694,53.255,0.984,0
2026-07-28 15:07:42.842733,1003,31.619,5.556,1.489,13.332,4.494,18.712,186.695,873.074,1403.269,59.513,214.09,231.774,221.151,52.197,0.763,0
2026-07-28 15:08:31.787285,1003,31.429,5.977,3.062,14.588,5.325,18.746,193.834,857.758,1392.526,59.838,214.77,232.815,220.474,50.668,0.882,0
2026-07-28 15:09:26.647764,1003,30.482,5.829,3.431,17.537,5.379,18.496,196.294,862.681,1259.877,59.84,213.447,225.911,222.111,52.366,1.024,0
2026-07-28 15:10:18.360100,1003,30.855,6.013,3.115,16.003,5.544,17.781,193.306,878.745,1367.759,60.091,214.469,224.15,219.103,51.815,0.988,0
2026-07-28 15:11:10.821173,1003,31.9,5.982,3.331,19.32,4.962,17.883,193.456,896.905,1257.798,48.051,214.614,227.857,220.285,51.711,0.807,0
2026-07-28 15:12:03.103269,1003,31.593,5.805,2.85,15.555,5.19,17.235,186.295,772.891,1436.444,61.298,216.244,228.764,220.519,51.996,1.089,0
2026-07-28 15:12:53.470651,1003,31.54,6.417,2.963,20.602,4.723,18.575,203.49,812.583,1374.529,53.451,215.796,224.874,219.732,53.35,1.067,0
2026-07-28 15:13:43.265076,1003,31.175,6.003,2.975,16.129,4.716,19.643,187.621,855.869,1446.024,62.204,217.415,229.975,218.863,52.104,1.256,0
2026-07-28 15:14:30.641046,1003,32.041,5.885,3.105,19.744,5.354,18.445,187.616,859.035,1449.9,51.786,212.987,233.42,220.337,52.699,1.194,0
2026-07-28 15:15:24.897457,1003,30.885,6.02,2.67,10.464,5.58,18.044,194.417,806.083,1387.498,64.144,214.692,231.261,219.484,52.3,0.906,0
2026-07-28 15:16:16.436193,1003,31.056,6.106,3.623,17.119,5.59,18.515,190.819,828.317,1292.512,48.329,216.479,227.698,220.033,52.278,0.986,0
2026-07-28 15:17:12.261763,1003,31.341,5.873,3.811,16.054,5.332,18.419,200.031,900.94,1159.384,58.858,215.329,217.25,220.05,52.469,1.003,0
2026-07-28 15:18:05.437938,1003,30.737,6.464,2.697,11.185,5.814,17.458,191.799,840.732,1396.14,55.964,214.738,221.049,218.731,51.71,1.14,0
2026-07-28 15:19:02.368133,1003,31.059,5.695,2.334,15.965,5.082,18.652,194.993,857.099,1335.713,59.446,213.881,227.105,219.479,51.053,0.969,0
2026-07-28 15:19:53.173987,1003,32.031,5.709,2.233,13.153,5.469,18.435,195.687,902.934,1418.029,64.747,215.833,230.197,219.509,53.12,1.148,0
2026-07-28 15:20:42.139373,1003,31.078,5.68,3.231,14.805,4.805,18.398,200.843,853.731,1409.354,58.494,215.224,221.527,220.081,50.936,1.031,0
2026-07-28 15:21:39.943278,1003,31.89,6.001,3.335,16.702,4.257,19.693,191.834,873.834,1400.864,61.446,214.594,227.903,220.57,52.205,0.912,0
2026-07-28 15:22:35.541822,1003,31.817,6.095,3.233,15.717,5.056,18.439,184.969,867.56,1371.004,63.945,216.21,230.488,220.386,53.273,0.87,0
2026-07-28 15:23:21.733872,1003,31.416,5.934,3.282,16.82,5.164,19.594,190.142,841.258,1209.01,54.9,217.686,227.228,221.046,52.245,1.112,0
2026-07-28 15:24:15.164153,1003,30.791,6.094,2.676,16.361,5.27,18.004,201.824,839.601,1457.423,59.02,213.934,224.891,220.188,52.424,1.106,0
2026-07-28 15:25:09.368614,1003,31.532,6.091,1.866,21.415,5.144,17.594,197.088,885.267,1243.156,63.246,215.7,221.273,222.397,52.424,1.12,0
2026-07-28 15:26:00.671322,1003,30.445,5.928,2.717,16.596,5.308,18.014,192.778,850.766,1294.983,58.982,215.166,230.745,220.468,52.819,0.716,0
2026-07-28 15:26:48.661775,1003,31.236,6.085,3.943,16.259,5.722,19.204,195.367,821.743,1321.91,55.037,215.779,224.751,218.4,52.954,0.986,0
2026-07-28 15:27:40.082054,1003,31.622,5.961,3.151,16.968,5.421,18.045,193.406,882.387,1351.56,59.663,216.585,234.415,219.535,51.0,1.138,0
2026-07-28 15:28:32.685489,1003,31.935,5.918,3.242,15.94,4.97,17.644,199.726,768.21,1322.875,57.982,216.707,228.244,223.833,52.922,0.843,0
2026-07-28 15:29:22.493666,1003,31.424,5.9,3.516,12.357,4.446,18.704,197.025,896.77,1302.759,59.639,214.402,229.051,218.392,51.958,1.063,0
2026-07-28 15:30:16.741218,1003,31.196,6.047,2.521,17.591,4.877,18.27,193.327,845.59,1418.218,55.281,213.01,230.997,220.574,51.472,0.939,0
2026-07-28 15:31:03.727055,1003,31.156,6.244,3.127,18.969,5.603,18.845,200.506,851.231,1236.814,58.517,214.888,225.969,222.711,51.248,0.896,0
2026-07-28 15:31:56.277401,1003,31.266,5.759,3.292,19.577,5.049,18.097,202.061,853.408,1314.777,56.914,214.895,229.474,218.529,52.181,0.92,0
2026-07-28 15:32:54.331054,1003,31.812,5.904,2.468,17.586,5.404,17.946,189.484,889.59,1171.786,55.422,211.697,224.789,221.906,51.61,1.174,0
2026-07-28 15:33:48.197376,1003,31.675,6.033,3.207,15.382,5.392,19.496,189.594,856.051,1262.371,63.001,216.216,224.137,221.904,52.054,1.099,0
2026-07-28 15:34:44.708475,1003,31.489,6.351,3.738,16.605,5.183,18.0,209.406,850.342,1217.136,55.343,214.37,223.672,219.683,51.999,0.987,0
2026-07-28 15:35:36.283995,1003,31.815,6.086,2.772,20.109,5.174,17.999,198.756,823.382,1412.391,54.328,214.938,225.445,217.761,52.205,1.242,0
2026-07-28 15:36:28.932824,1003,31.5,5.837,2.018,15.485,5.001,18.777,205.016,830.305,1365.877,52.517,214.315,236.146,220.754,52.559,0.803,0
2026-07-28 15:37:19.582485,1003,30.833,5.815,3.098,13.255,5.868,16.828,200.354,869.62,1281.247,57.228,214.751,223.704,219.918,52.825,0.93,0
2026-07-28 15:38:10.337065,1003,30.945,6.197,2.626,21.081,4.913,18.94,197.757,857.458,1078.104,56.86,216.532,230.078,219.801,52.81,1.176,0
2026-07-28 15:39:03.920872,1003,31.801,5.937,3.103,13.658,5.536,19.573,182.18,899.926,1220.305,60.533,215.101,226.547,220.831,53.063,0.98,0
2026-07-28 15:39:52.995117,1003,30.813,5.754,2.52,12.385,5.449,19.019,187.673,827.37,1256.584,52.328,217.546,222.729,220.041,51.818,0.977,0
2026-07-28 15:40:47.594790,1003,31.31,6.203,3.035,16.734,5.385,17.875,198.902,817.538,1319.354,50.425,215.755,230.824,218.124,51.488,0.987,0
2026-07-28 15:41:41.116996,1003,31.443,6.062,3.7,16.94,5.164,18.066,189.57,859.694,1414.416,49.71,215.842,225.386,219.888,51.941,0.95,0
2026-07-28 15:42:29.325779,1003,30.983,5.761,2.984,17.054,4.756,18.539,194.11,848.523,1227.711,59.415,214.755,225.626,220.462,51.657,1.102,0
2026-07-28 15:43:24.350343,1003,30.666,5.732,2.06,18.02,4.856,18.719,200.462,816.243,1235.185,61.845,214.928,232.049,220.618,51.081,0.909,0
2026-07-28 15:44:22.923924,1003,30.913,5.566,3.214,15.628,4.968,19.468,195.814,835.948,1207.545,61.503,216.239,226.399,221.56,51.82,1.296,0
2026-07-28 15:45:17.696935,1003,30.595,5.876,3.011,15.661,5.311,19.441,197.393,871.438,1350.237,55.394,216.425,228.44,217.697,52.481,0.844,0
2026-07-28 15:46:03.648351,1003,31.806,6.061,3.122,14.682,5.467,18.371,203.328,812.713,1165.621,58.046,215.32,227.383,221.238,52.847,1.186,0
2026-07-28 15:47:03.060397,1003,31.699,6.192,3.555,16.315,5.294,18.181,203.922,818.011,1199.96,48.063,215.668,227.105,219.566,51.934,1.091,0
2026-07-28 15:47:48.150850,1003,31.12,6.085,2.701,17.246,5.278,18.031,194.662,829.881,1390.068,64.295,214.832,221.958,220.249,52.757,0.925,0
2026-07-28 15:48:34.793253,1003,30.816,5.739,2.836,18.086,5.513,18.887,202.644,830.476,1479.541,62.359,215.264,231.103,221.067,52.005,1.028,0
2026-07-28 15:49:21.312581,1003,32.083,5.943,2.413,13.935,4.573,19.148,189.235,873.998,1355.415,61.297,215.105,228.432,219.113,50.332,1.093,0
2026-07-28 15:50:12.450050,1003,31.72,6.286,3.11,13.134,4.538,18.541,196.361,834.899,1323.309,53.73,215.047,230.918,219.563,51.048,1.069,0
2026-07-28 15:50:58.382929,1003,31.189,5.898,3.095,18.035,4.736,18.499,198.396,898.311,1535.133,55.973,216.202,227.984,220.7,52.285,0.791,0
2026-07-28 15:51:43.370128,1003,32.094,6.154,2.852,14.783,5.478,19.768,194.368,820.752,1305.665,56.701,214.94,231.936,219.313,50.732,1.042,0
2026-07-28 15:52:33.190082,1003,31.569,6.129,3.426,13.734,4.597,18.908,193.668,861.581,1305.947,64.641,214.245,228.137,220.421,51.065,0.847,0
2026-07-28 15:53:22.898570,1003,31.659,6.152,2.409,11.745,5.197,17.268,188.284,849.836,1304.405,61.7,214.677,233.263,218.731,50.933,1.115,0
2026-07-28 15:54:13.928524,1003,30.979,6.086,3.072,19.237,4.927,18.479,194.787,851.093,1477.556,56.715,214.656,223.697,221.475,51.853,1.118,0
2026-07-28 15:55:07.374347,1003,30.742,6.151,3.343,16.634,5.247,18.621,185.349,779.607,1395.812,59.955,215.529,224.179,220.926,52.166,0.849,0
2026-07-28 15:56:03.913615,1003,30.715,5.704,2.691,17.255,5.158,18.338,194.201,819.175,1394.912,53.671,214.33,235.006,219.104,50.803,0.783,0
2026-07-28 15:56:55.772607,1003,32.542,6.303,2.217,17.006,5.275,19.257,195.362,846.145,1377.758,51.684,216.35,230.974,221.33,52.528,0.966,0
2026-07-28 15:57:49.120449,1003,31.086,5.639,2.034,16.489,5.08,18.302,199.471,793.883,1311.184,57.211,214.677,235.335,220.527,52.006,0.973,0
2026-07-28 15:58:40.157324,1003,31.533,6.062,3.089,15.947,5.412,17.909,187.942,766.229,1322.53,52.723,216.883,230.074,218.876,51.074,1.001,0
2026-07-28 15:59:35.740399,1003,31.73,5.99,3.966,15.838,5.639,18.074,197.039,815.194,1268.011,50.394,215.031,226.332,220.844,52.026,1.046,0
2026-07-28 16:00:32.429531,1003,31.49,5.875,2.652,13.753,5.579,18.905,198.418,860.782,1316.329,57.64,215.634,235.343,220.875,51.47,0.983,0
2026-07-28 16:01:22.536613,1003,31.423,5.805,3.257,11.94,5.091,17.687,194.868,864.84,1374.02,56.388,216.192,219.862,218.117,51.46,1.011,0
2026-07-28 16:02:10.293767,1003,31.412,6.11,1.618,21.165,4.94,18.204,197.685,815.516,1333.385,53.264,216.468,230.86,217.102,51.112,0.908,0
2026-07-28 16:03:00.406079,1003,31.74,6.16,3.213,16.087,5.259,19.008,196.619,845.161,1418.786,55.819,215.753,216.832,219.532,51.986,0.887,0
2026-07-28 16:03:50.895902,1003,30.98,5.979,2.38,14.994,5.793,17.684,179.396,863.287,1372.314,59.091,218.146,233.826,219.132,51.823,1.066,0
2026-07-28 16:04:42.154271,1003,31.28,5.942,2.776,14.158,5.184,17.878,189.467,889.427,1366.135,56.552,215.004,223.184,220.779,51.816,1.057,0
2026-07-28 16:05:34.121017,1003,30.348,6.256,3.045,18.414,5.452,17.483,207.857,888.299,1276.232,58.088,213.189,226.214,219.217,51.91,0.961,0
2026-07-28 16:06:25.387100,1003,30.568,5.916,2.053,16.333,5.435,17.963,198.936,877.427,1245.748,56.786,214.958,223.439,219.294,52.164,0.884,0
2026-07-28 16:07:13.388003,1003,30.851,5.992,4.793,14.014,5.432,18.187,191.39,835.361,1254.265,64.766,215.954,229.987,222.192,51.859,1.171,0
2026-07-28 16:08:04.557959,1003,31.927,5.959,2.655,15.302,5.582,18.358,197.2,849.571,1442.468,63.083,215.546,226.724,221.529,50.608,1.188,0
2026-07-28 16:08:57.382251,1003,31.364,6.494,3.346,16.716,4.805,17.95,199.266,853.067,1203.193,57.988,213.778,233.305,218.19,51.965,1.125,0
2026-07-28 16:09:54.046929,1003,31.849,5.832,3.851,15.111,4.911,18.271,204.247,844.719,1366.141,54.059,214.594,224.732,221.64,51.321,1.07,0
2026-07-28 16:10:44.194662,1003,31.692,6.166,3.167,17.875,5.214,19.088,192.664,811.08,1366.187,55.146,214.028,222.541,221.903,52.785,0.88,0
2026-07-28 16:11:36.055463,1003,31.63,5.66,2.3,20.885,5.569,18.7,191.424,892.792,1291.838,52.076,214.203,225.522,219.855,52.298,1.141,0
2026-07-28 16:12:27.586124,1003,31.028,5.808,3.059,15.029,5.568,19.781,192.013,863.551,1346.948,54.151,214.888,234.379,219.554,52.69,1.064,0
2026-07-28 16:13:17.893827,1003,31.537,5.938,1.953,15.345,5.186,18.096,191.572,876.23,1364.555,60.305,215.56,231.881,217.755,51.616,0.887,0
2026-07-28 16:14:08.284312,1003,31.627,5.974,2.811,14.091,5.499,18.23,191.37,870.154,1251.813,55.007,214.125,232.358,218.412,52.623,1.078,0
2026-07-28 16:14:54.394477,1003,32.6,5.945,3.956,15.647,5.074,18.593,196.124,838.43,1282.898,56.765,214.239,225.185,219.892,51.215,0.944,0
2026-07-28 16:15:47.709661,1003,31.327,5.98,2.196,11.491,4.952,18.191,192.474,807.527,1338.602,62.462,215.853,221.957,219.46,51.984,1.091,0
2026-07-28 16:16:41.714360,1003,31.866,5.862,2.53,18.528,4.801,18.484,194.628,872.772,1341.22,59.823,213.972,233.471,219.614,51.361,1.126,0
2026-07-28 16:17:32.340186,1003,31.438,6.258,4.057,12.931,5.159,17.349,206.234,870.906,1229.137,57.789,213.918,221.714,220.455,52.416,1.057,0
2026-07-28 16:18:25.814263,1003,31.149,5.8,2.901,14.145,5.096,18.278,189.253,859.4,1350.28,57.02,217.638,227.526,222.157,53.204,0.908,0
2026-07-28 16:19:12.302201,1003,31.935,6.149,2.491,16.193,5.501,19.027,197.021,913.421,1353.499,56.668,214.368,224.706,219.318,52.244,1.068,0
2026-07-28 16:20:08.826887,1003,32.446,6.136,3.222,19.168,5.369,19.642,188.186,834.578,1427.843,61.411,212.81,227.817,219.32,50.952,1.062,0
2026-07-28 16:20:58.337669,1003,31.631,5.81,2.733,14.035,5.216,19.369,200.562,841.875,1341.057,58.751,213.512,220.321,219.866,51.526,0.923,0
2026-07-28 16:21:49.429732,1003,31.158,5.927,1.452,15.571,5.217,18.576,201.714,856.994,1308.608,56.423,212.608,231.073,219.712,54.141,0.962,0
2026-07-28 16:22:44.228889,1003,31.734,6.0,2.225,16.675,5.074,18.789,189.794,836.58,1408.116,52.15,216.979,233.256,222.06,52.573,1.21,0
2026-07-28 16:23:31.620115,1003,31.64,6.335,4.172,14.455,4.666,18.698,190.825,844.192,1437.554,59.527,214.913,231.888,219.791,51.458,1.182,0
2026-07-28 16:24:22.037665,1003,32.608,5.926,3.187,15.723,4.845,18.167,199.0,880.944,1225.161,58.938,213.751,222.826,221.119,52.643,0.94,0
2026-07-28 16:25:11.690254,1003,31.871,6.725,3.834,12.342,5.436,17.925,193.353,832.223,1298.222,50.854,215.673,229.324,223.132,52.086,0.778,0
2026-07-28 16:26:05.305987,1003,31.033,6.154,2.413,14.786,5.158,18.649,203.503,834.199,1162.96,56.851,217.055,226.781,222.111,53.838,1.163,0
2026-07-28 16:26:54.281560,1003,32.137,6.069,2.969,18.83,4.806,18.434,187.789,867.75,1260.879,58.907,214.795,227.497,219.808,52.049,1.233,0
2026-07-28 16:27:48.564084,1003,31.888,6.177,2.904,17.876,5.61,19.004,201.462,812.727,1468.737,56.402,216.96,234.469,219.467,51.821,1.173,0
2026-07-28 16:28:41.279226,1003,31.968,5.656,2.688,14.979,5.709,17.072,208.425,848.624,1251.169,65.119,214.597,225.672,218.879,51.949,0.961,0
2026-07-28 16:29:28.333552,1003,31.722,6.234,3.12,13.67,5.561,18.396,197.353,847.104,1381.944,63.914,213.588,230.353,220.151,51.728,1.074,0
2026-07-28 16:30:22.884141,1003,32.004,5.735,2.365,15.512,5.327,19.226,191.179,869.173,1377.177,52.199,217.172,220.171,218.134,51.499,0.898,0
2026-07-28 16:31:20.632513,1003,31.72,6.174,3.689,12.634,5.286,18.846,190.337,874.296,1292.665,56.457,214.135,227.802,222.714,51.213,1.119,0
2026-07-28 16:32:09.724454,1003,31.373,5.881,3.266,15.547,5.193,17.91,194.028,846.364,1303.657,61.569,214.321,231.41,219.372,51.664,0.936,0
2026-07-28 16:33:00.049459,1003,31.567,5.84,2.901,15.057,5.249,17.715,199.056,848.508,1460.614,57.15,216.247,226.869,220.074,52.538,0.93,0
2026-07-28 16:33:47.929653,1003,31.442,6.355,3.076,14.973,5.389,18.472,186.038,849.98,1422.452,60.595,215.043,230.082,220.354,51.82,0.991,0
2026-07-28 16:34:39.679155,1003,31.671,5.98,2.828,15.675,5.412,18.971,193.141,842.069,1532.423,54.779,214.868,224.096,218.588,51.596,0.938,0
2026-07-28 16:35:35.014960,1003,31.54,5.694,2.018,17.235,5.336,18.81,195.79,888.467,1125.086,50.906,214.695,225.542,221.229,51.072,1.081,0
2026-07-28 16:36:24.826352,1003,31.343,6.195,2.435,13.611,4.217,18.569,204.325,865.551,1387.644,60.412,214.201,226.934,220.596,52.493,0.906,0
2026-07-28 16:37:13.880034,1003,31.409,5.756,2.897,18.203,5.545,18.885,206.17,887.72,1139.546,56.105,215.217,225.222,219.7,53.127,1.285,0
2026-07-28 16:38:09.782259,1003,31.498,6.272,2.799,18.588,5.26,18.654,194.21,825.573,1338.699,68.329,215.585,231.273,220.486,51.407,1.061,0
2026-07-28 16:38:59.335156,1003,30.609,5.997,3.369,21.059,4.793,18.86,188.35,887.285,1323.072,61.449,214.732,232.091,219.93,51.554,0.962,0
2026-07-28 16:39:49.046756,1003,32.012,5.745,3.319,16.682,5.259,19.062,195.841,854.466,1244.401,53.048,215.68,230.22,220.014,51.355,0.893,0
2026-07-28 16:40:40.242131,1003,31.674,6.164,2.681,19.388,5.291,18.233,196.056,870.841,1290.361,60.329,215.495,216.867,219.227,52.573,0.966,0
2026-07-28 16:41:26.752873,1003,31.194,6.104,2.455,18.246,4.729,17.969,202.117,795.639,1316.291,57.203,215.465,226.164,220.175,52.729,0.977,0
2026-07-28 16:42:16.058185,1003,31.796,5.575,3.43,16.438,5.007,18.937,192.338,898.164,1378.884,59.708,214.659,231.037,220.536,52.107,0.97,0
2026-07-28 16:43:13.812470,1003,31.246,5.987,3.108,13.201,4.868,18.194,189.066,863.774,1244.256,54.462,214.554,226.813,219.041,51.168,0.946,0
2026-07-28 16:44:07.989683,1003,31.246,6.06,2.646,18.059,4.908,17.332,194.93,905.049,1278.997,58.811,215.445,226.565,220.376,52.273,0.909,0
2026-07-28 16:45:01.845483,1003,31.687,6.048,2.349,16.551,5.371,19.356,192.959,883.243,1385.841,61.949,213.56,231.428,217.718,52.164,1.1,0
2026-07-28 16:45:55.745492,1003,32.215,5.963,2.615,20.111,5.013,18.652,192.8,791.629,1402.793,60.954,218.48,231.643,221.522,52.234,1.155,0
2026-07-28 16:46:49.654119,1003,31.64,6.149,3.223,17.702,5.228,18.626,189.79,895.126,1565.187,62.097,211.982,230.014,218.562,51.269,0.905,0
2026-07-28 16:47:40.332813,1003,31.112,6.114,3.961,18.428,5.421,18.389,187.467,856.42,1355.884,70.586,214.327,221.249,217.962,51.222,0.995,0
2026-07-28 16:48:32.072788,1003,31.324,6.006,2.879,14.67,5.07,19.002,198.662,869.616,1395.413,55.539,215.617,222.8,219.43,50.864,0.802,0
2026-07-28 16:49:25.176276,1003,31.925,5.953,2.525,16.563,5.433,17.73,196.584,866.716,1322.51,65.083,215.876,229.152,220.307,52.807,0.94,0
2026-07-28 16:50:15.662578,1003,31.702,6.03,4.23,11.576,5.607,18.502,190.179,848.137,1460.784,58.742,213.986,218.763,219.679,52.829,1.217,0
2026-07-28 16:51:11.748937,1003,31.98,5.879,2.788,17.275,5.454,18.669,199.92,839.271,1262.292,55.874,214.22,234.387,221.012,50.867,1.132,0
2026-07-28 16:51:58.450727,1003,31.697,5.795,2.547,18.801,5.38,18.831,183.944,871.464,1335.862,57.469,215.06,228.072,219.753,51.441,1.068,0
2026-07-28 16:52:49.451520,1003,31.885,5.775,2.768,19.201,5.456,17.475,192.552,826.866,1362.895,61.292,213.37,224.543,219.801,51.445,0.873,0
2026-07-28 16:53:44.901750,1003,32.506,5.98,2.739,15.184,5.318,18.856,196.292,851.819,1383.073,55.953,213.557,225.267,219.886,52.636,0.923,0
2026-07-28 16:54:40.003964,1003,30.824,5.828,3.724,11.828,5.455,18.249,201.647,891.654,1421.118,49.268,216.052,232.57,222.102,52.061,0.943,0
2026-07-28 16:55:30.437031,1003,32.704,5.968,2.046,14.764,4.848,18.109,191.667,815.635,1324.245,61.027,215.981,222.21,219.56,53.08,1.112,0
2026-07-28 16:56:23.409136,1003,31.968,6.266,3.339,15.821,5.178,17.563,201.744,845.232,1417.415,58.455,215.014,219.423,223.078,51.796,1.143,0
2026-07-28 16:57:16.352993,1003,32.812,5.959,2.994,16.94,5.318,19.84,191.09,884.875,1221.299,55.32,215.924,223.328,222.447,51.062,1.001,0
2026-07-28 16:58:15.135750,1003,31.008,6.028,2.683,11.332,5.178,18.423,199.929,827.275,1362.95,52.204,215.112,228.74,218.646,51.485,1.1,0
2026-07-28 16:59:04.640828,1003,31.691,5.954,2.809,15.76,5.951,18.647,205.093,795.665,1181.08,59.209,214.071,234.229,221.184,51.363,0.92,0
2026-07-28 16:59:57.290487,1003,31.58,6.261,2.857,13.614,5.143,17.869,189.0,793.526,1322.308,62.922,213.61,232.612,219.333,52.736,1.036,0
2026-07-28 17:00:47.993081,1003,31.942,6.332,3.05,19.327,4.665,17.582,195.909,837.365,1554.069,53.734,215.749,225.667,220.251,53.346,1.117,0
2026-07-28 17:01:44.748766,1003,31.735,5.906,2.743,10.63,5.217,18.989,198.244,899.842,1364.141,58.684,214.191,228.689,218.155,52.343,1.177,0
2026-07-28 17:02:36.315520,1003,31.679,6.146,2.963,18.329,5.448,17.69,187.534,828.88,1300.967,66.796,215.971,228.961,219.974,51.512,0.874,0
2026-07-28 17:03:26.377091,1003,31.889,6.418,2.557,15.633,4.938,19.282,197.595,842.649,1385.263,61.485,214.633,228.431,223.427,52.18,1.161,0
2026-07-28 17:04:20.679119,1003,31.447,5.768,4.244,11.292,5.189,19.58,191.602,852.539,1337.481,57.52,216.559,219.229,219.148,50.858,1.267,0
2026-07-28 17:05:10.189795,1003,31.242,6.196,3.575,19.858,5.178,18.035,189.943,883.077,1245.893,57.097,213.852,226.182,221.002,51.86,0.845,0
2026-07-28 17:06:02.773608,1003,31.727,5.652,3.278,19.106,5.182,18.223,192.46,875.853,1184.711,55.536,213.633,230.819,220.263,50.828,0.828,0
2026-07-28 17:06:56.865500,1003,31.241,6.006,2.747,18.875,5.021,16.974,192.023,846.551,1340.446,57.847,215.247,235.336,219.478,52.337,1.181,0
2026-07-28 17:07:43.459515,1003,31.437,5.972,3.468,16.214,5.529,17.454,199.804,868.384,1324.965,55.801,214.582,229.17,221.576,51.883,0.961,0
2026-07-28 17:08:32.919418,1003,30.779,5.659,3.171,14.455,5.85,18.879,194.995,881.768,1319.927,56.419,215.177,232.09,219.567,52.574,0.983,0
2026-07-28 17:09:30.884169,1003,31.528,6.218,3.068,16.15,4.948,19.253,208.864,803.281,1413.231,57.058,214.912,231.208,220.074,52.519,1.138,0
2026-07-28 17:10:23.572270,1003,31.036,6.03,2.696,17.256,4.808,18.031,191.783,840.073,1459.83,50.807,214.382,225.904,220.405,51.611,0.911,0
2026-07-28 17:11:12.019780,1003,31.484,5.815,3.157,14.752,5.069,18.122,197.843,816.18,1404.805,56.963,214.678,221.89,221.584,52.71,1.038,0
2026-07-28 17:12:04.467525,1003,30.957,6.066,3.96,14.027,5.622,17.551,194.096,829.929,1314.674,68.979,212.372,232.253,219.653,51.171,0.859,0
2026-07-28 17:12:50.623323,1003,31.49,6.181,3.046,17.134,5.123,17.822,187.343,869.853,1354.609,51.829,216.788,235.28,222.834,53.845,1.105,0
2026-07-28 17:13:43.140120,1003,31.95,5.646,2.85,16.449,5.31,19.297,204.543,816.192,1437.804,64.119,214.23,225.726,217.968,51.062,1.104,0
2026-07-28 17:14:36.369501,1003,31.202,5.37,3.057,18.13,4.926,18.686,195.717,917.974,1418.972,62.11,215.523,232.505,219.399,52.522,1.029,0
2026-07-28 17:15:28.094994,1003,31.033,5.992,3.025,19.503,5.735,17.423,190.314,870.112,1393.292,60.429,212.504,228.132,221.604,52.87,1.011,0
2026-07-28 17:16:17.768323,1003,31.891,5.846,2.688,17.97,5.111,18.84,197.399,834.046,1303.144,55.503,213.935,221.705,219.436,52.126,1.008,0
2026-07-28 17:17:15.344448,1003,31.957,6.268,2.578,13.35,5.275,19.923,201.2,847.186,1438.146,61.626,215.3,227.697,220.325,51.277,0.991,0
2026-07-28 17:18:06.309467,1003,31.712,5.926,3.452,15.97,4.961,18.264,189.907,813.641,1464.352,65.502,217.168,225.113,218.962,51.458,1.002,0
2026-07-28 17:18:52.403912,1003,31.267,6.062,3.687,16.89,4.932,18.1,195.302,808.238,1419.7,62.38,215.53,229.36,218.413,51.284,1.106,0
2026-07-28 17:19:43.892179,1003,31.185,5.963,4.292,17.861,5.199,18.849,201.242,839.823,1600.174,58.909,215.659,229.177,219.497,51.996,0.814,0
2026-07-28 17:20:39.544230,1003,31.334,5.691,3.261,17.974,5.231,19.104,195.99,888.947,1413.659,57.955,214.402,224.791,221.024,52.554,1.212,0
2026-07-28 17:21:36.594197,1003,31.47,6.006,3.067,15.867,5.459,18.993,198.325,810.201,1447.526,55.198,214.974,222.006,219.392,52.339,1.031,0
2026-07-28 17:22:20.183269,1003,30.637,5.735,3.514,14.872,4.694,18.31,193.416,886.758,1404.459,58.338,214.751,225.576,220.009,52.039,1.258,0
2026-07-28 17:23:09.576712,1003,31.008,5.725,2.482,18.32,4.915,18.248,185.563,845.615,1338.984,60.19,215.357,234.009,219.514,51.022,1.038,0
2026-07-28 17:24:00.407789,1003,32.125,5.78,3.366,16.869,4.994,17.465,193.489,857.921,1250.035,58.09,216.476,222.57,220.934,53.191,1.011,0
2026-07-28 17:24:52.924817,1003,31.604,5.763,3.592,16.647,5.236,17.762,191.636,853.118,1284.612,57.596,214.567,230.543,218.193,51.877,1.079,0
2026-07-28 17:25:40.673342,1003,32.113,5.958,3.584,14.379,4.861,18.716,194.346,873.459,1285.492,57.654,215.018,230.014,219.981,51.734,0.872,0
2026-07-28 17:26:34.405324,1003,32.008,5.922,3.95,20.83,5.171,18.179,191.702,882.832,1247.243,65.633,214.515,225.183,219.697,52.161,0.892,0
2026-07-28 17:27:29.300550,1003,31.344,6.057,2.659,16.573,5.007,18.648,196.022,844.778,1325.635,58.673,214.676,223.959,219.024,50.839,0.988,0
2026-07-28 17:28:18.541904,1003,31.351,5.685,2.719,15.8,5.159,18.357,192.92,865.785,1350.275,58.829,216.348,229.995,221.576,51.959,1.018,0
2026-07-28 17:29:10.394162,1003,31.983,5.95,2.877,16.573,4.968,18.537,199.853,888.722,1451.266,47.862,215.525,227.382,218.034,51.854,1.123,0
2026-07-28 17:30:04.935446,1003,31.879,5.904,2.364,15.697,4.897,18.512,198.694,874.608,1247.557,61.993,215.37,225.386,220.551,51.88,1.018,0
2026-07-28 17:31:02.453590,1003,31.994,6.04,3.307,13.036,5.286,18.948,189.453,839.018,1425.813,60.401,214.836,229.481,220.661,52.854,1.17,0
2026-07-28 17:31:57.746477,1003,31.493,6.05,3.385,16.687,5.534,19.009,202.539,845.343,1372.793,60.202,213.952,234.329,219.644,51.125,0.715,0
2026-07-28 17:32:48.119657,1003,31.571,6.031,3.32,12.661,5.444,18.49,190.66,822.391,1382.004,60.486,215.824,232.707,222.451,51.973,1.209,0
2026-07-28 17:33:41.534166,1003,31.372,5.802,3.085,16.237,5.534,18.377,188.254,903.715,1341.824,53.948,215.995,228.04,220.633,51.569,0.965,0
2026-07-28 17:34:32.801175,1003,31.473,6.005,3.573,12.336,5.569,18.478,201.332,859.888,1527.812,56.715,216.047,213.303,219.254,51.849,1.085,0
2026-07-28 17:35:22.462911,1003,31.157,5.897,3.328,11.045,5.152,18.03,191.446,810.301,1283.169,65.334,214.971,226.497,220.853,52.582,1.142,0
2026-07-28 17:36:16.009711,1003,31.463,6.263,2.657,17.41,5.761,19.152,195.587,826.645,1302.54,52.05,214.056,223.284,219.549,51.91,0.865,0
2026-07-28 17:37:09.524394,1003,31.42,6.022,1.319,13.462,5.427,18.163,187.273,846.547,1360.007,52.305,215.759,226.645,219.629,51.808,1.169,0
2026-07-28 17:38:01.500760,1003,31.271,6.016,2.811,16.999,4.915,18.404,192.804,889.92,1383.625,51.763,216.286,226.033,221.467,50.355,1.093,0
2026-07-28 17:38:56.627604,1003,31.896,5.744,3.022,16.389,4.999,18.606,194.308,845.461,1369.118,57.159,215.997,226.174,220.766,52.549,1.205,0
2026-07-28 17:39:47.743511,1003,30.795,5.882,3.027,16.338,5.245,18.686,192.645,868.515,1345.755,64.631,214.054,232.021,221.404,50.864,1.018,0
2026-07-28 17:40:39.457238,1003,31.669,6.052,2.898,14.558,5.464,18.661,191.917,830.276,1394.746,59.1,215.443,226.544,217.135,51.67,1.009,0
2026-07-28 17:41:32.072522,1003,31.039,5.984,2.694,15.699,5.131,18.418,195.246,869.686,1401.137,62.499,212.656,226.361,220.546,51.401,0.928,0
2026-07-28 17:42:25.076554,1003,31.076,5.982,2.517,14.49,4.909,19.487,200.94,888.735,1346.718,49.538,216.599,229.502,221.944,50.403,0.932,0
2026-07-28 17:43:14.193715,1003,31.119,5.649,2.411,18.173,5.437,18.545,189.35,873.901,1506.123,54.398,215.196,223.058,218.778,52.097,1.003,0
2026-07-28 17:44:12.082065,1003,31.735,5.837,3.248,14.889,4.865,18.349,179.835,779.748,1387.539,55.068,215.231,226.082,220.331,51.705,1.074,0
2026-07-28 17:45:06.179818,1003,30.371,5.945,3.62,15.429,5.291,19.579,202.437,846.575,1326.579,64.659,216.85,221.745,219.857,52.359,1.092,0
2026-07-28 17:45:58.185152,1003,31.584,6.24,2.287,17.713,5.213,18.033,191.05,820.326,1455.693,58.534,214.288,230.115,220.991,52.381,0.899,0
2026-07-28 17:46:50.257180,1003,31.523,5.622,2.965,14.57,4.797,19.577,191.561,870.466,1177.512,57.725,215.139,228.472,219.475,52.431,0.999,0
2026-07-28 17:47:42.020363,1003,31.015,5.791,3.45,11.88,5.733,17.303,191.728,853.037,1254.357,58.754,213.965,236.188,221.084,52.355,1.034,0
2026-07-28 17:48:38.581592,1003,31.591,5.62,2.892,13.56,5.205,18.259,187.03,900.638,1332.665,56.936,213.203,220.639,219.785,52.345,0.773,0
2026-07-28 17:49:33.571167,1003,30.893,6.065,3.408,18.428,4.844,17.498,192.631,841.362,1249.876,66.289,215.335,231.574,223.394,52.668,1.104,0
2026-07-28 17:50:27.551821,1003,31.478,6.237,3.615,16.19,5.215,17.683,193.321,853.112,1418.281,66.121,215.28,220.136,220.57,52.251,0.981,0
2026-07-28 17:51:27.283492,1003,30.875,6.072,3.225,16.672,4.681,18.772,197.611,847.428,1415.387,62.64,212.452,223.318,222.882,52.15,1.011,0
2026-07-28 17:52:21.130629,1003,32.525,6.115,2.717,16.68,5.308,18.671,191.714,871.843,1488.644,62.166,215.875,218.488,220.913,51.883,1.169,0
2026-07-28 17:53:10.323131,1003,31.931,5.794,3.75,20.113,5.458,18.135,180.352,822.824,1300.902,55.79,214.949,227.79,219.681,52.18,0.9,0
2026-07-28 17:54:04.632892,1003,31.623,6.074,2.848,11.227,6.011,19.48,186.976,821.997,1398.237,59.904,215.903,228.645,220.186,52.364,0.913,0
2026-07-28 17:54:58.296329,1003,31.022,5.846,2.848,15.706,5.229,19.181,201.693,834.664,1458.778,49.522,215.282,226.147,220.602,52.344,0.757,0
2026-07-28 17:55:54.624975,1003,31.362,6.012,3.293,16.069,5.002,18.469,189.959,867.958,1363.816,56.131,216.255,218.323,217.382,51.874,1.0,0
2026-07-28 17:56:48.950741,1003,31.383,6.1,2.828,15.953,5.262,17.415,198.275,881.134,1433.8,51.412,216.392,225.263,221.291,53.485,1.128,0
2026-07-28 17:57:41.381169,1003,31.621,5.942,2.872,17.839,5.632,19.075,190.719,848.302,1341.495,60.039,215.239,228.043,220.34,53.072,0.776,0
2026-07-28 17:58:36.388550,1003,31.699,6.164,2.787,17.897,5.35,18.21,199.877,868.155,1461.751,57.511,216.107,223.659,220.792,51.426,0.894,0
2026-07-28 17:59:23.146180,1003,31.612,5.967,2.897,15.503,5.45,18.675,195.595,865.731,1285.313,61.159,216.059,227.381,220.879,51.994,1.026,0
2026-07-28 18:00:16.640845,1003,31.671,6.055,3.112,12.114,5.428,18.979,186.292,849.332,1218.12,60.688,213.582,232.039,218.583,53.128,0.957,0
2026-07-28 18:01:10.422130,1003,31.415,6.378,1.876,21.769,5.352,18.259,187.974,848.643,1317.795,62.661,213.941,225.09,220.241,51.379,0.958,0
2026-07-28 18:01:58.261632,1003,31.671,6.099,2.944,15.986,4.779,19.267,186.061,873.113,1342.532,54.721,213.788,222.934,220.144,51.135,1.024,0
2026-07-28 18:02:50.648107,1003,31.181,5.85,1.994,16.201,4.763,18.272,200.475,906.553,1387.192,50.389,215.797,227.16,218.641,53.873,1.209,0
2026-07-28 18:03:40.580412,1003,30.968,5.904,2.768,18.903,4.726,18.823,187.447,879.653,1388.337,66.094,214.151,235.125,221.876,51.659,1.012,0
2026-07-28 18:04:31.215907,1003,32.424,6.175,3.193,15.095,4.841,18.953,192.784,885.883,1289.7,55.655,212.561,229.621,222.381,50.586,1.034,0
2026-07-28 18:05:26.098628,1003,31.708,6.209,2.813,18.971,4.875,19.047,194.518,910.134,1265.125,57.748,213.789,221.161,219.669,51.424,1.06,0
2026-07-28 18:06:14.876386,1003,32.403,5.993,3.401,15.295,5.758,19.547,196.332,830.756,1488.247,62.441,214.541,233.195,220.745,51.7,0.793,0
2026-07-28 18:07:06.168575,1003,31.363,5.695,3.198,20.207,4.988,18.007,192.234,871.342,1338.294,56.71,215.552,225.761,220.059,52.566,1.043,0
2026-07-28 18:07:55.278036,1003,32.705,5.81,1.771,17.047,5.23,17.82,185.547,893.232,1309.563,53.136,216.551,226.518,219.694,52.023,0.838,0
2026-07-28 18:08:47.981475,1003,31.54,6.036,3.683,14.446,5.127,18.307,187.759,878.237,1377.108,66.829,216.143,222.087,219.589,51.012,1.01,0
2026-07-28 18:09:41.024593,1003,32.073,6.116,3.142,21.015,5.258,20.326,188.688,833.627,1267.567,55.635,215.214,228.123,218.61,49.943,1.128,0
2026-07-28 18:10:29.004951,1003,31.516,6.201,2.676,17.386,5.221,19.31,179.111,827.893,1289.235,65.704,214.008,219.293,220.558,52.341,0.962,0
2026-07-28 18:11:19.940148,1003,31.582,5.594,2.732,14.6,4.823,18.17,197.59,898.358,1417.309,59.499,212.595,222.768,219.354,52.041,1.126,0
2026-07-28 18:12:11.352295,1003,31.442,6.174,1.812,12.764,5.379,18.291,198.033,863.055,1263.768,62.188,214.416,230.053,220.837,52.843,0.817,0
2026-07-28 18:13:03.716247,1003,31.254,6.285,3.124,17.604,4.996,18.491,188.569,859.862,1237.016,62.107,214.656,228.032,219.576,51.553,1.038,0
2026-07-28 18:13:58.674539,1003,31.99,5.521,3.371,19.183,4.986,18.664,202.827,851.565,1319.772,56.238,215.12,224.334,218.697,51.808,1.04,0
2026-07-28 18:14:47.688025,1003,31.496,5.999,2.612,16.89,5.108,18.885,194.362,894.792,1372.018,60.492,216.074,226.685,219.28,51.619,0.711,0
2026-07-28 18:15:38.415463,1003,31.915,6.152,2.484,16.759,5.443,18.91,200.085,879.249,1466.85,66.264,215.806,230.428,220.526,51.567,1.064,0
2026-07-28 18:16:34.504224,1003,31.952,5.718,3.08,19.585,5.013,19.218,199.655,845.605,1378.943,63.523,215.112,229.108,219.679,52.265,0.679,0
2026-07-28 18:17:28.945373,1003,32.207,5.9,3.681,17.376,5.228,19.702,194.195,877.431,1393.87,62.837,214.522,230.281,218.982,51.676,1.026,0
2026-07-28 18:18:17.943452,1003,31.711,6.112,3.622,14.487,5.321,18.42,182.824,856.168,1263.073,60.874,213.172,222.51,222.019,50.817,1.056,0
2026-07-28 18:19:09.587147,1003,30.745,5.895,3.472,14.586,5.277,18.372,196.194,876.283,1365.88,57.566,214.039,224.528,218.458,52.915,0.96,0
2026-07-28 18:20:02.883557,1003,31.34,5.927,4.151,17.278,5.261,18.281,198.158,890.33,1254.862,54.396,213.842,235.629,221.651,52.15,1.025,0
2026-07-28 18:20:57.651554,1003,31.487,6.044,3.527,17.155,4.779,18.334,191.085,886.855,1427.81,64.689,218.111,225.834,221.439,52.457,1.256,0
2026-07-28 18:21:50.647997,1003,31.506,5.766,3.659,18.502,5.238,18.721,195.965,800.953,1359.653,55.604,217.394,225.57,221.148,52.913,0.946,1
2026-07-28 18:22:43.924989,1003,32.159,5.787,3.05,16.848,4.926,18.881,194.828,865.896,1345.597,55.946,213.489,228.015,221.003,51.85,0.878,0
2026-07-28 18:23:37.276452,1003,32.068,6.094,2.802,17.564,4.672,19.536,189.28,893.865,1392.981,58.07,215.471,228.426,219.16,51.853,1.231,0
2026-07-28 18:24:29.415634,1003,31.428,6.19,3.647,16.801,5.061,18.075,194.401,830.154,1308.296,51.846,213.379,223.311,219.424,51.241,1.028,0
2026-07-28 18:25:16.476779,1003,32.715,6.08,2.441,18.218,5.044,18.715,191.945,908.688,1308.774,56.433,215.268,217.045,222.395,52.596,1.134,0
2026-07-28 18:26:06.907175,1003,31.326,6.272,3.242,17.715,6.088,17.996,197.25,869.0,1269.171,54.827,214.411,226.149,221.356,50.909,0.826,0
2026-07-28 18:27:02.766726,1003,31.366,6.084,2.653,15.406,5.493,18.743,191.46,878.796,1501.393,51.965,214.83,227.419,220.691,52.137,0.733,0
2026-07-28 18:27:57.455789,1003,30.954,6.369,3.193,15.567,5.435,20.104,190.73,878.77,1330.632,52.723,216.262,220.069,219.409,52.361,0.908,0
2026-07-28 18:28:49.408566,1003,30.72,6.013,3.153,16.745,5.078,18.418,185.174,812.011,1323.14,57.85,215.447,228.62,219.03,51.073,0.984,0
2026-07-28 18:29:40.649366,1003,30.91,6.051,3.093,16.258,5.144,19.971,208.239,879.867,1408.968,62.261,216.044,228.909,218.701,52.86,0.946,0
2026-07-28 18:30:30.335068,1003,32.007,6.081,2.99,19.023,5.971,17.998,192.285,865.302,1350.992,57.576,215.603,231.585,219.263,50.609,0.946,0
2026-07-28 18:31:19.638294,1003,31.871,5.874,3.304,16.487,5.009,18.224,188.217,838.009,1152.657,53.361,214.121,222.889,219.776,51.07,0.797,0
2026-07-28 18:32:14.594915,1003,31.058,5.845,3.395,12.726,5.276,18.294,198.621,898.082,1521.935,55.188,213.427,229.043,220.3,51.976,1.027,0
2026-07-28 18:33:05.607620,1003,31.55,5.82,2.203,13.281,5.752,18.605,196.122,796.05,1309.229,59.393,214.641,229.817,221.545,52.499,0.974,0
2026-07-28 18:33:58.529188,1003,31.903,5.889,2.974,15.45,4.983,18.408,198.289,833.236,1278.624,62.772,214.638,233.707,222.667,51.042,0.761,0
2026-07-28 18:34:58.037113,1003,30.483,6.414,2.762,17.66,5.245,18.958,198.925,893.149,1336.173,61.984,214.373,231.078,221.909,52.506,0.969,0
2026-07-28 18:35:50.353988,1003,32.386,6.364,3.111,14.332,5.195,16.851,201.582,880.262,1306.13,58.967,214.155,231.936,218.588,52.572,0.988,0
2026-07-28 18:36:40.003231,1003,32.026,5.934,2.763,17.498,4.933,17.912,188.611,835.409,1307.76,64.323,215.08,228.14,219.194,51.723,1.119,0
2026-07-28 18:37:34.736095,1003,31.905,5.916,3.727,14.236,5.432,19.637,195.879,830.349,1359.882,55.734,216.586,225.602,218.959,52.091,0.944,0
2026-07-28 18:38:30.094529,1003,32.101,5.571,2.961,16.365,4.865,17.655,185.526,846.305,1191.893,53.021,212.48,232.833,221.426,52.817,1.11,0
2026-07-28 18:39:16.032928,1003,30.479,5.801,3.562,16.953,5.433,18.286,193.16,862.36,1412.458,56.758,213.509,222.169,221.062,53.068,1.097,0
2026-07-28 18:40:11.925270,1003,31.391,5.838,2.457,13.37,5.329,18.867,199.024,841.038,1431.103,63.257,215.314,233.907,219.537,51.639,0.912,0
2026-07-28 18:41:01.111173,1003,32.129,5.912,2.84,16.91,5.469,18.473,189.629,851.404,1206.391,60.899,212.771,230.825,220.0,51.417,1.077,0
2026-07-28 18:41:58.144738,1003,31.496,5.886,2.65,19.716,5.142,17.99,208.385,856.588,1388.724,62.541,213.268,226.088,220.405,51.888,1.128,0
2026-07-28 18:42:54.123772,1003,31.871,6.043,3.224,15.546,5.317,18.767,195.108,844.556,1277.24,57.59,217.539,220.825,220.805,51.243,1.123,0
2026-07-28 18:43:46.528427,1003,32.224,6.155,2.325,16.176,5.508,19.002,184.138,841.497,1312.784,58.577,215.675,227.205,221.637,52.876,1.041,0
2026-07-28 18:44:35.891494,1003,31.852,5.854,2.026,16.583,4.777,18.142,199.231,820.565,1379.897,57.082,218.203,224.833,220.398,52.342,0.99,0
2026-07-28 18:45:31.319712,1003,31.371,6.287,2.643,16.208,4.837,18.744,208.321,853.924,1423.645,54.364,212.95,220.853,219.901,51.997,0.851,0
2026-07-28 18:46:24.628149,1003,31.788,6.069,3.32,16.055,5.375,19.016,181.581,853.348,1378.14,58.135,217.502,225.1,220.645,52.783,1.132,0
2026-07-28 18:47:14.213483,1003,30.664,6.178,2.538,15.878,5.447,19.148,199.287,827.519,1231.918,57.055,213.426,231.293,219.9,52.541,0.84,0
2026-07-28 18:48:07.848187,1003,31.745,5.912,3.151,12.395,5.241,18.722,189.064,862.87,1355.452,55.964,216.074,227.458,220.632,52.682,0.983,0
2026-07-28 18:48:56.326003,1003,31.875,6.109,2.631,17.042,5.476,19.526,194.676,888.83,1391.603,60.539,212.388,226.486,219.928,52.388,1.121,0
2026-07-28 18:49:49.163023,1003,31.575,6.091,2.001,13.528,5.091,18.528,187.145,856.524,1284.321,58.536,215.349,220.913,221.582,52.991,0.891,0
2026-07-28 18:50:42.059867,1003,32.081,6.294,3.486,16.866,5.58,17.91,200.121,867.134,1278.105,63.674,215.433,226.734,221.685,51.041,1.0,0
2026-07-28 18:51:35.550916,1003,31.639,6.131,3.37,17.613,5.178,18.369,193.089,883.309,1343.928,54.359,214.462,234.11,219.915,52.366,0.827,0
2026-07-28 18:52:31.328140,1003,31.573,6.171,2.977,16.936,4.966,19.227,201.962,853.666,1398.759,56.29,213.329,227.658,222.645,53.1,0.961,0
2026-07-28 18:53:21.783751,1003,32.416,5.894,3.024,13.968,5.627,17.964,188.822,880.548,1301.829,50.562,214.663,225.982,220.394,51.778,0.891,0
2026-07-28 18:54:11.787765,1003,31.021,6.239,2.882,16.725,5.448,17.155,193.76,787.869,1370.437,53.833,215.288,230.641,220.655,51.6,0.914,0
2026-07-28 18:55:03.872531,1003,32.196,5.745,2.411,15.509,5.065,18.776,181.117,834.127,1242.853,60.64,213.619,232.815,221.875,51.742,1.063,0
2026-07-28 18:55:58.416297,1003,32.156,5.885,3.744,14.643,5.071,18.234,210.586,822.703,1372.991,61.415,214.752,233.298,222.577,52.001,1.073,0
2026-07-28 18:56:49.762191,1003,31.923,6.056,2.943,20.746,5.38,19.849,206.518,895.548,1195.18,60.909,214.924,228.946,221.562,52.757,0.937,0
2026-07-28 18:57:36.748537,1003,31.298,5.769,3.206,13.934,4.9,18.66,208.076,872.971,1376.334,63.45,215.542,220.604,220.544,52.004,1.031,0
2026-07-28 18:58:27.926352,1003,31.671,5.815,2.716,17.138,5.296,19.242,204.199,819.583,1424.919,60.286,213.089,231.667,219.694,52.793,0.95,0
2026-07-28 18:59:20.422679,1003,31.098,5.815,3.252,19.509,5.149,18.206,191.455,826.335,1335.814,58.275,214.286,225.852,220.528,52.338,0.962,0
2026-07-28 19:00:09.996278,1003,31.219,6.076,3.653,16.88,5.264,18.856,194.735,814.866,1397.378,60.822,215.211,225.289,220.867,52.656,0.874,0
2026-07-28 19:00:54.661580,1003,31.566,5.968,3.095,14.585,4.594,18.723,196.749,864.122,1370.85,54.835,214.523,223.409,220.648,52.034,0.943,0
2026-07-28 19:01:47.633964,1003,31.058,6.193,3.206,14.732,4.928,19.328,197.247,860.248,1232.944,51.128,213.682,229.778,219.873,51.83,0.784,0
2026-07-28 19:02:35.552320,1003,31.383,6.376,3.5,12.787,5.276,18.615,188.427,842.369,1249.609,56.381,216.123,231.52,219.237,51.07,1.233,0
2026-07-28 19:03:30.572097,1003,30.949,6.054,3.403,16.215,5.516,18.186,188.125,829.199,1319.226,56.881,216.163,224.696,220.385,50.298,1.133,0
2026-07-28 19:04:29.759818,1003,31.826,5.898,3.595,16.3,5.161,19.123,186.978,853.715,1337.371,58.505,215.904,230.2,219.343,51.725,1.27,0
2026-07-28 19:05:18.970497,1003,32.317,6.074,3.183,15.423,5.417,18.071,192.441,929.348,1283.484,54.687,214.561,232.117,218.108,50.231,1.125,0
2026-07-28 19:06:12.068074,1003,32.598,5.821,3.183,19.275,4.756,18.01,193.08,843.488,1246.28,55.514,214.753,229.037,219.052,51.934,1.035,0
2026-07-28 19:07:05.001035,1003,30.983,5.987,3.136,15.914,5.065,18.474,192.284,887.782,1107.213,61.354,216.498,227.502,219.571,52.463,0.76,0
2026-07-28 19:07:52.212407,1003,31.071,6.492,3.493,12.435,5.284,18.304,196.507,845.925,1492.254,52.929,215.962,226.86,219.158,52.017,1.115,0
2026-07-28 19:08:36.651233,1003,31.475,5.959,2.754,19.488,5.181,18.51,186.703,882.696,1494.9,57.643,216.517,224.744,220.357,50.022,1.15,0
2026-07-28 19:09:24.421395,1003,31.911,6.061,3.302,13.359,5.429,18.099,189.874,872.068,1278.179,55.454,215.101,230.697,218.574,51.703,0.876,0
2026-07-28 19:10:15.474398,1003,31.454,5.968,4.31,17.259,5.123,19.172,190.438,853.616,1227.562,50.968,215.731,232.286,218.7,52.365,1.063,0
2026-07-28 19:11:15.082943,1003,32.039,5.918,3.205,17.561,5.126,19.163,199.914,873.096,1473.674,56.352,215.797,228.053,221.587,52.874,1.018,0
2026-07-28 19:12:08.870136,1003,31.823,6.096,2.318,15.912,5.396,18.998,196.185,889.314,1169.824,54.298,216.731,225.632,221.192,52.351,0.994,0
2026-07-28 19:12:58.111127,1003,30.673,5.746,2.835,18.243,5.039,18.939,197.029,856.513,1437.369,56.304,212.265,229.565,220.437,51.982,1.062,0
2026-07-28 19:13:47.322166,1003,31.585,5.967,3.354,16.274,4.928,17.391,189.396,849.3,1404.125,58.405,215.147,223.707,221.747,52.313,1.053,0
2026-07-28 19:14:37.185748,1003,30.937,5.729,2.618,15.27,5.339,18.57,195.243,873.84,1320.284,48.934,216.144,232.781,219.208,53.275,0.892,0
2026-07-28 19:15:23.323140,1003,31.274,6.309,2.443,11.303,4.911,19.015,190.354,901.843,1468.407,62.403,216.412,232.294,220.946,52.003,1.108,0
2026-07-28 19:16:12.561843,1003,31.351,6.197,2.214,12.115,5.626,19.304,190.559,814.223,1293.921,70.695,214.457,229.587,219.827,50.944,0.841,0
2026-07-28 19:17:06.000044,1003,31.927,5.846,2.881,22.432,4.647,18.378,197.217,817.794,1421.443,54.106,215.468,225.702,221.838,51.656,1.055,0
2026-07-28 19:17:57.293580,1003,31.542,5.629,3.919,17.79,5.111,19.282,191.119,895.57,1328.779,55.596,215.883,226.695,220.328,51.462,1.034,0
2026-07-28 19:18:48.020490,1003,31.324,6.098,2.697,18.989,5.688,18.684,194.367,838.844,1246.585,54.621,216.505,220.191,218.991,51.17,0.919,0
2026-07-28 19:19:42.622114,1003,32.604,5.991,3.499,21.886,5.793,16.95,193.381,890.637,1523.646,53.522,215.427,224.283,221.684,51.486,1.139,0
2026-07-28 19:20:31.106624,1003,31.11,6.449,2.841,15.277,5.173,18.44,187.955,835.006,1289.78,66.436,215.309,230.586,219.57,53.916,0.793,0
2026-07-28 19:21:24.443322,1003,31.7,6.28,2.779,15.787,5.531,17.996,191.535,840.955,1313.511,56.761,214.675,224.253,218.631,51.268,1.031,0
2026-07-28 19:22:12.885019,1003,31.89,6.127,3.295,12.316,5.433,18.133,191.631,884.702,1419.138,60.987,216.346,237.526,221.871,51.63,1.023,0
2026-07-28 19:23:07.476900,1003,31.64,5.894,2.126,15.445,5.053,19.131,192.71,875.824,1455.426,63.01,216.492,225.415,220.809,53.936,1.175,0
2026-07-28 19:23:59.676723,1003,31.107,5.948,3.952,15.385,5.34,18.678,184.183,821.651,1237.907,62.46,216.252,223.604,219.004,52.38,1.074,0
2026-07-28 19:24:52.187521,1003,31.081,6.06,3.306,15.213,4.942,18.189,190.624,871.848,1472.472,62.777,215.89,228.916,219.916,52.218,0.757,0
2026-07-28 19:25:43.767356,1003,31.866,6.071,3.599,18.53,4.731,18.094,200.471,835.166,1349.465,52.54,215.294,229.104,219.882,52.352,0.95,0
2026-07-28 19:26:37.465508,1003,32.078,5.858,2.853,17.758,5.351,18.763,197.624,867.181,1342.529,61.902,214.295,233.234,218.968,52.108,1.179,0
2026-07-28 19:27:26.803480,1003,31.529,5.727,3.283,18.229,5.369,18.389,192.603,856.316,1335.768,56.445,214.112,226.424,219.011,51.648,0.983,0
2026-07-28 19:28:21.957825,1003,30.897,6.386,3.532,13.307,4.844,18.918,187.922,849.588,1348.579,64.97,216.236,223.769,219.921,52.199,0.878,0
2026-07-28 19:29:13.158095,1003,31.561,6.007,2.948,16.178,5.157,18.004,195.602,836.662,1217.457,54.359,216.359,225.051,221.22,52.358,0.994,0
2026-07-28 19:30:06.699469,1003,32.313,6.085,2.502,16.902,4.844,18.272,200.806,806.106,1384.558,53.048,215.295,232.554,221.041,50.79,1.185,0
2026-07-28 19:31:00.757670,1003,31.052,5.829,2.462,20.408,5.062,17.828,204.102,836.266,1367.358,57.843,215.294,234.392,219.38,51.653,0.907,0
2026-07-28 19:31:50.370729,1003,31.397,6.273,2.759,16.38,5.069,18.168,191.856,874.709,1318.778,60.539,215.256,224.995,221.039,50.784,0.885,0
2026-07-28 19:32:43.912724,1003,31.584,6.208,3.129,15.735,5.422,19.807,188.639,867.799,1367.483,50.305,216.438,226.87,221.828,51.342,0.975,0
2026-07-28 19:33:33.590480,1003,32.1,6.012,2.907,18.611,5.05,18.058,197.891,830.422,1332.565,56.115,215.908,233.309,219.009,52.337,0.929,0
2026-07-28 19:34:20.629056,1003,31.291,6.042,2.721,15.518,4.821,18.216,197.155,886.671,1343.705,53.211,214.483,230.589,220.92,51.67,1.081,0
2026-07-28 19:35:13.231930,1003,31.797,6.057,3.386,17.193,5.715,18.006,195.063,865.27,1385.499,61.696,215.611,225.028,220.057,51.804,0.961,0
2026-07-28 19:36:11.983528,1003,32.251,6.02,2.737,17.125,5.348,18.39,191.189,872.707,1330.797,55.44,213.1,222.515,219.712,50.066,1.039,0
2026-07-28 19:37:01.939823,1003,30.814,6.112,2.659,14.916,5.469,18.457,187.147,824.774,1283.928,62.546,214.259,224.658,220.058,51.026,1.179,0
2026-07-28 19:37:55.535947,1003,30.9,6.075,3.535,14.522,5.382,19.231,199.048,907.275,1414.502,54.806,212.901,230.957,221.013,51.158,0.896,0
2026-07-28 19:38:50.090936,1003,31.508,5.965,3.314,15.927,5.482,18.257,200.379,868.942,1258.62,59.091,213.972,221.119,218.524,50.77,1.114,0
2026-07-28 19:39:38.472980,1003,32.046,5.766,2.302,15.005,5.331,18.569,192.84,899.651,1439.378,52.015,214.083,228.241,220.04,52.105,1.1,0
2026-07-28 19:40:28.543454,1003,31.722,5.995,2.241,12.554,5.34,17.376,205.263,836.856,1320.785,57.356,212.5,225.851,219.6,52.03,0.863,0
2026-07-28 19:41:24.442102,1003,32.09,6.15,2.369,17.659,5.238,17.981,196.417,802.117,1424.439,53.213,216.407,224.312,220.064,52.561,1.151,0
2026-07-28 19:42:18.486053,1003,30.704,6.134,2.983,17.312,5.068,19.151,193.95,827.79,1472.217,64.232,214.39,225.342,219.817,52.889,0.865,0
2026-07-28 19:43:10.705703,1003,31.728,6.262,3.672,14.292,5.466,17.987,187.903,885.408,1344.957,62.323,214.612,231.062,219.137,52.961,0.84,0
2026-07-28 19:43:57.785811,1003,30.132,6.284,3.825,14.068,5.121,18.961,184.797,822.457,1424.128,58.722,213.967,229.623,222.301,52.248,0.908,0
2026-07-28 19:44:47.985086,1003,32.219,6.14,3.428,17.124,5.235,17.945,191.928,898.505,1403.579,62.114,215.679,231.734,216.898,52.133,0.912,0
2026-07-28 19:45:41.609624,1003,32.15,6.037,4.09,20.03,5.311,18.396,197.213,834.242,1365.538,55.713,216.657,223.97,220.723,52.197,0.962,0
2026-07-28 19:46:23.801831,1003,31.391,6.069,3.115,18.348,5.336,19.529,209.001,866.504,1401.231,60.382,215.627,220.336,220.733,51.29,0.878,0
2026-07-28 19:47:18.335500,1003,30.4,5.885,3.632,18.761,4.896,18.947,195.405,862.061,1326.211,57.479,215.418,228.158,220.133,52.19,1.063,0
2026-07-28 19:48:13.866794,1003,31.451,6.16,2.674,15.3,5.26,17.329,198.554,846.262,1489.561,59.978,212.631,227.33,220.372,51.64,0.986,0
2026-07-28 19:49:11.484022,1003,32.113,6.265,2.113,16.956,4.894,20.433,190.036,846.437,1357.164,58.331,214.878,225.326,220.802,51.139,1.02,0
2026-07-28 19:50:07.458359,1003,31.762,6.208,2.824,15.695,5.254,17.877,196.252,826.675,1287.921,57.579,215.777,219.07,219.407,50.741,1.075,0
2026-07-28 19:51:00.709823,1003,32.48,6.111,2.929,14.33,5.434,19.62,195.468,912.063,1313.11,50.212,216.439,231.004,219.6,50.303,1.168,0
2026-07-28 19:51:55.138949,1003,31.407,5.952,4.473,16.45,5.74,18.232,189.327,870.244,1425.438,55.103,215.728,214.991,219.66,51.82,0.952,0
2026-07-28 19:52:46.027714,1003,32.57,5.929,3.0,14.004,5.373,17.763,203.029,808.115,1271.766,65.436,217.505,230.372,220.613,51.523,0.932,0
2026-07-28 19:53:36.304178,1003,30.544,5.968,2.42,14.286,5.459,18.229,194.196,815.871,1510.82,57.331,214.126,230.181,220.657,51.474,1.088,0
2026-07-28 19:54:29.669487,1003,31.175,5.854,3.55,14.976,4.874,18.108,201.632,870.609,1460.977,54.821,214.126,229.919,218.781,51.19,1.138,0
2026-07-28 19:55:19.100718,1003,30.907,6.055,2.567,15.221,5.361,18.171,195.058,854.888,1245.351,58.026,215.46,227.105,219.97,51.606,1.009,0
2026-07-28 19:56:09.767523,1003,31.923,5.441,3.082,15.932,4.865,18.536,193.012,802.54,1415.733,51.426,216.533,217.829,219.311,51.231,1.008,0
2026-07-28 19:57:08.602503,1003,30.949,5.892,3.5,11.248,5.561,18.787,190.312,928.821,1267.739,55.839,216.727,220.636,218.924,52.064,0.977,0
2026-07-28 19:57:58.294113,1003,32.058,6.014,2.469,13.856,4.88,19.352,192.898,774.316,1279.149,58.613,212.558,223.87,219.482,52.516,0.932,0
2026-07-28 19:58:51.032089,1003,31.898,6.5,3.865,19.613,4.907,18.629,203.788,841.753,1310.14,59.904,215.133,235.142,218.708,51.658,0.957,0
2026-07-28 19:59:37.964777,1003,31.645,6.001,3.642,15.98,5.426,18.546,189.608,855.708,1286.901,59.286,216.143,231.39,217.887,52.762,0.991,0
2026-07-28 20:00:27.398809,1003,31.498,6.008,3.201,17.291,5.704,18.066,198.998,835.381,1411.663,64.188,216.11,226.613,220.152,51.456,1.073,0
2026-07-28 20:01:16.860207,1003,31.028,5.833,3.998,16.957,5.517,18.332,193.133,879.902,1371.556,55.004,215.678,224.799,221.181,50.649,1.092,0
2026-07-28 20:02:08.470354,1003,31.854,6.344,2.782,15.751,5.094,18.198,198.537,870.028,1385.925,51.521,214.898,227.932,219.682,52.953,0.899,0
2026-07-28 20:02:57.724854,1003,31.299,5.837,3.453,13.969,4.903,17.676,196.241,859.269,1350.256,56.322,211.358,230.931,221.159,50.568,1.007,0
2026-07-28 20:03:48.829324,1003,31.935,6.407,3.159,14.735,5.072,20.031,187.0,853.074,1305.131,55.457,217.468,228.638,220.977,51.608,0.921,0
2026-07-28 20:04:39.234747,1003,32.3,5.852,2.636,20.504,5.238,18.645,195.994,870.735,1305.745,58.609,215.734,221.534,219.007,52.548,0.972,0
2026-07-28 20:05:30.602672,1003,31.397,6.188,2.654,14.773,5.177,18.653,207.994,849.079,1443.979,56.615,213.942,233.403,219.06,52.867,1.014,0
2026-07-28 20:06:17.389154,1003,32.211,5.989,4.158,19.96,4.891,19.231,196.845,811.329,1320.35,58.428,214.611,229.397,218.329,51.886,1.106,0
2026-07-28 20:07:04.495319,1003,31.646,5.888,3.604,15.045,5.586,16.951,200.562,883.215,1468.632,58.257,215.313,225.251,220.333,51.599,0.985,0
2026-07-28 20:07:58.898769,1003,31.849,6.202,3.507,15.266,5.592,19.843,196.783,905.911,1295.986,61.541,215.57,228.858,220.66,53.47,1.049,0
2026-07-28 20:08:49.075784,1003,30.89,6.266,2.644,16.176,5.765,17.985,199.729,857.609,1353.909,57.765,213.332,232.476,220.04,52.643,0.882,0
2026-07-28 20:09:41.661030,1003,31.208,5.963,3.404,15.595,4.702,17.97,190.692,858.209,1376.298,58.681,213.811,228.995,219.116,52.753,0.875,0
2026-07-28 20:10:34.846583,1003,31.202,5.995,2.79,13.841,4.957,18.174,194.271,854.132,1450.465,65.302,215.6,229.23,219.947,52.332,0.972,0
2026-07-28 20:11:27.043410,1003,32.224,5.917,3.968,15.967,5.275,19.091,200.28,816.95,1432.396,50.942,214.308,233.817,220.873,52.423,1.367,0
2026-07-28 20:12:14.809989,1003,31.375,6.045,3.691,12.614,5.201,19.787,192.899,839.416,1376.128,58.586,212.866,224.759,220.75,52.18,0.913,0
2026-07-28 20:13:00.370625,1003,31.865,5.781,3.524,16.838,5.065,19.484,201.433,878.276,1356.348,57.332,214.05,223.361,220.656,51.908,1.017,0
2026-07-28 20:13:51.027986,1003,31.513,5.461,3.466,16.517,4.943,18.211,188.979,862.571,1272.76,58.018,214.985,225.528,220.415,50.702,1.045,0
2026-07-28 20:14:43.094723,1003,31.372,5.626,2.95,17.675,4.901,17.421,195.353,904.994,1333.643,60.253,213.033,231.038,221.411,51.062,1.004,0
2026-07-28 20:15:39.408899,1003,30.815,5.956,3.278,14.857,5.808,18.251,193.447,876.898,1542.331,54.313,216.962,231.524,218.862,52.474,0.934,0
2026-07-28 20:16:37.505129,1003,30.596,5.786,3.879,17.698,4.772,18.116,210.83,843.441,1268.528,55.419,216.426,228.178,219.307,52.841,1.061,0
2026-07-28 20:17:30.542808,1003,31.381,5.976,3.266,16.991,4.733,17.513,192.661,874.822,1302.184,60.898,216.1,223.942,218.911,52.126,0.9,0
2026-07-28 20:18:22.224446,1003,31.411,5.898,2.521,16.293,4.844,18.85,197.521,849.583,1232.519,57.16,215.109,234.977,219.544,51.228,1.042,0
2026-07-28 20:19:13.909241,1003,31.111,5.859,3.715,20.547,5.258,18.503,183.052,807.578,1286.482,53.784,213.517,222.623,221.788,52.14,0.936,0
2026-07-28 20:20:05.688728,1003,31.623,5.87,2.613,17.083,5.118,18.8,187.993,885.668,1249.433,61.117,213.993,225.576,219.118,52.264,1.11,0
2026-07-28 20:20:55.478635,1003,32.533,6.193,2.983,14.933,5.324,18.939,196.835,870.074,1245.804,60.471,216.588,224.542,219.139,50.666,0.803,0
2026-07-28 20:21:51.637699,1003,32.297,6.047,2.73,19.533,4.988,18.911,193.417,940.662,1377.441,58.47,214.048,231.957,217.984,53.05,0.988,0
2026-07-28 20:22:42.275362,1003,31.542,6.313,1.513,17.173,5.226,18.461,193.532,839.818,1412.088,59.524,214.961,226.756,220.79,52.603,0.877,0
2026-07-28 20:23:35.273812,1003,31.56,6.021,3.1,20.091,5.225,19.484,193.05,876.667,1379.977,60.165,214.653,234.41,219.98,51.256,1.091,0
2026-07-28 20:24:28.225036,1003,31.851,5.618,4.238,11.734,5.672,18.206,193.89,833.916,1263.157,57.406,214.812,230.863,221.687,51.94,1.092,0
2026-07-28 20:25:12.864281,1003,31.654,5.791,3.182,15.309,5.734,18.117,184.731,830.243,1206.855,59.084,214.849,223.59,221.695,51.766,0.711,0
2026-07-28 20:26:01.590336,1003,31.852,6.023,4.689,15.314,5.155,18.361,194.479,923.008,1176.178,52.776,214.714,226.169,218.676,52.901,0.863,0
2026-07-28 20:26:54.606280,1003,31.668,6.048,2.913,11.657,5.456,18.823,193.684,795.578,1246.388,56.912,214.458,225.258,219.928,51.601,1.102,0
2026-07-28 20:27:50.418404,1003,31.577,5.883,3.126,16.382,5.249,18.909,201.399,854.241,1262.792,61.831,214.617,233.312,221.535,51.161,0.985,0
2026-07-28 20:28:42.970061,1003,31.204,5.841,2.941,15.145,5.431,18.296,200.011,905.755,1310.998,67.01,214.75,231.054,219.128,51.916,1.067,0
2026-07-28 20:29:37.042261,1003,31.705,5.878,3.034,11.403,5.315,18.308,178.028,810.438,1372.292,58.297,213.867,220.838,221.189,51.267,0.998,0
2026-07-28 20:30:25.572716,1003,30.393,5.971,3.211,14.238,5.421,19.283,190.592,840.418,1317.124,53.983,213.319,229.705,217.025,52.674,1.018,0
2026-07-28 20:31:17.656954,1003,31.656,5.99,3.861,19.189,5.456,17.715,205.813,881.491,1484.678,56.29,214.556,227.236,219.938,51.932,1.109,0
2026-07-28 20:32:05.986480,1003,30.49,5.78,2.522,18.09,5.327,20.148,200.436,820.275,1546.072,51.683,213.95,222.144,219.257,51.165,0.869,0
2026-07-28 20:33:00.403717,1003,31.656,6.049,3.005,14.363,5.241,18.32,197.945,864.695,1340.954,60.599,214.921,224.027,221.285,51.483,0.951,0
2026-07-28 20:33:52.537333,1003,31.034,6.047,3.351,14.296,5.513,18.377,191.984,832.212,1187.303,57.973,213.72,226.593,219.554,51.669,0.886,0
